<?xml version="1.0" encoding="UTF-8"?>
<gpx version="1.1" creator="ultrainfo" xmlns="http://www.topografix.com/GPX/1/1">
  <metadata><name>Bay Area 100</name></metadata>
  <wpt lat="37.871653" lon="-122.252648"><ele>121.46000000000001</ele><name>Start - Cal Memorial Stadium</name></wpt>
  <wpt lat="37.88306" lon="-122.24473"><ele>380.45</ele><name>Grizzly Peak Aid Station</name></wpt>
  <wpt lat="37.90248" lon="-122.24755"><ele>317.37000000000006</ele><name>Inspiration Point Aid Station</name></wpt>
  <wpt lat="37.952435" lon="-122.314996"><ele>89.35</ele><name>Wildcat Canyon Aid Station</name></wpt>
  <wpt lat="37.93905" lon="-122.27907"><ele>311.88000000000005</ele><name>Nimitz Aid Station</name></wpt>
  <wpt lat="37.880289" lon="-122.22156"><ele>503.88</ele><name>Steam Trains Aid Station</name></wpt>
  <wpt lat="37.84797" lon="-122.19916"><ele>421.77</ele><name>Sibley Aid Station</name></wpt>
  <wpt lat="37.83594" lon="-122.18451"><ele>375.82000000000005</ele><name>Pinehurst Water Only</name></wpt>
  <wpt lat="37.822" lon="-122.1379"><ele>162.16000000000003</ele><name>Valle Vista Aid Station</name></wpt>
  <wpt lat="37.80872" lon="-122.11217"><ele>156.28</ele><name>Rancho Laguna Aid Station</name></wpt>
  <wpt lat="37.81618" lon="-122.05028"><ele>330.5</ele><name>Las Trampas Aid Station</name></wpt>
  <wpt lat="37.785355" lon="-122.07131"><ele>318.12</ele><name>Riley Ridge Aid Station</name></wpt>
  <wpt lat="37.73853" lon="-122.07496"><ele>81.09</ele><name>Chabot Staging Aid Station</name></wpt>
  <wpt lat="37.71687" lon="-122.10403"><ele>72.92000000000002</ele><name>Lake Chabot Marina Aid Station</name></wpt>
  <wpt lat="37.75342" lon="-122.11773"><ele>194.69000000000003</ele><name>Clyde Woolridge Aid Station</name></wpt>
  <wpt lat="37.779753" lon="-122.129686"><ele>197.42000000000002</ele><name>Bort Meadow Aid Station</name></wpt>
  <wpt lat="37.79793" lon="-122.15112"><ele>183.99</ele><name>Big Bear Aid Station</name></wpt>
  <wpt lat="37.819761" lon="-122.182702"><ele>462.13000000000005</ele><name>Space Center Aid Station</name></wpt>
  <wpt lat="37.740747" lon="-122.094127"><ele>255.2515579922285</ele><name>Marciel Aid Station</name></wpt>
  <wpt lat="37.798" lon="-122.16255"><ele>337.66</ele><name>Finish - Skyline High School</name></wpt>
  <trk><name>Bay Area 100</name><trkseg>
    <trkpt lat="37.871653345069305" lon="-122.25264813586648"><ele>121.46000000000001</ele></trkpt>
    <trkpt lat="37.87161541871252" lon="-122.25264635641219"><ele>120.34000000000002</ele></trkpt>
    <trkpt lat="37.87143417498484" lon="-122.2525968610984"><ele>120.49000000000001</ele></trkpt>
    <trkpt lat="37.87124941847539" lon="-122.25259214869547"><ele>120.50000000000001</ele></trkpt>
    <trkpt lat="37.87085809085468" lon="-122.2525260971455"><ele>119.35000000000001</ele></trkpt>
    <trkpt lat="37.87052967674987" lon="-122.25240050288582"><ele>119.23000000000002</ele></trkpt>
    <trkpt lat="37.8701795733171" lon="-122.25223566042271"><ele>119.23000000000002</ele></trkpt>
    <trkpt lat="37.870325191760884" lon="-122.25184906559964"><ele>119.68</ele></trkpt>
    <trkpt lat="37.87024" lon="-122.25172"><ele>120.41</ele></trkpt>
    <trkpt lat="37.8699" lon="-122.25086"><ele>129.06</ele></trkpt>
    <trkpt lat="37.86986" lon="-122.25042"><ele>131.85000000000002</ele></trkpt>
    <trkpt lat="37.869310000000006" lon="-122.25017000000001"><ele>133.51000000000002</ele></trkpt>
    <trkpt lat="37.869260000000004" lon="-122.2502"><ele>133.51000000000002</ele></trkpt>
    <trkpt lat="37.86921" lon="-122.2502"><ele>133.51000000000002</ele></trkpt>
    <trkpt lat="37.86861999994257" lon="-122.25008999909896"><ele>128.39000000000001</ele></trkpt>
    <trkpt lat="37.868030000000005" lon="-122.24998000000001"><ele>124.53000000000002</ele></trkpt>
    <trkpt lat="37.86741" lon="-122.24984"><ele>120.26</ele></trkpt>
    <trkpt lat="37.86739" lon="-122.24962000000001"><ele>120.95000000000002</ele></trkpt>
    <trkpt lat="37.86733" lon="-122.2493"><ele>121.53000000000002</ele></trkpt>
    <trkpt lat="37.86722" lon="-122.24904000000001"><ele>122.08000000000001</ele></trkpt>
    <trkpt lat="37.86715" lon="-122.24891000000001"><ele>122.31000000000002</ele></trkpt>
    <trkpt lat="37.867050000000006" lon="-122.24876"><ele>123.17000000000002</ele></trkpt>
    <trkpt lat="37.866910000000004" lon="-122.24864000000001"><ele>125.58</ele></trkpt>
    <trkpt lat="37.866820000000004" lon="-122.24856000000001"><ele>126.58</ele></trkpt>
    <trkpt lat="37.866620000000005" lon="-122.24845"><ele>126.79</ele></trkpt>
    <trkpt lat="37.86639" lon="-122.24841"><ele>126.2</ele></trkpt>
    <trkpt lat="37.86605" lon="-122.24841"><ele>124.48</ele></trkpt>
    <trkpt lat="37.8661" lon="-122.24766000000001"><ele>133.54000000000002</ele></trkpt>
    <trkpt lat="37.866150000000005" lon="-122.24653"><ele>155.95</ele></trkpt>
    <trkpt lat="37.86609" lon="-122.2463"><ele>161.88000000000002</ele></trkpt>
    <trkpt lat="37.86594" lon="-122.24595000000001"><ele>168.87</ele></trkpt>
    <trkpt lat="37.865880000000004" lon="-122.24560000000001"><ele>179.72000000000003</ele></trkpt>
    <trkpt lat="37.86567" lon="-122.24513"><ele>184.51</ele></trkpt>
    <trkpt lat="37.86553" lon="-122.24451"><ele>188.85000000000002</ele></trkpt>
    <trkpt lat="37.86551" lon="-122.24415"><ele>195.99</ele></trkpt>
    <trkpt lat="37.865570000000005" lon="-122.24380000000001"><ele>203.83</ele></trkpt>
    <trkpt lat="37.86551" lon="-122.24362"><ele>209.72000000000003</ele></trkpt>
    <trkpt lat="37.865520000000004" lon="-122.24340000000001"><ele>215.59</ele></trkpt>
    <trkpt lat="37.865590000000005" lon="-122.24328000000001"><ele>220.05</ele></trkpt>
    <trkpt lat="37.86558" lon="-122.24308"><ele>221.58</ele></trkpt>
    <trkpt lat="37.865570000000005" lon="-122.24294"><ele>220.86</ele></trkpt>
    <trkpt lat="37.8656" lon="-122.24280000000002"><ele>220.53000000000003</ele></trkpt>
    <trkpt lat="37.865550000000006" lon="-122.24267"><ele>219.54000000000002</ele></trkpt>
    <trkpt lat="37.865550000000006" lon="-122.24259"><ele>219.07000000000002</ele></trkpt>
    <trkpt lat="37.865500000000004" lon="-122.24247000000001"><ele>216.95</ele></trkpt>
    <trkpt lat="37.86542" lon="-122.24231"><ele>215.96</ele></trkpt>
    <trkpt lat="37.86534" lon="-122.24232"><ele>216.36</ele></trkpt>
    <trkpt lat="37.86513" lon="-122.24245"><ele>216.41000000000003</ele></trkpt>
    <trkpt lat="37.864940000000004" lon="-122.24251000000001"><ele>216.56000000000003</ele></trkpt>
    <trkpt lat="37.86488000000001" lon="-122.2425"><ele>216.62</ele></trkpt>
    <trkpt lat="37.86473" lon="-122.24271000000002"><ele>216.44000000000003</ele></trkpt>
    <trkpt lat="37.86464" lon="-122.24276"><ele>216.8</ele></trkpt>
    <trkpt lat="37.864470000000004" lon="-122.24281"><ele>219.13000000000002</ele></trkpt>
    <trkpt lat="37.864430000000006" lon="-122.24285"><ele>219.54000000000002</ele></trkpt>
    <trkpt lat="37.86442" lon="-122.24303"><ele>219.42000000000002</ele></trkpt>
    <trkpt lat="37.86437" lon="-122.24321"><ele>218.47000000000003</ele></trkpt>
    <trkpt lat="37.86433" lon="-122.24325"><ele>217.76</ele></trkpt>
    <trkpt lat="37.864180000000005" lon="-122.24303"><ele>220.78000000000003</ele></trkpt>
    <trkpt lat="37.864140000000006" lon="-122.2429"><ele>223.03</ele></trkpt>
    <trkpt lat="37.86415" lon="-122.24276"><ele>224.93</ele></trkpt>
    <trkpt lat="37.86426" lon="-122.24254"><ele>229.94</ele></trkpt>
    <trkpt lat="37.864290000000004" lon="-122.24241"><ele>234.34</ele></trkpt>
    <trkpt lat="37.8643" lon="-122.24222"><ele>240.62000000000003</ele></trkpt>
    <trkpt lat="37.864090000000004" lon="-122.24152000000001"><ele>254.91000000000003</ele></trkpt>
    <trkpt lat="37.863960000000006" lon="-122.24124"><ele>258.26000000000005</ele></trkpt>
    <trkpt lat="37.86394000000001" lon="-122.24115"><ele>258.82</ele></trkpt>
    <trkpt lat="37.86395" lon="-122.24106"><ele>260.04</ele></trkpt>
    <trkpt lat="37.864020000000004" lon="-122.24084"><ele>263.38</ele></trkpt>
    <trkpt lat="37.86406" lon="-122.24079"><ele>264.14000000000004</ele></trkpt>
    <trkpt lat="37.864200000000004" lon="-122.2407"><ele>268.23</ele></trkpt>
    <trkpt lat="37.86431" lon="-122.2407"><ele>268.23</ele></trkpt>
    <trkpt lat="37.86448" lon="-122.24071"><ele>271.75000000000006</ele></trkpt>
    <trkpt lat="37.86468" lon="-122.2407"><ele>274.67</ele></trkpt>
    <trkpt lat="37.865010000000005" lon="-122.24052"><ele>280.75</ele></trkpt>
    <trkpt lat="37.86507" lon="-122.24052"><ele>280.75</ele></trkpt>
    <trkpt lat="37.865320000000004" lon="-122.24056000000002"><ele>287.46000000000004</ele></trkpt>
    <trkpt lat="37.86543" lon="-122.24054000000001"><ele>289.55</ele></trkpt>
    <trkpt lat="37.86569" lon="-122.24043"><ele>294.41</ele></trkpt>
    <trkpt lat="37.86578" lon="-122.24034"><ele>296.14</ele></trkpt>
    <trkpt lat="37.86616" lon="-122.23972"><ele>316.45</ele></trkpt>
    <trkpt lat="37.86643" lon="-122.23936"><ele>326.8</ele></trkpt>
    <trkpt lat="37.86665" lon="-122.23913"><ele>337.53000000000003</ele></trkpt>
    <trkpt lat="37.867000000000004" lon="-122.239"><ele>343.77000000000004</ele></trkpt>
    <trkpt lat="37.8671" lon="-122.239"><ele>346.53</ele></trkpt>
    <trkpt lat="37.867180000000005" lon="-122.23897000000001"><ele>348.34000000000003</ele></trkpt>
    <trkpt lat="37.867200000000004" lon="-122.23892000000001"><ele>348.34000000000003</ele></trkpt>
    <trkpt lat="37.86724" lon="-122.23887"><ele>348.34000000000003</ele></trkpt>
    <trkpt lat="37.86771" lon="-122.23855"><ele>356.86</ele></trkpt>
    <trkpt lat="37.86775" lon="-122.23851"><ele>357.22</ele></trkpt>
    <trkpt lat="37.86779000000001" lon="-122.23832000000002"><ele>357.83000000000004</ele></trkpt>
    <trkpt lat="37.86771" lon="-122.23743"><ele>362.74</ele></trkpt>
    <trkpt lat="37.867610000000006" lon="-122.23692000000001"><ele>362.78000000000003</ele></trkpt>
    <trkpt lat="37.86762" lon="-122.23677"><ele>362.41</ele></trkpt>
    <trkpt lat="37.86766" lon="-122.23664000000001"><ele>361.95000000000005</ele></trkpt>
    <trkpt lat="37.86791" lon="-122.23622"><ele>358.02</ele></trkpt>
    <trkpt lat="37.868030000000005" lon="-122.23613000000002"><ele>357.74</ele></trkpt>
    <trkpt lat="37.868320000000004" lon="-122.23595000000002"><ele>360.44000000000005</ele></trkpt>
    <trkpt lat="37.86858" lon="-122.23583"><ele>361.71000000000004</ele></trkpt>
    <trkpt lat="37.86865" lon="-122.23578"><ele>361.72</ele></trkpt>
    <trkpt lat="37.868730000000006" lon="-122.23569"><ele>361.36</ele></trkpt>
    <trkpt lat="37.86907" lon="-122.23515"><ele>358.98</ele></trkpt>
    <trkpt lat="37.86932" lon="-122.23465000000002"><ele>356.78000000000003</ele></trkpt>
    <trkpt lat="37.86947" lon="-122.2347"><ele>354.12000000000006</ele></trkpt>
    <trkpt lat="37.869640000000004" lon="-122.23497"><ele>344.90000000000003</ele></trkpt>
    <trkpt lat="37.8697" lon="-122.23515"><ele>341.55</ele></trkpt>
    <trkpt lat="37.86974" lon="-122.2356"><ele>335.87</ele></trkpt>
    <trkpt lat="37.86972" lon="-122.23570000000001"><ele>334.79</ele></trkpt>
    <trkpt lat="37.86968" lon="-122.23578"><ele>334.3</ele></trkpt>
    <trkpt lat="37.869420000000005" lon="-122.23592000000001"><ele>330.66</ele></trkpt>
    <trkpt lat="37.869420000000005" lon="-122.23597000000001"><ele>330.66</ele></trkpt>
    <trkpt lat="37.86948" lon="-122.23605"><ele>328.60</ele></trkpt>
    <trkpt lat="37.869550000000004" lon="-122.23605"><ele>327.14</ele></trkpt>
    <trkpt lat="37.869670000000006" lon="-122.23609"><ele>324.09000000000003</ele></trkpt>
    <trkpt lat="37.86976000000001" lon="-122.23620000000001"><ele>322.26000000000005</ele></trkpt>
    <trkpt lat="37.86988" lon="-122.23614"><ele>323.51</ele></trkpt>
    <trkpt lat="37.869930000000004" lon="-122.23609"><ele>324.32000000000005</ele></trkpt>
    <trkpt lat="37.869960000000006" lon="-122.236"><ele>325.09000000000003</ele></trkpt>
    <trkpt lat="37.869960000000006" lon="-122.23551"><ele>327.62</ele></trkpt>
    <trkpt lat="37.86999" lon="-122.23534000000001"><ele>328.25000000000006</ele></trkpt>
    <trkpt lat="37.87004" lon="-122.23523000000002"><ele>328.81000000000006</ele></trkpt>
    <trkpt lat="37.87008" lon="-122.23507000000001"><ele>329.35</ele></trkpt>
    <trkpt lat="37.870000000000005" lon="-122.23475"><ele>330.91</ele></trkpt>
    <trkpt lat="37.87001" lon="-122.23453"><ele>331.75000000000006</ele></trkpt>
    <trkpt lat="37.870050000000006" lon="-122.23448"><ele>332.39</ele></trkpt>
    <trkpt lat="37.87012" lon="-122.23443"><ele>333.07000000000005</ele></trkpt>
    <trkpt lat="37.87026" lon="-122.23440000000001"><ele>334.15</ele></trkpt>
    <trkpt lat="37.87031" lon="-122.23438000000002"><ele>334.81000000000006</ele></trkpt>
    <trkpt lat="37.870340000000006" lon="-122.2343"><ele>335.09000000000003</ele></trkpt>
    <trkpt lat="37.87035" lon="-122.23422000000001"><ele>335.33</ele></trkpt>
    <trkpt lat="37.87031" lon="-122.23385"><ele>336.55</ele></trkpt>
    <trkpt lat="37.87035" lon="-122.23371000000002"><ele>336.78000000000003</ele></trkpt>
    <trkpt lat="37.870450000000005" lon="-122.23353000000002"><ele>336.95000000000005</ele></trkpt>
    <trkpt lat="37.870470000000005" lon="-122.23336"><ele>337.24</ele></trkpt>
    <trkpt lat="37.87057" lon="-122.23327"><ele>337.43</ele></trkpt>
    <trkpt lat="37.87078" lon="-122.23314"><ele>338.52000000000004</ele></trkpt>
    <trkpt lat="37.870830000000005" lon="-122.23304000000002"><ele>338.79</ele></trkpt>
    <trkpt lat="37.870830000000005" lon="-122.23287"><ele>340.09</ele></trkpt>
    <trkpt lat="37.87079000000001" lon="-122.23282"><ele>340.49</ele></trkpt>
    <trkpt lat="37.87071" lon="-122.23277000000002"><ele>341.39000000000004</ele></trkpt>
    <trkpt lat="37.87048" lon="-122.23274"><ele>344.96000000000004</ele></trkpt>
    <trkpt lat="37.87042" lon="-122.23270000000001"><ele>344.96000000000004</ele></trkpt>
    <trkpt lat="37.87039" lon="-122.2326"><ele>346.51000000000005</ele></trkpt>
    <trkpt lat="37.87039" lon="-122.23247"><ele>347.38</ele></trkpt>
    <trkpt lat="37.870520000000006" lon="-122.23233"><ele>348.71000000000004</ele></trkpt>
    <trkpt lat="37.8706" lon="-122.23216000000001"><ele>350.19</ele></trkpt>
    <trkpt lat="37.87068" lon="-122.23185000000001"><ele>352.09000000000003</ele></trkpt>
    <trkpt lat="37.870670000000004" lon="-122.23166"><ele>354.3</ele></trkpt>
    <trkpt lat="37.87062" lon="-122.23147000000002"><ele>356.76</ele></trkpt>
    <trkpt lat="37.870610000000006" lon="-122.23134"><ele>357.8</ele></trkpt>
    <trkpt lat="37.87068" lon="-122.23107000000002"><ele>358.94000000000005</ele></trkpt>
    <trkpt lat="37.870940000000004" lon="-122.23072"><ele>368.31</ele></trkpt>
    <trkpt lat="37.870990000000006" lon="-122.23067"><ele>368.31</ele></trkpt>
    <trkpt lat="37.87107" lon="-122.23063"><ele>368.31</ele></trkpt>
    <trkpt lat="37.8712" lon="-122.23063"><ele>370.41</ele></trkpt>
    <trkpt lat="37.87154" lon="-122.23076"><ele>373.54</ele></trkpt>
    <trkpt lat="37.8718" lon="-122.23077"><ele>373.94000000000005</ele></trkpt>
    <trkpt lat="37.871860000000005" lon="-122.23076"><ele>373.92</ele></trkpt>
    <trkpt lat="37.871990000000004" lon="-122.23063"><ele>373.73</ele></trkpt>
    <trkpt lat="37.87214" lon="-122.23045"><ele>373.74</ele></trkpt>
    <trkpt lat="37.87219" lon="-122.23036"><ele>373.82000000000005</ele></trkpt>
    <trkpt lat="37.87236" lon="-122.22978"><ele>374.34</ele></trkpt>
    <trkpt lat="37.872510000000005" lon="-122.22943000000001"><ele>374.26000000000005</ele></trkpt>
    <trkpt lat="37.872600000000006" lon="-122.22857"><ele>374.52000000000004</ele></trkpt>
    <trkpt lat="37.87267000000001" lon="-122.22839"><ele>374.38000000000005</ele></trkpt>
    <trkpt lat="37.872870000000006" lon="-122.22826"><ele>373.6700000000001</ele></trkpt>
    <trkpt lat="37.87326" lon="-122.22821"><ele>373.23</ele></trkpt>
    <trkpt lat="37.87335" lon="-122.22817"><ele>373.37</ele></trkpt>
    <trkpt lat="37.873490000000004" lon="-122.22804000000001"><ele>373.39000000000004</ele></trkpt>
    <trkpt lat="37.873580000000004" lon="-122.22803"><ele>373.39000000000004</ele></trkpt>
    <trkpt lat="37.87373" lon="-122.22808"><ele>373.29</ele></trkpt>
    <trkpt lat="37.874010000000006" lon="-122.22809000000001"><ele>373.09000000000003</ele></trkpt>
    <trkpt lat="37.87411" lon="-122.22817"><ele>373.13</ele></trkpt>
    <trkpt lat="37.8742" lon="-122.2283"><ele>373.37</ele></trkpt>
    <trkpt lat="37.87433" lon="-122.22839"><ele>373.37</ele></trkpt>
    <trkpt lat="37.874550000000006" lon="-122.22839"><ele>373.54</ele></trkpt>
    <trkpt lat="37.87463" lon="-122.2283"><ele>373.48</ele></trkpt>
    <trkpt lat="37.87478" lon="-122.22796000000001"><ele>373.1700000000001</ele></trkpt>
    <trkpt lat="37.87482" lon="-122.22795"><ele>373.1</ele></trkpt>
    <trkpt lat="37.875040000000006" lon="-122.22799"><ele>373.12</ele></trkpt>
    <trkpt lat="37.87519" lon="-122.22794"><ele>373.11000000000007</ele></trkpt>
    <trkpt lat="37.87527" lon="-122.22785"><ele>372.89000000000004</ele></trkpt>
    <trkpt lat="37.87548" lon="-122.22753000000002"><ele>372.95</ele></trkpt>
    <trkpt lat="37.87556" lon="-122.22749"><ele>373.27000000000004</ele></trkpt>
    <trkpt lat="37.87565" lon="-122.22746000000001"><ele>373.31</ele></trkpt>
    <trkpt lat="37.87585" lon="-122.22759"><ele>372.95</ele></trkpt>
    <trkpt lat="37.875890000000005" lon="-122.22767"><ele>372.95</ele></trkpt>
    <trkpt lat="37.875870000000006" lon="-122.22791000000001"><ele>371.8</ele></trkpt>
    <trkpt lat="37.87592" lon="-122.22821"><ele>371.57</ele></trkpt>
    <trkpt lat="37.87597" lon="-122.22835"><ele>371.37</ele></trkpt>
    <trkpt lat="37.876200000000004" lon="-122.22879"><ele>370.94000000000005</ele></trkpt>
    <trkpt lat="37.876340000000006" lon="-122.22893"><ele>370.39000000000004</ele></trkpt>
    <trkpt lat="37.87675" lon="-122.22915"><ele>370.20000000000005</ele></trkpt>
    <trkpt lat="37.8768" lon="-122.22921000000001"><ele>370.20000000000005</ele></trkpt>
    <trkpt lat="37.87679" lon="-122.22933"><ele>370.32000000000005</ele></trkpt>
    <trkpt lat="37.87673" lon="-122.22946"><ele>370.32000000000005</ele></trkpt>
    <trkpt lat="37.87666" lon="-122.22955"><ele>370.32000000000005</ele></trkpt>
    <trkpt lat="37.87641" lon="-122.22973"><ele>370.50000000000006</ele></trkpt>
    <trkpt lat="37.87615" lon="-122.23010000000001"><ele>370.41</ele></trkpt>
    <trkpt lat="37.87604" lon="-122.23045"><ele>369.97</ele></trkpt>
    <trkpt lat="37.876000000000005" lon="-122.23049"><ele>369.97</ele></trkpt>
    <trkpt lat="37.87595" lon="-122.23054"><ele>369.92</ele></trkpt>
    <trkpt lat="37.87566" lon="-122.23063"><ele>370.02</ele></trkpt>
    <trkpt lat="37.87559" lon="-122.23067"><ele>370.07</ele></trkpt>
    <trkpt lat="37.875530000000005" lon="-122.23076"><ele>370.05</ele></trkpt>
    <trkpt lat="37.87547" lon="-122.23089000000002"><ele>370.05</ele></trkpt>
    <trkpt lat="37.875350000000005" lon="-122.23139"><ele>369.9</ele></trkpt>
    <trkpt lat="37.87539" lon="-122.23151000000001"><ele>370.02</ele></trkpt>
    <trkpt lat="37.8755" lon="-122.23157"><ele>369.95000000000005</ele></trkpt>
    <trkpt lat="37.875710000000005" lon="-122.23161"><ele>369.96</ele></trkpt>
    <trkpt lat="37.875870000000006" lon="-122.23157"><ele>369.96</ele></trkpt>
    <trkpt lat="37.876310000000004" lon="-122.23147000000002"><ele>370.24</ele></trkpt>
    <trkpt lat="37.87637" lon="-122.23143"><ele>370.24</ele></trkpt>
    <trkpt lat="37.87657" lon="-122.23116000000002"><ele>370.46</ele></trkpt>
    <trkpt lat="37.876850000000005" lon="-122.23117"><ele>370.56000000000006</ele></trkpt>
    <trkpt lat="37.876990000000006" lon="-122.23118000000001"><ele>370.46</ele></trkpt>
    <trkpt lat="37.87733" lon="-122.23131000000001"><ele>370.51</ele></trkpt>
    <trkpt lat="37.87774" lon="-122.23162"><ele>370.61000000000007</ele></trkpt>
    <trkpt lat="37.87798" lon="-122.23175"><ele>370.47</ele></trkpt>
    <trkpt lat="37.87809" lon="-122.23179"><ele>370.53000000000003</ele></trkpt>
    <trkpt lat="37.878600000000006" lon="-122.23188"><ele>371.20000000000005</ele></trkpt>
    <trkpt lat="37.878690000000006" lon="-122.23193"><ele>371.20000000000005</ele></trkpt>
    <trkpt lat="37.878750000000004" lon="-122.23197"><ele>371.20000000000005</ele></trkpt>
    <trkpt lat="37.87905000000001" lon="-122.23246"><ele>371.69</ele></trkpt>
    <trkpt lat="37.87904" lon="-122.23255"><ele>371.75</ele></trkpt>
    <trkpt lat="37.878910000000005" lon="-122.23282"><ele>371.76000000000005</ele></trkpt>
    <trkpt lat="37.878840000000004" lon="-122.23309"><ele>371.66</ele></trkpt>
    <trkpt lat="37.87881" lon="-122.23354"><ele>371.66</ele></trkpt>
    <trkpt lat="37.878750000000004" lon="-122.23407000000002"><ele>371.6</ele></trkpt>
    <trkpt lat="37.87879" lon="-122.23440000000001"><ele>372.08000000000004</ele></trkpt>
    <trkpt lat="37.87883" lon="-122.23452"><ele>372.1</ele></trkpt>
    <trkpt lat="37.878910000000005" lon="-122.23462"><ele>372.09000000000003</ele></trkpt>
    <trkpt lat="37.87939" lon="-122.23494000000001"><ele>372.36</ele></trkpt>
    <trkpt lat="37.879450000000006" lon="-122.23502"><ele>372.47</ele></trkpt>
    <trkpt lat="37.87951" lon="-122.23533"><ele>372.34</ele></trkpt>
    <trkpt lat="37.87952000000001" lon="-122.23568000000002"><ele>372.56000000000006</ele></trkpt>
    <trkpt lat="37.87946" lon="-122.23618"><ele>372.73</ele></trkpt>
    <trkpt lat="37.8795" lon="-122.23632"><ele>372.73</ele></trkpt>
    <trkpt lat="37.87955" lon="-122.23637000000001"><ele>372.8</ele></trkpt>
    <trkpt lat="37.879650000000005" lon="-122.2364"><ele>372.8</ele></trkpt>
    <trkpt lat="37.880030000000005" lon="-122.23645"><ele>372.57</ele></trkpt>
    <trkpt lat="37.880100000000006" lon="-122.23649"><ele>372.53000000000003</ele></trkpt>
    <trkpt lat="37.880140000000004" lon="-122.23654"><ele>372.53000000000003</ele></trkpt>
    <trkpt lat="37.880230000000005" lon="-122.23685"><ele>372.46</ele></trkpt>
    <trkpt lat="37.88031" lon="-122.23725"><ele>372.54</ele></trkpt>
    <trkpt lat="37.8804" lon="-122.23731000000001"><ele>372.54</ele></trkpt>
    <trkpt lat="37.880500000000005" lon="-122.23734"><ele>372.51</ele></trkpt>
    <trkpt lat="37.88092" lon="-122.23757"><ele>372.08000000000004</ele></trkpt>
    <trkpt lat="37.88101" lon="-122.23766"><ele>372.21000000000004</ele></trkpt>
    <trkpt lat="37.88103" lon="-122.23774000000002"><ele>372.21000000000004</ele></trkpt>
    <trkpt lat="37.88102000000001" lon="-122.23783000000002"><ele>372.21000000000004</ele></trkpt>
    <trkpt lat="37.880840000000006" lon="-122.23802"><ele>372.23</ele></trkpt>
    <trkpt lat="37.880610000000004" lon="-122.23891"><ele>372.00000000000006</ele></trkpt>
    <trkpt lat="37.88049" lon="-122.23905"><ele>372.05</ele></trkpt>
    <trkpt lat="37.880230000000005" lon="-122.23922"><ele>372.4</ele></trkpt>
    <trkpt lat="37.880140000000004" lon="-122.23945"><ele>372.36</ele></trkpt>
    <trkpt lat="37.880140000000004" lon="-122.23958"><ele>372.12</ele></trkpt>
    <trkpt lat="37.88018" lon="-122.23972"><ele>372.06000000000006</ele></trkpt>
    <trkpt lat="37.88027" lon="-122.23985"><ele>372.07</ele></trkpt>
    <trkpt lat="37.88067" lon="-122.24000000000001"><ele>372.08000000000004</ele></trkpt>
    <trkpt lat="37.88085" lon="-122.24004000000001"><ele>372.14000000000004</ele></trkpt>
    <trkpt lat="37.88112" lon="-122.24031000000001"><ele>372.42</ele></trkpt>
    <trkpt lat="37.881350000000005" lon="-122.24085000000001"><ele>372.95</ele></trkpt>
    <trkpt lat="37.881370000000004" lon="-122.24115"><ele>373.23</ele></trkpt>
    <trkpt lat="37.881350000000005" lon="-122.24134000000001"><ele>373.46</ele></trkpt>
    <trkpt lat="37.88129" lon="-122.24146"><ele>373.55000000000007</ele></trkpt>
    <trkpt lat="37.88114" lon="-122.24159000000002"><ele>373.46</ele></trkpt>
    <trkpt lat="37.88101" lon="-122.24164"><ele>373.27000000000004</ele></trkpt>
    <trkpt lat="37.88074" lon="-122.24161000000001"><ele>372.77000000000004</ele></trkpt>
    <trkpt lat="37.88055000000001" lon="-122.24169"><ele>372.84</ele></trkpt>
    <trkpt lat="37.88038" lon="-122.24182"><ele>373.38000000000005</ele></trkpt>
    <trkpt lat="37.880210000000005" lon="-122.24205"><ele>375.29</ele></trkpt>
    <trkpt lat="37.880100000000006" lon="-122.2424"><ele>380.39</ele></trkpt>
    <trkpt lat="37.88009" lon="-122.24258"><ele>381.35</ele></trkpt>
    <trkpt lat="37.880100000000006" lon="-122.24277000000001"><ele>382.19</ele></trkpt>
    <trkpt lat="37.8802" lon="-122.24326"><ele>388.68</ele></trkpt>
    <trkpt lat="37.88024" lon="-122.24339"><ele>389.5</ele></trkpt>
    <trkpt lat="37.880300000000005" lon="-122.24348"><ele>391.6</ele></trkpt>
    <trkpt lat="37.88044" lon="-122.24354000000001"><ele>392.81000000000006</ele></trkpt>
    <trkpt lat="37.88105" lon="-122.24379"><ele>400.37000000000006</ele></trkpt>
    <trkpt lat="37.88111" lon="-122.24376000000001"><ele>400.5</ele></trkpt>
    <trkpt lat="37.881220000000006" lon="-122.24384"><ele>399.37000000000006</ele></trkpt>
    <trkpt lat="37.88136" lon="-122.24385000000001"><ele>398.75000000000006</ele></trkpt>
    <trkpt lat="37.88177" lon="-122.24375"><ele>394.8</ele></trkpt>
    <trkpt lat="37.88196000000001" lon="-122.24379"><ele>393.88</ele></trkpt>
    <trkpt lat="37.88204" lon="-122.24384"><ele>393.31000000000006</ele></trkpt>
    <trkpt lat="37.882200000000005" lon="-122.24401"><ele>392.04</ele></trkpt>
    <trkpt lat="37.8823" lon="-122.24418000000001"><ele>391.40000000000003</ele></trkpt>
    <trkpt lat="37.882565001215774" lon="-122.24469999827048"><ele>387.93000000000006</ele></trkpt>
    <trkpt lat="37.882830000000006" lon="-122.24522"><ele>386.14000000000004</ele></trkpt>
    <trkpt lat="37.883" lon="-122.24584000000002"><ele>383.25</ele></trkpt>
    <trkpt lat="37.883160000000004" lon="-122.24576"><ele>382.83</ele></trkpt>
    <trkpt lat="37.883210000000005" lon="-122.24568000000001"><ele>382.5</ele></trkpt>
    <trkpt lat="37.883300000000006" lon="-122.24548000000001"><ele>380.97</ele></trkpt>
    <trkpt lat="37.8832" lon="-122.2454"><ele>380.24</ele></trkpt>
    <trkpt lat="37.883120000000005" lon="-122.24527"><ele>379.88000000000005</ele></trkpt>
    <trkpt lat="37.88308" lon="-122.24513"><ele>379.88000000000005</ele></trkpt>
    <trkpt lat="37.88306" lon="-122.24473"><ele>380.45</ele></trkpt>
    <trkpt lat="37.882960000000004" lon="-122.2442"><ele>382.35</ele></trkpt>
    <trkpt lat="37.883030000000005" lon="-122.24379"><ele>384.40000000000003</ele></trkpt>
    <trkpt lat="37.88308" lon="-122.2437"><ele>384.63</ele></trkpt>
    <trkpt lat="37.88324" lon="-122.24352"><ele>386.1</ele></trkpt>
    <trkpt lat="37.883320000000005" lon="-122.24334"><ele>387.98</ele></trkpt>
    <trkpt lat="37.883340000000004" lon="-122.24322000000001"><ele>388.59000000000003</ele></trkpt>
    <trkpt lat="37.88335" lon="-122.2429"><ele>390.02000000000004</ele></trkpt>
    <trkpt lat="37.88331" lon="-122.24236"><ele>394.42</ele></trkpt>
    <trkpt lat="37.88336" lon="-122.24197000000001"><ele>395.5</ele></trkpt>
    <trkpt lat="37.883370000000006" lon="-122.24182"><ele>396.59000000000003</ele></trkpt>
    <trkpt lat="37.88335" lon="-122.24169"><ele>397.21</ele></trkpt>
    <trkpt lat="37.883370000000006" lon="-122.24146"><ele>397.91</ele></trkpt>
    <trkpt lat="37.88336" lon="-122.24124"><ele>399.41</ele></trkpt>
    <trkpt lat="37.883430000000004" lon="-122.24103000000001"><ele>400.71</ele></trkpt>
    <trkpt lat="37.88355" lon="-122.24089000000001"><ele>401.9200000000001</ele></trkpt>
    <trkpt lat="37.883680000000005" lon="-122.24088"><ele>402.73</ele></trkpt>
    <trkpt lat="37.884040000000006" lon="-122.24089000000001"><ele>404.73</ele></trkpt>
    <trkpt lat="37.88425" lon="-122.24097"><ele>404.88</ele></trkpt>
    <trkpt lat="37.88458" lon="-122.24132000000002"><ele>404.91</ele></trkpt>
    <trkpt lat="37.88468" lon="-122.24133"><ele>405.36000000000007</ele></trkpt>
    <trkpt lat="37.8849" lon="-122.24128"><ele>405.99</ele></trkpt>
    <trkpt lat="37.88497" lon="-122.24124"><ele>409.36000000000007</ele></trkpt>
    <trkpt lat="37.88506" lon="-122.24111"><ele>409.36000000000007</ele></trkpt>
    <trkpt lat="37.885110000000005" lon="-122.24093"><ele>410.04</ele></trkpt>
    <trkpt lat="37.88499" lon="-122.24020000000002"><ele>413.85</ele></trkpt>
    <trkpt lat="37.88495" lon="-122.24008"><ele>414.52000000000004</ele></trkpt>
    <trkpt lat="37.88477" lon="-122.23976"><ele>414.78000000000003</ele></trkpt>
    <trkpt lat="37.884730000000005" lon="-122.23964000000001"><ele>414.84000000000003</ele></trkpt>
    <trkpt lat="37.884710000000005" lon="-122.23944000000002"><ele>415.18000000000006</ele></trkpt>
    <trkpt lat="37.88474" lon="-122.23913"><ele>415.99</ele></trkpt>
    <trkpt lat="37.8847" lon="-122.239"><ele>416.34000000000003</ele></trkpt>
    <trkpt lat="37.88425" lon="-122.23864"><ele>418.24000000000007</ele></trkpt>
    <trkpt lat="37.88407" lon="-122.23859000000002"><ele>419.07000000000005</ele></trkpt>
    <trkpt lat="37.883950000000006" lon="-122.23856"><ele>420.52000000000004</ele></trkpt>
    <trkpt lat="37.88387" lon="-122.23852000000001"><ele>421.07000000000005</ele></trkpt>
    <trkpt lat="37.88382" lon="-122.23847"><ele>421.26</ele></trkpt>
    <trkpt lat="37.883770000000005" lon="-122.23837"><ele>421.51000000000005</ele></trkpt>
    <trkpt lat="37.88376" lon="-122.23825000000001"><ele>421.6</ele></trkpt>
    <trkpt lat="37.8838" lon="-122.23819"><ele>421.6</ele></trkpt>
    <trkpt lat="37.884" lon="-122.23801000000002"><ele>421.74000000000007</ele></trkpt>
    <trkpt lat="37.884080000000004" lon="-122.23785000000001"><ele>422.13000000000005</ele></trkpt>
    <trkpt lat="37.88418" lon="-122.23756000000002"><ele>423.41</ele></trkpt>
    <trkpt lat="37.884220000000006" lon="-122.23694"><ele>427.71000000000004</ele></trkpt>
    <trkpt lat="37.884440000000005" lon="-122.23654"><ele>432.64000000000004</ele></trkpt>
    <trkpt lat="37.88445" lon="-122.23645"><ele>433.61</ele></trkpt>
    <trkpt lat="37.88443" lon="-122.23628000000001"><ele>434.84000000000003</ele></trkpt>
    <trkpt lat="37.88440000000001" lon="-122.23622"><ele>434.84000000000003</ele></trkpt>
    <trkpt lat="37.88403" lon="-122.23606000000001"><ele>438.28000000000003</ele></trkpt>
    <trkpt lat="37.8838" lon="-122.23587"><ele>440.99000000000007</ele></trkpt>
    <trkpt lat="37.88364" lon="-122.23582"><ele>443.65000000000003</ele></trkpt>
    <trkpt lat="37.8836" lon="-122.23577000000002"><ele>443.65000000000003</ele></trkpt>
    <trkpt lat="37.883570000000006" lon="-122.2356"><ele>445.94000000000005</ele></trkpt>
    <trkpt lat="37.88355" lon="-122.23532000000002"><ele>447.49000000000007</ele></trkpt>
    <trkpt lat="37.883590000000005" lon="-122.23488"><ele>451.04</ele></trkpt>
    <trkpt lat="37.88364" lon="-122.23467000000001"><ele>454.17</ele></trkpt>
    <trkpt lat="37.883630000000004" lon="-122.23458000000001"><ele>454.17</ele></trkpt>
    <trkpt lat="37.883430000000004" lon="-122.23434"><ele>459.98</ele></trkpt>
    <trkpt lat="37.88338" lon="-122.23421"><ele>459.98</ele></trkpt>
    <trkpt lat="37.88338" lon="-122.23408"><ele>459.98</ele></trkpt>
    <trkpt lat="37.883410000000005" lon="-122.23394"><ele>461.14000000000004</ele></trkpt>
    <trkpt lat="37.883410000000005" lon="-122.23385"><ele>461.8</ele></trkpt>
    <trkpt lat="37.88336" lon="-122.23363"><ele>464.94</ele></trkpt>
    <trkpt lat="37.883370000000006" lon="-122.23358"><ele>465.41</ele></trkpt>
    <trkpt lat="37.883500000000005" lon="-122.23331"><ele>468.79</ele></trkpt>
    <trkpt lat="37.883520000000004" lon="-122.23318"><ele>469.26000000000005</ele></trkpt>
    <trkpt lat="37.88345" lon="-122.23296"><ele>470.11</ele></trkpt>
    <trkpt lat="37.883410000000005" lon="-122.23287"><ele>470.11</ele></trkpt>
    <trkpt lat="37.883340000000004" lon="-122.23282"><ele>473.25000000000006</ele></trkpt>
    <trkpt lat="37.883230000000005" lon="-122.23282"><ele>473.25000000000006</ele></trkpt>
    <trkpt lat="37.88315" lon="-122.23286000000002"><ele>474.08000000000004</ele></trkpt>
    <trkpt lat="37.88297" lon="-122.23278"><ele>475.5</ele></trkpt>
    <trkpt lat="37.88289" lon="-122.2326"><ele>477.96000000000004</ele></trkpt>
    <trkpt lat="37.882650000000005" lon="-122.23242"><ele>480.29</ele></trkpt>
    <trkpt lat="37.88246" lon="-122.23207000000001"><ele>483.39000000000004</ele></trkpt>
    <trkpt lat="37.882360000000006" lon="-122.23184"><ele>484.16</ele></trkpt>
    <trkpt lat="37.88237" lon="-122.23166"><ele>481.89000000000004</ele></trkpt>
    <trkpt lat="37.88252000000001" lon="-122.2313"><ele>478.94</ele></trkpt>
    <trkpt lat="37.882540000000006" lon="-122.23121"><ele>478.63000000000005</ele></trkpt>
    <trkpt lat="37.882540000000006" lon="-122.23108"><ele>477.95000000000005</ele></trkpt>
    <trkpt lat="37.8825" lon="-122.23076"><ele>476.97</ele></trkpt>
    <trkpt lat="37.88251" lon="-122.23027"><ele>473.37</ele></trkpt>
    <trkpt lat="37.88248" lon="-122.23009"><ele>473.05</ele></trkpt>
    <trkpt lat="37.88242" lon="-122.22991"><ele>473.0</ele></trkpt>
    <trkpt lat="37.88217" lon="-122.22930000000001"><ele>475.14000000000004</ele></trkpt>
    <trkpt lat="37.88217" lon="-122.22911"><ele>475.31000000000006</ele></trkpt>
    <trkpt lat="37.882220000000004" lon="-122.22903000000001"><ele>474.04</ele></trkpt>
    <trkpt lat="37.882360000000006" lon="-122.22894000000001"><ele>468.95</ele></trkpt>
    <trkpt lat="37.88239" lon="-122.22897"><ele>466.65</ele></trkpt>
    <trkpt lat="37.88251" lon="-122.2292"><ele>463.91</ele></trkpt>
    <trkpt lat="37.882540000000006" lon="-122.22929"><ele>461.29</ele></trkpt>
    <trkpt lat="37.882580000000004" lon="-122.22933"><ele>460.15000000000003</ele></trkpt>
    <trkpt lat="37.88290000000001" lon="-122.22933"><ele>454.03000000000003</ele></trkpt>
    <trkpt lat="37.882960000000004" lon="-122.22929"><ele>453.03000000000003</ele></trkpt>
    <trkpt lat="37.883050000000004" lon="-122.2292"><ele>452.18</ele></trkpt>
    <trkpt lat="37.8832" lon="-122.22892000000002"><ele>451.40000000000003</ele></trkpt>
    <trkpt lat="37.882960000000004" lon="-122.22875"><ele>453.41</ele></trkpt>
    <trkpt lat="37.882830000000006" lon="-122.22848"><ele>456.16</ele></trkpt>
    <trkpt lat="37.882760000000005" lon="-122.22822000000001"><ele>457.34000000000003</ele></trkpt>
    <trkpt lat="37.882760000000005" lon="-122.22800000000001"><ele>457.65000000000003</ele></trkpt>
    <trkpt lat="37.882740000000005" lon="-122.22789000000002"><ele>457.52000000000004</ele></trkpt>
    <trkpt lat="37.88255" lon="-122.22737000000001"><ele>458.59000000000003</ele></trkpt>
    <trkpt lat="37.88242" lon="-122.22714"><ele>460.08000000000004</ele></trkpt>
    <trkpt lat="37.88228" lon="-122.22696"><ele>462.17</ele></trkpt>
    <trkpt lat="37.88201" lon="-122.22673"><ele>466.23</ele></trkpt>
    <trkpt lat="37.88159" lon="-122.22661000000001"><ele>470.43</ele></trkpt>
    <trkpt lat="37.88156" lon="-122.22655"><ele>470.49</ele></trkpt>
    <trkpt lat="37.88156" lon="-122.22639000000001"><ele>470.19000000000005</ele></trkpt>
    <trkpt lat="37.881690000000006" lon="-122.22616000000001"><ele>470.4800000000001</ele></trkpt>
    <trkpt lat="37.881750000000004" lon="-122.22601000000002"><ele>470.63000000000005</ele></trkpt>
    <trkpt lat="37.882200000000005" lon="-122.22610000000002"><ele>466.36000000000007</ele></trkpt>
    <trkpt lat="37.882490000000004" lon="-122.22611"><ele>469.30000000000007</ele></trkpt>
    <trkpt lat="37.88262" lon="-122.22616000000001"><ele>470.75000000000006</ele></trkpt>
    <trkpt lat="37.88266" lon="-122.22629"><ele>470.43</ele></trkpt>
    <trkpt lat="37.8828" lon="-122.22642"><ele>469.43</ele></trkpt>
    <trkpt lat="37.88290000000001" lon="-122.22645000000001"><ele>469.04</ele></trkpt>
    <trkpt lat="37.883050000000004" lon="-122.22643000000001"><ele>470.63000000000005</ele></trkpt>
    <trkpt lat="37.88322" lon="-122.22638"><ele>473.09000000000003</ele></trkpt>
    <trkpt lat="37.88344" lon="-122.22651"><ele>473.72</ele></trkpt>
    <trkpt lat="37.883250000000004" lon="-122.22607"><ele>481.87</ele></trkpt>
    <trkpt lat="37.883250000000004" lon="-122.22602"><ele>481.87</ele></trkpt>
    <trkpt lat="37.88333" lon="-122.22584"><ele>487.39000000000004</ele></trkpt>
    <trkpt lat="37.88333" lon="-122.22574000000002"><ele>488.42</ele></trkpt>
    <trkpt lat="37.883190000000006" lon="-122.22539"><ele>494.39000000000004</ele></trkpt>
    <trkpt lat="37.88315" lon="-122.22512"><ele>496.95000000000005</ele></trkpt>
    <trkpt lat="37.883010000000006" lon="-122.22476"><ele>499.03000000000003</ele></trkpt>
    <trkpt lat="37.88289" lon="-122.22451000000001"><ele>501.74000000000007</ele></trkpt>
    <trkpt lat="37.88282" lon="-122.22422000000002"><ele>505.26000000000005</ele></trkpt>
    <trkpt lat="37.88273" lon="-122.22405"><ele>506.57000000000005</ele></trkpt>
    <trkpt lat="37.88248" lon="-122.22378"><ele>506.53000000000003</ele></trkpt>
    <trkpt lat="37.88239" lon="-122.22351"><ele>508.60</ele></trkpt>
    <trkpt lat="37.88241" lon="-122.22347"><ele>510.01</ele></trkpt>
    <trkpt lat="37.882450000000006" lon="-122.22348000000001"><ele>510.9100000000001</ele></trkpt>
    <trkpt lat="37.88266" lon="-122.22373"><ele>511.88</ele></trkpt>
    <trkpt lat="37.882870000000004" lon="-122.22390000000001"><ele>513.69</ele></trkpt>
    <trkpt lat="37.88298" lon="-122.22409"><ele>515.11</ele></trkpt>
    <trkpt lat="37.88333" lon="-122.22431000000002"><ele>518.6800000000001</ele></trkpt>
    <trkpt lat="37.883390000000006" lon="-122.22442000000001"><ele>520.7700000000001</ele></trkpt>
    <trkpt lat="37.88346000000001" lon="-122.22451000000001"><ele>520.7700000000001</ele></trkpt>
    <trkpt lat="37.88382" lon="-122.22472"><ele>525.3800000000001</ele></trkpt>
    <trkpt lat="37.883880000000005" lon="-122.22481"><ele>525.5600000000001</ele></trkpt>
    <trkpt lat="37.88398" lon="-122.22503"><ele>525.5600000000001</ele></trkpt>
    <trkpt lat="37.88402" lon="-122.22507000000002"><ele>525.5600000000001</ele></trkpt>
    <trkpt lat="37.88407" lon="-122.22507000000002"><ele>525.5600000000001</ele></trkpt>
    <trkpt lat="37.88416" lon="-122.22503"><ele>525.4300000000001</ele></trkpt>
    <trkpt lat="37.88425" lon="-122.22493000000001"><ele>525.4300000000001</ele></trkpt>
    <trkpt lat="37.88423" lon="-122.22495"><ele>525.44</ele></trkpt>
    <trkpt lat="37.884310000000006" lon="-122.22485"><ele>525.51</ele></trkpt>
    <trkpt lat="37.88434" lon="-122.22485"><ele>525.5300000000001</ele></trkpt>
    <trkpt lat="37.884440000000005" lon="-122.22495"><ele>525.42</ele></trkpt>
    <trkpt lat="37.88499" lon="-122.22543"><ele>526.4300000000001</ele></trkpt>
    <trkpt lat="37.885130000000004" lon="-122.22536000000001"><ele>526.27</ele></trkpt>
    <trkpt lat="37.885270000000006" lon="-122.22539"><ele>525.61</ele></trkpt>
    <trkpt lat="37.88552" lon="-122.22575"><ele>517.33</ele></trkpt>
    <trkpt lat="37.88559" lon="-122.22576000000001"><ele>517.33</ele></trkpt>
    <trkpt lat="37.885740000000006" lon="-122.22603000000001"><ele>512.36</ele></trkpt>
    <trkpt lat="37.885810000000006" lon="-122.22601000000002"><ele>511.62000000000006</ele></trkpt>
    <trkpt lat="37.885870000000004" lon="-122.22575"><ele>509.3500000000001</ele></trkpt>
    <trkpt lat="37.88589" lon="-122.22558000000001"><ele>508.38000000000005</ele></trkpt>
    <trkpt lat="37.885870000000004" lon="-122.22503"><ele>508.68</ele></trkpt>
    <trkpt lat="37.88593" lon="-122.22454"><ele>513.85</ele></trkpt>
    <trkpt lat="37.886" lon="-122.22432"><ele>515.6700000000001</ele></trkpt>
    <trkpt lat="37.88624" lon="-122.22401"><ele>518.49</ele></trkpt>
    <trkpt lat="37.88629" lon="-122.22391"><ele>519.0400000000001</ele></trkpt>
    <trkpt lat="37.88651" lon="-122.224"><ele>517.09</ele></trkpt>
    <trkpt lat="37.886930000351" lon="-122.22424999862561"><ele>514.2800000000001</ele></trkpt>
    <trkpt lat="37.887350000000005" lon="-122.2245"><ele>506.39</ele></trkpt>
    <trkpt lat="37.887730000000005" lon="-122.22481"><ele>501.84000000000003</ele></trkpt>
    <trkpt lat="37.887930000000004" lon="-122.22482000000001"><ele>500.99</ele></trkpt>
    <trkpt lat="37.88803" lon="-122.22480000000002"><ele>500.09999999999997</ele></trkpt>
    <trkpt lat="37.8885" lon="-122.22433000000001"><ele>494.17</ele></trkpt>
    <trkpt lat="37.8887" lon="-122.22429000000001"><ele>491.28000000000003</ele></trkpt>
    <trkpt lat="37.88897" lon="-122.2245"><ele>488.19</ele></trkpt>
    <trkpt lat="37.88913" lon="-122.22467"><ele>487.17</ele></trkpt>
    <trkpt lat="37.889250000000004" lon="-122.22486"><ele>485.82</ele></trkpt>
    <trkpt lat="37.88931" lon="-122.22539"><ele>482.14</ele></trkpt>
    <trkpt lat="37.889450000000004" lon="-122.22574000000002"><ele>479.79</ele></trkpt>
    <trkpt lat="37.88962" lon="-122.22597"><ele>478.15000000000003</ele></trkpt>
    <trkpt lat="37.890010000000004" lon="-122.22624"><ele>475.14000000000004</ele></trkpt>
    <trkpt lat="37.89047" lon="-122.22642"><ele>468.58000000000004</ele></trkpt>
    <trkpt lat="37.89059" lon="-122.22651"><ele>467.52000000000004</ele></trkpt>
    <trkpt lat="37.890950000000004" lon="-122.22709"><ele>460.83</ele></trkpt>
    <trkpt lat="37.89105" lon="-122.22714"><ele>457.78000000000003</ele></trkpt>
    <trkpt lat="37.891450000000006" lon="-122.22728000000001"><ele>455.19000000000005</ele></trkpt>
    <trkpt lat="37.891630000000006" lon="-122.22739000000001"><ele>455.24</ele></trkpt>
    <trkpt lat="37.89175" lon="-122.22754"><ele>455.43000000000006</ele></trkpt>
    <trkpt lat="37.8918" lon="-122.22766000000001"><ele>455.70000000000005</ele></trkpt>
    <trkpt lat="37.891890000000004" lon="-122.22816000000002"><ele>460</ele></trkpt>
    <trkpt lat="37.892070000000004" lon="-122.22861"><ele>464.65000000000003</ele></trkpt>
    <trkpt lat="37.89208" lon="-122.2287"><ele>464.65000000000003</ele></trkpt>
    <trkpt lat="37.891960000000005" lon="-122.22906"><ele>467.90000000000003</ele></trkpt>
    <trkpt lat="37.89195" lon="-122.22915"><ele>469.5</ele></trkpt>
    <trkpt lat="37.89197" lon="-122.22924"><ele>469.99</ele></trkpt>
    <trkpt lat="37.89215" lon="-122.22947"><ele>472.37</ele></trkpt>
    <trkpt lat="37.8922" lon="-122.2296"><ele>473.77000000000004</ele></trkpt>
    <trkpt lat="37.89229" lon="-122.23005"><ele>478.85</ele></trkpt>
    <trkpt lat="37.89249" lon="-122.2304"><ele>480.96000000000004</ele></trkpt>
    <trkpt lat="37.892540000000004" lon="-122.23054"><ele>483.64</ele></trkpt>
    <trkpt lat="37.89256" lon="-122.23063"><ele>484.66</ele></trkpt>
    <trkpt lat="37.89256" lon="-122.23081"><ele>487.12000000000006</ele></trkpt>
    <trkpt lat="37.892520000000005" lon="-122.23122000000001"><ele>488.69</ele></trkpt>
    <trkpt lat="37.89262" lon="-122.23166"><ele>487.63000000000005</ele></trkpt>
    <trkpt lat="37.89284" lon="-122.23215"><ele>482.94</ele></trkpt>
    <trkpt lat="37.89289" lon="-122.23233"><ele>482.58000000000004</ele></trkpt>
    <trkpt lat="37.89291" lon="-122.23250000000002"><ele>483.05</ele></trkpt>
    <trkpt lat="37.892900000000004" lon="-122.23287"><ele>485.08000000000004</ele></trkpt>
    <trkpt lat="37.89296" lon="-122.23306000000001"><ele>487.65000000000003</ele></trkpt>
    <trkpt lat="37.89302" lon="-122.23318"><ele>487.65000000000003</ele></trkpt>
    <trkpt lat="37.89311" lon="-122.23323"><ele>488.46000000000004</ele></trkpt>
    <trkpt lat="37.89322000000001" lon="-122.23323"><ele>490.02000000000004</ele></trkpt>
    <trkpt lat="37.89336" lon="-122.23318"><ele>491.11</ele></trkpt>
    <trkpt lat="37.89354" lon="-122.23319000000001"><ele>493.00000000000006</ele></trkpt>
    <trkpt lat="37.89369000000001" lon="-122.23331"><ele>494.32000000000005</ele></trkpt>
    <trkpt lat="37.89381" lon="-122.23368"><ele>495.62000000000006</ele></trkpt>
    <trkpt lat="37.8941" lon="-122.23425"><ele>494.7900000000001</ele></trkpt>
    <trkpt lat="37.89461" lon="-122.23472000000001"><ele>486.26</ele></trkpt>
    <trkpt lat="37.89472000000001" lon="-122.23498000000001"><ele>483.32</ele></trkpt>
    <trkpt lat="37.89484" lon="-122.23561000000001"><ele>473.54</ele></trkpt>
    <trkpt lat="37.89491" lon="-122.23582"><ele>470.59000000000003</ele></trkpt>
    <trkpt lat="37.894960000000005" lon="-122.23591"><ele>470.59000000000003</ele></trkpt>
    <trkpt lat="37.89506" lon="-122.236"><ele>467</ele></trkpt>
    <trkpt lat="37.8952" lon="-122.23609"><ele>465.4800000000001</ele></trkpt>
    <trkpt lat="37.895360000000004" lon="-122.23605"><ele>463.11</ele></trkpt>
    <trkpt lat="37.89542" lon="-122.23606000000001"><ele>461.5</ele></trkpt>
    <trkpt lat="37.89547" lon="-122.23619000000001"><ele>459.81000000000006</ele></trkpt>
    <trkpt lat="37.89544" lon="-122.23631"><ele>456.24</ele></trkpt>
    <trkpt lat="37.895390000000006" lon="-122.2364"><ele>456.24</ele></trkpt>
    <trkpt lat="37.89537" lon="-122.2365"><ele>454.37000000000006</ele></trkpt>
    <trkpt lat="37.89544" lon="-122.23672"><ele>449.45</ele></trkpt>
    <trkpt lat="37.895520000000005" lon="-122.23681"><ele>447.6</ele></trkpt>
    <trkpt lat="37.89566000000001" lon="-122.23691000000001"><ele>444.32000000000005</ele></trkpt>
    <trkpt lat="37.89622" lon="-122.23726"><ele>439.72</ele></trkpt>
    <trkpt lat="37.896440000000005" lon="-122.23739"><ele>439.74</ele></trkpt>
    <trkpt lat="37.896820000000005" lon="-122.23766"><ele>437.34000000000003</ele></trkpt>
    <trkpt lat="37.89699" lon="-122.23780000000001"><ele>436.86</ele></trkpt>
    <trkpt lat="37.89733500058085" lon="-122.23820499796913"><ele>434.1</ele></trkpt>
    <trkpt lat="37.89768" lon="-122.23861000000001"><ele>432.03000000000003</ele></trkpt>
    <trkpt lat="37.89781" lon="-122.23882"><ele>431.62000000000006</ele></trkpt>
    <trkpt lat="37.897980000000004" lon="-122.23946000000001"><ele>427.76000000000005</ele></trkpt>
    <trkpt lat="37.89813" lon="-122.23993000000002"><ele>424.54</ele></trkpt>
    <trkpt lat="37.898390000000006" lon="-122.24026"><ele>420.8</ele></trkpt>
    <trkpt lat="37.89884333554368" lon="-122.24076666046847"><ele>409.51000000000005</ele></trkpt>
    <trkpt lat="37.89929666891563" lon="-122.24127332717823"><ele>405.82</ele></trkpt>
    <trkpt lat="37.899750000000004" lon="-122.24178"><ele>404.16</ele></trkpt>
    <trkpt lat="37.899910000000006" lon="-122.24187"><ele>402.9800000000001</ele></trkpt>
    <trkpt lat="37.90035500008798" lon="-122.24200999915513"><ele>398.79</ele></trkpt>
    <trkpt lat="37.900800000000004" lon="-122.24215000000001"><ele>399.4800000000001</ele></trkpt>
    <trkpt lat="37.900920000000006" lon="-122.24227"><ele>398.24</ele></trkpt>
    <trkpt lat="37.90141500161451" lon="-122.24289499574853"><ele>397.39</ele></trkpt>
    <trkpt lat="37.90191" lon="-122.24352"><ele>405.01000000000005</ele></trkpt>
    <trkpt lat="37.902060000000006" lon="-122.24375"><ele>404.88</ele></trkpt>
    <trkpt lat="37.902260000000005" lon="-122.24419"><ele>400</ele></trkpt>
    <trkpt lat="37.90231" lon="-122.24447"><ele>398.25000000000006</ele></trkpt>
    <trkpt lat="37.902300000000004" lon="-122.24461000000001"><ele>396.3</ele></trkpt>
    <trkpt lat="37.902170000000005" lon="-122.24493000000001"><ele>391.84000000000003</ele></trkpt>
    <trkpt lat="37.90204000000001" lon="-122.2454"><ele>383.95</ele></trkpt>
    <trkpt lat="37.90191" lon="-122.24594"><ele>376.67</ele></trkpt>
    <trkpt lat="37.90164" lon="-122.24683000000002"><ele>366.33000000000004</ele></trkpt>
    <trkpt lat="37.901390000000006" lon="-122.24742"><ele>359.89000000000004</ele></trkpt>
    <trkpt lat="37.901360000000004" lon="-122.24770000000001"><ele>357.87</ele></trkpt>
    <trkpt lat="37.901390000000006" lon="-122.24777000000002"><ele>356.6</ele></trkpt>
    <trkpt lat="37.90144" lon="-122.24779000000001"><ele>356.6</ele></trkpt>
    <trkpt lat="37.90151" lon="-122.24778"><ele>354.16</ele></trkpt>
    <trkpt lat="37.90157000000001" lon="-122.24773"><ele>354.16</ele></trkpt>
    <trkpt lat="37.902040001278436" lon="-122.2471700036337"><ele>346.80000000000007</ele></trkpt>
    <trkpt lat="37.90251000000001" lon="-122.24661"><ele>334.71</ele></trkpt>
    <trkpt lat="37.902570000000004" lon="-122.24657"><ele>336.3</ele></trkpt>
    <trkpt lat="37.90267" lon="-122.24656000000002"><ele>333.45</ele></trkpt>
    <trkpt lat="37.902770000000004" lon="-122.24657"><ele>330.39</ele></trkpt>
    <trkpt lat="37.902840000000005" lon="-122.2467"><ele>326.64000000000004</ele></trkpt>
    <trkpt lat="37.90287" lon="-122.24679"><ele>325.23</ele></trkpt>
    <trkpt lat="37.90285" lon="-122.24692"><ele>324.09000000000003</ele></trkpt>
    <trkpt lat="37.902750000000005" lon="-122.24715"><ele>321.51</ele></trkpt>
    <trkpt lat="37.902620000000006" lon="-122.24737"><ele>319.27000000000004</ele></trkpt>
    <trkpt lat="37.902480000000004" lon="-122.24755"><ele>317.37000000000006</ele></trkpt>
    <trkpt lat="37.90245" lon="-122.24764"><ele>316.92</ele></trkpt>
    <trkpt lat="37.902460000000005" lon="-122.24772000000002"><ele>316.12</ele></trkpt>
    <trkpt lat="37.902550000000005" lon="-122.24786000000002"><ele>313.31</ele></trkpt>
    <trkpt lat="37.902660000000004" lon="-122.24777000000002"><ele>312.07</ele></trkpt>
    <trkpt lat="37.902710000000006" lon="-122.24765000000001"><ele>310.48</ele></trkpt>
    <trkpt lat="37.90292" lon="-122.24751"><ele>309.32000000000005</ele></trkpt>
    <trkpt lat="37.903180000000006" lon="-122.24724"><ele>304.21000000000004</ele></trkpt>
    <trkpt lat="37.90332" lon="-122.24715"><ele>302.6</ele></trkpt>
    <trkpt lat="37.903510000000004" lon="-122.24707000000001"><ele>300.37</ele></trkpt>
    <trkpt lat="37.90368" lon="-122.24708000000001"><ele>296.05</ele></trkpt>
    <trkpt lat="37.903740000000006" lon="-122.24701"><ele>295.65000000000003</ele></trkpt>
    <trkpt lat="37.90377" lon="-122.24692"><ele>295.65000000000003</ele></trkpt>
    <trkpt lat="37.904" lon="-122.24701"><ele>288.88</ele></trkpt>
    <trkpt lat="37.90411" lon="-122.2471"><ele>286.92</ele></trkpt>
    <trkpt lat="37.904210000000006" lon="-122.24752000000001"><ele>283.31</ele></trkpt>
    <trkpt lat="37.90429" lon="-122.24769"><ele>282.02000000000004</ele></trkpt>
    <trkpt lat="37.9044" lon="-122.24845"><ele>280.2</ele></trkpt>
    <trkpt lat="37.904450000000004" lon="-122.24935"><ele>278.07000000000005</ele></trkpt>
    <trkpt lat="37.90449" lon="-122.24975"><ele>276.97</ele></trkpt>
    <trkpt lat="37.90442" lon="-122.25015"><ele>275.38</ele></trkpt>
    <trkpt lat="37.90442" lon="-122.25023000000002"><ele>275.38</ele></trkpt>
    <trkpt lat="37.90446" lon="-122.25040000000001"><ele>275.38</ele></trkpt>
    <trkpt lat="37.904610000000005" lon="-122.2506"><ele>274.68</ele></trkpt>
    <trkpt lat="37.90471" lon="-122.2506"><ele>273.68</ele></trkpt>
    <trkpt lat="37.905150000000006" lon="-122.25028"><ele>272.33</ele></trkpt>
    <trkpt lat="37.90556" lon="-122.2497"><ele>270.83</ele></trkpt>
    <trkpt lat="37.905660000000005" lon="-122.24961"><ele>270.71</ele></trkpt>
    <trkpt lat="37.90592" lon="-122.24953000000001"><ele>270.01000000000005</ele></trkpt>
    <trkpt lat="37.906180000000006" lon="-122.24931000000001"><ele>268.65</ele></trkpt>
    <trkpt lat="37.90623" lon="-122.24931000000001"><ele>268.31000000000006</ele></trkpt>
    <trkpt lat="37.906290000000006" lon="-122.24934"><ele>267.16</ele></trkpt>
    <trkpt lat="37.906310000000005" lon="-122.24944"><ele>266.82</ele></trkpt>
    <trkpt lat="37.906200000000005" lon="-122.24975"><ele>265.62</ele></trkpt>
    <trkpt lat="37.90617" lon="-122.24992"><ele>264.91</ele></trkpt>
    <trkpt lat="37.906150000000004" lon="-122.25024"><ele>264.32</ele></trkpt>
    <trkpt lat="37.90605" lon="-122.2506"><ele>262.76000000000005</ele></trkpt>
    <trkpt lat="37.906040000000004" lon="-122.251"><ele>261.43</ele></trkpt>
    <trkpt lat="37.90607" lon="-122.25146000000001"><ele>260.29</ele></trkpt>
    <trkpt lat="37.906150000000004" lon="-122.25203"><ele>258.35</ele></trkpt>
    <trkpt lat="37.90623" lon="-122.2523"><ele>256.99</ele></trkpt>
    <trkpt lat="37.906330000000004" lon="-122.25243"><ele>255.68</ele></trkpt>
    <trkpt lat="37.90652" lon="-122.25257"><ele>255.12</ele></trkpt>
    <trkpt lat="37.90655" lon="-122.25261"><ele>253.42000000000002</ele></trkpt>
    <trkpt lat="37.906620000000004" lon="-122.25292"><ele>252.48000000000005</ele></trkpt>
    <trkpt lat="37.906620000000004" lon="-122.25333"><ele>251.06</ele></trkpt>
    <trkpt lat="37.90666" lon="-122.25347000000001"><ele>249.97000000000003</ele></trkpt>
    <trkpt lat="37.90679" lon="-122.25368000000002"><ele>248.74</ele></trkpt>
    <trkpt lat="37.906870000000005" lon="-122.25373"><ele>248.74</ele></trkpt>
    <trkpt lat="37.907090000000004" lon="-122.25374000000001"><ele>247.35000000000002</ele></trkpt>
    <trkpt lat="37.907320000000006" lon="-122.25365000000001"><ele>247.05</ele></trkpt>
    <trkpt lat="37.9074" lon="-122.2536"><ele>246.6</ele></trkpt>
    <trkpt lat="37.90749" lon="-122.25351"><ele>246.46</ele></trkpt>
    <trkpt lat="37.90748" lon="-122.25315"><ele>244.15000000000003</ele></trkpt>
    <trkpt lat="37.907610000000005" lon="-122.25289000000001"><ele>240.96</ele></trkpt>
    <trkpt lat="37.907700000000006" lon="-122.25258000000001"><ele>238.49</ele></trkpt>
    <trkpt lat="37.907810000000005" lon="-122.25243"><ele>237.84000000000003</ele></trkpt>
    <trkpt lat="37.9082" lon="-122.25203"><ele>235.24000000000004</ele></trkpt>
    <trkpt lat="37.90825" lon="-122.25202000000002"><ele>235.24000000000004</ele></trkpt>
    <trkpt lat="37.90827" lon="-122.25213000000001"><ele>234.75</ele></trkpt>
    <trkpt lat="37.9082" lon="-122.25248"><ele>233.79000000000002</ele></trkpt>
    <trkpt lat="37.90841" lon="-122.25314000000002"><ele>230.85000000000002</ele></trkpt>
    <trkpt lat="37.90842" lon="-122.25328"><ele>228.33</ele></trkpt>
    <trkpt lat="37.908480000000004" lon="-122.25351"><ele>228.33</ele></trkpt>
    <trkpt lat="37.908530000000006" lon="-122.2536"><ele>226.85000000000002</ele></trkpt>
    <trkpt lat="37.908660000000005" lon="-122.25373"><ele>225.59</ele></trkpt>
    <trkpt lat="37.9087" lon="-122.25383000000001"><ele>225.29000000000002</ele></trkpt>
    <trkpt lat="37.90867" lon="-122.25396"><ele>224.82000000000002</ele></trkpt>
    <trkpt lat="37.908500000000004" lon="-122.25418"><ele>224.44000000000003</ele></trkpt>
    <trkpt lat="37.908460000000005" lon="-122.25427"><ele>224.57000000000002</ele></trkpt>
    <trkpt lat="37.90843" lon="-122.25445"><ele>224.57000000000002</ele></trkpt>
    <trkpt lat="37.90845" lon="-122.25454"><ele>225.17000000000002</ele></trkpt>
    <trkpt lat="37.90852" lon="-122.25467"><ele>225.24</ele></trkpt>
    <trkpt lat="37.90879" lon="-122.2548"><ele>224.74</ele></trkpt>
    <trkpt lat="37.90880000000001" lon="-122.25489"><ele>224.48000000000002</ele></trkpt>
    <trkpt lat="37.90876" lon="-122.25503"><ele>223.50000000000003</ele></trkpt>
    <trkpt lat="37.908460000000005" lon="-122.2553"><ele>220.9</ele></trkpt>
    <trkpt lat="37.908350000000006" lon="-122.25543"><ele>219.53000000000003</ele></trkpt>
    <trkpt lat="37.90831" lon="-122.25558000000001"><ele>218.02</ele></trkpt>
    <trkpt lat="37.908300000000004" lon="-122.25579"><ele>215.94000000000003</ele></trkpt>
    <trkpt lat="37.908280000000005" lon="-122.25583"><ele>215.94000000000003</ele></trkpt>
    <trkpt lat="37.90813" lon="-122.25584"><ele>215.17000000000002</ele></trkpt>
    <trkpt lat="37.90807" lon="-122.25588"><ele>214.52</ele></trkpt>
    <trkpt lat="37.90794" lon="-122.25601"><ele>214.03000000000003</ele></trkpt>
    <trkpt lat="37.90784" lon="-122.25619"><ele>213.05</ele></trkpt>
    <trkpt lat="37.9078" lon="-122.25638000000001"><ele>211.18</ele></trkpt>
    <trkpt lat="37.90776" lon="-122.25644000000001"><ele>211.02</ele></trkpt>
    <trkpt lat="37.90773" lon="-122.25646"><ele>210.82</ele></trkpt>
    <trkpt lat="37.90758" lon="-122.25651"><ele>209.6</ele></trkpt>
    <trkpt lat="37.907500000000006" lon="-122.25655"><ele>209.34000000000003</ele></trkpt>
    <trkpt lat="37.907450000000004" lon="-122.2566"><ele>209.34000000000003</ele></trkpt>
    <trkpt lat="37.90737" lon="-122.25677"><ele>207.69</ele></trkpt>
    <trkpt lat="37.90722" lon="-122.25690000000002"><ele>206.79000000000002</ele></trkpt>
    <trkpt lat="37.9071" lon="-122.25713"><ele>205.40000000000003</ele></trkpt>
    <trkpt lat="37.90706" lon="-122.25720000000001"><ele>204.62000000000003</ele></trkpt>
    <trkpt lat="37.907000000000004" lon="-122.25727"><ele>204.21000000000004</ele></trkpt>
    <trkpt lat="37.90684" lon="-122.25736"><ele>202.19</ele></trkpt>
    <trkpt lat="37.90644" lon="-122.25771"><ele>198.96</ele></trkpt>
    <trkpt lat="37.906270000000006" lon="-122.25789"><ele>196.70000000000002</ele></trkpt>
    <trkpt lat="37.906040000000004" lon="-122.25820000000002"><ele>193.85000000000002</ele></trkpt>
    <trkpt lat="37.90576" lon="-122.25839"><ele>192.35000000000002</ele></trkpt>
    <trkpt lat="37.9056" lon="-122.25861"><ele>190.95000000000002</ele></trkpt>
    <trkpt lat="37.905550000000005" lon="-122.25880000000001"><ele>189.8</ele></trkpt>
    <trkpt lat="37.905570000000004" lon="-122.25898000000001"><ele>188.13000000000002</ele></trkpt>
    <trkpt lat="37.905730000000005" lon="-122.25925000000001"><ele>186.81</ele></trkpt>
    <trkpt lat="37.905750000000005" lon="-122.25943000000001"><ele>186.29000000000002</ele></trkpt>
    <trkpt lat="37.905730000000005" lon="-122.25969"><ele>184.3</ele></trkpt>
    <trkpt lat="37.90587" lon="-122.26009"><ele>182.69000000000003</ele></trkpt>
    <trkpt lat="37.905820000000006" lon="-122.26023"><ele>181.69000000000003</ele></trkpt>
    <trkpt lat="37.905840000000005" lon="-122.2604"><ele>180.01</ele></trkpt>
    <trkpt lat="37.90581" lon="-122.26059000000001"><ele>178.81000000000003</ele></trkpt>
    <trkpt lat="37.905750000000005" lon="-122.2608"><ele>177.85</ele></trkpt>
    <trkpt lat="37.90569" lon="-122.26114000000001"><ele>175.48000000000002</ele></trkpt>
    <trkpt lat="37.90579" lon="-122.26126000000001"><ele>175.45000000000002</ele></trkpt>
    <trkpt lat="37.90596" lon="-122.26113000000001"><ele>176.51000000000002</ele></trkpt>
    <trkpt lat="37.906180000000006" lon="-122.26104000000001"><ele>180.85</ele></trkpt>
    <trkpt lat="37.906270000000006" lon="-122.26108"><ele>180.85</ele></trkpt>
    <trkpt lat="37.90635" lon="-122.26116"><ele>182.75000000000003</ele></trkpt>
    <trkpt lat="37.906530000000004" lon="-122.26148"><ele>185.4</ele></trkpt>
    <trkpt lat="37.906650000000006" lon="-122.26165"><ele>186.96</ele></trkpt>
    <trkpt lat="37.907000000000004" lon="-122.26199000000001"><ele>190.29000000000002</ele></trkpt>
    <trkpt lat="37.907250000000005" lon="-122.26215"><ele>191.01000000000002</ele></trkpt>
    <trkpt lat="37.90738" lon="-122.26219"><ele>191.57000000000002</ele></trkpt>
    <trkpt lat="37.90757" lon="-122.26219"><ele>191.97000000000003</ele></trkpt>
    <trkpt lat="37.90773" lon="-122.26215"><ele>192.73000000000002</ele></trkpt>
    <trkpt lat="37.908010000000004" lon="-122.26204000000001"><ele>193.8</ele></trkpt>
    <trkpt lat="37.90832" lon="-122.26197"><ele>194.37</ele></trkpt>
    <trkpt lat="37.90849" lon="-122.26197"><ele>194.97</ele></trkpt>
    <trkpt lat="37.908840000000005" lon="-122.26202"><ele>195.98000000000002</ele></trkpt>
    <trkpt lat="37.90926" lon="-122.26222000000001"><ele>197.17000000000002</ele></trkpt>
    <trkpt lat="37.90986500031721" lon="-122.26252499758905"><ele>197.07000000000002</ele></trkpt>
    <trkpt lat="37.91046" lon="-122.26282"><ele>196.59</ele></trkpt>
    <trkpt lat="37.91057" lon="-122.26282"><ele>196.25</ele></trkpt>
    <trkpt lat="37.910680000000006" lon="-122.26275000000001"><ele>195.78</ele></trkpt>
    <trkpt lat="37.91086" lon="-122.26251"><ele>194.79000000000002</ele></trkpt>
    <trkpt lat="37.91127" lon="-122.26179"><ele>191.60000000000002</ele></trkpt>
    <trkpt lat="37.911460000000005" lon="-122.26156"><ele>191.8</ele></trkpt>
    <trkpt lat="37.91158" lon="-122.26148"><ele>192.08</ele></trkpt>
    <trkpt lat="37.912130000000005" lon="-122.2613"><ele>194.48000000000002</ele></trkpt>
    <trkpt lat="37.91257" lon="-122.26123000000001"><ele>192.62</ele></trkpt>
    <trkpt lat="37.91275" lon="-122.26122000000001"><ele>191.21</ele></trkpt>
    <trkpt lat="37.91286" lon="-122.26123000000001"><ele>189.64</ele></trkpt>
    <trkpt lat="37.91322" lon="-122.26147000000002"><ele>186.89000000000001</ele></trkpt>
    <trkpt lat="37.91326" lon="-122.26152"><ele>186.35000000000002</ele></trkpt>
    <trkpt lat="37.91329" lon="-122.26174"><ele>186.25000000000003</ele></trkpt>
    <trkpt lat="37.91329" lon="-122.26197"><ele>186.74</ele></trkpt>
    <trkpt lat="37.91324" lon="-122.26224"><ele>187.2</ele></trkpt>
    <trkpt lat="37.912980000000005" lon="-122.26317000000002"><ele>190.41000000000003</ele></trkpt>
    <trkpt lat="37.912960000000005" lon="-122.2634"><ele>190.85000000000002</ele></trkpt>
    <trkpt lat="37.91299" lon="-122.26367"><ele>190.38000000000002</ele></trkpt>
    <trkpt lat="37.913050000000005" lon="-122.26386000000001"><ele>188.98000000000002</ele></trkpt>
    <trkpt lat="37.913050000000005" lon="-122.26413000000001"><ele>188.31</ele></trkpt>
    <trkpt lat="37.91302" lon="-122.26426000000001"><ele>187.89000000000001</ele></trkpt>
    <trkpt lat="37.91297" lon="-122.26439"><ele>187.52</ele></trkpt>
    <trkpt lat="37.9129" lon="-122.26443"><ele>187.08</ele></trkpt>
    <trkpt lat="37.912440000000004" lon="-122.26443"><ele>185.61</ele></trkpt>
    <trkpt lat="37.91216" lon="-122.26452"><ele>183.43</ele></trkpt>
    <trkpt lat="37.91203" lon="-122.26461"><ele>183.43</ele></trkpt>
    <trkpt lat="37.911820000000006" lon="-122.26501"><ele>180.54</ele></trkpt>
    <trkpt lat="37.91165" lon="-122.26559"><ele>176.73000000000002</ele></trkpt>
    <trkpt lat="37.911570000000005" lon="-122.26604"><ele>174.19</ele></trkpt>
    <trkpt lat="37.911570000000005" lon="-122.26609"><ele>173.71</ele></trkpt>
    <trkpt lat="37.91163" lon="-122.26654"><ele>170.90000000000003</ele></trkpt>
    <trkpt lat="37.91179" lon="-122.26699"><ele>168.65</ele></trkpt>
    <trkpt lat="37.912130000000005" lon="-122.26756"><ele>162.38000000000002</ele></trkpt>
    <trkpt lat="37.912200000000006" lon="-122.26783"><ele>161.26000000000002</ele></trkpt>
    <trkpt lat="37.91223" lon="-122.26819"><ele>160.19000000000003</ele></trkpt>
    <trkpt lat="37.9123" lon="-122.26840000000001"><ele>159.48000000000002</ele></trkpt>
    <trkpt lat="37.91257" lon="-122.26859"><ele>159.13000000000002</ele></trkpt>
    <trkpt lat="37.91283" lon="-122.26891"><ele>159.10999999999999</ele></trkpt>
    <trkpt lat="37.91308" lon="-122.26931"><ele>158.91000000000003</ele></trkpt>
    <trkpt lat="37.91326" lon="-122.26978000000001"><ele>158.10999999999999</ele></trkpt>
    <trkpt lat="37.913470000000004" lon="-122.27008000000001"><ele>158.0</ele></trkpt>
    <trkpt lat="37.91382" lon="-122.27034"><ele>157.85999999999999</ele></trkpt>
    <trkpt lat="37.91427000058248" lon="-122.27069999782513"><ele>157.23000000000002</ele></trkpt>
    <trkpt lat="37.91472" lon="-122.27106"><ele>156.21</ele></trkpt>
    <trkpt lat="37.91479" lon="-122.27115"><ele>155.85000000000002</ele></trkpt>
    <trkpt lat="37.914840000000005" lon="-122.27124"><ele>155.85000000000002</ele></trkpt>
    <trkpt lat="37.91501" lon="-122.27169"><ele>153.96</ele></trkpt>
    <trkpt lat="37.91523" lon="-122.27204"><ele>151.64000000000001</ele></trkpt>
    <trkpt lat="37.915290000000006" lon="-122.27216000000001"><ele>151.41000000000003</ele></trkpt>
    <trkpt lat="37.91534" lon="-122.27244"><ele>150.9</ele></trkpt>
    <trkpt lat="37.915470000000006" lon="-122.27281"><ele>150.48</ele></trkpt>
    <trkpt lat="37.91555" lon="-122.27299000000001"><ele>150.57</ele></trkpt>
    <trkpt lat="37.91573" lon="-122.27329"><ele>150.25000000000003</ele></trkpt>
    <trkpt lat="37.91612000000001" lon="-122.27406"><ele>149.22000000000003</ele></trkpt>
    <trkpt lat="37.9162" lon="-122.27429000000001"><ele>149.87</ele></trkpt>
    <trkpt lat="37.916290000000004" lon="-122.27445000000002"><ele>150.81</ele></trkpt>
    <trkpt lat="37.916520000000006" lon="-122.27464"><ele>151.48</ele></trkpt>
    <trkpt lat="37.916810000000005" lon="-122.27482"><ele>150.97000000000003</ele></trkpt>
    <trkpt lat="37.91713" lon="-122.27492000000001"><ele>150.54</ele></trkpt>
    <trkpt lat="37.9172" lon="-122.275"><ele>150.56</ele></trkpt>
    <trkpt lat="37.917440000000006" lon="-122.27539000000002"><ele>150.29</ele></trkpt>
    <trkpt lat="37.917750000000005" lon="-122.27567"><ele>148.82</ele></trkpt>
    <trkpt lat="37.91809000000001" lon="-122.27584000000002"><ele>148.13</ele></trkpt>
    <trkpt lat="37.918800000000005" lon="-122.27639"><ele>148.27</ele></trkpt>
    <trkpt lat="37.919270000000004" lon="-122.27674"><ele>148.52</ele></trkpt>
    <trkpt lat="37.919760000000004" lon="-122.27720000000001"><ele>146.06000000000003</ele></trkpt>
    <trkpt lat="37.919990000000006" lon="-122.27759"><ele>145.24</ele></trkpt>
    <trkpt lat="37.920170000000006" lon="-122.27782"><ele>144.49</ele></trkpt>
    <trkpt lat="37.92031" lon="-122.27790000000002"><ele>143.61</ele></trkpt>
    <trkpt lat="37.9204" lon="-122.27791"><ele>143.26</ele></trkpt>
    <trkpt lat="37.920570000000005" lon="-122.278"><ele>143.16</ele></trkpt>
    <trkpt lat="37.9208" lon="-122.2784"><ele>143.68</ele></trkpt>
    <trkpt lat="37.92109000000001" lon="-122.27875000000002"><ele>140.6</ele></trkpt>
    <trkpt lat="37.92116" lon="-122.2788"><ele>139.93</ele></trkpt>
    <trkpt lat="37.921780000000005" lon="-122.27916"><ele>137.8</ele></trkpt>
    <trkpt lat="37.92222" lon="-122.27925"><ele>137.29000000000002</ele></trkpt>
    <trkpt lat="37.922290000000004" lon="-122.2793"><ele>137.32</ele></trkpt>
    <trkpt lat="37.92253" lon="-122.27960000000002"><ele>137.96</ele></trkpt>
    <trkpt lat="37.9228" lon="-122.27975"><ele>138.68</ele></trkpt>
    <trkpt lat="37.923120000000004" lon="-122.27988"><ele>139.94</ele></trkpt>
    <trkpt lat="37.923190000000005" lon="-122.27989000000001"><ele>142.01000000000002</ele></trkpt>
    <trkpt lat="37.92333" lon="-122.27988"><ele>142.63</ele></trkpt>
    <trkpt lat="37.9236" lon="-122.2797"><ele>143.84000000000003</ele></trkpt>
    <trkpt lat="37.923700000000004" lon="-122.27971000000001"><ele>143.69</ele></trkpt>
    <trkpt lat="37.923730000000006" lon="-122.27975"><ele>143.5</ele></trkpt>
    <trkpt lat="37.923750000000005" lon="-122.27988"><ele>143.5</ele></trkpt>
    <trkpt lat="37.92367" lon="-122.28041"><ele>141.45000000000002</ele></trkpt>
    <trkpt lat="37.923680000000004" lon="-122.2805"><ele>141.31</ele></trkpt>
    <trkpt lat="37.92372" lon="-122.28064"><ele>140.68</ele></trkpt>
    <trkpt lat="37.92376" lon="-122.28069"><ele>140.68</ele></trkpt>
    <trkpt lat="37.92403" lon="-122.28095"><ele>137.86</ele></trkpt>
    <trkpt lat="37.924130000000005" lon="-122.28122"><ele>135.99</ele></trkpt>
    <trkpt lat="37.92421" lon="-122.28136"><ele>135.4</ele></trkpt>
    <trkpt lat="37.92437" lon="-122.28153"><ele>135.27</ele></trkpt>
    <trkpt lat="37.924510000000005" lon="-122.28164000000001"><ele>134.83</ele></trkpt>
    <trkpt lat="37.92472" lon="-122.28171"><ele>132.84</ele></trkpt>
    <trkpt lat="37.92506" lon="-122.28186000000001"><ele>132.84</ele></trkpt>
    <trkpt lat="37.92550000000001" lon="-122.28194"><ele>134.98000000000002</ele></trkpt>
    <trkpt lat="37.92573" lon="-122.28202000000002"><ele>137.41</ele></trkpt>
    <trkpt lat="37.926570000000005" lon="-122.28203"><ele>139.22</ele></trkpt>
    <trkpt lat="37.92671" lon="-122.28207"><ele>139.32</ele></trkpt>
    <trkpt lat="37.926750000000006" lon="-122.28211"><ele>139.43</ele></trkpt>
    <trkpt lat="37.926860000000005" lon="-122.28234"><ele>140.36</ele></trkpt>
    <trkpt lat="37.927110000000006" lon="-122.28265"><ele>140.78</ele></trkpt>
    <trkpt lat="37.92732" lon="-122.28302000000001"><ele>141.96</ele></trkpt>
    <trkpt lat="37.92747" lon="-122.28324"><ele>142.69</ele></trkpt>
    <trkpt lat="37.92768" lon="-122.2835"><ele>141.04</ele></trkpt>
    <trkpt lat="37.927910000000004" lon="-122.28368"><ele>140.26000000000002</ele></trkpt>
    <trkpt lat="37.92857" lon="-122.28374000000001"><ele>139.35</ele></trkpt>
    <trkpt lat="37.92882" lon="-122.28399000000002"><ele>140.88</ele></trkpt>
    <trkpt lat="37.92913" lon="-122.28413"><ele>145.69</ele></trkpt>
    <trkpt lat="37.929230000000004" lon="-122.28417"><ele>146.81000000000003</ele></trkpt>
    <trkpt lat="37.92958" lon="-122.28413"><ele>148.95</ele></trkpt>
    <trkpt lat="37.929950000000005" lon="-122.28431"><ele>148.88</ele></trkpt>
    <trkpt lat="37.9301" lon="-122.28431"><ele>148.01</ele></trkpt>
    <trkpt lat="37.930170000000004" lon="-122.28435"><ele>147.69000000000003</ele></trkpt>
    <trkpt lat="37.93025" lon="-122.28441000000001"><ele>147.71</ele></trkpt>
    <trkpt lat="37.930640000000004" lon="-122.28502"><ele>151.95</ele></trkpt>
    <trkpt lat="37.93079" lon="-122.28516"><ele>151.34</ele></trkpt>
    <trkpt lat="37.93128" lon="-122.28560000000002"><ele>150.89000000000001</ele></trkpt>
    <trkpt lat="37.93177" lon="-122.28614"><ele>148.44000000000003</ele></trkpt>
    <trkpt lat="37.93191" lon="-122.28620000000001"><ele>147.01</ele></trkpt>
    <trkpt lat="37.9322" lon="-122.28624"><ele>145.37</ele></trkpt>
    <trkpt lat="37.93235" lon="-122.28632"><ele>144.22</ele></trkpt>
    <trkpt lat="37.932520000000004" lon="-122.2865"><ele>142.95000000000002</ele></trkpt>
    <trkpt lat="37.93282000000001" lon="-122.28699"><ele>137.13</ele></trkpt>
    <trkpt lat="37.93294" lon="-122.28713"><ele>135.53</ele></trkpt>
    <trkpt lat="37.93314" lon="-122.28730000000002"><ele>134.67000000000002</ele></trkpt>
    <trkpt lat="37.933370000000004" lon="-122.28744"><ele>133.42000000000002</ele></trkpt>
    <trkpt lat="37.933580000000006" lon="-122.28776"><ele>128.79000000000002</ele></trkpt>
    <trkpt lat="37.933820000000004" lon="-122.28823000000001"><ele>121.21000000000001</ele></trkpt>
    <trkpt lat="37.933980000000005" lon="-122.28861"><ele>115.25</ele></trkpt>
    <trkpt lat="37.934070000000006" lon="-122.28905"><ele>112.34</ele></trkpt>
    <trkpt lat="37.93429000108769" lon="-122.2895649983778"><ele>116.55000000000001</ele></trkpt>
    <trkpt lat="37.93451" lon="-122.29008"><ele>119.37</ele></trkpt>
    <trkpt lat="37.93457" lon="-122.29026"><ele>119.45000000000002</ele></trkpt>
    <trkpt lat="37.934740000000005" lon="-122.29103"><ele>120.0</ele></trkpt>
    <trkpt lat="37.93525" lon="-122.29175000000001"><ele>119.83</ele></trkpt>
    <trkpt lat="37.93531" lon="-122.29187"><ele>118.9</ele></trkpt>
    <trkpt lat="37.935370000000006" lon="-122.29201"><ele>118.55000000000001</ele></trkpt>
    <trkpt lat="37.93545" lon="-122.29236000000002"><ele>118.42000000000002</ele></trkpt>
    <trkpt lat="37.93573000000001" lon="-122.29317"><ele>118.5</ele></trkpt>
    <trkpt lat="37.93582" lon="-122.29327"><ele>118.9</ele></trkpt>
    <trkpt lat="37.93603" lon="-122.2934"><ele>119.0</ele></trkpt>
    <trkpt lat="37.9361" lon="-122.29349"><ele>118.83</ele></trkpt>
    <trkpt lat="37.93616" lon="-122.29393"><ele>118.55000000000001</ele></trkpt>
    <trkpt lat="37.93621" lon="-122.29416"><ele>118.42000000000002</ele></trkpt>
    <trkpt lat="37.9363" lon="-122.29438"><ele>118.17</ele></trkpt>
    <trkpt lat="37.93657" lon="-122.29478"><ele>118.08</ele></trkpt>
    <trkpt lat="37.93665" lon="-122.29496"><ele>118.27000000000001</ele></trkpt>
    <trkpt lat="37.936820000000004" lon="-122.29546"><ele>118.36</ele></trkpt>
    <trkpt lat="37.93686" lon="-122.29569000000001"><ele>117.38000000000001</ele></trkpt>
    <trkpt lat="37.93686" lon="-122.29635"><ele>119.0</ele></trkpt>
    <trkpt lat="37.93701" lon="-122.29662"><ele>118.25</ele></trkpt>
    <trkpt lat="37.937270000000005" lon="-122.29698"><ele>116.22</ele></trkpt>
    <trkpt lat="37.93748" lon="-122.29738"><ele>117.46000000000001</ele></trkpt>
    <trkpt lat="37.93777500089454" lon="-122.29782999825133"><ele>116.31</ele></trkpt>
    <trkpt lat="37.93807" lon="-122.29828"><ele>115.43</ele></trkpt>
    <trkpt lat="37.93822" lon="-122.29841"><ele>115.31</ele></trkpt>
    <trkpt lat="37.93847" lon="-122.2985"><ele>115.19000000000001</ele></trkpt>
    <trkpt lat="37.93862" lon="-122.29847000000001"><ele>115.19000000000001</ele></trkpt>
    <trkpt lat="37.938770000000005" lon="-122.29842000000001"><ele>115.02000000000001</ele></trkpt>
    <trkpt lat="37.93898" lon="-122.29824"><ele>114.53</ele></trkpt>
    <trkpt lat="37.939080000000004" lon="-122.29828"><ele>114.56</ele></trkpt>
    <trkpt lat="37.93912" lon="-122.29841"><ele>114.62</ele></trkpt>
    <trkpt lat="37.93911000000001" lon="-122.29864"><ele>114.98</ele></trkpt>
    <trkpt lat="37.939150000000005" lon="-122.29886"><ele>114.93</ele></trkpt>
    <trkpt lat="37.9393" lon="-122.29909"><ele>114.38000000000001</ele></trkpt>
    <trkpt lat="37.93957" lon="-122.2994"><ele>113.63000000000001</ele></trkpt>
    <trkpt lat="37.93985" lon="-122.29976"><ele>113.98</ele></trkpt>
    <trkpt lat="37.94001" lon="-122.29989"><ele>114.0</ele></trkpt>
    <trkpt lat="37.940200000000004" lon="-122.29994"><ele>113.79000000000002</ele></trkpt>
    <trkpt lat="37.940450000000006" lon="-122.30012"><ele>113.34</ele></trkpt>
    <trkpt lat="37.94064" lon="-122.30038"><ele>113.12</ele></trkpt>
    <trkpt lat="37.940720000000006" lon="-122.30052"><ele>113.24000000000001</ele></trkpt>
    <trkpt lat="37.940920000000006" lon="-122.30075000000001"><ele>112.7</ele></trkpt>
    <trkpt lat="37.941010000000006" lon="-122.30091000000002"><ele>111.47000000000001</ele></trkpt>
    <trkpt lat="37.941230000000004" lon="-122.30145000000002"><ele>111.93</ele></trkpt>
    <trkpt lat="37.94155000000001" lon="-122.302"><ele>112.82000000000001</ele></trkpt>
    <trkpt lat="37.941660000000006" lon="-122.30213"><ele>112.95</ele></trkpt>
    <trkpt lat="37.9418" lon="-122.30217"><ele>112.95</ele></trkpt>
    <trkpt lat="37.94209" lon="-122.30217"><ele>113.44000000000001</ele></trkpt>
    <trkpt lat="37.94221" lon="-122.30223000000001"><ele>113.57000000000001</ele></trkpt>
    <trkpt lat="37.94254" lon="-122.30258"><ele>114.36</ele></trkpt>
    <trkpt lat="37.942660000000004" lon="-122.30262"><ele>114.2</ele></trkpt>
    <trkpt lat="37.942800000000005" lon="-122.30266"><ele>113.80000000000001</ele></trkpt>
    <trkpt lat="37.94285" lon="-122.30271"><ele>113.61</ele></trkpt>
    <trkpt lat="37.94304" lon="-122.30334"><ele>110.97000000000001</ele></trkpt>
    <trkpt lat="37.94314000137842" lon="-122.30389999952564"><ele>107.84</ele></trkpt>
    <trkpt lat="37.94324" lon="-122.30446"><ele>107.55000000000001</ele></trkpt>
    <trkpt lat="37.94335" lon="-122.3049"><ele>109.38000000000001</ele></trkpt>
    <trkpt lat="37.943490000000004" lon="-122.30527000000001"><ele>109.91000000000001</ele></trkpt>
    <trkpt lat="37.943760000000005" lon="-122.30575"><ele>112.53</ele></trkpt>
    <trkpt lat="37.94399000000001" lon="-122.30602"><ele>112.53</ele></trkpt>
    <trkpt lat="37.94426" lon="-122.30625"><ele>115.29</ele></trkpt>
    <trkpt lat="37.94473" lon="-122.3066"><ele>116.89</ele></trkpt>
    <trkpt lat="37.945440000000005" lon="-122.30709000000002"><ele>117.70000000000002</ele></trkpt>
    <trkpt lat="37.94615" lon="-122.30759"><ele>116.10000000000001</ele></trkpt>
    <trkpt lat="37.946830000000006" lon="-122.30805000000001"><ele>121.18</ele></trkpt>
    <trkpt lat="37.94744" lon="-122.30853"><ele>131.86</ele></trkpt>
    <trkpt lat="37.94814500339731" lon="-122.3090449851969"><ele>134.61</ele></trkpt>
    <trkpt lat="37.94885000454991" lon="-122.30955998027697"><ele>125.58</ele></trkpt>
    <trkpt lat="37.949555003457775" lon="-122.31007498524059"><ele>116.37000000000002</ele></trkpt>
    <trkpt lat="37.95026" lon="-122.31059"><ele>112.10000000000001</ele></trkpt>
    <trkpt lat="37.950588034373624" lon="-122.3107859194608"><ele>112.19000000000001</ele></trkpt>
    <trkpt lat="37.95064778402789" lon="-122.31083017590942"><ele>112.10000000000001</ele></trkpt>
    <trkpt lat="37.951330000000006" lon="-122.31135"><ele>111.55000000000001</ele></trkpt>
    <trkpt lat="37.95156" lon="-122.31162"><ele>111.33000000000001</ele></trkpt>
    <trkpt lat="37.95165" lon="-122.31176"><ele>110.80000000000001</ele></trkpt>
    <trkpt lat="37.951980000000006" lon="-122.31257000000001"><ele>107.87</ele></trkpt>
    <trkpt lat="37.95214" lon="-122.31303000000001"><ele>105.3</ele></trkpt>
    <trkpt lat="37.95224" lon="-122.31341"><ele>103.82000000000001</ele></trkpt>
    <trkpt lat="37.952400000000004" lon="-122.31380000000001"><ele>100.49000000000001</ele></trkpt>
    <trkpt lat="37.95244" lon="-122.31466"><ele>91.98</ele></trkpt>
    <trkpt lat="37.95243" lon="-122.31493"><ele>90.64000000000001</ele></trkpt>
    <trkpt lat="37.95243464384919" lon="-122.31499561089173"><ele>89.35</ele></trkpt>
    <trkpt lat="37.95243" lon="-122.31493"><ele>90.64000000000001</ele></trkpt>
    <trkpt lat="37.95244" lon="-122.31466"><ele>91.98</ele></trkpt>
    <trkpt lat="37.952400000000004" lon="-122.31380000000001"><ele>100.49000000000001</ele></trkpt>
    <trkpt lat="37.95224" lon="-122.31341"><ele>103.82000000000001</ele></trkpt>
    <trkpt lat="37.95214" lon="-122.31303000000001"><ele>105.3</ele></trkpt>
    <trkpt lat="37.951980000000006" lon="-122.31257000000001"><ele>107.87</ele></trkpt>
    <trkpt lat="37.95165" lon="-122.31176"><ele>110.80000000000001</ele></trkpt>
    <trkpt lat="37.95156" lon="-122.31162"><ele>111.33000000000001</ele></trkpt>
    <trkpt lat="37.951330000000006" lon="-122.31135"><ele>111.55000000000001</ele></trkpt>
    <trkpt lat="37.950740759587205" lon="-122.3108961976038"><ele>112.10119511477349</ele></trkpt>
    <trkpt lat="37.95075500220978" lon="-122.31011000091956"><ele>121.77</ele></trkpt>
    <trkpt lat="37.950860000000006" lon="-122.30939000000001"><ele>128.38000000000002</ele></trkpt>
    <trkpt lat="37.95084000000001" lon="-122.30929"><ele>128.18</ele></trkpt>
    <trkpt lat="37.950770000000006" lon="-122.30911"><ele>128.20000000000002</ele></trkpt>
    <trkpt lat="37.950390000000006" lon="-122.30875"><ele>129.18</ele></trkpt>
    <trkpt lat="37.95027" lon="-122.30870000000002"><ele>129.92000000000002</ele></trkpt>
    <trkpt lat="37.949980000000004" lon="-122.30864000000001"><ele>131.32000000000002</ele></trkpt>
    <trkpt lat="37.949870000000004" lon="-122.30854000000001"><ele>136.25</ele></trkpt>
    <trkpt lat="37.949780000000004" lon="-122.30836000000001"><ele>137.46</ele></trkpt>
    <trkpt lat="37.949830000000006" lon="-122.30781"><ele>146.05</ele></trkpt>
    <trkpt lat="37.950160000000004" lon="-122.30719"><ele>152.13000000000002</ele></trkpt>
    <trkpt lat="37.95022" lon="-122.30696"><ele>153.87</ele></trkpt>
    <trkpt lat="37.950160000000004" lon="-122.30669"><ele>156.2</ele></trkpt>
    <trkpt lat="37.95015" lon="-122.30643"><ele>159.94000000000003</ele></trkpt>
    <trkpt lat="37.9502" lon="-122.30590000000001"><ele>167.14000000000001</ele></trkpt>
    <trkpt lat="37.95029" lon="-122.30536000000001"><ele>173.95000000000002</ele></trkpt>
    <trkpt lat="37.95049" lon="-122.30481"><ele>185.2</ele></trkpt>
    <trkpt lat="37.950520000000004" lon="-122.30463"><ele>185.2</ele></trkpt>
    <trkpt lat="37.950520000000004" lon="-122.30446"><ele>190.06</ele></trkpt>
    <trkpt lat="37.95049" lon="-122.30433000000001"><ele>190.96</ele></trkpt>
    <trkpt lat="37.95044" lon="-122.30423"><ele>191.79000000000002</ele></trkpt>
    <trkpt lat="37.95038" lon="-122.30417000000001"><ele>193.26000000000002</ele></trkpt>
    <trkpt lat="37.9502" lon="-122.30409000000002"><ele>195.26000000000002</ele></trkpt>
    <trkpt lat="37.94968" lon="-122.30392"><ele>202.59</ele></trkpt>
    <trkpt lat="37.94961" lon="-122.30379"><ele>204.02</ele></trkpt>
    <trkpt lat="37.949600000000004" lon="-122.30372000000001"><ele>204.02</ele></trkpt>
    <trkpt lat="37.94962" lon="-122.30362000000001"><ele>204.05</ele></trkpt>
    <trkpt lat="37.949690000000004" lon="-122.30356"><ele>204.87000000000003</ele></trkpt>
    <trkpt lat="37.9498" lon="-122.30347"><ele>206.43000000000004</ele></trkpt>
    <trkpt lat="37.950160000000004" lon="-122.30329"><ele>212.13</ele></trkpt>
    <trkpt lat="37.95055" lon="-122.30302"><ele>219.92</ele></trkpt>
    <trkpt lat="37.950630000000004" lon="-122.30284"><ele>223.54000000000002</ele></trkpt>
    <trkpt lat="37.95062" lon="-122.30272000000001"><ele>223.54000000000002</ele></trkpt>
    <trkpt lat="37.95055" lon="-122.30249"><ele>228.34</ele></trkpt>
    <trkpt lat="37.95056" lon="-122.30235"><ele>228.99</ele></trkpt>
    <trkpt lat="37.9506" lon="-122.30226"><ele>230.09</ele></trkpt>
    <trkpt lat="37.95067" lon="-122.30218"><ele>230.88000000000002</ele></trkpt>
    <trkpt lat="37.950970000000005" lon="-122.30208"><ele>232.09</ele></trkpt>
    <trkpt lat="37.951240000000006" lon="-122.30192000000001"><ele>233.44</ele></trkpt>
    <trkpt lat="37.951190000000004" lon="-122.30195"><ele>233.15</ele></trkpt>
    <trkpt lat="37.951240000000006" lon="-122.30192000000001"><ele>233.44</ele></trkpt>
    <trkpt lat="37.9514" lon="-122.30177"><ele>233.67000000000002</ele></trkpt>
    <trkpt lat="37.95154" lon="-122.30146"><ele>233.41</ele></trkpt>
    <trkpt lat="37.95159" lon="-122.30132"><ele>233.17000000000002</ele></trkpt>
    <trkpt lat="37.951600000000006" lon="-122.30119"><ele>232.3</ele></trkpt>
    <trkpt lat="37.951570000000004" lon="-122.30096"><ele>231.54000000000002</ele></trkpt>
    <trkpt lat="37.95158" lon="-122.30083"><ele>230.74000000000004</ele></trkpt>
    <trkpt lat="37.951620000000005" lon="-122.30074"><ele>229.72</ele></trkpt>
    <trkpt lat="37.951910000000005" lon="-122.30025"><ele>224.58</ele></trkpt>
    <trkpt lat="37.951930000000004" lon="-122.30011"><ele>224.14000000000001</ele></trkpt>
    <trkpt lat="37.95183" lon="-122.29975"><ele>222.82000000000002</ele></trkpt>
    <trkpt lat="37.951820000000005" lon="-122.29966"><ele>222.24</ele></trkpt>
    <trkpt lat="37.95185" lon="-122.29953"><ele>221.52</ele></trkpt>
    <trkpt lat="37.95192" lon="-122.29944"><ele>221.52</ele></trkpt>
    <trkpt lat="37.95223" lon="-122.29913"><ele>217.85000000000002</ele></trkpt>
    <trkpt lat="37.952290000000005" lon="-122.299"><ele>217.85000000000002</ele></trkpt>
    <trkpt lat="37.952400000000004" lon="-122.29860000000001"><ele>213.48000000000002</ele></trkpt>
    <trkpt lat="37.95248" lon="-122.29857000000001"><ele>213.08</ele></trkpt>
    <trkpt lat="37.95259" lon="-122.29845000000002"><ele>212.34000000000003</ele></trkpt>
    <trkpt lat="37.95268" lon="-122.29818000000002"><ele>212.1</ele></trkpt>
    <trkpt lat="37.9527" lon="-122.29793000000001"><ele>212.83</ele></trkpt>
    <trkpt lat="37.9528" lon="-122.29762000000001"><ele>215.3</ele></trkpt>
    <trkpt lat="37.952870000000004" lon="-122.29707"><ele>224.34</ele></trkpt>
    <trkpt lat="37.95284" lon="-122.29684"><ele>231.98000000000002</ele></trkpt>
    <trkpt lat="37.952670000000005" lon="-122.29635"><ele>241.98000000000002</ele></trkpt>
    <trkpt lat="37.95268" lon="-122.29608"><ele>241.69</ele></trkpt>
    <trkpt lat="37.95262" lon="-122.2955"><ele>254.3</ele></trkpt>
    <trkpt lat="37.952560000000005" lon="-122.29532"><ele>259.29</ele></trkpt>
    <trkpt lat="37.952490000000004" lon="-122.29519"><ele>261.20000000000005</ele></trkpt>
    <trkpt lat="37.95246" lon="-122.29501"><ele>261.21</ele></trkpt>
    <trkpt lat="37.952510000000004" lon="-122.29483"><ele>257.62</ele></trkpt>
    <trkpt lat="37.95255" lon="-122.29475000000001"><ele>257.57</ele></trkpt>
    <trkpt lat="37.9527" lon="-122.29461"><ele>253.9</ele></trkpt>
    <trkpt lat="37.95282" lon="-122.29434"><ele>256.43000000000006</ele></trkpt>
    <trkpt lat="37.952830000000006" lon="-122.29428000000001"><ele>257.21</ele></trkpt>
    <trkpt lat="37.95277" lon="-122.2942"><ele>258.38</ele></trkpt>
    <trkpt lat="37.95273" lon="-122.29402"><ele>259.29</ele></trkpt>
    <trkpt lat="37.95275" lon="-122.29357000000002"><ele>254.43000000000004</ele></trkpt>
    <trkpt lat="37.952670000000005" lon="-122.29326"><ele>251.60999999999999</ele></trkpt>
    <trkpt lat="37.95244" lon="-122.29277"><ele>252.89</ele></trkpt>
    <trkpt lat="37.95226" lon="-122.29242"><ele>250.82999999999998</ele></trkpt>
    <trkpt lat="37.95208" lon="-122.29220000000001"><ele>249.56000000000003</ele></trkpt>
    <trkpt lat="37.951820000000005" lon="-122.29201"><ele>248.95000000000002</ele></trkpt>
    <trkpt lat="37.95098" lon="-122.29174"><ele>250.17</ele></trkpt>
    <trkpt lat="37.950880000000005" lon="-122.29171000000001"><ele>251.06</ele></trkpt>
    <trkpt lat="37.950630000000004" lon="-122.29180000000001"><ele>254.13000000000002</ele></trkpt>
    <trkpt lat="37.95055" lon="-122.29179"><ele>254.85000000000002</ele></trkpt>
    <trkpt lat="37.95049" lon="-122.29174"><ele>257.09999999999997</ele></trkpt>
    <trkpt lat="37.950430000000004" lon="-122.29165"><ele>257.81000000000006</ele></trkpt>
    <trkpt lat="37.9504" lon="-122.29154000000001"><ele>259.15000000000003</ele></trkpt>
    <trkpt lat="37.95036" lon="-122.29076"><ele>260.71</ele></trkpt>
    <trkpt lat="37.950300000000006" lon="-122.29049"><ele>263.75000000000006</ele></trkpt>
    <trkpt lat="37.950230000000005" lon="-122.29041000000001"><ele>263.75000000000006</ele></trkpt>
    <trkpt lat="37.950010000000006" lon="-122.29030000000002"><ele>266.18</ele></trkpt>
    <trkpt lat="37.94986" lon="-122.29014000000001"><ele>267.96000000000004</ele></trkpt>
    <trkpt lat="37.94954500072432" lon="-122.28971499812376"><ele>272.33</ele></trkpt>
    <trkpt lat="37.94923" lon="-122.28929000000001"><ele>281.34000000000003</ele></trkpt>
    <trkpt lat="37.949130000000004" lon="-122.2891"><ele>285.11</ele></trkpt>
    <trkpt lat="37.949020000000004" lon="-122.28861"><ele>294.99</ele></trkpt>
    <trkpt lat="37.94896" lon="-122.28851000000002"><ele>302.10</ele></trkpt>
    <trkpt lat="37.948660000000004" lon="-122.28815000000002"><ele>312.37</ele></trkpt>
    <trkpt lat="37.94849" lon="-122.2878"><ele>318.48</ele></trkpt>
    <trkpt lat="37.94839" lon="-122.28744"><ele>320.58000000000004</ele></trkpt>
    <trkpt lat="37.948150000000005" lon="-122.28717"><ele>318.67</ele></trkpt>
    <trkpt lat="37.94773" lon="-122.28687000000001"><ele>313.77000000000004</ele></trkpt>
    <trkpt lat="37.94756" lon="-122.28673"><ele>309.97</ele></trkpt>
    <trkpt lat="37.94737000000001" lon="-122.28655"><ele>307.47</ele></trkpt>
    <trkpt lat="37.94697" lon="-122.28589000000001"><ele>301.53000000000003</ele></trkpt>
    <trkpt lat="37.946740000000005" lon="-122.28562000000001"><ele>299.62</ele></trkpt>
    <trkpt lat="37.946560000000005" lon="-122.28552"><ele>297.66</ele></trkpt>
    <trkpt lat="37.94633" lon="-122.28529"><ele>296.28000000000003</ele></trkpt>
    <trkpt lat="37.94576" lon="-122.28453"><ele>303.66</ele></trkpt>
    <trkpt lat="37.9452" lon="-122.28364"><ele>313.31</ele></trkpt>
    <trkpt lat="37.94503" lon="-122.28346"><ele>318.07</ele></trkpt>
    <trkpt lat="37.944840000000006" lon="-122.28312000000001"><ele>322.88</ele></trkpt>
    <trkpt lat="37.944810000000004" lon="-122.28305"><ele>321.99000000000007</ele></trkpt>
    <trkpt lat="37.944660000000006" lon="-122.28234"><ele>316.1</ele></trkpt>
    <trkpt lat="37.9446" lon="-122.28217000000001"><ele>315.62</ele></trkpt>
    <trkpt lat="37.94453" lon="-122.28207"><ele>315.0</ele></trkpt>
    <trkpt lat="37.944120000000005" lon="-122.28153"><ele>309.9</ele></trkpt>
    <trkpt lat="37.94388" lon="-122.28126"><ele>304.63</ele></trkpt>
    <trkpt lat="37.943740000000005" lon="-122.28117"><ele>303.65000000000003</ele></trkpt>
    <trkpt lat="37.943470000000005" lon="-122.28105000000001"><ele>303.17</ele></trkpt>
    <trkpt lat="37.943310000000004" lon="-122.28082"><ele>303.13</ele></trkpt>
    <trkpt lat="37.943290000000005" lon="-122.28073"><ele>303.74</ele></trkpt>
    <trkpt lat="37.94328" lon="-122.28023"><ele>303.31</ele></trkpt>
    <trkpt lat="37.943250000000006" lon="-122.28014"><ele>302.6</ele></trkpt>
    <trkpt lat="37.943090000000005" lon="-122.27997"><ele>302.01</ele></trkpt>
    <trkpt lat="37.94292" lon="-122.27997"><ele>302.69</ele></trkpt>
    <trkpt lat="37.94281" lon="-122.27988"><ele>303.27000000000004</ele></trkpt>
    <trkpt lat="37.94236" lon="-122.27938"><ele>307.68</ele></trkpt>
    <trkpt lat="37.941990000000004" lon="-122.27921"><ele>308.32000000000005</ele></trkpt>
    <trkpt lat="37.94154" lon="-122.27890000000001"><ele>308.98</ele></trkpt>
    <trkpt lat="37.94106" lon="-122.27867"><ele>309.24</ele></trkpt>
    <trkpt lat="37.9408" lon="-122.27853"><ele>307.57</ele></trkpt>
    <trkpt lat="37.94041" lon="-122.27813"><ele>306.95</ele></trkpt>
    <trkpt lat="37.940290000000005" lon="-122.27804"><ele>307.32000000000005</ele></trkpt>
    <trkpt lat="37.94013" lon="-122.27802000000001"><ele>307.96</ele></trkpt>
    <trkpt lat="37.94001" lon="-122.27810000000001"><ele>308.46</ele></trkpt>
    <trkpt lat="37.939930000000004" lon="-122.27822"><ele>309.16</ele></trkpt>
    <trkpt lat="37.939780000000006" lon="-122.27867"><ele>310.76000000000005</ele></trkpt>
    <trkpt lat="37.93968" lon="-122.27876"><ele>311.24</ele></trkpt>
    <trkpt lat="37.93905" lon="-122.27907"><ele>311.88000000000005</ele></trkpt>
    <trkpt lat="37.938770000000005" lon="-122.27913000000001"><ele>310.6</ele></trkpt>
    <trkpt lat="37.93865" lon="-122.27912"><ele>310.6</ele></trkpt>
    <trkpt lat="37.93853" lon="-122.27907"><ele>307.76000000000005</ele></trkpt>
    <trkpt lat="37.93836" lon="-122.27893000000002"><ele>307.15000000000003</ele></trkpt>
    <trkpt lat="37.93826" lon="-122.27872"><ele>305.91</ele></trkpt>
    <trkpt lat="37.93818" lon="-122.27849"><ele>305.14000000000004</ele></trkpt>
    <trkpt lat="37.938140000000004" lon="-122.27826"><ele>304.18</ele></trkpt>
    <trkpt lat="37.93816" lon="-122.27773"><ele>302.02</ele></trkpt>
    <trkpt lat="37.9382" lon="-122.27756000000001"><ele>301.36</ele></trkpt>
    <trkpt lat="37.93826" lon="-122.27745000000002"><ele>300.62</ele></trkpt>
    <trkpt lat="37.93835" lon="-122.27736000000002"><ele>299.96</ele></trkpt>
    <trkpt lat="37.938590000000005" lon="-122.27724"><ele>298.16</ele></trkpt>
    <trkpt lat="37.93865" lon="-122.27719"><ele>296.91</ele></trkpt>
    <trkpt lat="37.93869" lon="-122.27707000000001"><ele>296.58</ele></trkpt>
    <trkpt lat="37.93869" lon="-122.27692"><ele>295.17</ele></trkpt>
    <trkpt lat="37.93862" lon="-122.27662000000001"><ele>293.33000000000004</ele></trkpt>
    <trkpt lat="37.938370000000006" lon="-122.27607"><ele>289.21000000000004</ele></trkpt>
    <trkpt lat="37.938340000000004" lon="-122.27590000000001"><ele>288.90999999999997</ele></trkpt>
    <trkpt lat="37.93835" lon="-122.2758"><ele>288.21000000000004</ele></trkpt>
    <trkpt lat="37.93844" lon="-122.27566000000002"><ele>286.55</ele></trkpt>
    <trkpt lat="37.938570000000006" lon="-122.27557000000002"><ele>284.29</ele></trkpt>
    <trkpt lat="37.93891" lon="-122.27545"><ele>281.98</ele></trkpt>
    <trkpt lat="37.93907" lon="-122.27539000000002"><ele>279.75</ele></trkpt>
    <trkpt lat="37.939220000000006" lon="-122.27526"><ele>277.46000000000004</ele></trkpt>
    <trkpt lat="37.939490000000006" lon="-122.27485000000001"><ele>275.17</ele></trkpt>
    <trkpt lat="37.939690000000006" lon="-122.27446"><ele>276.17</ele></trkpt>
    <trkpt lat="37.93985" lon="-122.27421000000001"><ele>277.94</ele></trkpt>
    <trkpt lat="37.939870000000006" lon="-122.27416000000001"><ele>278.54</ele></trkpt>
    <trkpt lat="37.93986" lon="-122.27407000000001"><ele>278.81</ele></trkpt>
    <trkpt lat="37.93957" lon="-122.27365"><ele>280.19000000000005</ele></trkpt>
    <trkpt lat="37.93929" lon="-122.27317000000001"><ele>282.86</ele></trkpt>
    <trkpt lat="37.93918" lon="-122.27303"><ele>282.86</ele></trkpt>
    <trkpt lat="37.939020000000006" lon="-122.27289"><ele>283.33000000000004</ele></trkpt>
    <trkpt lat="37.938680000000005" lon="-122.27271"><ele>284.87</ele></trkpt>
    <trkpt lat="37.938140000000004" lon="-122.27204"><ele>287.3</ele></trkpt>
    <trkpt lat="37.93795" lon="-122.27191"><ele>288.05</ele></trkpt>
    <trkpt lat="37.93764" lon="-122.27159"><ele>290.03000000000003</ele></trkpt>
    <trkpt lat="37.937520000000006" lon="-122.27142"><ele>290.98</ele></trkpt>
    <trkpt lat="37.937360000000005" lon="-122.2711"><ele>292.08</ele></trkpt>
    <trkpt lat="37.937310000000004" lon="-122.27092"><ele>292.46</ele></trkpt>
    <trkpt lat="37.93699" lon="-122.27053000000001"><ele>294.05</ele></trkpt>
    <trkpt lat="37.936870000000006" lon="-122.27047"><ele>294.38000000000005</ele></trkpt>
    <trkpt lat="37.936600000000006" lon="-122.27038"><ele>294.93</ele></trkpt>
    <trkpt lat="37.93616" lon="-122.27008000000001"><ele>296.42</ele></trkpt>
    <trkpt lat="37.93574" lon="-122.26995000000001"><ele>296.8</ele></trkpt>
    <trkpt lat="37.935610000000004" lon="-122.26985"><ele>296.84000000000003</ele></trkpt>
    <trkpt lat="37.93547" lon="-122.26927"><ele>296.4</ele></trkpt>
    <trkpt lat="37.93538" lon="-122.26904"><ele>296.37</ele></trkpt>
    <trkpt lat="37.93527" lon="-122.26882"><ele>296.6</ele></trkpt>
    <trkpt lat="37.934960000000004" lon="-122.26837"><ele>298.06000000000006</ele></trkpt>
    <trkpt lat="37.934650000000005" lon="-122.26766"><ele>300.73</ele></trkpt>
    <trkpt lat="37.93439" lon="-122.2673"><ele>301.54</ele></trkpt>
    <trkpt lat="37.93432" lon="-122.26716"><ele>301.75</ele></trkpt>
    <trkpt lat="37.93426" lon="-122.26649"><ele>303.4</ele></trkpt>
    <trkpt lat="37.93422" lon="-122.26631"><ele>304.53000000000003</ele></trkpt>
    <trkpt lat="37.93412" lon="-122.26618"><ele>304.91</ele></trkpt>
    <trkpt lat="37.934020000000004" lon="-122.26609"><ele>305.1</ele></trkpt>
    <trkpt lat="37.93379" lon="-122.26596"><ele>305.06</ele></trkpt>
    <trkpt lat="37.93356" lon="-122.26590000000002"><ele>304.64000000000004</ele></trkpt>
    <trkpt lat="37.93327" lon="-122.26573"><ele>304.3</ele></trkpt>
    <trkpt lat="37.932700000000004" lon="-122.26534000000001"><ele>305.55</ele></trkpt>
    <trkpt lat="37.93249" lon="-122.26525000000001"><ele>306.78000000000003</ele></trkpt>
    <trkpt lat="37.932030000000005" lon="-122.26519"><ele>308.58000000000004</ele></trkpt>
    <trkpt lat="37.93188" lon="-122.26514000000002"><ele>308.85</ele></trkpt>
    <trkpt lat="37.93151" lon="-122.26489000000001"><ele>310.62</ele></trkpt>
    <trkpt lat="37.93135" lon="-122.26483"><ele>311.02000000000004</ele></trkpt>
    <trkpt lat="37.93068000013472" lon="-122.2646599984539"><ele>305.27000000000004</ele></trkpt>
    <trkpt lat="37.93001" lon="-122.26449000000001"><ele>302.41</ele></trkpt>
    <trkpt lat="37.92938666684137" lon="-122.2643399974528"><ele>305.1</ele></trkpt>
    <trkpt lat="37.92876333349233" lon="-122.26418999744905"><ele>307.07</ele></trkpt>
    <trkpt lat="37.928140000000006" lon="-122.26404000000001"><ele>310.1</ele></trkpt>
    <trkpt lat="37.92793" lon="-122.26394"><ele>310.5</ele></trkpt>
    <trkpt lat="37.92725" lon="-122.26345"><ele>313.46000000000004</ele></trkpt>
    <trkpt lat="37.926700000000004" lon="-122.26296"><ele>315.31</ele></trkpt>
    <trkpt lat="37.92596" lon="-122.26272000000002"><ele>318.07</ele></trkpt>
    <trkpt lat="37.9256" lon="-122.26246"><ele>319.28000000000003</ele></trkpt>
    <trkpt lat="37.925380000000004" lon="-122.26237"><ele>320.21999999999997</ele></trkpt>
    <trkpt lat="37.925070000000005" lon="-122.26228"><ele>320.77</ele></trkpt>
    <trkpt lat="37.924730000000004" lon="-122.26225000000001"><ele>321.27</ele></trkpt>
    <trkpt lat="37.924130000000005" lon="-122.26229000000001"><ele>324.61</ele></trkpt>
    <trkpt lat="37.92389" lon="-122.26197"><ele>323.24</ele></trkpt>
    <trkpt lat="37.92369" lon="-122.26188"><ele>322.20000000000005</ele></trkpt>
    <trkpt lat="37.92351" lon="-122.26183"><ele>321.3</ele></trkpt>
    <trkpt lat="37.923370000000006" lon="-122.26187000000002"><ele>320.69</ele></trkpt>
    <trkpt lat="37.92315" lon="-122.26198000000001"><ele>320.29</ele></trkpt>
    <trkpt lat="37.922810000000005" lon="-122.26228"><ele>320.83</ele></trkpt>
    <trkpt lat="37.92271" lon="-122.26228"><ele>321.04</ele></trkpt>
    <trkpt lat="37.922610000000006" lon="-122.26224"><ele>321.46000000000004</ele></trkpt>
    <trkpt lat="37.922270000000005" lon="-122.26188"><ele>321.55</ele></trkpt>
    <trkpt lat="37.92181" lon="-122.2617"><ele>318.79</ele></trkpt>
    <trkpt lat="37.92157" lon="-122.26139"><ele>318.40000000000003</ele></trkpt>
    <trkpt lat="37.9211" lon="-122.26104000000001"><ele>315.69</ele></trkpt>
    <trkpt lat="37.92096" lon="-122.26089"><ele>314.76000000000005</ele></trkpt>
    <trkpt lat="37.920880000000004" lon="-122.26076"><ele>314.59000000000003</ele></trkpt>
    <trkpt lat="37.92058" lon="-122.25991"><ele>318.07</ele></trkpt>
    <trkpt lat="37.92018" lon="-122.25947000000001"><ele>319.67</ele></trkpt>
    <trkpt lat="37.92" lon="-122.25906"><ele>320.48</ele></trkpt>
    <trkpt lat="37.919810000000005" lon="-122.25844000000001"><ele>319.48</ele></trkpt>
    <trkpt lat="37.91955" lon="-122.25771"><ele>315.01</ele></trkpt>
    <trkpt lat="37.91953" lon="-122.25750000000001"><ele>314.73</ele></trkpt>
    <trkpt lat="37.91953" lon="-122.25727"><ele>314.38000000000005</ele></trkpt>
    <trkpt lat="37.919560000000004" lon="-122.25709"><ele>314.40000000000003</ele></trkpt>
    <trkpt lat="37.919630000000005" lon="-122.25695"><ele>314.67</ele></trkpt>
    <trkpt lat="37.919920000000005" lon="-122.25655"><ele>316.01</ele></trkpt>
    <trkpt lat="37.919970000000006" lon="-122.25642"><ele>316.04</ele></trkpt>
    <trkpt lat="37.920010000000005" lon="-122.25615"><ele>315.71000000000004</ele></trkpt>
    <trkpt lat="37.92001000144787" lon="-122.25556499964259"><ele>315.04</ele></trkpt>
    <trkpt lat="37.920010000000005" lon="-122.25498"><ele>317.02000000000004</ele></trkpt>
    <trkpt lat="37.91995" lon="-122.25476"><ele>317.53000000000003</ele></trkpt>
    <trkpt lat="37.919850000000004" lon="-122.25431"><ele>318.61</ele></trkpt>
    <trkpt lat="37.919790000000006" lon="-122.25417000000002"><ele>318.70000000000005</ele></trkpt>
    <trkpt lat="37.91968" lon="-122.25404"><ele>318.46000000000004</ele></trkpt>
    <trkpt lat="37.91935" lon="-122.25378"><ele>317.14000000000004</ele></trkpt>
    <trkpt lat="37.919070000000005" lon="-122.25368000000002"><ele>315.21999999999997</ele></trkpt>
    <trkpt lat="37.918890000000005" lon="-122.25364"><ele>313.98</ele></trkpt>
    <trkpt lat="37.918800000000005" lon="-122.25365000000001"><ele>313.3</ele></trkpt>
    <trkpt lat="37.91864" lon="-122.25377"><ele>312.1</ele></trkpt>
    <trkpt lat="37.918470000000006" lon="-122.254"><ele>309.08000000000004</ele></trkpt>
    <trkpt lat="37.91817" lon="-122.25426000000002"><ele>307.46</ele></trkpt>
    <trkpt lat="37.91805" lon="-122.25431"><ele>307.23</ele></trkpt>
    <trkpt lat="37.9178" lon="-122.25427"><ele>306.83000000000004</ele></trkpt>
    <trkpt lat="37.91771" lon="-122.25422"><ele>306.64000000000004</ele></trkpt>
    <trkpt lat="37.91762000000001" lon="-122.25413"><ele>306.45</ele></trkpt>
    <trkpt lat="37.917530000000006" lon="-122.25396"><ele>306.13</ele></trkpt>
    <trkpt lat="37.917370000000005" lon="-122.25358000000001"><ele>304.34</ele></trkpt>
    <trkpt lat="37.91729" lon="-122.25351"><ele>304.34</ele></trkpt>
    <trkpt lat="37.91715000000001" lon="-122.25341000000002"><ele>303.55</ele></trkpt>
    <trkpt lat="37.916810000000005" lon="-122.25337"><ele>302.9</ele></trkpt>
    <trkpt lat="37.91662" lon="-122.25333"><ele>303.00000000000006</ele></trkpt>
    <trkpt lat="37.91626" lon="-122.25305000000002"><ele>304.14000000000004</ele></trkpt>
    <trkpt lat="37.91601" lon="-122.2527"><ele>305.54</ele></trkpt>
    <trkpt lat="37.91593" lon="-122.25252"><ele>305.81</ele></trkpt>
    <trkpt lat="37.91573500134095" lon="-122.25195999855636"><ele>304.94000000000005</ele></trkpt>
    <trkpt lat="37.91554" lon="-122.2514"><ele>303.51</ele></trkpt>
    <trkpt lat="37.915350000000004" lon="-122.25118"><ele>304.26000000000005</ele></trkpt>
    <trkpt lat="37.91525" lon="-122.25113"><ele>304.59000000000003</ele></trkpt>
    <trkpt lat="37.915130000000005" lon="-122.25110000000001"><ele>304.97</ele></trkpt>
    <trkpt lat="37.914970000000004" lon="-122.25113"><ele>306.47</ele></trkpt>
    <trkpt lat="37.91467" lon="-122.25131"><ele>309.82000000000005</ele></trkpt>
    <trkpt lat="37.914440000000006" lon="-122.2514"><ele>312.20000000000005</ele></trkpt>
    <trkpt lat="37.91423" lon="-122.25155000000001"><ele>314.51</ele></trkpt>
    <trkpt lat="37.91414" lon="-122.25167"><ele>315.58000000000004</ele></trkpt>
    <trkpt lat="37.914080000000006" lon="-122.2518"><ele>317.82000000000005</ele></trkpt>
    <trkpt lat="37.91402" lon="-122.25222000000001"><ele>320.58000000000004</ele></trkpt>
    <trkpt lat="37.91395" lon="-122.2523"><ele>320.54</ele></trkpt>
    <trkpt lat="37.913880000000006" lon="-122.25234"><ele>320.04</ele></trkpt>
    <trkpt lat="37.913720000000005" lon="-122.25234"><ele>318.97</ele></trkpt>
    <trkpt lat="37.91362" lon="-122.2523"><ele>318.07</ele></trkpt>
    <trkpt lat="37.91326" lon="-122.25203"><ele>316.96000000000004</ele></trkpt>
    <trkpt lat="37.913160000000005" lon="-122.25198"><ele>316.94</ele></trkpt>
    <trkpt lat="37.913070000000005" lon="-122.25195000000001"><ele>316.94</ele></trkpt>
    <trkpt lat="37.913000000000004" lon="-122.25198"><ele>316.89</ele></trkpt>
    <trkpt lat="37.91292" lon="-122.25203"><ele>316.89</ele></trkpt>
    <trkpt lat="37.91277" lon="-122.25221"><ele>316.66</ele></trkpt>
    <trkpt lat="37.91261" lon="-122.25257"><ele>315.66</ele></trkpt>
    <trkpt lat="37.912420000000004" lon="-122.25274000000002"><ele>315.23</ele></trkpt>
    <trkpt lat="37.91205" lon="-122.25290000000001"><ele>315.8</ele></trkpt>
    <trkpt lat="37.911770000000004" lon="-122.2531"><ele>316.55000000000007</ele></trkpt>
    <trkpt lat="37.911680000000004" lon="-122.25313000000001"><ele>316.73</ele></trkpt>
    <trkpt lat="37.91154" lon="-122.2531"><ele>316.85</ele></trkpt>
    <trkpt lat="37.91149" lon="-122.25305000000002"><ele>316.85</ele></trkpt>
    <trkpt lat="37.911460000000005" lon="-122.25297"><ele>316.85</ele></trkpt>
    <trkpt lat="37.91133000000001" lon="-122.25212"><ele>317.73</ele></trkpt>
    <trkpt lat="37.91122" lon="-122.25167"><ele>319.07</ele></trkpt>
    <trkpt lat="37.911210000000004" lon="-122.25158"><ele>319.07</ele></trkpt>
    <trkpt lat="37.91124000000001" lon="-122.25119000000001"><ele>320.06</ele></trkpt>
    <trkpt lat="37.91122" lon="-122.25110000000001"><ele>320.06</ele></trkpt>
    <trkpt lat="37.911120000000004" lon="-122.25092000000001"><ele>320.53000000000003</ele></trkpt>
    <trkpt lat="37.91107" lon="-122.25079000000001"><ele>321.09000000000003</ele></trkpt>
    <trkpt lat="37.91105" lon="-122.25068000000002"><ele>321.43000000000006</ele></trkpt>
    <trkpt lat="37.91105" lon="-122.25051"><ele>321.91</ele></trkpt>
    <trkpt lat="37.911170000000006" lon="-122.24989000000001"><ele>321.83</ele></trkpt>
    <trkpt lat="37.911150000000006" lon="-122.2497"><ele>321.81000000000006</ele></trkpt>
    <trkpt lat="37.911030000000004" lon="-122.24956000000002"><ele>321.81000000000006</ele></trkpt>
    <trkpt lat="37.910970000000006" lon="-122.24952"><ele>321.89</ele></trkpt>
    <trkpt lat="37.910650000000004" lon="-122.24953000000001"><ele>321.82000000000005</ele></trkpt>
    <trkpt lat="37.91049" lon="-122.24952"><ele>321.5</ele></trkpt>
    <trkpt lat="37.91038" lon="-122.24948"><ele>321.38</ele></trkpt>
    <trkpt lat="37.91017" lon="-122.24934"><ele>320.03000000000003</ele></trkpt>
    <trkpt lat="37.909980000000004" lon="-122.24916"><ele>319.53000000000003</ele></trkpt>
    <trkpt lat="37.90986" lon="-122.24898"><ele>319.08000000000004</ele></trkpt>
    <trkpt lat="37.90983000000001" lon="-122.24877000000001"><ele>318.42</ele></trkpt>
    <trkpt lat="37.90984" lon="-122.24858"><ele>317.71000000000004</ele></trkpt>
    <trkpt lat="37.90982" lon="-122.24846000000001"><ele>317.71000000000004</ele></trkpt>
    <trkpt lat="37.909780000000005" lon="-122.24837000000001"><ele>317.39</ele></trkpt>
    <trkpt lat="37.909620000000004" lon="-122.24823"><ele>316.68</ele></trkpt>
    <trkpt lat="37.9093" lon="-122.24805"><ele>315.20000000000005</ele></trkpt>
    <trkpt lat="37.908970000000004" lon="-122.24770000000001"><ele>313.32000000000005</ele></trkpt>
    <trkpt lat="37.90883" lon="-122.24764"><ele>313.14000000000004</ele></trkpt>
    <trkpt lat="37.908680000000004" lon="-122.24761000000001"><ele>313.26000000000005</ele></trkpt>
    <trkpt lat="37.90805" lon="-122.24770000000001"><ele>312.51</ele></trkpt>
    <trkpt lat="37.90754999991318" lon="-122.2476049993307"><ele>309.22</ele></trkpt>
    <trkpt lat="37.907050000000005" lon="-122.24751"><ele>308.22</ele></trkpt>
    <trkpt lat="37.90661" lon="-122.24750000000002"><ele>311.45</ele></trkpt>
    <trkpt lat="37.90635" lon="-122.24752000000001"><ele>314.12</ele></trkpt>
    <trkpt lat="37.90616" lon="-122.24759000000002"><ele>314.12</ele></trkpt>
    <trkpt lat="37.90579" lon="-122.24778"><ele>318.17</ele></trkpt>
    <trkpt lat="37.905730000000005" lon="-122.24778"><ele>318.46000000000004</ele></trkpt>
    <trkpt lat="37.90563" lon="-122.24773"><ele>318.98</ele></trkpt>
    <trkpt lat="37.90556" lon="-122.2476"><ele>319.95</ele></trkpt>
    <trkpt lat="37.90542000000001" lon="-122.24697"><ele>321.69</ele></trkpt>
    <trkpt lat="37.905280000000005" lon="-122.24667000000001"><ele>322.46000000000004</ele></trkpt>
    <trkpt lat="37.904860000000006" lon="-122.24629000000002"><ele>322.42</ele></trkpt>
    <trkpt lat="37.90475" lon="-122.24611000000002"><ele>322.06</ele></trkpt>
    <trkpt lat="37.90471" lon="-122.24585"><ele>320.84000000000003</ele></trkpt>
    <trkpt lat="37.90471" lon="-122.24572"><ele>320.41</ele></trkpt>
    <trkpt lat="37.90473" lon="-122.24555000000001"><ele>319.94</ele></trkpt>
    <trkpt lat="37.904860000000006" lon="-122.24513"><ele>318.18</ele></trkpt>
    <trkpt lat="37.904880000000006" lon="-122.24495000000002"><ele>317.73</ele></trkpt>
    <trkpt lat="37.90475" lon="-122.24504"><ele>316.37000000000006</ele></trkpt>
    <trkpt lat="37.904680000000006" lon="-122.24510000000001"><ele>315.51</ele></trkpt>
    <trkpt lat="37.904540000000004" lon="-122.2454"><ele>312.81</ele></trkpt>
    <trkpt lat="37.90442" lon="-122.24554"><ele>309.6</ele></trkpt>
    <trkpt lat="37.904230000000005" lon="-122.24595000000001"><ele>305.61</ele></trkpt>
    <trkpt lat="37.90408" lon="-122.24620000000002"><ele>301.76000000000005</ele></trkpt>
    <trkpt lat="37.90399" lon="-122.24644"><ele>299.65000000000003</ele></trkpt>
    <trkpt lat="37.90382" lon="-122.2467"><ele>297.92</ele></trkpt>
    <trkpt lat="37.90377" lon="-122.24692"><ele>295.65000000000003</ele></trkpt>
    <trkpt lat="37.903740000000006" lon="-122.24701"><ele>295.65000000000003</ele></trkpt>
    <trkpt lat="37.90368" lon="-122.24708000000001"><ele>296.05</ele></trkpt>
    <trkpt lat="37.903510000000004" lon="-122.24707000000001"><ele>300.37</ele></trkpt>
    <trkpt lat="37.90332" lon="-122.24715"><ele>302.6</ele></trkpt>
    <trkpt lat="37.903180000000006" lon="-122.24724"><ele>304.21000000000004</ele></trkpt>
    <trkpt lat="37.90292" lon="-122.24751"><ele>309.32000000000005</ele></trkpt>
    <trkpt lat="37.902710000000006" lon="-122.24765000000001"><ele>310.48</ele></trkpt>
    <trkpt lat="37.902660000000004" lon="-122.24777000000002"><ele>312.07</ele></trkpt>
    <trkpt lat="37.902590000000004" lon="-122.24783000000001"><ele>313.31</ele></trkpt>
    <trkpt lat="37.902550000000005" lon="-122.24786000000002"><ele>313.31</ele></trkpt>
    <trkpt lat="37.902460000000005" lon="-122.24772000000002"><ele>316.12</ele></trkpt>
    <trkpt lat="37.90245" lon="-122.24764"><ele>316.92</ele></trkpt>
    <trkpt lat="37.902480000000004" lon="-122.24755"><ele>317.37000000000006</ele></trkpt>
    <trkpt lat="37.902620000000006" lon="-122.24737"><ele>319.27000000000004</ele></trkpt>
    <trkpt lat="37.902750000000005" lon="-122.24715"><ele>321.51</ele></trkpt>
    <trkpt lat="37.90285" lon="-122.24692"><ele>324.09000000000003</ele></trkpt>
    <trkpt lat="37.90287" lon="-122.24679"><ele>325.23</ele></trkpt>
    <trkpt lat="37.902840000000005" lon="-122.2467"><ele>326.64000000000004</ele></trkpt>
    <trkpt lat="37.902770000000004" lon="-122.24657"><ele>330.39</ele></trkpt>
    <trkpt lat="37.90267" lon="-122.24656000000002"><ele>333.45</ele></trkpt>
    <trkpt lat="37.902570000000004" lon="-122.24657"><ele>336.3</ele></trkpt>
    <trkpt lat="37.90251000000001" lon="-122.24661"><ele>334.71</ele></trkpt>
    <trkpt lat="37.902040001278436" lon="-122.2471700036337"><ele>346.80000000000007</ele></trkpt>
    <trkpt lat="37.90157000000001" lon="-122.24773"><ele>354.16</ele></trkpt>
    <trkpt lat="37.90151" lon="-122.24778"><ele>354.16</ele></trkpt>
    <trkpt lat="37.90144" lon="-122.24779000000001"><ele>356.6</ele></trkpt>
    <trkpt lat="37.901390000000006" lon="-122.24777000000002"><ele>356.6</ele></trkpt>
    <trkpt lat="37.901360000000004" lon="-122.24770000000001"><ele>357.87</ele></trkpt>
    <trkpt lat="37.901390000000006" lon="-122.24742"><ele>359.89000000000004</ele></trkpt>
    <trkpt lat="37.90164" lon="-122.24683000000002"><ele>366.33000000000004</ele></trkpt>
    <trkpt lat="37.90191" lon="-122.24594"><ele>376.67</ele></trkpt>
    <trkpt lat="37.90204000000001" lon="-122.2454"><ele>383.95</ele></trkpt>
    <trkpt lat="37.902170000000005" lon="-122.24493000000001"><ele>391.84000000000003</ele></trkpt>
    <trkpt lat="37.902300000000004" lon="-122.24461000000001"><ele>396.3</ele></trkpt>
    <trkpt lat="37.90231" lon="-122.24447"><ele>398.25000000000006</ele></trkpt>
    <trkpt lat="37.902260000000005" lon="-122.24419"><ele>400</ele></trkpt>
    <trkpt lat="37.902060000000006" lon="-122.24375"><ele>404.88</ele></trkpt>
    <trkpt lat="37.90191" lon="-122.24352"><ele>405.01000000000005</ele></trkpt>
    <trkpt lat="37.90141500161451" lon="-122.24289499574853"><ele>397.39</ele></trkpt>
    <trkpt lat="37.900920000000006" lon="-122.24227"><ele>398.24</ele></trkpt>
    <trkpt lat="37.900800000000004" lon="-122.24215000000001"><ele>399.4800000000001</ele></trkpt>
    <trkpt lat="37.90035500008798" lon="-122.24200999915513"><ele>398.79</ele></trkpt>
    <trkpt lat="37.899910000000006" lon="-122.24187"><ele>402.9800000000001</ele></trkpt>
    <trkpt lat="37.899750000000004" lon="-122.24178"><ele>404.16</ele></trkpt>
    <trkpt lat="37.89929666891563" lon="-122.24127332717823"><ele>405.82</ele></trkpt>
    <trkpt lat="37.89884333554368" lon="-122.24076666046847"><ele>409.51000000000005</ele></trkpt>
    <trkpt lat="37.898390000000006" lon="-122.24026"><ele>420.8</ele></trkpt>
    <trkpt lat="37.89813" lon="-122.23993000000002"><ele>424.54</ele></trkpt>
    <trkpt lat="37.897980000000004" lon="-122.23946000000001"><ele>427.76000000000005</ele></trkpt>
    <trkpt lat="37.89781" lon="-122.23882"><ele>431.62000000000006</ele></trkpt>
    <trkpt lat="37.89768" lon="-122.23861000000001"><ele>432.03000000000003</ele></trkpt>
    <trkpt lat="37.89733500058085" lon="-122.23820499796913"><ele>434.1</ele></trkpt>
    <trkpt lat="37.89699" lon="-122.23780000000001"><ele>436.86</ele></trkpt>
    <trkpt lat="37.896820000000005" lon="-122.23766"><ele>437.34000000000003</ele></trkpt>
    <trkpt lat="37.896440000000005" lon="-122.23739"><ele>439.74</ele></trkpt>
    <trkpt lat="37.89622" lon="-122.23726"><ele>439.72</ele></trkpt>
    <trkpt lat="37.89566000000001" lon="-122.23691000000001"><ele>444.32000000000005</ele></trkpt>
    <trkpt lat="37.895520000000005" lon="-122.23681"><ele>447.6</ele></trkpt>
    <trkpt lat="37.89544" lon="-122.23672"><ele>449.45</ele></trkpt>
    <trkpt lat="37.89537" lon="-122.2365"><ele>454.37000000000006</ele></trkpt>
    <trkpt lat="37.895390000000006" lon="-122.2364"><ele>456.24</ele></trkpt>
    <trkpt lat="37.89544" lon="-122.23631"><ele>456.24</ele></trkpt>
    <trkpt lat="37.89547" lon="-122.23619000000001"><ele>459.81000000000006</ele></trkpt>
    <trkpt lat="37.89542" lon="-122.23606000000001"><ele>461.5</ele></trkpt>
    <trkpt lat="37.895360000000004" lon="-122.23605"><ele>463.11</ele></trkpt>
    <trkpt lat="37.8952" lon="-122.23609"><ele>465.4800000000001</ele></trkpt>
    <trkpt lat="37.89506" lon="-122.236"><ele>467</ele></trkpt>
    <trkpt lat="37.894960000000005" lon="-122.23591"><ele>470.59000000000003</ele></trkpt>
    <trkpt lat="37.89491" lon="-122.23582"><ele>470.59000000000003</ele></trkpt>
    <trkpt lat="37.89484" lon="-122.23561000000001"><ele>473.54</ele></trkpt>
    <trkpt lat="37.89472000000001" lon="-122.23498000000001"><ele>483.32</ele></trkpt>
    <trkpt lat="37.89461" lon="-122.23472000000001"><ele>486.26</ele></trkpt>
    <trkpt lat="37.8941" lon="-122.23425"><ele>494.7900000000001</ele></trkpt>
    <trkpt lat="37.89381" lon="-122.23368"><ele>495.62000000000006</ele></trkpt>
    <trkpt lat="37.89369000000001" lon="-122.23331"><ele>494.32000000000005</ele></trkpt>
    <trkpt lat="37.89354" lon="-122.23319000000001"><ele>493.00000000000006</ele></trkpt>
    <trkpt lat="37.89336" lon="-122.23318"><ele>491.11</ele></trkpt>
    <trkpt lat="37.89322000000001" lon="-122.23323"><ele>490.02000000000004</ele></trkpt>
    <trkpt lat="37.89311" lon="-122.23323"><ele>488.46000000000004</ele></trkpt>
    <trkpt lat="37.89302" lon="-122.23318"><ele>487.65000000000003</ele></trkpt>
    <trkpt lat="37.89296" lon="-122.23306000000001"><ele>487.65000000000003</ele></trkpt>
    <trkpt lat="37.892900000000004" lon="-122.23287"><ele>485.08000000000004</ele></trkpt>
    <trkpt lat="37.89291" lon="-122.23250000000002"><ele>483.05</ele></trkpt>
    <trkpt lat="37.89289" lon="-122.23233"><ele>482.58000000000004</ele></trkpt>
    <trkpt lat="37.89284" lon="-122.23215"><ele>482.94</ele></trkpt>
    <trkpt lat="37.89262" lon="-122.23166"><ele>487.63000000000005</ele></trkpt>
    <trkpt lat="37.892520000000005" lon="-122.23122000000001"><ele>488.69</ele></trkpt>
    <trkpt lat="37.89256" lon="-122.23081"><ele>487.12000000000006</ele></trkpt>
    <trkpt lat="37.89256" lon="-122.23063"><ele>484.66</ele></trkpt>
    <trkpt lat="37.892540000000004" lon="-122.23054"><ele>483.64</ele></trkpt>
    <trkpt lat="37.89249" lon="-122.2304"><ele>480.96000000000004</ele></trkpt>
    <trkpt lat="37.89229" lon="-122.23005"><ele>478.85</ele></trkpt>
    <trkpt lat="37.8922" lon="-122.2296"><ele>473.77000000000004</ele></trkpt>
    <trkpt lat="37.89215" lon="-122.22947"><ele>472.37</ele></trkpt>
    <trkpt lat="37.89197" lon="-122.22924"><ele>469.99</ele></trkpt>
    <trkpt lat="37.89195" lon="-122.22915"><ele>469.5</ele></trkpt>
    <trkpt lat="37.891960000000005" lon="-122.22906"><ele>467.90000000000003</ele></trkpt>
    <trkpt lat="37.89208" lon="-122.2287"><ele>464.65000000000003</ele></trkpt>
    <trkpt lat="37.892070000000004" lon="-122.22861"><ele>464.65000000000003</ele></trkpt>
    <trkpt lat="37.891890000000004" lon="-122.22816000000002"><ele>460</ele></trkpt>
    <trkpt lat="37.8918" lon="-122.22766000000001"><ele>455.70000000000005</ele></trkpt>
    <trkpt lat="37.89175" lon="-122.22754"><ele>455.43000000000006</ele></trkpt>
    <trkpt lat="37.891630000000006" lon="-122.22739000000001"><ele>455.24</ele></trkpt>
    <trkpt lat="37.891540000000006" lon="-122.22733000000001"><ele>455.19000000000005</ele></trkpt>
    <trkpt lat="37.890950000000004" lon="-122.22709"><ele>460.83</ele></trkpt>
    <trkpt lat="37.89059" lon="-122.22651"><ele>467.52000000000004</ele></trkpt>
    <trkpt lat="37.89047" lon="-122.22642"><ele>468.58000000000004</ele></trkpt>
    <trkpt lat="37.890010000000004" lon="-122.22624"><ele>475.14000000000004</ele></trkpt>
    <trkpt lat="37.88962" lon="-122.22597"><ele>478.15000000000003</ele></trkpt>
    <trkpt lat="37.889450000000004" lon="-122.22574000000002"><ele>479.79</ele></trkpt>
    <trkpt lat="37.88931" lon="-122.22539"><ele>482.14</ele></trkpt>
    <trkpt lat="37.889250000000004" lon="-122.22486"><ele>485.82</ele></trkpt>
    <trkpt lat="37.88913" lon="-122.22467"><ele>487.17</ele></trkpt>
    <trkpt lat="37.88897" lon="-122.2245"><ele>488.19</ele></trkpt>
    <trkpt lat="37.8887" lon="-122.22429000000001"><ele>491.28000000000003</ele></trkpt>
    <trkpt lat="37.8885" lon="-122.22433000000001"><ele>494.17</ele></trkpt>
    <trkpt lat="37.88803" lon="-122.22480000000002"><ele>500.09999999999997</ele></trkpt>
    <trkpt lat="37.887930000000004" lon="-122.22482000000001"><ele>500.99</ele></trkpt>
    <trkpt lat="37.887730000000005" lon="-122.22481"><ele>501.84000000000003</ele></trkpt>
    <trkpt lat="37.887350000000005" lon="-122.2245"><ele>506.39</ele></trkpt>
    <trkpt lat="37.886930000351" lon="-122.22424999862561"><ele>514.2800000000001</ele></trkpt>
    <trkpt lat="37.88651" lon="-122.224"><ele>517.09</ele></trkpt>
    <trkpt lat="37.88629" lon="-122.22391"><ele>519.0400000000001</ele></trkpt>
    <trkpt lat="37.886050000000004" lon="-122.22391"><ele>521.63</ele></trkpt>
    <trkpt lat="37.885760000000005" lon="-122.224"><ele>524.1</ele></trkpt>
    <trkpt lat="37.88548" lon="-122.22415000000001"><ele>528.5300000000001</ele></trkpt>
    <trkpt lat="37.88535" lon="-122.22415000000001"><ele>528.5300000000001</ele></trkpt>
    <trkpt lat="37.88521" lon="-122.22409"><ele>531.8900000000001</ele></trkpt>
    <trkpt lat="37.885110000000005" lon="-122.224"><ele>534.3100000000001</ele></trkpt>
    <trkpt lat="37.88476" lon="-122.22301000000002"><ele>543.97</ele></trkpt>
    <trkpt lat="37.88467" lon="-122.2227"><ele>547.67</ele></trkpt>
    <trkpt lat="37.884600000000006" lon="-122.22244"><ele>550.7800000000001</ele></trkpt>
    <trkpt lat="37.88449" lon="-122.22217"><ele>552.84</ele></trkpt>
    <trkpt lat="37.88423500090312" lon="-122.2216999983151"><ele>555.15</ele></trkpt>
    <trkpt lat="37.88398" lon="-122.22123"><ele>556.21</ele></trkpt>
    <trkpt lat="37.88385" lon="-122.22109"><ele>556.46</ele></trkpt>
    <trkpt lat="37.88367" lon="-122.221"><ele>556.72</ele></trkpt>
    <trkpt lat="37.88353" lon="-122.22097000000001"><ele>556.74</ele></trkpt>
    <trkpt lat="37.88324" lon="-122.221"><ele>556.6300000000001</ele></trkpt>
    <trkpt lat="37.88286" lon="-122.22105"><ele>556.0</ele></trkpt>
    <trkpt lat="37.882400000000004" lon="-122.22131000000002"><ele>552.01</ele></trkpt>
    <trkpt lat="37.882070000000006" lon="-122.22141"><ele>547.5699999999999</ele></trkpt>
    <trkpt lat="37.881910000000005" lon="-122.22137000000001"><ele>544.51</ele></trkpt>
    <trkpt lat="37.88143" lon="-122.22096"><ele>536.2300000000001</ele></trkpt>
    <trkpt lat="37.8812" lon="-122.22082"><ele>532.32</ele></trkpt>
    <trkpt lat="37.88089" lon="-122.22073"><ele>526.57</ele></trkpt>
    <trkpt lat="37.880790000000005" lon="-122.22073"><ele>525.87</ele></trkpt>
    <trkpt lat="37.880720000000004" lon="-122.22078"><ele>524.64</ele></trkpt>
    <trkpt lat="37.880680000000005" lon="-122.22087"><ele>523.7</ele></trkpt>
    <trkpt lat="37.88069" lon="-122.22095000000002"><ele>523.3500000000001</ele></trkpt>
    <trkpt lat="37.88076" lon="-122.22105"><ele>522.82</ele></trkpt>
    <trkpt lat="37.8811" lon="-122.22109"><ele>523.3</ele></trkpt>
    <trkpt lat="37.881240000000005" lon="-122.22118"><ele>524.09</ele></trkpt>
    <trkpt lat="37.881330000000005" lon="-122.22127"><ele>524.37</ele></trkpt>
    <trkpt lat="37.88158" lon="-122.22163"><ele>524.39</ele></trkpt>
    <trkpt lat="37.88199" lon="-122.22195"><ele>521.76</ele></trkpt>
    <trkpt lat="37.88206" lon="-122.22204"><ele>520.4300000000001</ele></trkpt>
    <trkpt lat="37.88205" lon="-122.22221"><ele>519.34</ele></trkpt>
    <trkpt lat="37.88196000000001" lon="-122.2223"><ele>516.19</ele></trkpt>
    <trkpt lat="37.88188" lon="-122.22231000000001"><ele>516.19</ele></trkpt>
    <trkpt lat="37.88116" lon="-122.22210000000001"><ele>508.41</ele></trkpt>
    <trkpt lat="37.88096" lon="-122.22200000000001"><ele>506.36</ele></trkpt>
    <trkpt lat="37.88076" lon="-122.22195"><ele>505.44</ele></trkpt>
    <trkpt lat="37.88068746301299" lon="-122.22186159750996"><ele>505.0300000000001</ele></trkpt>
    <trkpt lat="37.880289141177826" lon="-122.22155983499184"><ele>503.88</ele></trkpt>
    <trkpt lat="37.88005567146595" lon="-122.22148588633065"><ele>503.99000000000007</ele></trkpt>
    <trkpt lat="37.87993783505681" lon="-122.22154867292963"><ele>503.97</ele></trkpt>
    <trkpt lat="37.87987943798552" lon="-122.22148307717463"><ele>503.49</ele></trkpt>
    <trkpt lat="37.8798" lon="-122.22151000000001"><ele>503.49</ele></trkpt>
    <trkpt lat="37.879720000000006" lon="-122.22154"><ele>502.07</ele></trkpt>
    <trkpt lat="37.879490000000004" lon="-122.22145"><ele>500.28000000000003</ele></trkpt>
    <trkpt lat="37.8793" lon="-122.22145"><ele>498.11000000000007</ele></trkpt>
    <trkpt lat="37.87908" lon="-122.22132"><ele>495.94000000000005</ele></trkpt>
    <trkpt lat="37.87859" lon="-122.2211"><ele>491.77000000000004</ele></trkpt>
    <trkpt lat="37.878420000000006" lon="-122.22101"><ele>491.3500000000001</ele></trkpt>
    <trkpt lat="37.87832" lon="-122.22091"><ele>490.25</ele></trkpt>
    <trkpt lat="37.87827" lon="-122.22082"><ele>489.04</ele></trkpt>
    <trkpt lat="37.87827" lon="-122.22077000000002"><ele>489.04</ele></trkpt>
    <trkpt lat="37.878420000000006" lon="-122.22070000000001"><ele>486.80000000000007</ele></trkpt>
    <trkpt lat="37.87838" lon="-122.2206"><ele>483.65000000000003</ele></trkpt>
    <trkpt lat="37.8782" lon="-122.22034000000001"><ele>479.35</ele></trkpt>
    <trkpt lat="37.87809" lon="-122.22024"><ele>476.44</ele></trkpt>
    <trkpt lat="37.87794" lon="-122.22012000000001"><ele>474.61</ele></trkpt>
    <trkpt lat="37.87764000000001" lon="-122.2197"><ele>471.29</ele></trkpt>
    <trkpt lat="37.87751" lon="-122.21962"><ele>471.51000000000005</ele></trkpt>
    <trkpt lat="37.877460000000006" lon="-122.21966"><ele>471.51000000000005</ele></trkpt>
    <trkpt lat="37.87735" lon="-122.21988"><ele>472.69000000000005</ele></trkpt>
    <trkpt lat="37.87729" lon="-122.21993"><ele>472.69000000000005</ele></trkpt>
    <trkpt lat="37.87722" lon="-122.21997"><ele>473.30000000000007</ele></trkpt>
    <trkpt lat="37.87697" lon="-122.21997"><ele>473.78000000000003</ele></trkpt>
    <trkpt lat="37.87686" lon="-122.21993"><ele>474.27000000000004</ele></trkpt>
    <trkpt lat="37.876470000000005" lon="-122.21966"><ele>482.09000000000003</ele></trkpt>
    <trkpt lat="37.876400000000004" lon="-122.21957"><ele>482.87</ele></trkpt>
    <trkpt lat="37.876310000000004" lon="-122.21953"><ele>482.91</ele></trkpt>
    <trkpt lat="37.87624" lon="-122.21953"><ele>482.29</ele></trkpt>
    <trkpt lat="37.87619" lon="-122.21957"><ele>481.81</ele></trkpt>
    <trkpt lat="37.87612" lon="-122.2197"><ele>480.23</ele></trkpt>
    <trkpt lat="37.876020000000004" lon="-122.22029"><ele>478.62000000000006</ele></trkpt>
    <trkpt lat="37.875890000000005" lon="-122.22069"><ele>479.95000000000005</ele></trkpt>
    <trkpt lat="37.87579" lon="-122.22086000000002"><ele>481.38</ele></trkpt>
    <trkpt lat="37.875530000000005" lon="-122.22083"><ele>481.96000000000004</ele></trkpt>
    <trkpt lat="37.87536" lon="-122.22075000000001"><ele>482.24000000000007</ele></trkpt>
    <trkpt lat="37.87520000000001" lon="-122.22061000000001"><ele>482.78000000000003</ele></trkpt>
    <trkpt lat="37.875" lon="-122.22024"><ele>482.50000000000006</ele></trkpt>
    <trkpt lat="37.87482" lon="-122.22011"><ele>482.96000000000004</ele></trkpt>
    <trkpt lat="37.874550000000006" lon="-122.21971"><ele>487.16</ele></trkpt>
    <trkpt lat="37.87433" lon="-122.21945000000001"><ele>487.47</ele></trkpt>
    <trkpt lat="37.87427" lon="-122.21931000000001"><ele>486.96000000000004</ele></trkpt>
    <trkpt lat="37.874190000000006" lon="-122.21926"><ele>486.48</ele></trkpt>
    <trkpt lat="37.87406" lon="-122.21921"><ele>485.67</ele></trkpt>
    <trkpt lat="37.873650000000005" lon="-122.21894"><ele>482.27000000000004</ele></trkpt>
    <trkpt lat="37.873580000000004" lon="-122.21882000000001"><ele>479.21000000000004</ele></trkpt>
    <trkpt lat="37.873470000000005" lon="-122.2185"><ele>477.07000000000005</ele></trkpt>
    <trkpt lat="37.873310000000004" lon="-122.21818"><ele>475.33000000000004</ele></trkpt>
    <trkpt lat="37.87322" lon="-122.21805"><ele>475.51000000000005</ele></trkpt>
    <trkpt lat="37.87308" lon="-122.21792"><ele>476.32</ele></trkpt>
    <trkpt lat="37.8729" lon="-122.21764"><ele>476.39000000000004</ele></trkpt>
    <trkpt lat="37.87277" lon="-122.21751"><ele>476.80000000000007</ele></trkpt>
    <trkpt lat="37.872510000000005" lon="-122.21715"><ele>476.97</ele></trkpt>
    <trkpt lat="37.87241" lon="-122.21706"><ele>476.96000000000004</ele></trkpt>
    <trkpt lat="37.872310000000006" lon="-122.21702"><ele>476.89000000000004</ele></trkpt>
    <trkpt lat="37.87218" lon="-122.21697"><ele>476.97</ele></trkpt>
    <trkpt lat="37.872060000000005" lon="-122.21702"><ele>477.14000000000004</ele></trkpt>
    <trkpt lat="37.871970000000005" lon="-122.21715"><ele>477.08000000000004</ele></trkpt>
    <trkpt lat="37.871900000000004" lon="-122.21716"><ele>476.99</ele></trkpt>
    <trkpt lat="37.87182" lon="-122.21715"><ele>476.7</ele></trkpt>
    <trkpt lat="37.871680000000005" lon="-122.21703000000001"><ele>476.06</ele></trkpt>
    <trkpt lat="37.87147" lon="-122.21702"><ele>474.82</ele></trkpt>
    <trkpt lat="37.871340000000004" lon="-122.21698"><ele>474.20000000000005</ele></trkpt>
    <trkpt lat="37.87113" lon="-122.21688"><ele>473.43</ele></trkpt>
    <trkpt lat="37.87091" lon="-122.21663000000001"><ele>473.28000000000003</ele></trkpt>
    <trkpt lat="37.87084" lon="-122.21653"><ele>473.02000000000004</ele></trkpt>
    <trkpt lat="37.87069" lon="-122.21644"><ele>471.84000000000003</ele></trkpt>
    <trkpt lat="37.87051" lon="-122.2163"><ele>469.56</ele></trkpt>
    <trkpt lat="37.870360000000005" lon="-122.21622"><ele>466.5400000000001</ele></trkpt>
    <trkpt lat="37.86972" lon="-122.21559"><ele>456.91</ele></trkpt>
    <trkpt lat="37.869640000000004" lon="-122.21555000000001"><ele>456.91</ele></trkpt>
    <trkpt lat="37.869460000000004" lon="-122.21554"><ele>453.22</ele></trkpt>
    <trkpt lat="37.86939" lon="-122.2155"><ele>453.22</ele></trkpt>
    <trkpt lat="37.86925" lon="-122.21532"><ele>451.07</ele></trkpt>
    <trkpt lat="37.869170000000004" lon="-122.21518"><ele>449.63</ele></trkpt>
    <trkpt lat="37.869110000000006" lon="-122.21527"><ele>447.3</ele></trkpt>
    <trkpt lat="37.86919" lon="-122.2155"><ele>443.61000000000007</ele></trkpt>
    <trkpt lat="37.86925" lon="-122.21577"><ele>441.29</ele></trkpt>
    <trkpt lat="37.86939" lon="-122.21599"><ele>440.02000000000004</ele></trkpt>
    <trkpt lat="37.869400000000006" lon="-122.21608"><ele>439.09000000000003</ele></trkpt>
    <trkpt lat="37.86939" lon="-122.21612"><ele>438.45000000000005</ele></trkpt>
    <trkpt lat="37.86918" lon="-122.21608"><ele>434.45000000000005</ele></trkpt>
    <trkpt lat="37.86905" lon="-122.21608"><ele>431.63</ele></trkpt>
    <trkpt lat="37.86892" lon="-122.21612"><ele>429.3</ele></trkpt>
    <trkpt lat="37.86885" lon="-122.21617"><ele>427.63</ele></trkpt>
    <trkpt lat="37.86872" lon="-122.21644"><ele>423.98</ele></trkpt>
    <trkpt lat="37.868680000000005" lon="-122.21648"><ele>422.19</ele></trkpt>
    <trkpt lat="37.86865" lon="-122.21648"><ele>422.19</ele></trkpt>
    <trkpt lat="37.86854" lon="-122.2163"><ele>418.23</ele></trkpt>
    <trkpt lat="37.86853" lon="-122.21612"><ele>416.5</ele></trkpt>
    <trkpt lat="37.868410000000004" lon="-122.21616000000002"><ele>414.55</ele></trkpt>
    <trkpt lat="37.868370000000006" lon="-122.21607000000002"><ele>411.42</ele></trkpt>
    <trkpt lat="37.868170000000006" lon="-122.21598000000002"><ele>407.62</ele></trkpt>
    <trkpt lat="37.868" lon="-122.21599"><ele>406.07000000000005</ele></trkpt>
    <trkpt lat="37.86769" lon="-122.2163"><ele>404.08000000000004</ele></trkpt>
    <trkpt lat="37.86735" lon="-122.21657"><ele>400.88</ele></trkpt>
    <trkpt lat="37.86731" lon="-122.21662"><ele>399.19000000000005</ele></trkpt>
    <trkpt lat="37.86728" lon="-122.21683000000002"><ele>398.23</ele></trkpt>
    <trkpt lat="37.86748" lon="-122.21693"><ele>395.57000000000005</ele></trkpt>
    <trkpt lat="37.867720000000006" lon="-122.21715"><ele>392.86</ele></trkpt>
    <trkpt lat="37.86777" lon="-122.21724"><ele>391.77</ele></trkpt>
    <trkpt lat="37.86782" lon="-122.21748000000001"><ele>389.46000000000004</ele></trkpt>
    <trkpt lat="37.86782" lon="-122.2176"><ele>387.99000000000007</ele></trkpt>
    <trkpt lat="37.86768" lon="-122.21779000000001"><ele>385.16</ele></trkpt>
    <trkpt lat="37.86731" lon="-122.21805"><ele>378.8</ele></trkpt>
    <trkpt lat="37.86715" lon="-122.21814"><ele>375.95</ele></trkpt>
    <trkpt lat="37.86701" lon="-122.21818"><ele>374.95</ele></trkpt>
    <trkpt lat="37.866910000000004" lon="-122.21818"><ele>373.6700000000001</ele></trkpt>
    <trkpt lat="37.866820000000004" lon="-122.21814"><ele>373.31</ele></trkpt>
    <trkpt lat="37.866460000000004" lon="-122.21818"><ele>371.59000000000003</ele></trkpt>
    <trkpt lat="37.86638000000001" lon="-122.21827"><ele>371.91</ele></trkpt>
    <trkpt lat="37.86621" lon="-122.21833000000001"><ele>373.29</ele></trkpt>
    <trkpt lat="37.866170000000004" lon="-122.21840000000002"><ele>373.29</ele></trkpt>
    <trkpt lat="37.86605" lon="-122.21849000000002"><ele>374.22</ele></trkpt>
    <trkpt lat="37.86596" lon="-122.2185"><ele>374.68</ele></trkpt>
    <trkpt lat="37.86587" lon="-122.21845"><ele>375.07</ele></trkpt>
    <trkpt lat="37.8658" lon="-122.21845"><ele>375.07</ele></trkpt>
    <trkpt lat="37.865680000000005" lon="-122.21851000000001"><ele>375.93</ele></trkpt>
    <trkpt lat="37.86562" lon="-122.2185"><ele>376.00000000000006</ele></trkpt>
    <trkpt lat="37.8652" lon="-122.21824000000001"><ele>373.63</ele></trkpt>
    <trkpt lat="37.86504" lon="-122.21823"><ele>372.71000000000004</ele></trkpt>
    <trkpt lat="37.864920000000005" lon="-122.21809"><ele>372.03000000000003</ele></trkpt>
    <trkpt lat="37.86466" lon="-122.21804000000002"><ele>371.37</ele></trkpt>
    <trkpt lat="37.8643" lon="-122.21778"><ele>368.52</ele></trkpt>
    <trkpt lat="37.86413" lon="-122.21769"><ele>366.99</ele></trkpt>
    <trkpt lat="37.86399" lon="-122.21764"><ele>366.99</ele></trkpt>
    <trkpt lat="37.86377" lon="-122.2176"><ele>364.85</ele></trkpt>
    <trkpt lat="37.86368" lon="-122.21764"><ele>364.35</ele></trkpt>
    <trkpt lat="37.86357" lon="-122.2176"><ele>363.78000000000003</ele></trkpt>
    <trkpt lat="37.863510000000005" lon="-122.21756"><ele>363.78000000000003</ele></trkpt>
    <trkpt lat="37.8635" lon="-122.21742"><ele>362.53000000000003</ele></trkpt>
    <trkpt lat="37.86339" lon="-122.21715"><ele>362.2900000000001</ele></trkpt>
    <trkpt lat="37.86298" lon="-122.21657"><ele>362.6</ele></trkpt>
    <trkpt lat="37.86281" lon="-122.21639"><ele>363.28000000000003</ele></trkpt>
    <trkpt lat="37.86265" lon="-122.21626"><ele>363.49</ele></trkpt>
    <trkpt lat="37.86262" lon="-122.21603"><ele>363.09000000000003</ele></trkpt>
    <trkpt lat="37.86256" lon="-122.2159"><ele>363.09000000000003</ele></trkpt>
    <trkpt lat="37.86245" lon="-122.21576"><ele>362.38000000000005</ele></trkpt>
    <trkpt lat="37.86186" lon="-122.2151"><ele>359.37</ele></trkpt>
    <trkpt lat="37.86164" lon="-122.21496"><ele>357.72</ele></trkpt>
    <trkpt lat="37.86146" lon="-122.21474"><ele>355.01000000000005</ele></trkpt>
    <trkpt lat="37.86133" lon="-122.21465"><ele>353.73</ele></trkpt>
    <trkpt lat="37.86122" lon="-122.21464000000002"><ele>351.58</ele></trkpt>
    <trkpt lat="37.86101" lon="-122.21456"><ele>347.32</ele></trkpt>
    <trkpt lat="37.86092" lon="-122.21447"><ele>346.73</ele></trkpt>
    <trkpt lat="37.86086" lon="-122.21433"><ele>347.13000000000005</ele></trkpt>
    <trkpt lat="37.86056" lon="-122.21388"><ele>348.7</ele></trkpt>
    <trkpt lat="37.8605" lon="-122.21348"><ele>350.52000000000004</ele></trkpt>
    <trkpt lat="37.86048" lon="-122.21317"><ele>351.89000000000004</ele></trkpt>
    <trkpt lat="37.860440000000004" lon="-122.21304"><ele>351.07000000000005</ele></trkpt>
    <trkpt lat="37.860400000000006" lon="-122.21299"><ele>350.67</ele></trkpt>
    <trkpt lat="37.860110000000006" lon="-122.21299"><ele>348.02000000000004</ele></trkpt>
    <trkpt lat="37.85996" lon="-122.21295"><ele>345.04</ele></trkpt>
    <trkpt lat="37.859880000000004" lon="-122.21280000000002"><ele>342.75000000000006</ele></trkpt>
    <trkpt lat="37.8599" lon="-122.21254"><ele>341.7</ele></trkpt>
    <trkpt lat="37.86008" lon="-122.21178"><ele>331.67</ele></trkpt>
    <trkpt lat="37.86018" lon="-122.21155000000002"><ele>331.16</ele></trkpt>
    <trkpt lat="37.860260000000004" lon="-122.21107"><ele>329.77</ele></trkpt>
    <trkpt lat="37.86032" lon="-122.21085000000001"><ele>329.20000000000005</ele></trkpt>
    <trkpt lat="37.86032" lon="-122.21066"><ele>328.73</ele></trkpt>
    <trkpt lat="37.86027" lon="-122.21053"><ele>327.74</ele></trkpt>
    <trkpt lat="37.86018" lon="-122.21044"><ele>326.76000000000005</ele></trkpt>
    <trkpt lat="37.859790000000004" lon="-122.21022"><ele>318.92</ele></trkpt>
    <trkpt lat="37.85969" lon="-122.21012"><ele>317.1</ele></trkpt>
    <trkpt lat="37.85962" lon="-122.20998000000002"><ele>316.06</ele></trkpt>
    <trkpt lat="37.85956" lon="-122.2099"><ele>314.96000000000004</ele></trkpt>
    <trkpt lat="37.859460000000006" lon="-122.20981"><ele>312.20000000000005</ele></trkpt>
    <trkpt lat="37.85943" lon="-122.20968"><ele>308.89</ele></trkpt>
    <trkpt lat="37.859260000000006" lon="-122.20951000000001"><ele>305.41</ele></trkpt>
    <trkpt lat="37.85918" lon="-122.20946"><ele>304.20000000000005</ele></trkpt>
    <trkpt lat="37.8588" lon="-122.20932"><ele>299.63</ele></trkpt>
    <trkpt lat="37.85853" lon="-122.20918"><ele>300.50000000000006</ele></trkpt>
    <trkpt lat="37.858410000000006" lon="-122.20918"><ele>302.48</ele></trkpt>
    <trkpt lat="37.85835" lon="-122.20923"><ele>303.31</ele></trkpt>
    <trkpt lat="37.858270000000005" lon="-122.20918"><ele>303.61</ele></trkpt>
    <trkpt lat="37.858070000000005" lon="-122.20905"><ele>302.95</ele></trkpt>
    <trkpt lat="37.8579" lon="-122.20887"><ele>302.49</ele></trkpt>
    <trkpt lat="37.85739" lon="-122.20847"><ele>304.6</ele></trkpt>
    <trkpt lat="37.856970000000004" lon="-122.2082"><ele>305.63</ele></trkpt>
    <trkpt lat="37.856750000000005" lon="-122.20797"><ele>306.79</ele></trkpt>
    <trkpt lat="37.856660000000005" lon="-122.20784"><ele>306.51</ele></trkpt>
    <trkpt lat="37.85642" lon="-122.20736000000001"><ele>304.64000000000004</ele></trkpt>
    <trkpt lat="37.85636" lon="-122.20733000000001"><ele>304.23</ele></trkpt>
    <trkpt lat="37.85624" lon="-122.20712"><ele>303.89000000000004</ele></trkpt>
    <trkpt lat="37.856210000000004" lon="-122.20699"><ele>305.24</ele></trkpt>
    <trkpt lat="37.856030000000004" lon="-122.20694"><ele>307.42</ele></trkpt>
    <trkpt lat="37.855810000000005" lon="-122.20694"><ele>308.4</ele></trkpt>
    <trkpt lat="37.855700000000006" lon="-122.20685000000002"><ele>308.56</ele></trkpt>
    <trkpt lat="37.855230000000006" lon="-122.20618"><ele>311.46000000000004</ele></trkpt>
    <trkpt lat="37.85506" lon="-122.20596"><ele>311.17</ele></trkpt>
    <trkpt lat="37.85484" lon="-122.2056"><ele>312.01</ele></trkpt>
    <trkpt lat="37.854600000000005" lon="-122.20507"><ele>313.62</ele></trkpt>
    <trkpt lat="37.854530000000004" lon="-122.2048"><ele>312.99000000000007</ele></trkpt>
    <trkpt lat="37.8545" lon="-122.20443000000002"><ele>312.5</ele></trkpt>
    <trkpt lat="37.8545" lon="-122.20399"><ele>315.98</ele></trkpt>
    <trkpt lat="37.85445" lon="-122.2035"><ele>317.86</ele></trkpt>
    <trkpt lat="37.854350000000004" lon="-122.2031"><ele>320.08000000000004</ele></trkpt>
    <trkpt lat="37.85428" lon="-122.20293000000001"><ele>322.38</ele></trkpt>
    <trkpt lat="37.8541" lon="-122.20265"><ele>324.42</ele></trkpt>
    <trkpt lat="37.85405" lon="-122.20251"><ele>325.57</ele></trkpt>
    <trkpt lat="37.85401" lon="-122.20207"><ele>325.70000000000005</ele></trkpt>
    <trkpt lat="37.85396" lon="-122.20188000000002"><ele>325.07</ele></trkpt>
    <trkpt lat="37.85383" lon="-122.20184"><ele>325.04</ele></trkpt>
    <trkpt lat="37.85376" lon="-122.20170000000002"><ele>325.24</ele></trkpt>
    <trkpt lat="37.85351" lon="-122.20153"><ele>329.02000000000004</ele></trkpt>
    <trkpt lat="37.853410000000004" lon="-122.20136000000001"><ele>331.47</ele></trkpt>
    <trkpt lat="37.853280000000005" lon="-122.20108"><ele>336.55</ele></trkpt>
    <trkpt lat="37.8532" lon="-122.20082000000001"><ele>340.26</ele></trkpt>
    <trkpt lat="37.852900000000005" lon="-122.20046"><ele>341.56</ele></trkpt>
    <trkpt lat="37.85275" lon="-122.20040000000002"><ele>340.42</ele></trkpt>
    <trkpt lat="37.85264" lon="-122.20036"><ele>340.80000000000007</ele></trkpt>
    <trkpt lat="37.85258" lon="-122.20042000000001"><ele>341.75000000000006</ele></trkpt>
    <trkpt lat="37.85251" lon="-122.20063"><ele>345.27000000000004</ele></trkpt>
    <trkpt lat="37.852470000000004" lon="-122.20063"><ele>345.27000000000004</ele></trkpt>
    <trkpt lat="37.852120000000006" lon="-122.20036"><ele>354.45000000000005</ele></trkpt>
    <trkpt lat="37.851980000000005" lon="-122.20031000000002"><ele>356.29</ele></trkpt>
    <trkpt lat="37.851800000000004" lon="-122.20027"><ele>359.31</ele></trkpt>
    <trkpt lat="37.851600000000005" lon="-122.20033000000001"><ele>361.98</ele></trkpt>
    <trkpt lat="37.85143" lon="-122.20042000000001"><ele>366.79</ele></trkpt>
    <trkpt lat="37.85123" lon="-122.20045"><ele>368.82000000000005</ele></trkpt>
    <trkpt lat="37.851060000000004" lon="-122.20054"><ele>370.14000000000004</ele></trkpt>
    <trkpt lat="37.85089" lon="-122.20059"><ele>372.6700000000001</ele></trkpt>
    <trkpt lat="37.850280000000005" lon="-122.20058000000002"><ele>382.91</ele></trkpt>
    <trkpt lat="37.85011" lon="-122.20045"><ele>384.67</ele></trkpt>
    <trkpt lat="37.849940000000004" lon="-122.20045"><ele>386.91</ele></trkpt>
    <trkpt lat="37.84964" lon="-122.20049000000002"><ele>391.77</ele></trkpt>
    <trkpt lat="37.849590000000006" lon="-122.2005"><ele>391.77</ele></trkpt>
    <trkpt lat="37.849410000000006" lon="-122.20049000000002"><ele>395.07000000000005</ele></trkpt>
    <trkpt lat="37.84915" lon="-122.20049000000002"><ele>398.71</ele></trkpt>
    <trkpt lat="37.84881" lon="-122.20027"><ele>406.08000000000004</ele></trkpt>
    <trkpt lat="37.84857" lon="-122.20015000000001"><ele>410.37</ele></trkpt>
    <trkpt lat="37.848420000000004" lon="-122.19987"><ele>411.62</ele></trkpt>
    <trkpt lat="37.84817" lon="-122.19956"><ele>416.93</ele></trkpt>
    <trkpt lat="37.84808" lon="-122.19942"><ele>420.95000000000005</ele></trkpt>
    <trkpt lat="37.847970000000004" lon="-122.19916"><ele>421.77</ele></trkpt>
    <trkpt lat="37.84798893415933" lon="-122.19913047332751"><ele>423.57</ele></trkpt>
    <trkpt lat="37.84799004347943" lon="-122.19905742162483"><ele>425.89</ele></trkpt>
    <trkpt lat="37.84804883742292" lon="-122.19894643923078"><ele>426.97</ele></trkpt>
    <trkpt lat="37.8481" lon="-122.19890000000001"><ele>428.91</ele></trkpt>
    <trkpt lat="37.84823" lon="-122.19875"><ele>433.88000000000005</ele></trkpt>
    <trkpt lat="37.848380000000006" lon="-122.19862"><ele>437.16</ele></trkpt>
    <trkpt lat="37.84841" lon="-122.19845000000001"><ele>438.74</ele></trkpt>
    <trkpt lat="37.84839" lon="-122.19831"><ele>439.37</ele></trkpt>
    <trkpt lat="37.84832" lon="-122.19800000000001"><ele>442.42</ele></trkpt>
    <trkpt lat="37.848380000000006" lon="-122.19768"><ele>444.07</ele></trkpt>
    <trkpt lat="37.84848" lon="-122.19737"><ele>445.8</ele></trkpt>
    <trkpt lat="37.84855" lon="-122.19723"><ele>446.47</ele></trkpt>
    <trkpt lat="37.848580000000005" lon="-122.1971"><ele>447.27000000000004</ele></trkpt>
    <trkpt lat="37.84857" lon="-122.19695000000002"><ele>447.27000000000004</ele></trkpt>
    <trkpt lat="37.84857" lon="-122.19687"><ele>447.33000000000004</ele></trkpt>
    <trkpt lat="37.84864" lon="-122.19674"><ele>447.37000000000006</ele></trkpt>
    <trkpt lat="37.84879" lon="-122.19664000000002"><ele>447.58000000000004</ele></trkpt>
    <trkpt lat="37.84893" lon="-122.19657000000001"><ele>448.52000000000004</ele></trkpt>
    <trkpt lat="37.84926" lon="-122.19615"><ele>450.87000000000006</ele></trkpt>
    <trkpt lat="37.84939" lon="-122.19602"><ele>450.39</ele></trkpt>
    <trkpt lat="37.849500000000006" lon="-122.19598"><ele>450.33000000000004</ele></trkpt>
    <trkpt lat="37.84955" lon="-122.19590000000001"><ele>450.45</ele></trkpt>
    <trkpt lat="37.8496" lon="-122.19577000000001"><ele>452.83</ele></trkpt>
    <trkpt lat="37.84957" lon="-122.19562"><ele>454.14000000000004</ele></trkpt>
    <trkpt lat="37.84946" lon="-122.1954"><ele>455.15000000000003</ele></trkpt>
    <trkpt lat="37.849120000000006" lon="-122.1949"><ele>453.46000000000004</ele></trkpt>
    <trkpt lat="37.848910000000004" lon="-122.19467000000002"><ele>452.56</ele></trkpt>
    <trkpt lat="37.848520001276164" lon="-122.19410999696666"><ele>449.09000000000003</ele></trkpt>
    <trkpt lat="37.848130000000005" lon="-122.19355000000002"><ele>451.29</ele></trkpt>
    <trkpt lat="37.848020000000005" lon="-122.19329"><ele>452.83</ele></trkpt>
    <trkpt lat="37.84772" lon="-122.19315000000002"><ele>452.17</ele></trkpt>
    <trkpt lat="37.847370000000005" lon="-122.19307"><ele>448.46000000000004</ele></trkpt>
    <trkpt lat="37.847170000000006" lon="-122.19294000000001"><ele>446.04</ele></trkpt>
    <trkpt lat="37.847100000000005" lon="-122.19306000000002"><ele>443.18</ele></trkpt>
    <trkpt lat="37.847100000000005" lon="-122.19311"><ele>443.18</ele></trkpt>
    <trkpt lat="37.84705" lon="-122.19324"><ele>441.08000000000004</ele></trkpt>
    <trkpt lat="37.847080000000005" lon="-122.19338"><ele>438.91</ele></trkpt>
    <trkpt lat="37.847030000000004" lon="-122.19347"><ele>438.91</ele></trkpt>
    <trkpt lat="37.84691" lon="-122.19352"><ele>435.44000000000005</ele></trkpt>
    <trkpt lat="37.84682" lon="-122.19351"><ele>435.44000000000005</ele></trkpt>
    <trkpt lat="37.846790000000006" lon="-122.19352"><ele>435.44000000000005</ele></trkpt>
    <trkpt lat="37.846740000000004" lon="-122.19374"><ele>431.77000000000004</ele></trkpt>
    <trkpt lat="37.846830000000004" lon="-122.19392"><ele>429.00000000000006</ele></trkpt>
    <trkpt lat="37.846880000000006" lon="-122.19393000000001"><ele>428.25</ele></trkpt>
    <trkpt lat="37.84698" lon="-122.19392"><ele>425.94000000000005</ele></trkpt>
    <trkpt lat="37.84702" lon="-122.19387"><ele>425.24000000000007</ele></trkpt>
    <trkpt lat="37.847" lon="-122.19401"><ele>422.81</ele></trkpt>
    <trkpt lat="37.84685" lon="-122.19409000000002"><ele>421.48</ele></trkpt>
    <trkpt lat="37.84657" lon="-122.19405"><ele>416.62000000000006</ele></trkpt>
    <trkpt lat="37.846470000000004" lon="-122.19397000000001"><ele>414.82</ele></trkpt>
    <trkpt lat="37.846410000000006" lon="-122.19391000000002"><ele>412.57</ele></trkpt>
    <trkpt lat="37.84639000000001" lon="-122.19383"><ele>410.02000000000004</ele></trkpt>
    <trkpt lat="37.84633" lon="-122.19379"><ele>409.13000000000005</ele></trkpt>
    <trkpt lat="37.84630000000001" lon="-122.19383"><ele>409.13000000000005</ele></trkpt>
    <trkpt lat="37.84622" lon="-122.19411000000001"><ele>403.01000000000005</ele></trkpt>
    <trkpt lat="37.846180000000004" lon="-122.19411000000001"><ele>403.01000000000005</ele></trkpt>
    <trkpt lat="37.84586" lon="-122.19400000000002"><ele>398.53</ele></trkpt>
    <trkpt lat="37.845850000000006" lon="-122.19392"><ele>396.00</ele></trkpt>
    <trkpt lat="37.84592" lon="-122.19374"><ele>392.68</ele></trkpt>
    <trkpt lat="37.84591" lon="-122.1936"><ele>390.75000000000006</ele></trkpt>
    <trkpt lat="37.845850000000006" lon="-122.19346000000002"><ele>389.69000000000005</ele></trkpt>
    <trkpt lat="37.84573" lon="-122.19338"><ele>388.41</ele></trkpt>
    <trkpt lat="37.84545" lon="-122.19330000000001"><ele>386.58000000000004</ele></trkpt>
    <trkpt lat="37.84532" lon="-122.19333"><ele>386.20000000000005</ele></trkpt>
    <trkpt lat="37.845240000000004" lon="-122.19339000000001"><ele>385.83</ele></trkpt>
    <trkpt lat="37.84516" lon="-122.19346000000002"><ele>386.3</ele></trkpt>
    <trkpt lat="37.845020000000005" lon="-122.19338"><ele>385.07</ele></trkpt>
    <trkpt lat="37.8449" lon="-122.19324"><ele>382.74</ele></trkpt>
    <trkpt lat="37.84487" lon="-122.19316"><ele>380.48</ele></trkpt>
    <trkpt lat="37.84479" lon="-122.19317000000001"><ele>377.23</ele></trkpt>
    <trkpt lat="37.844770000000004" lon="-122.19311"><ele>374.68</ele></trkpt>
    <trkpt lat="37.84478" lon="-122.19297000000002"><ele>371.63</ele></trkpt>
    <trkpt lat="37.84476" lon="-122.19294000000001"><ele>368.80</ele></trkpt>
    <trkpt lat="37.84465" lon="-122.19307"><ele>366.29</ele></trkpt>
    <trkpt lat="37.84451" lon="-122.19298"><ele>362.54</ele></trkpt>
    <trkpt lat="37.844440000000006" lon="-122.19284"><ele>363.08</ele></trkpt>
    <trkpt lat="37.844280000000005" lon="-122.19231"><ele>348.21000000000004</ele></trkpt>
    <trkpt lat="37.84422" lon="-122.1923"><ele>346.77000000000004</ele></trkpt>
    <trkpt lat="37.844170000000005" lon="-122.1923"><ele>346.77000000000004</ele></trkpt>
    <trkpt lat="37.84411" lon="-122.19227000000001"><ele>346.77000000000004</ele></trkpt>
    <trkpt lat="37.84385" lon="-122.19203000000002"><ele>333.38</ele></trkpt>
    <trkpt lat="37.84371" lon="-122.19177"><ele>323.97</ele></trkpt>
    <trkpt lat="37.84367" lon="-122.19167000000002"><ele>321.82000000000005</ele></trkpt>
    <trkpt lat="37.843790000000006" lon="-122.19164"><ele>319.90000000000003</ele></trkpt>
    <trkpt lat="37.843720000000005" lon="-122.19145"><ele>313.24</ele></trkpt>
    <trkpt lat="37.84362" lon="-122.19141"><ele>311.85</ele></trkpt>
    <trkpt lat="37.84353" lon="-122.19132"><ele>308.21000000000004</ele></trkpt>
    <trkpt lat="37.843500000000006" lon="-122.19124000000001"><ele>307.15000000000003</ele></trkpt>
    <trkpt lat="37.843230000000005" lon="-122.1911"><ele>301.6</ele></trkpt>
    <trkpt lat="37.843030000000006" lon="-122.19114"><ele>297.44000000000005</ele></trkpt>
    <trkpt lat="37.84288" lon="-122.1911"><ele>297.44000000000005</ele></trkpt>
    <trkpt lat="37.842760000000006" lon="-122.19088"><ele>291.72</ele></trkpt>
    <trkpt lat="37.842710000000004" lon="-122.1906"><ele>289.77000000000004</ele></trkpt>
    <trkpt lat="37.84263" lon="-122.19042"><ele>289.33000000000004</ele></trkpt>
    <trkpt lat="37.84248" lon="-122.1902"><ele>287.96999999999997</ele></trkpt>
    <trkpt lat="37.84241" lon="-122.19002"><ele>285.84000000000003</ele></trkpt>
    <trkpt lat="37.84244" lon="-122.1898"><ele>284.65000000000003</ele></trkpt>
    <trkpt lat="37.84237" lon="-122.18962"><ele>283.95000000000005</ele></trkpt>
    <trkpt lat="37.84221" lon="-122.1894"><ele>281.39000000000004</ele></trkpt>
    <trkpt lat="37.84197" lon="-122.18932000000001"><ele>277.79</ele></trkpt>
    <trkpt lat="37.84174" lon="-122.18900000000001"><ele>278.46999999999997</ele></trkpt>
    <trkpt lat="37.841660000000005" lon="-122.18899"><ele>280.1</ele></trkpt>
    <trkpt lat="37.841590000000004" lon="-122.18894000000002"><ele>280.1</ele></trkpt>
    <trkpt lat="37.84152" lon="-122.18882"><ele>283.65000000000003</ele></trkpt>
    <trkpt lat="37.84141" lon="-122.18882"><ele>285.27000000000004</ele></trkpt>
    <trkpt lat="37.84141" lon="-122.18905000000001"><ele>288.12000000000006</ele></trkpt>
    <trkpt lat="37.84158" lon="-122.18918000000001"><ele>291.26</ele></trkpt>
    <trkpt lat="37.841910000000006" lon="-122.18957"><ele>283.28</ele></trkpt>
    <trkpt lat="37.84228" lon="-122.19047"><ele>295.23</ele></trkpt>
    <trkpt lat="37.84228" lon="-122.19056"><ele>298.95</ele></trkpt>
    <trkpt lat="37.84197" lon="-122.19011"><ele>301.33</ele></trkpt>
    <trkpt lat="37.841770000000004" lon="-122.18989"><ele>307.78</ele></trkpt>
    <trkpt lat="37.84169" lon="-122.18972000000001"><ele>311.70</ele></trkpt>
    <trkpt lat="37.84149" lon="-122.18953"><ele>320.53000000000003</ele></trkpt>
    <trkpt lat="37.841350000000006" lon="-122.18949"><ele>320.21999999999997</ele></trkpt>
    <trkpt lat="37.841100000000004" lon="-122.18957"><ele>321.28000000000003</ele></trkpt>
    <trkpt lat="37.841060000000006" lon="-122.18953"><ele>321.28000000000003</ele></trkpt>
    <trkpt lat="37.840900000000005" lon="-122.18957"><ele>322.84000000000003</ele></trkpt>
    <trkpt lat="37.84093" lon="-122.18945000000001"><ele>322.84000000000003</ele></trkpt>
    <trkpt lat="37.840880000000006" lon="-122.18923000000001"><ele>324.55</ele></trkpt>
    <trkpt lat="37.84089" lon="-122.18917"><ele>326.48</ele></trkpt>
    <trkpt lat="37.84094" lon="-122.18909000000001"><ele>326.48</ele></trkpt>
    <trkpt lat="37.84091" lon="-122.18885000000002"><ele>327.40000000000003</ele></trkpt>
    <trkpt lat="37.84085" lon="-122.18873"><ele>329.42</ele></trkpt>
    <trkpt lat="37.840610000000005" lon="-122.18864"><ele>332.64000000000004</ele></trkpt>
    <trkpt lat="37.84038" lon="-122.18863"><ele>337.05</ele></trkpt>
    <trkpt lat="37.8402" lon="-122.18859"><ele>339.38</ele></trkpt>
    <trkpt lat="37.840070000000004" lon="-122.18851000000001"><ele>340.51000000000005</ele></trkpt>
    <trkpt lat="37.83981" lon="-122.1885"><ele>341.78000000000003</ele></trkpt>
    <trkpt lat="37.83961" lon="-122.18842000000001"><ele>343.24000000000007</ele></trkpt>
    <trkpt lat="37.83926" lon="-122.18845"><ele>344.69000000000005</ele></trkpt>
    <trkpt lat="37.839240000000004" lon="-122.18841"><ele>344.69000000000005</ele></trkpt>
    <trkpt lat="37.839270000000006" lon="-122.18828"><ele>345.64</ele></trkpt>
    <trkpt lat="37.83934" lon="-122.18811000000001"><ele>345.66</ele></trkpt>
    <trkpt lat="37.839620000000004" lon="-122.18792"><ele>332.18</ele></trkpt>
    <trkpt lat="37.8402" lon="-122.18765"><ele>333.0</ele></trkpt>
    <trkpt lat="37.84051" lon="-122.18724000000002"><ele>332.21</ele></trkpt>
    <trkpt lat="37.840540000000004" lon="-122.18685"><ele>331.11</ele></trkpt>
    <trkpt lat="37.840500000000006" lon="-122.18676"><ele>331.08</ele></trkpt>
    <trkpt lat="37.84033" lon="-122.18661000000002"><ele>330.56</ele></trkpt>
    <trkpt lat="37.8402" lon="-122.18641000000001"><ele>332.94</ele></trkpt>
    <trkpt lat="37.84002" lon="-122.18612000000002"><ele>337.11</ele></trkpt>
    <trkpt lat="37.84001000000001" lon="-122.186"><ele>337.89000000000004</ele></trkpt>
    <trkpt lat="37.839800000000004" lon="-122.18577"><ele>342.19000000000005</ele></trkpt>
    <trkpt lat="37.83923" lon="-122.18589000000001"><ele>343.48</ele></trkpt>
    <trkpt lat="37.83906" lon="-122.18586"><ele>341.26</ele></trkpt>
    <trkpt lat="37.8389" lon="-122.186"><ele>342.38</ele></trkpt>
    <trkpt lat="37.83888" lon="-122.18608"><ele>342.65</ele></trkpt>
    <trkpt lat="37.838800000000006" lon="-122.18617"><ele>343.1</ele></trkpt>
    <trkpt lat="37.8387" lon="-122.18621000000002"><ele>343.58000000000004</ele></trkpt>
    <trkpt lat="37.83867" lon="-122.18617"><ele>343.58000000000004</ele></trkpt>
    <trkpt lat="37.838620000000006" lon="-122.18587000000001"><ele>339.57</ele></trkpt>
    <trkpt lat="37.838640000000005" lon="-122.18577"><ele>339.27</ele></trkpt>
    <trkpt lat="37.83859" lon="-122.18572"><ele>339.64</ele></trkpt>
    <trkpt lat="37.83856" lon="-122.18568"><ele>340.18</ele></trkpt>
    <trkpt lat="37.83872" lon="-122.18532"><ele>342.35</ele></trkpt>
    <trkpt lat="37.8387" lon="-122.18496"><ele>343.60</ele></trkpt>
    <trkpt lat="37.83872" lon="-122.1847"><ele>349.45000000000005</ele></trkpt>
    <trkpt lat="37.83852" lon="-122.18469"><ele>348.5</ele></trkpt>
    <trkpt lat="37.83843" lon="-122.18465"><ele>346.87</ele></trkpt>
    <trkpt lat="37.838420000000006" lon="-122.1846"><ele>346.87</ele></trkpt>
    <trkpt lat="37.83854" lon="-122.18444000000001"><ele>341.05</ele></trkpt>
    <trkpt lat="37.838530000000006" lon="-122.18434"><ele>339.49</ele></trkpt>
    <trkpt lat="37.838390000000004" lon="-122.18407"><ele>339.44</ele></trkpt>
    <trkpt lat="37.83832" lon="-122.18402"><ele>339.24</ele></trkpt>
    <trkpt lat="37.838330000000006" lon="-122.18381000000001"><ele>339.27</ele></trkpt>
    <trkpt lat="37.83845" lon="-122.18345000000001"><ele>341.1</ele></trkpt>
    <trkpt lat="37.8384" lon="-122.18335"><ele>342.66</ele></trkpt>
    <trkpt lat="37.83843" lon="-122.18323000000001"><ele>343.11</ele></trkpt>
    <trkpt lat="37.83843" lon="-122.18296000000001"><ele>344.48</ele></trkpt>
    <trkpt lat="37.83836" lon="-122.18282"><ele>344.97</ele></trkpt>
    <trkpt lat="37.838240000000006" lon="-122.18272"><ele>345.93</ele></trkpt>
    <trkpt lat="37.837920000000004" lon="-122.18232"><ele>347.05</ele></trkpt>
    <trkpt lat="37.8376" lon="-122.18219"><ele>351.35</ele></trkpt>
    <trkpt lat="37.83747" lon="-122.18228"><ele>353.29</ele></trkpt>
    <trkpt lat="37.837360000000004" lon="-122.1825"><ele>356.45000000000005</ele></trkpt>
    <trkpt lat="37.837340000000005" lon="-122.18261000000001"><ele>356.44000000000005</ele></trkpt>
    <trkpt lat="37.837050000000005" lon="-122.18295"><ele>356.02</ele></trkpt>
    <trkpt lat="37.836800000000004" lon="-122.18304"><ele>356.95000000000005</ele></trkpt>
    <trkpt lat="37.83673" lon="-122.18313"><ele>357.38</ele></trkpt>
    <trkpt lat="37.83666" lon="-122.18327000000001"><ele>359.88000000000005</ele></trkpt>
    <trkpt lat="37.83663000000001" lon="-122.18341000000001"><ele>360.43</ele></trkpt>
    <trkpt lat="37.83664" lon="-122.18357"><ele>362.72</ele></trkpt>
    <trkpt lat="37.836690000000004" lon="-122.18371"><ele>364.24</ele></trkpt>
    <trkpt lat="37.836670000000005" lon="-122.18398"><ele>365.92</ele></trkpt>
    <trkpt lat="37.83668" lon="-122.18429"><ele>370.35</ele></trkpt>
    <trkpt lat="37.836360000000006" lon="-122.18447"><ele>373.96</ele></trkpt>
    <trkpt lat="37.836220000000004" lon="-122.18451"><ele>374.97</ele></trkpt>
    <trkpt lat="37.8361" lon="-122.18447"><ele>375.4</ele></trkpt>
    <trkpt lat="37.83594" lon="-122.18451"><ele>375.82000000000005</ele></trkpt>
    <trkpt lat="37.83587" lon="-122.18456"><ele>376.67</ele></trkpt>
    <trkpt lat="37.83568" lon="-122.18454000000001"><ele>379.40000000000003</ele></trkpt>
    <trkpt lat="37.835620000000006" lon="-122.18447"><ele>380.83000000000004</ele></trkpt>
    <trkpt lat="37.835550000000005" lon="-122.18434"><ele>382.42</ele></trkpt>
    <trkpt lat="37.835420000000006" lon="-122.18416"><ele>384.71000000000004</ele></trkpt>
    <trkpt lat="37.83529" lon="-122.18406000000002"><ele>384.25</ele></trkpt>
    <trkpt lat="37.835150000000006" lon="-122.18397000000002"><ele>384.21000000000004</ele></trkpt>
    <trkpt lat="37.83485" lon="-122.18389"><ele>388.16</ele></trkpt>
    <trkpt lat="37.834790000000005" lon="-122.1838"><ele>391.15000000000003</ele></trkpt>
    <trkpt lat="37.83467" lon="-122.18375"><ele>395.3</ele></trkpt>
    <trkpt lat="37.83462" lon="-122.18371"><ele>395.3</ele></trkpt>
    <trkpt lat="37.83451" lon="-122.18354000000001"><ele>398.8</ele></trkpt>
    <trkpt lat="37.83447" lon="-122.18354000000001"><ele>399.52000000000004</ele></trkpt>
    <trkpt lat="37.8344" lon="-122.18358"><ele>400.20000000000005</ele></trkpt>
    <trkpt lat="37.83417" lon="-122.18366"><ele>402.83000000000004</ele></trkpt>
    <trkpt lat="37.83408" lon="-122.18366"><ele>403.26</ele></trkpt>
    <trkpt lat="37.83382" lon="-122.18354000000001"><ele>405.07000000000005</ele></trkpt>
    <trkpt lat="37.83371" lon="-122.18345000000001"><ele>407.24000000000007</ele></trkpt>
    <trkpt lat="37.83337" lon="-122.18299"><ele>406.5</ele></trkpt>
    <trkpt lat="37.83325" lon="-122.18285000000002"><ele>404.81000000000006</ele></trkpt>
    <trkpt lat="37.833130000000004" lon="-122.18276000000002"><ele>402.71</ele></trkpt>
    <trkpt lat="37.83305" lon="-122.18259"><ele>400.02000000000004</ele></trkpt>
    <trkpt lat="37.83299" lon="-122.18254"><ele>397.0</ele></trkpt>
    <trkpt lat="37.832910000000005" lon="-122.1825"><ele>396.08000000000004</ele></trkpt>
    <trkpt lat="37.832840000000004" lon="-122.18251000000001"><ele>395.29</ele></trkpt>
    <trkpt lat="37.83276" lon="-122.18265000000001"><ele>394.1</ele></trkpt>
    <trkpt lat="37.832640000000005" lon="-122.18219"><ele>396.0400000000001</ele></trkpt>
    <trkpt lat="37.83247" lon="-122.18173000000002"><ele>396.74</ele></trkpt>
    <trkpt lat="37.83222000000001" lon="-122.18094"><ele>402.21</ele></trkpt>
    <trkpt lat="37.83216" lon="-122.18070000000002"><ele>403.11</ele></trkpt>
    <trkpt lat="37.83212" lon="-122.18031"><ele>406.16</ele></trkpt>
    <trkpt lat="37.83202" lon="-122.17994000000002"><ele>406.19000000000005</ele></trkpt>
    <trkpt lat="37.83194" lon="-122.17972"><ele>404.77000000000004</ele></trkpt>
    <trkpt lat="37.83184" lon="-122.17954"><ele>402.34000000000003</ele></trkpt>
    <trkpt lat="37.831680000000006" lon="-122.17933000000001"><ele>400.59000000000003</ele></trkpt>
    <trkpt lat="37.831570000000006" lon="-122.17921000000001"><ele>400.28000000000003</ele></trkpt>
    <trkpt lat="37.83122" lon="-122.17887"><ele>398.42</ele></trkpt>
    <trkpt lat="37.83118" lon="-122.17874"><ele>396.57000000000005</ele></trkpt>
    <trkpt lat="37.83115" lon="-122.17829"><ele>391.62</ele></trkpt>
    <trkpt lat="37.83104" lon="-122.17788000000002"><ele>390.49000000000007</ele></trkpt>
    <trkpt lat="37.8309" lon="-122.17748000000002"><ele>390.28000000000003</ele></trkpt>
    <trkpt lat="37.830670000000005" lon="-122.1769"><ele>386.59000000000003</ele></trkpt>
    <trkpt lat="37.83059" lon="-122.17677"><ele>385.53000000000003</ele></trkpt>
    <trkpt lat="37.83012" lon="-122.17633000000001"><ele>382.99000000000007</ele></trkpt>
    <trkpt lat="37.82966500056005" lon="-122.17592499738389"><ele>378.01</ele></trkpt>
    <trkpt lat="37.82921" lon="-122.17552"><ele>374.68</ele></trkpt>
    <trkpt lat="37.82873" lon="-122.17516"><ele>377.77000000000004</ele></trkpt>
    <trkpt lat="37.82867" lon="-122.17505000000001"><ele>377.45</ele></trkpt>
    <trkpt lat="37.828540000000004" lon="-122.17463000000001"><ele>375.19</ele></trkpt>
    <trkpt lat="37.8284" lon="-122.17385000000002"><ele>369.1700000000001</ele></trkpt>
    <trkpt lat="37.8282" lon="-122.17332"><ele>367.00000000000006</ele></trkpt>
    <trkpt lat="37.82808" lon="-122.1731"><ele>367.52</ele></trkpt>
    <trkpt lat="37.828" lon="-122.17301"><ele>368.18</ele></trkpt>
    <trkpt lat="37.82759" lon="-122.1727"><ele>371.23</ele></trkpt>
    <trkpt lat="37.82741" lon="-122.17252"><ele>370.22</ele></trkpt>
    <trkpt lat="37.82734000000001" lon="-122.17239000000001"><ele>369.37</ele></trkpt>
    <trkpt lat="37.82735" lon="-122.17202"><ele>363.06000000000006</ele></trkpt>
    <trkpt lat="37.82744" lon="-122.17162"><ele>359.78000000000003</ele></trkpt>
    <trkpt lat="37.827470000000005" lon="-122.17135"><ele>356.90000000000003</ele></trkpt>
    <trkpt lat="37.827400000000004" lon="-122.171"><ele>353.50000000000006</ele></trkpt>
    <trkpt lat="37.82719" lon="-122.17054000000002"><ele>350.98</ele></trkpt>
    <trkpt lat="37.827070000000006" lon="-122.17037"><ele>350.29</ele></trkpt>
    <trkpt lat="37.826760001569326" lon="-122.16975999743032"><ele>345.25</ele></trkpt>
    <trkpt lat="37.82645" lon="-122.16915000000002"><ele>339.93</ele></trkpt>
    <trkpt lat="37.826220000000006" lon="-122.16872000000001"><ele>333.78000000000003</ele></trkpt>
    <trkpt lat="37.82585" lon="-122.16821000000002"><ele>329.24</ele></trkpt>
    <trkpt lat="37.82528000000001" lon="-122.16758000000002"><ele>327.6</ele></trkpt>
    <trkpt lat="37.8248" lon="-122.16698000000001"><ele>322.15000000000003</ele></trkpt>
    <trkpt lat="37.82448500097776" lon="-122.16647499768376"><ele>321.59000000000003</ele></trkpt>
    <trkpt lat="37.82417" lon="-122.16597000000002"><ele>328.16</ele></trkpt>
    <trkpt lat="37.823930000000004" lon="-122.16568000000001"><ele>330.41</ele></trkpt>
    <trkpt lat="37.82372" lon="-122.16558"><ele>330.08000000000004</ele></trkpt>
    <trkpt lat="37.82312500015919" lon="-122.16537999838428"><ele>329.87000000000006</ele></trkpt>
    <trkpt lat="37.82253" lon="-122.16518"><ele>337.39000000000004</ele></trkpt>
    <trkpt lat="37.82245" lon="-122.16514000000001"><ele>337.62</ele></trkpt>
    <trkpt lat="37.82233" lon="-122.16503000000002"><ele>337.9200000000001</ele></trkpt>
    <trkpt lat="37.82211" lon="-122.16473"><ele>337.27</ele></trkpt>
    <trkpt lat="37.82182500084166" lon="-122.16427999823976"><ele>336.14000000000004</ele></trkpt>
    <trkpt lat="37.821540000000006" lon="-122.16383"><ele>332.79</ele></trkpt>
    <trkpt lat="37.821270000000005" lon="-122.16308000000001"><ele>331.79</ele></trkpt>
    <trkpt lat="37.821110000000004" lon="-122.16276"><ele>333.84000000000003</ele></trkpt>
    <trkpt lat="37.82060000241754" lon="-122.16199499462984"><ele>333.68</ele></trkpt>
    <trkpt lat="37.82009" lon="-122.16123"><ele>331.62</ele></trkpt>
    <trkpt lat="37.819825000964514" lon="-122.16073499808986"><ele>330.58000000000004</ele></trkpt>
    <trkpt lat="37.81956" lon="-122.16024000000002"><ele>331.77</ele></trkpt>
    <trkpt lat="37.8192600008513" lon="-122.15977499801298"><ele>331.55</ele></trkpt>
    <trkpt lat="37.818960000000004" lon="-122.15931"><ele>331.63000000000005</ele></trkpt>
    <trkpt lat="37.81868" lon="-122.15895"><ele>335.02000000000004</ele></trkpt>
    <trkpt lat="37.818430000000006" lon="-122.15847000000001"><ele>334.32</ele></trkpt>
    <trkpt lat="37.81832" lon="-122.15824"><ele>332.56</ele></trkpt>
    <trkpt lat="37.81804" lon="-122.15756"><ele>329.68</ele></trkpt>
    <trkpt lat="37.81765" lon="-122.15686000000001"><ele>333.23</ele></trkpt>
    <trkpt lat="37.817550000000004" lon="-122.15671"><ele>333.37</ele></trkpt>
    <trkpt lat="37.81739" lon="-122.15653"><ele>333.64000000000004</ele></trkpt>
    <trkpt lat="37.816840000000006" lon="-122.15609"><ele>332.90000000000003</ele></trkpt>
    <trkpt lat="37.81667" lon="-122.15591"><ele>333.47</ele></trkpt>
    <trkpt lat="37.816460000000006" lon="-122.1556"><ele>332.79</ele></trkpt>
    <trkpt lat="37.816340000000004" lon="-122.15533"><ele>330.32</ele></trkpt>
    <trkpt lat="37.81622" lon="-122.15471000000001"><ele>325.28000000000003</ele></trkpt>
    <trkpt lat="37.81602" lon="-122.15425"><ele>324.72</ele></trkpt>
    <trkpt lat="37.815690000000004" lon="-122.15376"><ele>324.65000000000003</ele></trkpt>
    <trkpt lat="37.81541" lon="-122.15349"><ele>326.31000000000006</ele></trkpt>
    <trkpt lat="37.815250000000006" lon="-122.15330000000002"><ele>327.0</ele></trkpt>
    <trkpt lat="37.815020000000004" lon="-122.15292000000001"><ele>327.12</ele></trkpt>
    <trkpt lat="37.814980000000006" lon="-122.15282"><ele>326.65000000000003</ele></trkpt>
    <trkpt lat="37.81497" lon="-122.15272000000002"><ele>326.29</ele></trkpt>
    <trkpt lat="37.81501" lon="-122.15241"><ele>324.31000000000006</ele></trkpt>
    <trkpt lat="37.8151" lon="-122.15214000000002"><ele>320.41</ele></trkpt>
    <trkpt lat="37.815290000000005" lon="-122.15169000000002"><ele>315.65000000000003</ele></trkpt>
    <trkpt lat="37.81535" lon="-122.1513"><ele>309.35</ele></trkpt>
    <trkpt lat="37.815310000000004" lon="-122.15107"><ele>308.33000000000004</ele></trkpt>
    <trkpt lat="37.81506" lon="-122.15046000000001"><ele>303.41</ele></trkpt>
    <trkpt lat="37.81481" lon="-122.14955"><ele>306.21000000000004</ele></trkpt>
    <trkpt lat="37.81467" lon="-122.14924"><ele>308.93</ele></trkpt>
    <trkpt lat="37.81443" lon="-122.14887000000002"><ele>308.69</ele></trkpt>
    <trkpt lat="37.81447" lon="-122.14880000000001"><ele>307.68</ele></trkpt>
    <trkpt lat="37.81448" lon="-122.14865"><ele>305.53000000000003</ele></trkpt>
    <trkpt lat="37.81445" lon="-122.14852"><ele>305.53000000000003</ele></trkpt>
    <trkpt lat="37.81429" lon="-122.14834"><ele>303.25</ele></trkpt>
    <trkpt lat="37.81429" lon="-122.14816"><ele>301.75</ele></trkpt>
    <trkpt lat="37.81427" lon="-122.14807"><ele>301.24</ele></trkpt>
    <trkpt lat="37.81412" lon="-122.14794"><ele>297.72</ele></trkpt>
    <trkpt lat="37.81414" lon="-122.1479"><ele>297.72</ele></trkpt>
    <trkpt lat="37.8142" lon="-122.14794"><ele>295.55</ele></trkpt>
    <trkpt lat="37.81429" lon="-122.14794"><ele>294.8</ele></trkpt>
    <trkpt lat="37.81439" lon="-122.14798"><ele>294.01000000000005</ele></trkpt>
    <trkpt lat="37.81454" lon="-122.14816"><ele>289.32</ele></trkpt>
    <trkpt lat="37.81463" lon="-122.14820000000002"><ele>288.18000000000006</ele></trkpt>
    <trkpt lat="37.815070000000006" lon="-122.14843"><ele>278.37</ele></trkpt>
    <trkpt lat="37.815110000000004" lon="-122.14842000000002"><ele>277.41</ele></trkpt>
    <trkpt lat="37.814960000000006" lon="-122.14812"><ele>272.25000000000006</ele></trkpt>
    <trkpt lat="37.81494" lon="-122.14802000000002"><ele>272.25000000000006</ele></trkpt>
    <trkpt lat="37.81495" lon="-122.14785"><ele>268.83</ele></trkpt>
    <trkpt lat="37.814930000000004" lon="-122.14771"><ele>266.36</ele></trkpt>
    <trkpt lat="37.814870000000006" lon="-122.14758"><ele>264.65</ele></trkpt>
    <trkpt lat="37.81472" lon="-122.14744"><ele>258.76000000000005</ele></trkpt>
    <trkpt lat="37.81472" lon="-122.1474"><ele>258.76000000000005</ele></trkpt>
    <trkpt lat="37.814780000000006" lon="-122.1474"><ele>258.76000000000005</ele></trkpt>
    <trkpt lat="37.81503" lon="-122.14726000000002"><ele>252.13000000000002</ele></trkpt>
    <trkpt lat="37.81539" lon="-122.14735"><ele>246.45000000000002</ele></trkpt>
    <trkpt lat="37.81568" lon="-122.14758"><ele>242.75000000000003</ele></trkpt>
    <trkpt lat="37.815920000000006" lon="-122.14768000000001"><ele>239.59000000000003</ele></trkpt>
    <trkpt lat="37.81608000000001" lon="-122.14772"><ele>237.22</ele></trkpt>
    <trkpt lat="37.81615" lon="-122.14784000000002"><ele>235.71000000000004</ele></trkpt>
    <trkpt lat="37.816140000000004" lon="-122.14794"><ele>235.28</ele></trkpt>
    <trkpt lat="37.816100000000006" lon="-122.14807"><ele>234.53</ele></trkpt>
    <trkpt lat="37.81609" lon="-122.14821"><ele>233.60000000000002</ele></trkpt>
    <trkpt lat="37.81611" lon="-122.14842000000002"><ele>231.49000000000004</ele></trkpt>
    <trkpt lat="37.816140000000004" lon="-122.14843"><ele>230.65</ele></trkpt>
    <trkpt lat="37.81617" lon="-122.14842000000002"><ele>230.65</ele></trkpt>
    <trkpt lat="37.8162" lon="-122.14816"><ele>225.44000000000003</ele></trkpt>
    <trkpt lat="37.816250000000004" lon="-122.14807"><ele>225.44000000000003</ele></trkpt>
    <trkpt lat="37.816460000000006" lon="-122.14794"><ele>220.39000000000001</ele></trkpt>
    <trkpt lat="37.81653" lon="-122.14785"><ele>219.00000000000003</ele></trkpt>
    <trkpt lat="37.8166" lon="-122.1478"><ele>217.19000000000003</ele></trkpt>
    <trkpt lat="37.81662" lon="-122.14767"><ele>216.54</ele></trkpt>
    <trkpt lat="37.81664" lon="-122.14762"><ele>215.84</ele></trkpt>
    <trkpt lat="37.816680000000005" lon="-122.14766000000002"><ele>213.65</ele></trkpt>
    <trkpt lat="37.81678" lon="-122.14793000000002"><ele>210.81000000000003</ele></trkpt>
    <trkpt lat="37.816770000000005" lon="-122.14799000000001"><ele>210.81000000000003</ele></trkpt>
    <trkpt lat="37.816680000000005" lon="-122.14816"><ele>207.77</ele></trkpt>
    <trkpt lat="37.81669" lon="-122.14838"><ele>204.94</ele></trkpt>
    <trkpt lat="37.81671" lon="-122.14843"><ele>204.21000000000004</ele></trkpt>
    <trkpt lat="37.816810000000004" lon="-122.14842000000002"><ele>202.87</ele></trkpt>
    <trkpt lat="37.816840000000006" lon="-122.14843"><ele>201.38</ele></trkpt>
    <trkpt lat="37.81685" lon="-122.14857"><ele>199.46</ele></trkpt>
    <trkpt lat="37.81689" lon="-122.14861"><ele>198.74000000000004</ele></trkpt>
    <trkpt lat="37.81701" lon="-122.14856"><ele>197.44</ele></trkpt>
    <trkpt lat="37.81702000000001" lon="-122.14874"><ele>195.20000000000002</ele></trkpt>
    <trkpt lat="37.81705" lon="-122.14879"><ele>194.72</ele></trkpt>
    <trkpt lat="37.81711" lon="-122.14879"><ele>194.29000000000002</ele></trkpt>
    <trkpt lat="37.81721" lon="-122.14874"><ele>193.48000000000002</ele></trkpt>
    <trkpt lat="37.81745" lon="-122.14874"><ele>193.28</ele></trkpt>
    <trkpt lat="37.81749000000001" lon="-122.14878000000002"><ele>192.98000000000002</ele></trkpt>
    <trkpt lat="37.817510000000006" lon="-122.14887000000002"><ele>191.94000000000003</ele></trkpt>
    <trkpt lat="37.81757" lon="-122.14883"><ele>191.27</ele></trkpt>
    <trkpt lat="37.817600000000006" lon="-122.1487"><ele>189.15</ele></trkpt>
    <trkpt lat="37.81765" lon="-122.1487"><ele>188.54000000000002</ele></trkpt>
    <trkpt lat="37.8177" lon="-122.14879"><ele>188.01000000000002</ele></trkpt>
    <trkpt lat="37.81772" lon="-122.14892"><ele>186.60000000000002</ele></trkpt>
    <trkpt lat="37.81779" lon="-122.14896000000002"><ele>185.41000000000003</ele></trkpt>
    <trkpt lat="37.817870000000006" lon="-122.14892"><ele>184.65</ele></trkpt>
    <trkpt lat="37.817890000000006" lon="-122.14883"><ele>183.04</ele></trkpt>
    <trkpt lat="37.817840000000004" lon="-122.1487"><ele>181.64000000000001</ele></trkpt>
    <trkpt lat="37.81783" lon="-122.14856"><ele>178.12000000000003</ele></trkpt>
    <trkpt lat="37.81772" lon="-122.14834"><ele>176.58</ele></trkpt>
    <trkpt lat="37.81765" lon="-122.14827000000001"><ele>176.58</ele></trkpt>
    <trkpt lat="37.81754" lon="-122.14829"><ele>175.5</ele></trkpt>
    <trkpt lat="37.81748" lon="-122.14825"><ele>175.12000000000003</ele></trkpt>
    <trkpt lat="37.817460000000004" lon="-122.14813000000001"><ele>173.98000000000002</ele></trkpt>
    <trkpt lat="37.81752" lon="-122.14802000000002"><ele>172.35</ele></trkpt>
    <trkpt lat="37.817600000000006" lon="-122.14794"><ele>169.6</ele></trkpt>
    <trkpt lat="37.81779" lon="-122.14794"><ele>166.54000000000002</ele></trkpt>
    <trkpt lat="37.817820000000005" lon="-122.14789"><ele>165.97</ele></trkpt>
    <trkpt lat="37.817780000000006" lon="-122.14781"><ele>165.12</ele></trkpt>
    <trkpt lat="37.817690000000006" lon="-122.14776"><ele>164.18</ele></trkpt>
    <trkpt lat="37.817640000000004" lon="-122.14767"><ele>163.82000000000002</ele></trkpt>
    <trkpt lat="37.81763" lon="-122.14758"><ele>162.86</ele></trkpt>
    <trkpt lat="37.81774" lon="-122.14754"><ele>161.10000000000002</ele></trkpt>
    <trkpt lat="37.81774" lon="-122.14749"><ele>161.10000000000002</ele></trkpt>
    <trkpt lat="37.81772" lon="-122.14744"><ele>160.0</ele></trkpt>
    <trkpt lat="37.817660000000004" lon="-122.1474"><ele>159.4</ele></trkpt>
    <trkpt lat="37.817660000000004" lon="-122.14732000000001"><ele>158.72</ele></trkpt>
    <trkpt lat="37.817710000000005" lon="-122.14728000000001"><ele>157.22000000000003</ele></trkpt>
    <trkpt lat="37.81801" lon="-122.14736"><ele>154.03</ele></trkpt>
    <trkpt lat="37.818310000000004" lon="-122.14687"><ele>154.51000000000002</ele></trkpt>
    <trkpt lat="37.818348020226594" lon="-122.14673774001521"><ele>154.51000000000002</ele></trkpt>
    <trkpt lat="37.818380000000005" lon="-122.14653000000001"><ele>152.94000000000003</ele></trkpt>
    <trkpt lat="37.818436360517055" lon="-122.14651295666138"><ele>153.35037593083234</ele></trkpt>
    <trkpt lat="37.8186" lon="-122.14628"><ele>153.91000000000003</ele></trkpt>
    <trkpt lat="37.81855" lon="-122.14615"><ele>152.89000000000001</ele></trkpt>
    <trkpt lat="37.818560000000005" lon="-122.14608000000001"><ele>152.44000000000003</ele></trkpt>
    <trkpt lat="37.81852000000001" lon="-122.14591000000001"><ele>152.16000000000003</ele></trkpt>
    <trkpt lat="37.81812" lon="-122.14565"><ele>159.88000000000002</ele></trkpt>
    <trkpt lat="37.818110000000004" lon="-122.14543"><ele>163.08</ele></trkpt>
    <trkpt lat="37.81801" lon="-122.14521"><ele>165.67000000000002</ele></trkpt>
    <trkpt lat="37.818200000000004" lon="-122.14531000000001"><ele>170.25</ele></trkpt>
    <trkpt lat="37.81828" lon="-122.14539"><ele>171.87000000000003</ele></trkpt>
    <trkpt lat="37.818430000000006" lon="-122.14547"><ele>173.43</ele></trkpt>
    <trkpt lat="37.818560000000005" lon="-122.14543"><ele>173.94</ele></trkpt>
    <trkpt lat="37.81875" lon="-122.14525"><ele>175.19</ele></trkpt>
    <trkpt lat="37.818850000000005" lon="-122.14508000000001"><ele>176.38</ele></trkpt>
    <trkpt lat="37.819190000000006" lon="-122.1448"><ele>180.35</ele></trkpt>
    <trkpt lat="37.81918" lon="-122.14476"><ele>180.85</ele></trkpt>
    <trkpt lat="37.819250000000004" lon="-122.14449"><ele>183.88000000000002</ele></trkpt>
    <trkpt lat="37.8194" lon="-122.14444"><ele>185.73</ele></trkpt>
    <trkpt lat="37.819480000000006" lon="-122.14450000000001"><ele>186.78</ele></trkpt>
    <trkpt lat="37.819610000000004" lon="-122.14458"><ele>187.95</ele></trkpt>
    <trkpt lat="37.819840000000006" lon="-122.14444"><ele>193.67000000000002</ele></trkpt>
    <trkpt lat="37.819970000000005" lon="-122.14444"><ele>195.08</ele></trkpt>
    <trkpt lat="37.82007" lon="-122.14428000000001"><ele>197.51000000000002</ele></trkpt>
    <trkpt lat="37.82016" lon="-122.144"><ele>199.45000000000002</ele></trkpt>
    <trkpt lat="37.820240000000005" lon="-122.14386"><ele>200.47</ele></trkpt>
    <trkpt lat="37.820420000000006" lon="-122.14373"><ele>201.33</ele></trkpt>
    <trkpt lat="37.820530000000005" lon="-122.14359"><ele>200.27</ele></trkpt>
    <trkpt lat="37.82061" lon="-122.14355"><ele>199.72</ele></trkpt>
    <trkpt lat="37.82074" lon="-122.14333"><ele>196.79000000000002</ele></trkpt>
    <trkpt lat="37.820690000000006" lon="-122.14307000000001"><ele>194.98000000000002</ele></trkpt>
    <trkpt lat="37.82079" lon="-122.1427"><ele>194.53</ele></trkpt>
    <trkpt lat="37.82085" lon="-122.14262000000001"><ele>195.05</ele></trkpt>
    <trkpt lat="37.82083" lon="-122.14243"><ele>195.94</ele></trkpt>
    <trkpt lat="37.82092" lon="-122.14202000000002"><ele>196.01000000000002</ele></trkpt>
    <trkpt lat="37.820980000000006" lon="-122.14194"><ele>195.53</ele></trkpt>
    <trkpt lat="37.82112" lon="-122.14203"><ele>194.65</ele></trkpt>
    <trkpt lat="37.82128" lon="-122.14225"><ele>193.89000000000001</ele></trkpt>
    <trkpt lat="37.821360000000006" lon="-122.1423"><ele>193.44000000000003</ele></trkpt>
    <trkpt lat="37.821450000000006" lon="-122.14229000000002"><ele>193.13000000000002</ele></trkpt>
    <trkpt lat="37.82155" lon="-122.14216"><ele>192.42000000000002</ele></trkpt>
    <trkpt lat="37.821850000000005" lon="-122.14146000000001"><ele>189.41000000000003</ele></trkpt>
    <trkpt lat="37.822" lon="-122.14131"><ele>189.64</ele></trkpt>
    <trkpt lat="37.822070000000004" lon="-122.14110000000001"><ele>190.91000000000003</ele></trkpt>
    <trkpt lat="37.822190000000006" lon="-122.14091"><ele>191.74</ele></trkpt>
    <trkpt lat="37.82227" lon="-122.14073"><ele>192.75</ele></trkpt>
    <trkpt lat="37.82245" lon="-122.14016000000001"><ele>194.70000000000002</ele></trkpt>
    <trkpt lat="37.822540000000004" lon="-122.14007000000001"><ele>194.53</ele></trkpt>
    <trkpt lat="37.822750000000006" lon="-122.13992"><ele>191.56</ele></trkpt>
    <trkpt lat="37.82285" lon="-122.13979"><ele>188.39</ele></trkpt>
    <trkpt lat="37.822900000000004" lon="-122.13956"><ele>181.11</ele></trkpt>
    <trkpt lat="37.82285" lon="-122.13925"><ele>175.73000000000002</ele></trkpt>
    <trkpt lat="37.822750000000006" lon="-122.13903"><ele>172.29000000000002</ele></trkpt>
    <trkpt lat="37.822340000000004" lon="-122.13854"><ele>167.17000000000002</ele></trkpt>
    <trkpt lat="37.82218" lon="-122.13822"><ele>164.20000000000002</ele></trkpt>
    <trkpt lat="37.822" lon="-122.13790000000002"><ele>162.16000000000003</ele></trkpt>
    <trkpt lat="37.82186" lon="-122.13751"><ele>159.42000000000002</ele></trkpt>
    <trkpt lat="37.821650000000005" lon="-122.13723000000002"><ele>156.58</ele></trkpt>
    <trkpt lat="37.82151" lon="-122.13711"><ele>156.58</ele></trkpt>
    <trkpt lat="37.821110000000004" lon="-122.13649000000001"><ele>151.97000000000003</ele></trkpt>
    <trkpt lat="37.82099" lon="-122.13635000000001"><ele>151.13000000000002</ele></trkpt>
    <trkpt lat="37.82095" lon="-122.13626000000001"><ele>150.92</ele></trkpt>
    <trkpt lat="37.820910000000005" lon="-122.13593000000002"><ele>148.53000000000003</ele></trkpt>
    <trkpt lat="37.820800000000006" lon="-122.13567"><ele>147.08</ele></trkpt>
    <trkpt lat="37.820800000000006" lon="-122.13537000000001"><ele>146.15</ele></trkpt>
    <trkpt lat="37.82083" lon="-122.13528000000001"><ele>146.03000000000003</ele></trkpt>
    <trkpt lat="37.820930000000004" lon="-122.13510000000001"><ele>145.72000000000003</ele></trkpt>
    <trkpt lat="37.82096000000001" lon="-122.13473"><ele>144.49</ele></trkpt>
    <trkpt lat="37.82104" lon="-122.13459000000002"><ele>144.21</ele></trkpt>
    <trkpt lat="37.82114" lon="-122.13446"><ele>143.94</ele></trkpt>
    <trkpt lat="37.821270000000005" lon="-122.13442"><ele>144.04</ele></trkpt>
    <trkpt lat="37.82144" lon="-122.13446"><ele>144.4</ele></trkpt>
    <trkpt lat="37.82153" lon="-122.13441000000002"><ele>144.33</ele></trkpt>
    <trkpt lat="37.821600000000004" lon="-122.13428"><ele>143.98000000000002</ele></trkpt>
    <trkpt lat="37.821690000000004" lon="-122.13402"><ele>142.61</ele></trkpt>
    <trkpt lat="37.821740000000005" lon="-122.13396000000002"><ele>142.5</ele></trkpt>
    <trkpt lat="37.82189" lon="-122.13383"><ele>142.45000000000002</ele></trkpt>
    <trkpt lat="37.82209" lon="-122.13348"><ele>142.77</ele></trkpt>
    <trkpt lat="37.82215" lon="-122.1333"><ele>142.63</ele></trkpt>
    <trkpt lat="37.82218" lon="-122.13311000000002"><ele>143.05</ele></trkpt>
    <trkpt lat="37.82215" lon="-122.13303"><ele>143.46</ele></trkpt>
    <trkpt lat="37.82211" lon="-122.13299"><ele>143.46</ele></trkpt>
    <trkpt lat="37.821780000000004" lon="-122.1328"><ele>143.62000000000003</ele></trkpt>
    <trkpt lat="37.821540000000006" lon="-122.13289"><ele>144.27</ele></trkpt>
    <trkpt lat="37.821380000000005" lon="-122.13289"><ele>144.4</ele></trkpt>
    <trkpt lat="37.821180000000005" lon="-122.13289"><ele>144.63</ele></trkpt>
    <trkpt lat="37.82086" lon="-122.1328"><ele>144.62</ele></trkpt>
    <trkpt lat="37.82002000000001" lon="-122.13286000000001"><ele>144.61</ele></trkpt>
    <trkpt lat="37.81954999991901" lon="-122.13272499909499"><ele>144.61</ele></trkpt>
    <trkpt lat="37.81908" lon="-122.13259000000001"><ele>144.81000000000003</ele></trkpt>
    <trkpt lat="37.8183" lon="-122.13254"><ele>145.12</ele></trkpt>
    <trkpt lat="37.81796000000001" lon="-122.13254"><ele>144.50000000000003</ele></trkpt>
    <trkpt lat="37.817330000000005" lon="-122.13250000000001"><ele>143.87000000000003</ele></trkpt>
    <trkpt lat="37.81683500022117" lon="-122.13249499996874"><ele>143.78000000000003</ele></trkpt>
    <trkpt lat="37.816340000000004" lon="-122.13249"><ele>143.62000000000003</ele></trkpt>
    <trkpt lat="37.81593" lon="-122.13247000000001"><ele>143.51</ele></trkpt>
    <trkpt lat="37.815850000000005" lon="-122.13230000000001"><ele>143.53000000000003</ele></trkpt>
    <trkpt lat="37.815870000000004" lon="-122.13201000000001"><ele>144.24</ele></trkpt>
    <trkpt lat="37.815850000000005" lon="-122.13173"><ele>144.56000000000003</ele></trkpt>
    <trkpt lat="37.815740000000005" lon="-122.13151"><ele>144.72</ele></trkpt>
    <trkpt lat="37.81561000000001" lon="-122.13141000000002"><ele>145.58</ele></trkpt>
    <trkpt lat="37.81551" lon="-122.13137"><ele>145.58</ele></trkpt>
    <trkpt lat="37.81539" lon="-122.1312"><ele>146.58</ele></trkpt>
    <trkpt lat="37.81504" lon="-122.13100000000001"><ele>147.11</ele></trkpt>
    <trkpt lat="37.81485" lon="-122.13092"><ele>147.20000000000002</ele></trkpt>
    <trkpt lat="37.814620000000005" lon="-122.13089000000001"><ele>147.19000000000003</ele></trkpt>
    <trkpt lat="37.814490000000006" lon="-122.13101"><ele>147.74</ele></trkpt>
    <trkpt lat="37.813900000000004" lon="-122.13165000000001"><ele>153.24</ele></trkpt>
    <trkpt lat="37.813810000000004" lon="-122.13186"><ele>155.56</ele></trkpt>
    <trkpt lat="37.81362" lon="-122.13208000000002"><ele>157.67</ele></trkpt>
    <trkpt lat="37.813590000000005" lon="-122.13222"><ele>158.94000000000003</ele></trkpt>
    <trkpt lat="37.81333" lon="-122.13263"><ele>164.26000000000002</ele></trkpt>
    <trkpt lat="37.813210000000005" lon="-122.13272"><ele>165.38000000000002</ele></trkpt>
    <trkpt lat="37.813050000000004" lon="-122.13295000000001"><ele>165.94</ele></trkpt>
    <trkpt lat="37.812720000000006" lon="-122.13307"><ele>165.26000000000002</ele></trkpt>
    <trkpt lat="37.81253" lon="-122.13361"><ele>167.81</ele></trkpt>
    <trkpt lat="37.812160000000006" lon="-122.13388"><ele>169.55</ele></trkpt>
    <trkpt lat="37.811980000000005" lon="-122.13406"><ele>171.83</ele></trkpt>
    <trkpt lat="37.81188" lon="-122.13406"><ele>172.22</ele></trkpt>
    <trkpt lat="37.81168" lon="-122.13392"><ele>173.45000000000002</ele></trkpt>
    <trkpt lat="37.81141" lon="-122.13388"><ele>174.42000000000002</ele></trkpt>
    <trkpt lat="37.81129" lon="-122.13401"><ele>176.09000000000003</ele></trkpt>
    <trkpt lat="37.81120000000001" lon="-122.13406"><ele>176.34000000000003</ele></trkpt>
    <trkpt lat="37.811170000000004" lon="-122.13424"><ele>177.52</ele></trkpt>
    <trkpt lat="37.81107" lon="-122.13442"><ele>178.02</ele></trkpt>
    <trkpt lat="37.810880000000004" lon="-122.13456000000001"><ele>178.01</ele></trkpt>
    <trkpt lat="37.810680000000005" lon="-122.13468"><ele>178.86</ele></trkpt>
    <trkpt lat="37.810300000000005" lon="-122.13481000000002"><ele>178.96</ele></trkpt>
    <trkpt lat="37.810230000000004" lon="-122.13464"><ele>177.66</ele></trkpt>
    <trkpt lat="37.8102" lon="-122.13434000000001"><ele>173.31</ele></trkpt>
    <trkpt lat="37.81016" lon="-122.1342"><ele>171.96</ele></trkpt>
    <trkpt lat="37.80991" lon="-122.13416000000001"><ele>170.94</ele></trkpt>
    <trkpt lat="37.80979" lon="-122.13428"><ele>171.24</ele></trkpt>
    <trkpt lat="37.809630000000006" lon="-122.13437"><ele>172.33</ele></trkpt>
    <trkpt lat="37.809290000000004" lon="-122.13446"><ele>173.46</ele></trkpt>
    <trkpt lat="37.80917" lon="-122.13443000000001"><ele>171.82</ele></trkpt>
    <trkpt lat="37.80912" lon="-122.13428"><ele>169.6</ele></trkpt>
    <trkpt lat="37.809180000000005" lon="-122.13401"><ele>167.29000000000002</ele></trkpt>
    <trkpt lat="37.80913" lon="-122.13392"><ele>166.8</ele></trkpt>
    <trkpt lat="37.80903" lon="-122.13386000000001"><ele>166.8</ele></trkpt>
    <trkpt lat="37.809000000000005" lon="-122.13383"><ele>167.06</ele></trkpt>
    <trkpt lat="37.80875" lon="-122.13388"><ele>168.51000000000002</ele></trkpt>
    <trkpt lat="37.8087" lon="-122.13380000000001"><ele>168.64000000000001</ele></trkpt>
    <trkpt lat="37.808640000000004" lon="-122.13365"><ele>168.71000000000004</ele></trkpt>
    <trkpt lat="37.808640000000004" lon="-122.13355000000001"><ele>168.72</ele></trkpt>
    <trkpt lat="37.80852" lon="-122.13348"><ele>168.57000000000002</ele></trkpt>
    <trkpt lat="37.808310000000006" lon="-122.13353000000001"><ele>170.33</ele></trkpt>
    <trkpt lat="37.807970000000005" lon="-122.1337"><ele>176.92000000000002</ele></trkpt>
    <trkpt lat="37.80762" lon="-122.13371000000001"><ele>182.66000000000003</ele></trkpt>
    <trkpt lat="37.80747" lon="-122.13367000000001"><ele>184.16000000000003</ele></trkpt>
    <trkpt lat="37.80745" lon="-122.13357"><ele>185.11</ele></trkpt>
    <trkpt lat="37.80747" lon="-122.13325"><ele>187.46</ele></trkpt>
    <trkpt lat="37.80751" lon="-122.13307"><ele>189.56</ele></trkpt>
    <trkpt lat="37.807520000000004" lon="-122.1328"><ele>190.53</ele></trkpt>
    <trkpt lat="37.8074" lon="-122.13272"><ele>189.74</ele></trkpt>
    <trkpt lat="37.80709" lon="-122.13303"><ele>188.92</ele></trkpt>
    <trkpt lat="37.80678" lon="-122.13321"><ele>188.52</ele></trkpt>
    <trkpt lat="37.806450000000005" lon="-122.13303"><ele>186.74</ele></trkpt>
    <trkpt lat="37.80637" lon="-122.13294"><ele>185.58</ele></trkpt>
    <trkpt lat="37.806380000000004" lon="-122.13268000000001"><ele>182.33</ele></trkpt>
    <trkpt lat="37.806450000000005" lon="-122.13254"><ele>181.37</ele></trkpt>
    <trkpt lat="37.80639" lon="-122.13231"><ele>179.01</ele></trkpt>
    <trkpt lat="37.806290000000004" lon="-122.13208000000002"><ele>174.95000000000002</ele></trkpt>
    <trkpt lat="37.80644" lon="-122.13183000000001"><ele>172.41</ele></trkpt>
    <trkpt lat="37.806380000000004" lon="-122.1316"><ele>169.98000000000002</ele></trkpt>
    <trkpt lat="37.8063" lon="-122.13151"><ele>169.11</ele></trkpt>
    <trkpt lat="37.806090000000005" lon="-122.13177"><ele>165.43</ele></trkpt>
    <trkpt lat="37.80599" lon="-122.13195"><ele>164.07000000000002</ele></trkpt>
    <trkpt lat="37.80579" lon="-122.13195"><ele>163.27</ele></trkpt>
    <trkpt lat="37.80559" lon="-122.13214"><ele>163.92000000000002</ele></trkpt>
    <trkpt lat="37.80519" lon="-122.13231"><ele>167.48000000000002</ele></trkpt>
    <trkpt lat="37.8051" lon="-122.13227"><ele>168.84</ele></trkpt>
    <trkpt lat="37.805020000000006" lon="-122.13222"><ele>168.84</ele></trkpt>
    <trkpt lat="37.80494" lon="-122.13209"><ele>169.67000000000002</ele></trkpt>
    <trkpt lat="37.80489" lon="-122.13192000000001"><ele>169.89000000000001</ele></trkpt>
    <trkpt lat="37.804880000000004" lon="-122.13177"><ele>169.67000000000002</ele></trkpt>
    <trkpt lat="37.804840000000006" lon="-122.13164"><ele>168.62</ele></trkpt>
    <trkpt lat="37.804770000000005" lon="-122.13155"><ele>168.41</ele></trkpt>
    <trkpt lat="37.80469" lon="-122.13159000000002"><ele>168.31</ele></trkpt>
    <trkpt lat="37.804640000000006" lon="-122.13165000000001"><ele>168.79000000000002</ele></trkpt>
    <trkpt lat="37.80447" lon="-122.13174000000001"><ele>171.61</ele></trkpt>
    <trkpt lat="37.80436" lon="-122.13173"><ele>172.13</ele></trkpt>
    <trkpt lat="37.804300000000005" lon="-122.13168"><ele>172.65000000000003</ele></trkpt>
    <trkpt lat="37.80427" lon="-122.13156000000001"><ele>172.28</ele></trkpt>
    <trkpt lat="37.804210000000005" lon="-122.13152000000001"><ele>171.8</ele></trkpt>
    <trkpt lat="37.80398" lon="-122.13151"><ele>167.9</ele></trkpt>
    <trkpt lat="37.80369" lon="-122.13137"><ele>165.69</ele></trkpt>
    <trkpt lat="37.803610000000006" lon="-122.13123000000002"><ele>164.24</ele></trkpt>
    <trkpt lat="37.803580000000004" lon="-122.13106"><ele>163.68</ele></trkpt>
    <trkpt lat="37.803450000000005" lon="-122.13096000000002"><ele>163.59</ele></trkpt>
    <trkpt lat="37.803230000000006" lon="-122.13098000000001"><ele>164.84</ele></trkpt>
    <trkpt lat="37.80303" lon="-122.13106"><ele>166.56</ele></trkpt>
    <trkpt lat="37.80299" lon="-122.13114000000002"><ele>167.61</ele></trkpt>
    <trkpt lat="37.80284" lon="-122.13128"><ele>171.45000000000002</ele></trkpt>
    <trkpt lat="37.802760000000006" lon="-122.13128"><ele>171.98000000000002</ele></trkpt>
    <trkpt lat="37.8027" lon="-122.13124"><ele>172.75</ele></trkpt>
    <trkpt lat="37.802670000000006" lon="-122.13106"><ele>173.62000000000003</ele></trkpt>
    <trkpt lat="37.80259" lon="-122.13083"><ele>175.31000000000003</ele></trkpt>
    <trkpt lat="37.8025" lon="-122.13066"><ele>176.22</ele></trkpt>
    <trkpt lat="37.802400000000006" lon="-122.13056000000002"><ele>176.64000000000001</ele></trkpt>
    <trkpt lat="37.80227" lon="-122.13052"><ele>175.97</ele></trkpt>
    <trkpt lat="37.80221" lon="-122.13056000000002"><ele>175.53000000000003</ele></trkpt>
    <trkpt lat="37.80205" lon="-122.13075"><ele>173.52</ele></trkpt>
    <trkpt lat="37.80187" lon="-122.13088"><ele>170.47</ele></trkpt>
    <trkpt lat="37.80178" lon="-122.13088"><ele>170.09</ele></trkpt>
    <trkpt lat="37.801730000000006" lon="-122.13079"><ele>169.17000000000002</ele></trkpt>
    <trkpt lat="37.80165" lon="-122.13057"><ele>168.11</ele></trkpt>
    <trkpt lat="37.80165" lon="-122.13034"><ele>166.25</ele></trkpt>
    <trkpt lat="37.80169" lon="-122.13016"><ele>163.52</ele></trkpt>
    <trkpt lat="37.801750000000006" lon="-122.13003"><ele>161.61</ele></trkpt>
    <trkpt lat="37.801770000000005" lon="-122.12976"><ele>159.57000000000002</ele></trkpt>
    <trkpt lat="37.80207" lon="-122.12914"><ele>152.22000000000003</ele></trkpt>
    <trkpt lat="37.80203" lon="-122.12904"><ele>152.16000000000003</ele></trkpt>
    <trkpt lat="37.801770000000005" lon="-122.12908000000002"><ele>152.83</ele></trkpt>
    <trkpt lat="37.80162" lon="-122.12918"><ele>153.57000000000002</ele></trkpt>
    <trkpt lat="37.801390000000005" lon="-122.12926000000002"><ele>153.93</ele></trkpt>
    <trkpt lat="37.80093" lon="-122.12927"><ele>157.4</ele></trkpt>
    <trkpt lat="37.80068" lon="-122.12931"><ele>160.56</ele></trkpt>
    <trkpt lat="37.80039" lon="-122.12976"><ele>166.09</ele></trkpt>
    <trkpt lat="37.800320000000006" lon="-122.12976"><ele>166.53</ele></trkpt>
    <trkpt lat="37.800250000000005" lon="-122.12972"><ele>167.61</ele></trkpt>
    <trkpt lat="37.80019" lon="-122.12944000000002"><ele>172.67000000000002</ele></trkpt>
    <trkpt lat="37.80002" lon="-122.12913"><ele>176.23000000000002</ele></trkpt>
    <trkpt lat="37.79995" lon="-122.12877"><ele>177.49</ele></trkpt>
    <trkpt lat="37.79986" lon="-122.12851"><ele>178.37</ele></trkpt>
    <trkpt lat="37.79988" lon="-122.12825000000001"><ele>179.53000000000003</ele></trkpt>
    <trkpt lat="37.80004" lon="-122.12788"><ele>175.14000000000001</ele></trkpt>
    <trkpt lat="37.800270000000005" lon="-122.12757"><ele>171.04000000000002</ele></trkpt>
    <trkpt lat="37.800450000000005" lon="-122.12739"><ele>168.47</ele></trkpt>
    <trkpt lat="37.80053" lon="-122.12721"><ele>165.13000000000002</ele></trkpt>
    <trkpt lat="37.8004" lon="-122.12703"><ele>158.73000000000002</ele></trkpt>
    <trkpt lat="37.79974" lon="-122.12676"><ele>155.12</ele></trkpt>
    <trkpt lat="37.799440000000004" lon="-122.12662000000002"><ele>156.23000000000002</ele></trkpt>
    <trkpt lat="37.79907" lon="-122.12632"><ele>156.96</ele></trkpt>
    <trkpt lat="37.7991" lon="-122.12608000000002"><ele>154.88000000000002</ele></trkpt>
    <trkpt lat="37.799220000000005" lon="-122.12583000000001"><ele>151.91000000000003</ele></trkpt>
    <trkpt lat="37.79914" lon="-122.12568000000002"><ele>151.69000000000003</ele></trkpt>
    <trkpt lat="37.799040000000005" lon="-122.12569"><ele>152.50000000000003</ele></trkpt>
    <trkpt lat="37.79854" lon="-122.1256"><ele>162.19</ele></trkpt>
    <trkpt lat="37.79847" lon="-122.12552000000001"><ele>163.41</ele></trkpt>
    <trkpt lat="37.79845" lon="-122.12538"><ele>163.70000000000002</ele></trkpt>
    <trkpt lat="37.798480000000005" lon="-122.12525000000001"><ele>162.63000000000002</ele></trkpt>
    <trkpt lat="37.79871" lon="-122.12488"><ele>157.51000000000002</ele></trkpt>
    <trkpt lat="37.79872" lon="-122.12471000000001"><ele>156.62</ele></trkpt>
    <trkpt lat="37.79867" lon="-122.12467000000001"><ele>156.56</ele></trkpt>
    <trkpt lat="37.79845" lon="-122.12457"><ele>159.05</ele></trkpt>
    <trkpt lat="37.79825" lon="-122.12452"><ele>160.03</ele></trkpt>
    <trkpt lat="37.798010000000005" lon="-122.12452"><ele>159.54000000000002</ele></trkpt>
    <trkpt lat="37.79789" lon="-122.12449000000001"><ele>158.69000000000003</ele></trkpt>
    <trkpt lat="37.79773" lon="-122.12439"><ele>157.56</ele></trkpt>
    <trkpt lat="37.79769" lon="-122.1243"><ele>157.32000000000002</ele></trkpt>
    <trkpt lat="37.79769" lon="-122.12421"><ele>157.06</ele></trkpt>
    <trkpt lat="37.797760000000004" lon="-122.12398"><ele>155.71</ele></trkpt>
    <trkpt lat="37.797740000000005" lon="-122.12394"><ele>155.63000000000002</ele></trkpt>
    <trkpt lat="37.797670000000004" lon="-122.12391000000001"><ele>155.66000000000003</ele></trkpt>
    <trkpt lat="37.7973" lon="-122.12398"><ele>158.92000000000002</ele></trkpt>
    <trkpt lat="37.797050000000006" lon="-122.12398"><ele>160.46</ele></trkpt>
    <trkpt lat="37.796820000000004" lon="-122.12389"><ele>160.93</ele></trkpt>
    <trkpt lat="37.79665" lon="-122.12327"><ele>157.4</ele></trkpt>
    <trkpt lat="37.796620000000004" lon="-122.12295"><ele>155.56</ele></trkpt>
    <trkpt lat="37.7967" lon="-122.12282"><ele>155.47000000000003</ele></trkpt>
    <trkpt lat="37.79654" lon="-122.12273"><ele>156.18</ele></trkpt>
    <trkpt lat="37.79637" lon="-122.12270000000001"><ele>155.8</ele></trkpt>
    <trkpt lat="37.79621" lon="-122.12261000000001"><ele>154.7</ele></trkpt>
    <trkpt lat="37.795970000000004" lon="-122.12229"><ele>154.22000000000003</ele></trkpt>
    <trkpt lat="37.795840000000005" lon="-122.12201"><ele>153.85000000000002</ele></trkpt>
    <trkpt lat="37.79583" lon="-122.12166"><ele>153.14000000000001</ele></trkpt>
    <trkpt lat="37.79572" lon="-122.12131000000001"><ele>153.07000000000002</ele></trkpt>
    <trkpt lat="37.795840000000005" lon="-122.12107"><ele>153.14000000000001</ele></trkpt>
    <trkpt lat="37.796040000000005" lon="-122.12076"><ele>153.14000000000001</ele></trkpt>
    <trkpt lat="37.79665" lon="-122.12036"><ele>151.04</ele></trkpt>
    <trkpt lat="37.79706" lon="-122.11995"><ele>150.57</ele></trkpt>
    <trkpt lat="37.797380000000004" lon="-122.11979000000001"><ele>149.43</ele></trkpt>
    <trkpt lat="37.797540000000005" lon="-122.11978"><ele>147.81000000000003</ele></trkpt>
    <trkpt lat="37.79786" lon="-122.11955"><ele>143.02</ele></trkpt>
    <trkpt lat="37.79816" lon="-122.11924"><ele>146.04</ele></trkpt>
    <trkpt lat="37.79854" lon="-122.11892000000002"><ele>149.37</ele></trkpt>
    <trkpt lat="37.798930000000006" lon="-122.11861"><ele>150.29</ele></trkpt>
    <trkpt lat="37.79919" lon="-122.11844"><ele>150.16000000000003</ele></trkpt>
    <trkpt lat="37.799400000000006" lon="-122.11826"><ele>150.43</ele></trkpt>
    <trkpt lat="37.79959" lon="-122.11773000000001"><ele>151.79</ele></trkpt>
    <trkpt lat="37.79975" lon="-122.11758"><ele>151.42</ele></trkpt>
    <trkpt lat="37.799910000000004" lon="-122.11745"><ele>150.74</ele></trkpt>
    <trkpt lat="37.800000000000004" lon="-122.11726000000002"><ele>150.43</ele></trkpt>
    <trkpt lat="37.80026" lon="-122.11679000000001"><ele>149.25000000000003</ele></trkpt>
    <trkpt lat="37.800450000000005" lon="-122.11634000000001"><ele>149.73</ele></trkpt>
    <trkpt lat="37.800650000000005" lon="-122.1161"><ele>149.01</ele></trkpt>
    <trkpt lat="37.800830000000005" lon="-122.11593"><ele>147.4</ele></trkpt>
    <trkpt lat="37.801080000000006" lon="-122.11585000000001"><ele>146.26</ele></trkpt>
    <trkpt lat="37.80124" lon="-122.11576000000001"><ele>146.41</ele></trkpt>
    <trkpt lat="37.801480000000005" lon="-122.11550000000001"><ele>148.68</ele></trkpt>
    <trkpt lat="37.80165" lon="-122.11534"><ele>149.50000000000003</ele></trkpt>
    <trkpt lat="37.8021" lon="-122.11512"><ele>150.29</ele></trkpt>
    <trkpt lat="37.802400000000006" lon="-122.1149"><ele>150.82</ele></trkpt>
    <trkpt lat="37.80268" lon="-122.11467"><ele>150.63000000000002</ele></trkpt>
    <trkpt lat="37.80285000000001" lon="-122.11445"><ele>151.63000000000002</ele></trkpt>
    <trkpt lat="37.802980000000005" lon="-122.11432"><ele>151.68</ele></trkpt>
    <trkpt lat="37.80331" lon="-122.11418"><ele>148.77</ele></trkpt>
    <trkpt lat="37.8035" lon="-122.11391"><ele>149.19000000000003</ele></trkpt>
    <trkpt lat="37.80371" lon="-122.11382"><ele>149.50000000000003</ele></trkpt>
    <trkpt lat="37.80388000000001" lon="-122.11355"><ele>148.73</ele></trkpt>
    <trkpt lat="37.80406722941416" lon="-122.11330659152564"><ele>147.29765713910248</ele></trkpt>
    <trkpt lat="37.803760000000004" lon="-122.11328"><ele>144.65</ele></trkpt>
    <trkpt lat="37.80344" lon="-122.11315"><ele>144.24</ele></trkpt>
    <trkpt lat="37.80332000000001" lon="-122.11293"><ele>144.69</ele></trkpt>
    <trkpt lat="37.80341000000001" lon="-122.11258000000001"><ele>145.09000000000003</ele></trkpt>
    <trkpt lat="37.803850000000004" lon="-122.11216"><ele>147.87</ele></trkpt>
    <trkpt lat="37.80415" lon="-122.11182000000001"><ele>150.22000000000003</ele></trkpt>
    <trkpt lat="37.80473851509332" lon="-122.11155720544309"><ele>152.76</ele></trkpt>
    <trkpt lat="37.804894756287055" lon="-122.11154561461989"><ele>154.31</ele></trkpt>
    <trkpt lat="37.805305000054815" lon="-122.11174499880396"><ele>154.21</ele></trkpt>
    <trkpt lat="37.80574" lon="-122.11194"><ele>155.36</ele></trkpt>
    <trkpt lat="37.80597" lon="-122.11194"><ele>157.96</ele></trkpt>
    <trkpt lat="37.806090000000005" lon="-122.1119"><ele>158.74</ele></trkpt>
    <trkpt lat="37.806200000000004" lon="-122.11176"><ele>158.34</ele></trkpt>
    <trkpt lat="37.806400000000004" lon="-122.11132"><ele>155.56</ele></trkpt>
    <trkpt lat="37.80678" lon="-122.1114"><ele>157.56</ele></trkpt>
    <trkpt lat="37.80704" lon="-122.1114"><ele>159.82999999999998</ele></trkpt>
    <trkpt lat="37.80776" lon="-122.11118"><ele>159.59</ele></trkpt>
    <trkpt lat="37.808350000000004" lon="-122.11111000000001"><ele>167.04000000000002</ele></trkpt>
    <trkpt lat="37.80845" lon="-122.11118"><ele>167.3</ele></trkpt>
    <trkpt lat="37.80854" lon="-122.11127"><ele>167</ele></trkpt>
    <trkpt lat="37.808600000000006" lon="-122.11145"><ele>165.8</ele></trkpt>
    <trkpt lat="37.808710000000005" lon="-122.11163"><ele>162.54999999999998</ele></trkpt>
    <trkpt lat="37.80863" lon="-122.11191000000001"><ele>157.69000000000003</ele></trkpt>
    <trkpt lat="37.80872" lon="-122.11217"><ele>156.28</ele></trkpt>
    <trkpt lat="37.80863" lon="-122.11191000000001"><ele>157.69000000000003</ele></trkpt>
    <trkpt lat="37.808710000000005" lon="-122.11163"><ele>162.54999999999998</ele></trkpt>
    <trkpt lat="37.808600000000006" lon="-122.11145"><ele>165.8</ele></trkpt>
    <trkpt lat="37.80854" lon="-122.11127"><ele>167</ele></trkpt>
    <trkpt lat="37.80845" lon="-122.11118"><ele>167.3</ele></trkpt>
    <trkpt lat="37.808350000000004" lon="-122.11111000000001"><ele>167.04000000000002</ele></trkpt>
    <trkpt lat="37.80776" lon="-122.11118"><ele>159.59</ele></trkpt>
    <trkpt lat="37.80704" lon="-122.1114"><ele>159.82999999999998</ele></trkpt>
    <trkpt lat="37.80678" lon="-122.1114"><ele>157.56</ele></trkpt>
    <trkpt lat="37.806400000000004" lon="-122.11132"><ele>155.56</ele></trkpt>
    <trkpt lat="37.806200000000004" lon="-122.11176"><ele>158.34</ele></trkpt>
    <trkpt lat="37.806090000000005" lon="-122.1119"><ele>158.74</ele></trkpt>
    <trkpt lat="37.80597" lon="-122.11194"><ele>157.96</ele></trkpt>
    <trkpt lat="37.80574" lon="-122.11194"><ele>155.36</ele></trkpt>
    <trkpt lat="37.805305000054815" lon="-122.11174499880396"><ele>154.21</ele></trkpt>
    <trkpt lat="37.804894756287055" lon="-122.11154561461989"><ele>154.31</ele></trkpt>
    <trkpt lat="37.80478" lon="-122.11135000000002"><ele>154.84</ele></trkpt>
    <trkpt lat="37.804880000000004" lon="-122.11069"><ele>156.28</ele></trkpt>
    <trkpt lat="37.80503" lon="-122.10993"><ele>158.8</ele></trkpt>
    <trkpt lat="37.80521" lon="-122.10952"><ele>160.63000000000002</ele></trkpt>
    <trkpt lat="37.805460000970555" lon="-122.10903500168764"><ele>162.26000000000002</ele></trkpt>
    <trkpt lat="37.805710000000005" lon="-122.10855000000001"><ele>164.74</ele></trkpt>
    <trkpt lat="37.80599" lon="-122.10793000000001"><ele>165.83</ele></trkpt>
    <trkpt lat="37.806050000000006" lon="-122.10782"><ele>165.91</ele></trkpt>
    <trkpt lat="37.806250000000006" lon="-122.10750000000002"><ele>167.34</ele></trkpt>
    <trkpt lat="37.806610000000006" lon="-122.10706"><ele>170.42000000000002</ele></trkpt>
    <trkpt lat="37.80687500112934" lon="-122.10654500183182"><ele>173.04000000000002</ele></trkpt>
    <trkpt lat="37.807140000000004" lon="-122.10603"><ele>176.91</ele></trkpt>
    <trkpt lat="37.807430000000004" lon="-122.10531"><ele>178.24</ele></trkpt>
    <trkpt lat="37.80738" lon="-122.10473"><ele>178.91</ele></trkpt>
    <trkpt lat="37.807410000000004" lon="-122.10455"><ele>182.05</ele></trkpt>
    <trkpt lat="37.807410000000004" lon="-122.10397"><ele>184.68</ele></trkpt>
    <trkpt lat="37.80734" lon="-122.1037"><ele>187.15</ele></trkpt>
    <trkpt lat="37.807320000000004" lon="-122.10339"><ele>188.9</ele></trkpt>
    <trkpt lat="37.807120000000005" lon="-122.10303"><ele>190.16000000000003</ele></trkpt>
    <trkpt lat="37.807080000000006" lon="-122.10285"><ele>193.14000000000001</ele></trkpt>
    <trkpt lat="37.80715" lon="-122.10267"><ele>196.46</ele></trkpt>
    <trkpt lat="37.80718" lon="-122.1024"><ele>202.09</ele></trkpt>
    <trkpt lat="37.807300000000005" lon="-122.10204000000002"><ele>206.23</ele></trkpt>
    <trkpt lat="37.807300000000005" lon="-122.10195000000002"><ele>210.12</ele></trkpt>
    <trkpt lat="37.80724" lon="-122.10178"><ele>216.14000000000001</ele></trkpt>
    <trkpt lat="37.807280000000006" lon="-122.10159000000002"><ele>219.98000000000002</ele></trkpt>
    <trkpt lat="37.807280000000006" lon="-122.10152000000001"><ele>220.43</ele></trkpt>
    <trkpt lat="37.80725" lon="-122.10151"><ele>222.23</ele></trkpt>
    <trkpt lat="37.80724" lon="-122.10142"><ele>224.48000000000002</ele></trkpt>
    <trkpt lat="37.807280000000006" lon="-122.10134000000001"><ele>226.75</ele></trkpt>
    <trkpt lat="37.807370000000006" lon="-122.10128000000002"><ele>228.92</ele></trkpt>
    <trkpt lat="37.807390000000005" lon="-122.1012"><ele>230.60000000000002</ele></trkpt>
    <trkpt lat="37.80735" lon="-122.10115"><ele>230.60000000000002</ele></trkpt>
    <trkpt lat="37.80711" lon="-122.10093"><ele>237.23000000000002</ele></trkpt>
    <trkpt lat="37.80706" lon="-122.10084"><ele>238.56000000000003</ele></trkpt>
    <trkpt lat="37.807010000000005" lon="-122.10066"><ele>242.18</ele></trkpt>
    <trkpt lat="37.807030000000005" lon="-122.10056000000002"><ele>242.18</ele></trkpt>
    <trkpt lat="37.807230000000004" lon="-122.10018000000001"><ele>248.19000000000003</ele></trkpt>
    <trkpt lat="37.80725" lon="-122.10004"><ele>250.67</ele></trkpt>
    <trkpt lat="37.80729" lon="-122.09994"><ele>253.83</ele></trkpt>
    <trkpt lat="37.807370000000006" lon="-122.09985"><ele>256.41</ele></trkpt>
    <trkpt lat="37.807390000000005" lon="-122.09972"><ele>258.35</ele></trkpt>
    <trkpt lat="37.807280000000006" lon="-122.09940000000002"><ele>263.12</ele></trkpt>
    <trkpt lat="37.80713" lon="-122.09915000000001"><ele>267.76</ele></trkpt>
    <trkpt lat="37.807030000000005" lon="-122.09887"><ele>273.53</ele></trkpt>
    <trkpt lat="37.80695" lon="-122.09878"><ele>274.33000000000004</ele></trkpt>
    <trkpt lat="37.80684" lon="-122.09873"><ele>277.31</ele></trkpt>
    <trkpt lat="37.806740000000005" lon="-122.09874"><ele>278.96999999999997</ele></trkpt>
    <trkpt lat="37.80653" lon="-122.09882"><ele>282.91</ele></trkpt>
    <trkpt lat="37.80632000000001" lon="-122.09886000000002"><ele>286.23</ele></trkpt>
    <trkpt lat="37.80622" lon="-122.09882"><ele>287.92</ele></trkpt>
    <trkpt lat="37.80604" lon="-122.09869"><ele>290.15000000000003</ele></trkpt>
    <trkpt lat="37.805890000000005" lon="-122.09864"><ele>293.81</ele></trkpt>
    <trkpt lat="37.80588" lon="-122.0986"><ele>294.55</ele></trkpt>
    <trkpt lat="37.8061" lon="-122.09842"><ele>297.42</ele></trkpt>
    <trkpt lat="37.80644" lon="-122.0982"><ele>301.55</ele></trkpt>
    <trkpt lat="37.80657" lon="-122.09806"><ele>301.38000000000005</ele></trkpt>
    <trkpt lat="37.80662" lon="-122.09796000000001"><ele>300.6</ele></trkpt>
    <trkpt lat="37.8066" lon="-122.09761"><ele>294.76</ele></trkpt>
    <trkpt lat="37.806630000000006" lon="-122.09731000000001"><ele>290.28000000000003</ele></trkpt>
    <trkpt lat="37.80659" lon="-122.09727000000001"><ele>289.27000000000004</ele></trkpt>
    <trkpt lat="37.80637" lon="-122.09722000000001"><ele>280.90000000000003</ele></trkpt>
    <trkpt lat="37.80632000000001" lon="-122.09717"><ele>280.90000000000003</ele></trkpt>
    <trkpt lat="37.806270000000005" lon="-122.09691000000001"><ele>275.81</ele></trkpt>
    <trkpt lat="37.8063" lon="-122.09681"><ele>274.5</ele></trkpt>
    <trkpt lat="37.806540000000005" lon="-122.09681"><ele>272.94</ele></trkpt>
    <trkpt lat="37.80679000000001" lon="-122.09676"><ele>270.76</ele></trkpt>
    <trkpt lat="37.80727" lon="-122.0965"><ele>264.14000000000004</ele></trkpt>
    <trkpt lat="37.8074" lon="-122.0965"><ele>260.77</ele></trkpt>
    <trkpt lat="37.80744" lon="-122.09646000000001"><ele>259.75000000000006</ele></trkpt>
    <trkpt lat="37.807430000000004" lon="-122.09641"><ele>258.84000000000003</ele></trkpt>
    <trkpt lat="37.80735" lon="-122.09632"><ele>257.3</ele></trkpt>
    <trkpt lat="37.807210000000005" lon="-122.09628000000001"><ele>254.76000000000005</ele></trkpt>
    <trkpt lat="37.807030000000005" lon="-122.09632"><ele>252.76000000000005</ele></trkpt>
    <trkpt lat="37.80687" lon="-122.09627"><ele>250.95</ele></trkpt>
    <trkpt lat="37.80677" lon="-122.09619"><ele>248.83</ele></trkpt>
    <trkpt lat="37.80668" lon="-122.09619"><ele>247.54</ele></trkpt>
    <trkpt lat="37.806700000000006" lon="-122.09613000000002"><ele>246.98000000000002</ele></trkpt>
    <trkpt lat="37.806810000000006" lon="-122.09609"><ele>246.47000000000003</ele></trkpt>
    <trkpt lat="37.80735" lon="-122.09573"><ele>238.18000000000004</ele></trkpt>
    <trkpt lat="37.807520000000004" lon="-122.09556"><ele>233.38000000000002</ele></trkpt>
    <trkpt lat="37.80762" lon="-122.09538"><ele>231.78</ele></trkpt>
    <trkpt lat="37.807680000000005" lon="-122.09538"><ele>230.42000000000002</ele></trkpt>
    <trkpt lat="37.80778" lon="-122.09542"><ele>229.45000000000002</ele></trkpt>
    <trkpt lat="37.80801" lon="-122.09546000000002"><ele>227.94000000000003</ele></trkpt>
    <trkpt lat="37.80821" lon="-122.09555"><ele>226.99</ele></trkpt>
    <trkpt lat="37.80829000000001" lon="-122.09555"><ele>226.37</ele></trkpt>
    <trkpt lat="37.808530000000005" lon="-122.09537000000002"><ele>223.44000000000003</ele></trkpt>
    <trkpt lat="37.80868" lon="-122.09506"><ele>222.34</ele></trkpt>
    <trkpt lat="37.80877" lon="-122.09471"><ele>221.38000000000002</ele></trkpt>
    <trkpt lat="37.808840000000004" lon="-122.09467000000001"><ele>220.69000000000003</ele></trkpt>
    <trkpt lat="37.80895" lon="-122.09471"><ele>220.09</ele></trkpt>
    <trkpt lat="37.809270000000005" lon="-122.09515"><ele>220.09</ele></trkpt>
    <trkpt lat="37.80937" lon="-122.09547"><ele>220.09</ele></trkpt>
    <trkpt lat="37.80953" lon="-122.095597"><ele>219.86</ele></trkpt>
    <trkpt lat="37.809579" lon="-122.095635"><ele>220.29</ele></trkpt>
    <trkpt lat="37.809701" lon="-122.095624"><ele>220.11</ele></trkpt>
    <trkpt lat="37.809837" lon="-122.095587"><ele>219.89</ele></trkpt>
    <trkpt lat="37.809943" lon="-122.095496"><ele>218.91</ele></trkpt>
    <trkpt lat="37.810032" lon="-122.095356"><ele>217.66</ele></trkpt>
    <trkpt lat="37.810129" lon="-122.095217"><ele>213.47</ele></trkpt>
    <trkpt lat="37.810176" lon="-122.095061"><ele>210.37</ele></trkpt>
    <trkpt lat="37.810176" lon="-122.094895"><ele>206.64</ele></trkpt>
    <trkpt lat="37.810125" lon="-122.094702"><ele>201.70</ele></trkpt>
    <trkpt lat="37.810057" lon="-122.094503"><ele>198.26</ele></trkpt>
    <trkpt lat="37.810019" lon="-122.094369"><ele>196.26</ele></trkpt>
    <trkpt lat="37.810032" lon="-122.094192"><ele>193.28</ele></trkpt>
    <trkpt lat="37.810074" lon="-122.094069"><ele>191.56</ele></trkpt>
    <trkpt lat="37.81004" lon="-122.093956"><ele>189.24</ele></trkpt>
    <trkpt lat="37.809951" lon="-122.093892"><ele>187.04</ele></trkpt>
    <trkpt lat="37.809905" lon="-122.093843"><ele>186.25</ele></trkpt>
    <trkpt lat="37.80993" lon="-122.093806"><ele>185.86</ele></trkpt>
    <trkpt lat="37.809913" lon="-122.093746"><ele>186.15</ele></trkpt>
    <trkpt lat="37.809862" lon="-122.093634"><ele>188.52</ele></trkpt>
    <trkpt lat="37.809816" lon="-122.093452"><ele>190.13</ele></trkpt>
    <trkpt lat="37.80979" lon="-122.093237"><ele>192.98</ele></trkpt>
    <trkpt lat="37.809782" lon="-122.093023"><ele>196.30</ele></trkpt>
    <trkpt lat="37.809795" lon="-122.092824"><ele>198.71</ele></trkpt>
    <trkpt lat="37.809795" lon="-122.09269"><ele>202.42</ele></trkpt>
    <trkpt lat="37.80974" lon="-122.092615"><ele>203.71</ele></trkpt>
    <trkpt lat="37.809562" lon="-122.092572"><ele>205.68</ele></trkpt>
    <trkpt lat="37.80943" lon="-122.092524"><ele>206.84</ele></trkpt>
    <trkpt lat="37.80935" lon="-122.092481"><ele>207.84</ele></trkpt>
    <trkpt lat="37.809311" lon="-122.092465"><ele>208.84</ele></trkpt>
    <trkpt lat="37.809337" lon="-122.092422"><ele>209.93</ele></trkpt>
    <trkpt lat="37.809434" lon="-122.092406"><ele>210.47</ele></trkpt>
    <trkpt lat="37.809735" lon="-122.092282"><ele>213.38</ele></trkpt>
    <trkpt lat="37.809816" lon="-122.09225"><ele>214.06</ele></trkpt>
    <trkpt lat="37.809829" lon="-122.092197"><ele>214.88</ele></trkpt>
    <trkpt lat="37.810112" lon="-122.092086"><ele>218.48</ele></trkpt>
    <trkpt lat="37.810545" lon="-122.091805"><ele>221.87</ele></trkpt>
    <trkpt lat="37.81075" lon="-122.091722"><ele>222.16</ele></trkpt>
    <trkpt lat="37.810848" lon="-122.091738"><ele>221.35</ele></trkpt>
    <trkpt lat="37.810992" lon="-122.091588"><ele>219.69</ele></trkpt>
    <trkpt lat="37.811064" lon="-122.091577"><ele>219.12</ele></trkpt>
    <trkpt lat="37.811192" lon="-122.091627"><ele>218.12</ele></trkpt>
    <trkpt lat="37.811236" lon="-122.091647"><ele>218.11</ele></trkpt>
    <trkpt lat="37.811428" lon="-122.091636"><ele>214.91</ele></trkpt>
    <trkpt lat="37.811625" lon="-122.09177"><ele>208.60</ele></trkpt>
    <trkpt lat="37.81181" lon="-122.091797"><ele>205.87</ele></trkpt>
    <trkpt lat="37.81269" lon="-122.09182000000001"><ele>201.04000000000002</ele></trkpt>
    <trkpt lat="37.81286" lon="-122.0913"><ele>201.11</ele></trkpt>
    <trkpt lat="37.81318" lon="-122.09091000000001"><ele>205.6</ele></trkpt>
    <trkpt lat="37.8134" lon="-122.09027"><ele>203.83</ele></trkpt>
    <trkpt lat="37.81345" lon="-122.08979000000001"><ele>203.32000000000002</ele></trkpt>
    <trkpt lat="37.81345" lon="-122.08947"><ele>204.51000000000002</ele></trkpt>
    <trkpt lat="37.813590000000005" lon="-122.08924"><ele>205.15000000000003</ele></trkpt>
    <trkpt lat="37.813680000000005" lon="-122.08849000000001"><ele>206.51000000000002</ele></trkpt>
    <trkpt lat="37.81385" lon="-122.08839"><ele>206.88</ele></trkpt>
    <trkpt lat="37.81387" lon="-122.08772"><ele>209.83</ele></trkpt>
    <trkpt lat="37.81374" lon="-122.0875"><ele>211.91</ele></trkpt>
    <trkpt lat="37.813810000000004" lon="-122.08704000000002"><ele>216.61</ele></trkpt>
    <trkpt lat="37.813770000000005" lon="-122.08674"><ele>217.59</ele></trkpt>
    <trkpt lat="37.81382" lon="-122.08651"><ele>217.91000000000003</ele></trkpt>
    <trkpt lat="37.81382" lon="-122.08628000000002"><ele>217.74</ele></trkpt>
    <trkpt lat="37.81376" lon="-122.08593"><ele>217.04</ele></trkpt>
    <trkpt lat="37.81365" lon="-122.08567000000001"><ele>218.76000000000002</ele></trkpt>
    <trkpt lat="37.81382" lon="-122.0854"><ele>219.41000000000003</ele></trkpt>
    <trkpt lat="37.813840000000006" lon="-122.08516000000002"><ele>219.60000000000002</ele></trkpt>
    <trkpt lat="37.81362" lon="-122.08433000000001"><ele>221.91000000000003</ele></trkpt>
    <trkpt lat="37.813550000000006" lon="-122.08396"><ele>224.05</ele></trkpt>
    <trkpt lat="37.813570000000006" lon="-122.08375000000001"><ele>225.05</ele></trkpt>
    <trkpt lat="37.81365" lon="-122.08361000000001"><ele>225.44000000000003</ele></trkpt>
    <trkpt lat="37.81369" lon="-122.08347"><ele>226.35000000000002</ele></trkpt>
    <trkpt lat="37.81372" lon="-122.08298"><ele>228.28</ele></trkpt>
    <trkpt lat="37.813840000000006" lon="-122.08239"><ele>232.70000000000002</ele></trkpt>
    <trkpt lat="37.8138" lon="-122.08182000000001"><ele>238.04000000000002</ele></trkpt>
    <trkpt lat="37.81376" lon="-122.08160000000001"><ele>241.00000000000003</ele></trkpt>
    <trkpt lat="37.813680000000005" lon="-122.08146"><ele>243.88</ele></trkpt>
    <trkpt lat="37.81356" lon="-122.08132"><ele>247.14000000000001</ele></trkpt>
    <trkpt lat="37.8134" lon="-122.08066000000001"><ele>255.02</ele></trkpt>
    <trkpt lat="37.813250000000004" lon="-122.08033"><ele>261.23</ele></trkpt>
    <trkpt lat="37.81306" lon="-122.07997"><ele>265.88</ele></trkpt>
    <trkpt lat="37.81304" lon="-122.0798"><ele>266.96000000000004</ele></trkpt>
    <trkpt lat="37.81306" lon="-122.07966"><ele>267.24</ele></trkpt>
    <trkpt lat="37.813120000000005" lon="-122.07957"><ele>267.01000000000005</ele></trkpt>
    <trkpt lat="37.813460000000006" lon="-122.07961000000002"><ele>264.98</ele></trkpt>
    <trkpt lat="37.81363" lon="-122.07963000000001"><ele>264.49</ele></trkpt>
    <trkpt lat="37.813880000000005" lon="-122.0798"><ele>262.52000000000004</ele></trkpt>
    <trkpt lat="37.81411000000001" lon="-122.07975"><ele>262.79</ele></trkpt>
    <trkpt lat="37.814240000000005" lon="-122.07962"><ele>264.08000000000004</ele></trkpt>
    <trkpt lat="37.814420000000005" lon="-122.07939"><ele>264.96000000000004</ele></trkpt>
    <trkpt lat="37.81461" lon="-122.07926"><ele>265.96000000000004</ele></trkpt>
    <trkpt lat="37.814750000000004" lon="-122.07907000000002"><ele>267.69000000000005</ele></trkpt>
    <trkpt lat="37.814930000000004" lon="-122.07867000000002"><ele>273.73</ele></trkpt>
    <trkpt lat="37.815000000000005" lon="-122.07854"><ele>273.73</ele></trkpt>
    <trkpt lat="37.81526" lon="-122.07792"><ele>281.31</ele></trkpt>
    <trkpt lat="37.815310000000004" lon="-122.07774"><ele>284.46000000000004</ele></trkpt>
    <trkpt lat="37.81532" lon="-122.0776"><ele>285.39000000000004</ele></trkpt>
    <trkpt lat="37.815400000000004" lon="-122.07751"><ele>286.14</ele></trkpt>
    <trkpt lat="37.8155" lon="-122.07743"><ele>286.76</ele></trkpt>
    <trkpt lat="37.815560000000005" lon="-122.07733"><ele>287.8</ele></trkpt>
    <trkpt lat="37.81559" lon="-122.0772"><ele>289.89000000000004</ele></trkpt>
    <trkpt lat="37.81553000179428" lon="-122.07654999956316"><ele>301.02</ele></trkpt>
    <trkpt lat="37.815470000000005" lon="-122.0759"><ele>313.77000000000004</ele></trkpt>
    <trkpt lat="37.81539" lon="-122.07568"><ele>315.40000000000003</ele></trkpt>
    <trkpt lat="37.81512" lon="-122.07518"><ele>324.52000000000004</ele></trkpt>
    <trkpt lat="37.81468" lon="-122.0747"><ele>343.64</ele></trkpt>
    <trkpt lat="37.814370000000004" lon="-122.07443"><ele>349.53</ele></trkpt>
    <trkpt lat="37.813840000000006" lon="-122.07424"><ele>365.59000000000003</ele></trkpt>
    <trkpt lat="37.81335" lon="-122.07419000000002"><ele>378.06</ele></trkpt>
    <trkpt lat="37.81365" lon="-122.07389"><ele>386.3</ele></trkpt>
    <trkpt lat="37.81398" lon="-122.07348"><ele>399.15000000000003</ele></trkpt>
    <trkpt lat="37.814040000000006" lon="-122.07327000000001"><ele>403.93</ele></trkpt>
    <trkpt lat="37.81405" lon="-122.07308"><ele>406.09</ele></trkpt>
    <trkpt lat="37.81421" lon="-122.07223"><ele>430.7300000000001</ele></trkpt>
    <trkpt lat="37.814330000000005" lon="-122.07201"><ele>439.74</ele></trkpt>
    <trkpt lat="37.81438" lon="-122.07187"><ele>441.76000000000005</ele></trkpt>
    <trkpt lat="37.814370000000004" lon="-122.07161"><ele>445.12</ele></trkpt>
    <trkpt lat="37.81419" lon="-122.07138"><ele>449.82000000000005</ele></trkpt>
    <trkpt lat="37.814060000000005" lon="-122.07130000000001"><ele>451.76000000000005</ele></trkpt>
    <trkpt lat="37.813970000000005" lon="-122.07121000000001"><ele>453.21000000000004</ele></trkpt>
    <trkpt lat="37.81398" lon="-122.07112000000001"><ele>454.14000000000004</ele></trkpt>
    <trkpt lat="37.814040000000006" lon="-122.07107"><ele>457.23</ele></trkpt>
    <trkpt lat="37.814130000000006" lon="-122.07107"><ele>458.16</ele></trkpt>
    <trkpt lat="37.814310000000006" lon="-122.07115"><ele>463.67</ele></trkpt>
    <trkpt lat="37.81438" lon="-122.07115"><ele>463.67</ele></trkpt>
    <trkpt lat="37.81448" lon="-122.0712"><ele>466.87</ele></trkpt>
    <trkpt lat="37.81454" lon="-122.07115"><ele>469.75</ele></trkpt>
    <trkpt lat="37.814550000000004" lon="-122.07107"><ele>472.82</ele></trkpt>
    <trkpt lat="37.814510000000006" lon="-122.07094000000001"><ele>472.66</ele></trkpt>
    <trkpt lat="37.814370000000004" lon="-122.07076"><ele>477.0</ele></trkpt>
    <trkpt lat="37.814330000000005" lon="-122.07043000000002"><ele>481.57000000000005</ele></trkpt>
    <trkpt lat="37.81419" lon="-122.06968"><ele>493.21000000000004</ele></trkpt>
    <trkpt lat="37.81423" lon="-122.06949000000002"><ele>497.42</ele></trkpt>
    <trkpt lat="37.814330000000005" lon="-122.06924000000001"><ele>500.45000000000005</ele></trkpt>
    <trkpt lat="37.81448" lon="-122.0691"><ele>503.5900000000001</ele></trkpt>
    <trkpt lat="37.814600000000006" lon="-122.0691"><ele>504.82000000000005</ele></trkpt>
    <trkpt lat="37.81485" lon="-122.06918"><ele>509.09999999999997</ele></trkpt>
    <trkpt lat="37.814980000000006" lon="-122.06924000000001"><ele>510.57000000000005</ele></trkpt>
    <trkpt lat="37.815270000000005" lon="-122.06946"><ele>517.08</ele></trkpt>
    <trkpt lat="37.815360000000005" lon="-122.06951000000001"><ele>518.6500000000001</ele></trkpt>
    <trkpt lat="37.815430000000006" lon="-122.06949000000002"><ele>519.88</ele></trkpt>
    <trkpt lat="37.8156" lon="-122.06918"><ele>524.23</ele></trkpt>
    <trkpt lat="37.815810000000006" lon="-122.06887"><ele>527.1300000000001</ele></trkpt>
    <trkpt lat="37.816120000000005" lon="-122.06866000000001"><ele>531.07</ele></trkpt>
    <trkpt lat="37.816300000000005" lon="-122.06865"><ele>531.1100000000001</ele></trkpt>
    <trkpt lat="37.81642" lon="-122.06869"><ele>530.34</ele></trkpt>
    <trkpt lat="37.816480000000006" lon="-122.06878"><ele>530.34</ele></trkpt>
    <trkpt lat="37.816590000000005" lon="-122.06887"><ele>527.11</ele></trkpt>
    <trkpt lat="37.816770000000005" lon="-122.06915000000001"><ele>526.02</ele></trkpt>
    <trkpt lat="37.817130000000006" lon="-122.06928"><ele>526.94</ele></trkpt>
    <trkpt lat="37.81736" lon="-122.06946"><ele>526.83</ele></trkpt>
    <trkpt lat="37.81759" lon="-122.0695"><ele>528.07</ele></trkpt>
    <trkpt lat="37.81772" lon="-122.06955"><ele>528.76</ele></trkpt>
    <trkpt lat="37.81781" lon="-122.06964"><ele>529.0400000000001</ele></trkpt>
    <trkpt lat="37.817870000000006" lon="-122.06977"><ele>529.11</ele></trkpt>
    <trkpt lat="37.818000000000005" lon="-122.0699"><ele>529.42</ele></trkpt>
    <trkpt lat="37.81821" lon="-122.06996000000001"><ele>530.78</ele></trkpt>
    <trkpt lat="37.818340000000006" lon="-122.06996000000001"><ele>532.58</ele></trkpt>
    <trkpt lat="37.81861" lon="-122.0699"><ele>535.75</ele></trkpt>
    <trkpt lat="37.81904" lon="-122.06995"><ele>541.85</ele></trkpt>
    <trkpt lat="37.81933" lon="-122.06995"><ele>545.6800000000001</ele></trkpt>
    <trkpt lat="37.819480000000006" lon="-122.06994000000002"><ele>549.06</ele></trkpt>
    <trkpt lat="37.819590000000005" lon="-122.06978000000001"><ele>552.0400000000001</ele></trkpt>
    <trkpt lat="37.81964" lon="-122.06963"><ele>554.18</ele></trkpt>
    <trkpt lat="37.81964" lon="-122.06951000000001"><ele>554.6600000000001</ele></trkpt>
    <trkpt lat="37.81956" lon="-122.06928"><ele>556.4300000000001</ele></trkpt>
    <trkpt lat="37.81949" lon="-122.06918"><ele>558.35</ele></trkpt>
    <trkpt lat="37.819320000000005" lon="-122.06902000000001"><ele>561.37</ele></trkpt>
    <trkpt lat="37.819010000000006" lon="-122.06883"><ele>563.9200000000001</ele></trkpt>
    <trkpt lat="37.818900000000006" lon="-122.06869"><ele>564.73</ele></trkpt>
    <trkpt lat="37.818760000000005" lon="-122.06825"><ele>567.98</ele></trkpt>
    <trkpt lat="37.8187" lon="-122.06789"><ele>568.8199999999999</ele></trkpt>
    <trkpt lat="37.81864" lon="-122.06775"><ele>569.6</ele></trkpt>
    <trkpt lat="37.81844" lon="-122.06754000000001"><ele>572.0500000000001</ele></trkpt>
    <trkpt lat="37.81833" lon="-122.0674"><ele>573.2</ele></trkpt>
    <trkpt lat="37.81814" lon="-122.06712000000002"><ele>576.8100000000001</ele></trkpt>
    <trkpt lat="37.81805000000001" lon="-122.06704"><ele>578.69</ele></trkpt>
    <trkpt lat="37.817910000000005" lon="-122.06700000000001"><ele>581.16</ele></trkpt>
    <trkpt lat="37.8177" lon="-122.06687000000001"><ele>583.21</ele></trkpt>
    <trkpt lat="37.817600000000006" lon="-122.06686"><ele>584.2</ele></trkpt>
    <trkpt lat="37.81739" lon="-122.06672"><ele>585.89</ele></trkpt>
    <trkpt lat="37.81729" lon="-122.06641"><ele>586.48</ele></trkpt>
    <trkpt lat="37.81725" lon="-122.0661"><ele>587.82</ele></trkpt>
    <trkpt lat="37.817220000000006" lon="-122.06539000000001"><ele>593.87</ele></trkpt>
    <trkpt lat="37.817190000000004" lon="-122.06511"><ele>594.36</ele></trkpt>
    <trkpt lat="37.817150000000005" lon="-122.06494"><ele>593.6600000000001</ele></trkpt>
    <trkpt lat="37.81701" lon="-122.06457"><ele>593.45</ele></trkpt>
    <trkpt lat="37.81698" lon="-122.06439"><ele>593.92</ele></trkpt>
    <trkpt lat="37.81698" lon="-122.06408"><ele>596.41</ele></trkpt>
    <trkpt lat="37.81705" lon="-122.06392000000001"><ele>597.48</ele></trkpt>
    <trkpt lat="37.817190000000004" lon="-122.06377"><ele>600.5400000000001</ele></trkpt>
    <trkpt lat="37.817280000000004" lon="-122.06374000000001"><ele>600.01</ele></trkpt>
    <trkpt lat="37.81756" lon="-122.06408"><ele>595.6800000000001</ele></trkpt>
    <trkpt lat="37.81772" lon="-122.06418000000001"><ele>592.55</ele></trkpt>
    <trkpt lat="37.81785" lon="-122.06421000000002"><ele>589.6800000000001</ele></trkpt>
    <trkpt lat="37.81797" lon="-122.06414000000001"><ele>586.93</ele></trkpt>
    <trkpt lat="37.81804" lon="-122.06408"><ele>583.92</ele></trkpt>
    <trkpt lat="37.81815" lon="-122.06386"><ele>578.45</ele></trkpt>
    <trkpt lat="37.81819" lon="-122.06369000000001"><ele>576.5300000000001</ele></trkpt>
    <trkpt lat="37.81819" lon="-122.06359"><ele>575.6800000000001</ele></trkpt>
    <trkpt lat="37.81814" lon="-122.0635"><ele>574.2400000000001</ele></trkpt>
    <trkpt lat="37.8179" lon="-122.06320000000001"><ele>570.67</ele></trkpt>
    <trkpt lat="37.817640000000004" lon="-122.06279"><ele>563.7800000000001</ele></trkpt>
    <trkpt lat="37.817620000000005" lon="-122.06264000000002"><ele>563.7800000000001</ele></trkpt>
    <trkpt lat="37.81763" lon="-122.06238"><ele>556.6800000000001</ele></trkpt>
    <trkpt lat="37.81757" lon="-122.06207"><ele>548.8000000000001</ele></trkpt>
    <trkpt lat="37.8175" lon="-122.06193"><ele>548.8000000000001</ele></trkpt>
    <trkpt lat="37.817350000000005" lon="-122.06171"><ele>543.51</ele></trkpt>
    <trkpt lat="37.81703" lon="-122.06139"><ele>537.4300000000001</ele></trkpt>
    <trkpt lat="37.817040000000006" lon="-122.06123000000001"><ele>536.25</ele></trkpt>
    <trkpt lat="37.81711" lon="-122.06114000000001"><ele>534.5300000000001</ele></trkpt>
    <trkpt lat="37.817240000000005" lon="-122.06104"><ele>531.6</ele></trkpt>
    <trkpt lat="37.81747" lon="-122.06096000000001"><ele>529.19</ele></trkpt>
    <trkpt lat="37.817620000000005" lon="-122.06099"><ele>526.59</ele></trkpt>
    <trkpt lat="37.81794" lon="-122.06108"><ele>517.81</ele></trkpt>
    <trkpt lat="37.8181" lon="-122.06105000000001"><ele>516.8600000000001</ele></trkpt>
    <trkpt lat="37.81817" lon="-122.061"><ele>514.62</ele></trkpt>
    <trkpt lat="37.818200000000004" lon="-122.0609"><ele>510.95</ele></trkpt>
    <trkpt lat="37.81819" lon="-122.06077"><ele>511.93</ele></trkpt>
    <trkpt lat="37.81796500116853" lon="-122.06022999820037"><ele>502.18000000000006</ele></trkpt>
    <trkpt lat="37.81774" lon="-122.05969"><ele>496.36</ele></trkpt>
    <trkpt lat="37.817460000000004" lon="-122.05938"><ele>490.87</ele></trkpt>
    <trkpt lat="37.81738" lon="-122.05925"><ele>490.87</ele></trkpt>
    <trkpt lat="37.81734" lon="-122.05885"><ele>480.49</ele></trkpt>
    <trkpt lat="37.81732000181355" lon="-122.0581949998263"><ele>472.18</ele></trkpt>
    <trkpt lat="37.8173" lon="-122.05754"><ele>464.38</ele></trkpt>
    <trkpt lat="37.81725" lon="-122.05733000000001"><ele>461.24</ele></trkpt>
    <trkpt lat="37.817170000000004" lon="-122.05723"><ele>460.37000000000006</ele></trkpt>
    <trkpt lat="37.81702000000001" lon="-122.05714"><ele>453.8</ele></trkpt>
    <trkpt lat="37.816810000000004" lon="-122.05705"><ele>451.1</ele></trkpt>
    <trkpt lat="37.816610000000004" lon="-122.05692"><ele>447.74</ele></trkpt>
    <trkpt lat="37.816520000000004" lon="-122.05679"><ele>445.39000000000004</ele></trkpt>
    <trkpt lat="37.816410000000005" lon="-122.0566"><ele>440.16</ele></trkpt>
    <trkpt lat="37.81622500106713" lon="-122.05606499824663"><ele>434.05</ele></trkpt>
    <trkpt lat="37.81604" lon="-122.05553"><ele>422.53000000000003</ele></trkpt>
    <trkpt lat="37.81593" lon="-122.0554"><ele>420.11</ele></trkpt>
    <trkpt lat="37.81557" lon="-122.05521000000002"><ele>415.98</ele></trkpt>
    <trkpt lat="37.81546" lon="-122.05508"><ele>412.07000000000005</ele></trkpt>
    <trkpt lat="37.81539" lon="-122.0549"><ele>409.82</ele></trkpt>
    <trkpt lat="37.815290000000005" lon="-122.05454"><ele>401.76</ele></trkpt>
    <trkpt lat="37.81523" lon="-122.05427000000002"><ele>395.87000000000006</ele></trkpt>
    <trkpt lat="37.81521" lon="-122.05405"><ele>392.65000000000003</ele></trkpt>
    <trkpt lat="37.815220000000004" lon="-122.05392"><ele>390.73</ele></trkpt>
    <trkpt lat="37.815310000000004" lon="-122.05378"><ele>386.8</ele></trkpt>
    <trkpt lat="37.81577" lon="-122.0532"><ele>375.66</ele></trkpt>
    <trkpt lat="37.815870000000004" lon="-122.05302"><ele>370.15000000000003</ele></trkpt>
    <trkpt lat="37.815990000000006" lon="-122.05271"><ele>362.26</ele></trkpt>
    <trkpt lat="37.816145001655734" lon="-122.05209000117806"><ele>356.3</ele></trkpt>
    <trkpt lat="37.816300000000005" lon="-122.05147000000001"><ele>347.77000000000004</ele></trkpt>
    <trkpt lat="37.816340000000004" lon="-122.05123"><ele>344.39000000000004</ele></trkpt>
    <trkpt lat="37.816320000000005" lon="-122.05101"><ele>342.49</ele></trkpt>
    <trkpt lat="37.81618" lon="-122.05028000000001"><ele>330.5</ele></trkpt>
    <trkpt lat="37.81626" lon="-122.05029"><ele>332.13000000000005</ele></trkpt>
    <trkpt lat="37.81656" lon="-122.05050000000001"><ele>337.36</ele></trkpt>
    <trkpt lat="37.816590000000005" lon="-122.05079"><ele>340.96000000000004</ele></trkpt>
    <trkpt lat="37.81665" lon="-122.05097"><ele>342.37</ele></trkpt>
    <trkpt lat="37.81665" lon="-122.05106"><ele>344.89000000000004</ele></trkpt>
    <trkpt lat="37.81663" lon="-122.05128"><ele>347.64</ele></trkpt>
    <trkpt lat="37.81655000000001" lon="-122.05154000000002"><ele>350.02000000000004</ele></trkpt>
    <trkpt lat="37.81654" lon="-122.05180000000001"><ele>351.88</ele></trkpt>
    <trkpt lat="37.816370000000006" lon="-122.05217"><ele>355.74000000000007</ele></trkpt>
    <trkpt lat="37.81627" lon="-122.05226"><ele>358.13</ele></trkpt>
    <trkpt lat="37.81606" lon="-122.05267"><ele>363.07</ele></trkpt>
    <trkpt lat="37.81593" lon="-122.05284"><ele>366.44000000000005</ele></trkpt>
    <trkpt lat="37.815870000000004" lon="-122.05302"><ele>370.15000000000003</ele></trkpt>
    <trkpt lat="37.81577" lon="-122.0532"><ele>375.66</ele></trkpt>
    <trkpt lat="37.815310000000004" lon="-122.05378"><ele>386.8</ele></trkpt>
    <trkpt lat="37.815220000000004" lon="-122.05392"><ele>390.73</ele></trkpt>
    <trkpt lat="37.81521" lon="-122.05405"><ele>392.65000000000003</ele></trkpt>
    <trkpt lat="37.81523" lon="-122.05427000000002"><ele>395.87000000000006</ele></trkpt>
    <trkpt lat="37.815290000000005" lon="-122.05454"><ele>401.76</ele></trkpt>
    <trkpt lat="37.81539" lon="-122.0549"><ele>409.82</ele></trkpt>
    <trkpt lat="37.81546" lon="-122.05508"><ele>412.07000000000005</ele></trkpt>
    <trkpt lat="37.81557" lon="-122.05521000000002"><ele>415.98</ele></trkpt>
    <trkpt lat="37.81593" lon="-122.0554"><ele>420.11</ele></trkpt>
    <trkpt lat="37.81604" lon="-122.05553"><ele>422.53000000000003</ele></trkpt>
    <trkpt lat="37.81622500106713" lon="-122.05606499824663"><ele>434.05</ele></trkpt>
    <trkpt lat="37.816410000000005" lon="-122.0566"><ele>440.16</ele></trkpt>
    <trkpt lat="37.816520000000004" lon="-122.05679"><ele>445.39000000000004</ele></trkpt>
    <trkpt lat="37.816610000000004" lon="-122.05692"><ele>447.74</ele></trkpt>
    <trkpt lat="37.816810000000004" lon="-122.05705"><ele>451.1</ele></trkpt>
    <trkpt lat="37.81702000000001" lon="-122.05714"><ele>453.8</ele></trkpt>
    <trkpt lat="37.817170000000004" lon="-122.05723"><ele>460.37000000000006</ele></trkpt>
    <trkpt lat="37.81725" lon="-122.05733000000001"><ele>461.24</ele></trkpt>
    <trkpt lat="37.8173" lon="-122.05754"><ele>464.38</ele></trkpt>
    <trkpt lat="37.81732000181355" lon="-122.0581949998263"><ele>472.18</ele></trkpt>
    <trkpt lat="37.81734" lon="-122.05885"><ele>480.49</ele></trkpt>
    <trkpt lat="37.81738" lon="-122.05925"><ele>490.87</ele></trkpt>
    <trkpt lat="37.817460000000004" lon="-122.05938"><ele>490.87</ele></trkpt>
    <trkpt lat="37.81774" lon="-122.05969"><ele>496.36</ele></trkpt>
    <trkpt lat="37.81796500116853" lon="-122.06022999820037"><ele>502.18000000000006</ele></trkpt>
    <trkpt lat="37.81819" lon="-122.06077"><ele>511.93</ele></trkpt>
    <trkpt lat="37.818200000000004" lon="-122.0609"><ele>510.95</ele></trkpt>
    <trkpt lat="37.81817" lon="-122.061"><ele>514.62</ele></trkpt>
    <trkpt lat="37.8181" lon="-122.06105000000001"><ele>516.8600000000001</ele></trkpt>
    <trkpt lat="37.81794" lon="-122.06108"><ele>517.81</ele></trkpt>
    <trkpt lat="37.817620000000005" lon="-122.06099"><ele>526.59</ele></trkpt>
    <trkpt lat="37.81747" lon="-122.06096000000001"><ele>529.19</ele></trkpt>
    <trkpt lat="37.817240000000005" lon="-122.06104"><ele>531.6</ele></trkpt>
    <trkpt lat="37.81711" lon="-122.06114000000001"><ele>534.5300000000001</ele></trkpt>
    <trkpt lat="37.817040000000006" lon="-122.06123000000001"><ele>536.25</ele></trkpt>
    <trkpt lat="37.81698" lon="-122.06126"><ele>536.6899999999999</ele></trkpt>
    <trkpt lat="37.81662" lon="-122.06123000000001"><ele>541.95</ele></trkpt>
    <trkpt lat="37.8162" lon="-122.061"><ele>552.97</ele></trkpt>
    <trkpt lat="37.81593" lon="-122.06077"><ele>561.7800000000001</ele></trkpt>
    <trkpt lat="37.81579" lon="-122.06068"><ele>564.4800000000001</ele></trkpt>
    <trkpt lat="37.815450000000006" lon="-122.0605"><ele>570.4800000000001</ele></trkpt>
    <trkpt lat="37.81513" lon="-122.06045"><ele>578.1500000000001</ele></trkpt>
    <trkpt lat="37.81499" lon="-122.06037"><ele>581.5400000000001</ele></trkpt>
    <trkpt lat="37.814820000000005" lon="-122.06019"><ele>584.21</ele></trkpt>
    <trkpt lat="37.8147" lon="-122.05992"><ele>586.4</ele></trkpt>
    <trkpt lat="37.814350000000005" lon="-122.05973000000002"><ele>589.8500000000001</ele></trkpt>
    <trkpt lat="37.814260000000004" lon="-122.05969"><ele>590.13</ele></trkpt>
    <trkpt lat="37.81383" lon="-122.05969"><ele>590.74</ele></trkpt>
    <trkpt lat="37.813570000000006" lon="-122.05965"><ele>591.5</ele></trkpt>
    <trkpt lat="37.81342" lon="-122.05957000000001"><ele>593.0600000000001</ele></trkpt>
    <trkpt lat="37.813280489446456" lon="-122.05942375073343"><ele>593.4327954163069</ele></trkpt>
    <trkpt lat="37.81313326874408" lon="-122.0596718410451"><ele>594.43</ele></trkpt>
    <trkpt lat="37.812659400114484" lon="-122.05931951913514"><ele>595.8500000000001</ele></trkpt>
    <trkpt lat="37.81244086744071" lon="-122.05891478570157"><ele>596.31</ele></trkpt>
    <trkpt lat="37.812061309153606" lon="-122.05865855158541"><ele>595.09</ele></trkpt>
    <trkpt lat="37.81181273412413" lon="-122.05848660506143"><ele>592.11</ele></trkpt>
    <trkpt lat="37.811664764711125" lon="-122.05816445580774"><ele>592.3900000000001</ele></trkpt>
    <trkpt lat="37.811522713796975" lon="-122.05786103616151"><ele>594.04</ele></trkpt>
    <trkpt lat="37.81137743827091" lon="-122.05758841538369"><ele>593.6800000000001</ele></trkpt>
    <trkpt lat="37.81126641904389" lon="-122.0575024226936"><ele>593.34</ele></trkpt>
    <trkpt lat="37.81089957721308" lon="-122.05732870709869"><ele>591.62</ele></trkpt>
    <trkpt lat="37.810777987946366" lon="-122.05726334685765"><ele>591.23</ele></trkpt>
    <trkpt lat="37.81058443202089" lon="-122.0571574031313"><ele>592.52</ele></trkpt>
    <trkpt lat="37.81017073518193" lon="-122.05692748679112"><ele>594.1899999999999</ele></trkpt>
    <trkpt lat="37.809712996990584" lon="-122.05669076877787"><ele>587.07</ele></trkpt>
    <trkpt lat="37.80949333078419" lon="-122.05657343116248"><ele>584.14</ele></trkpt>
    <trkpt lat="37.80924185288356" lon="-122.05645327652948"><ele>582.6300000000001</ele></trkpt>
    <trkpt lat="37.808867212983344" lon="-122.05628354449183"><ele>583.6600000000001</ele></trkpt>
    <trkpt lat="37.80853218815572" lon="-122.05622005695307"><ele>587.69</ele></trkpt>
    <trkpt lat="37.808263024051826" lon="-122.05606864097564"><ele>589.13</ele></trkpt>
    <trkpt lat="37.808021047404495" lon="-122.05585528209826"><ele>590.09</ele></trkpt>
    <trkpt lat="37.807925887831644" lon="-122.05579678047062"><ele>590.16</ele></trkpt>
    <trkpt lat="37.80786998937607" lon="-122.05573521910861"><ele>589.82</ele></trkpt>
    <trkpt lat="37.80783" lon="-122.05571"><ele>591.13</ele></trkpt>
    <trkpt lat="37.807660000000006" lon="-122.05571"><ele>589.38</ele></trkpt>
    <trkpt lat="37.807050000000004" lon="-122.05593"><ele>580.2700000000001</ele></trkpt>
    <trkpt lat="37.80697" lon="-122.05598"><ele>578.1500000000001</ele></trkpt>
    <trkpt lat="37.8068" lon="-122.0562"><ele>570.3600000000001</ele></trkpt>
    <trkpt lat="37.80642" lon="-122.05674"><ele>561.06</ele></trkpt>
    <trkpt lat="37.80568" lon="-122.0571"><ele>551.08</ele></trkpt>
    <trkpt lat="37.805532103393176" lon="-122.05714426332605"><ele>549.973978310633</ele></trkpt>
    <trkpt lat="37.80562555697786" lon="-122.05724842157684"><ele>548.9172578770626</ele></trkpt>
    <trkpt lat="37.80556" lon="-122.05736000000002"><ele>547.98</ele></trkpt>
    <trkpt lat="37.805490000000006" lon="-122.05737"><ele>545.95</ele></trkpt>
    <trkpt lat="37.805150000000005" lon="-122.05727000000002"><ele>538.2900000000001</ele></trkpt>
    <trkpt lat="37.80503" lon="-122.05727000000002"><ele>534.3800000000001</ele></trkpt>
    <trkpt lat="37.804680000000005" lon="-122.05732"><ele>519.87</ele></trkpt>
    <trkpt lat="37.80415" lon="-122.05733000000001"><ele>514.8600000000001</ele></trkpt>
    <trkpt lat="37.804010000000005" lon="-122.05737"><ele>513.96</ele></trkpt>
    <trkpt lat="37.803900000000006" lon="-122.05745"><ele>513.0300000000001</ele></trkpt>
    <trkpt lat="37.803790000000006" lon="-122.05758000000002"><ele>510.9600000000001</ele></trkpt>
    <trkpt lat="37.80369" lon="-122.05777"><ele>507.53999999999996</ele></trkpt>
    <trkpt lat="37.80362" lon="-122.05781"><ele>505.13000000000005</ele></trkpt>
    <trkpt lat="37.80353" lon="-122.05786"><ele>502.84000000000003</ele></trkpt>
    <trkpt lat="37.80313" lon="-122.05799"><ele>489.59000000000003</ele></trkpt>
    <trkpt lat="37.803020000000004" lon="-122.05804"><ele>487.53000000000003</ele></trkpt>
    <trkpt lat="37.802870000000006" lon="-122.05812000000002"><ele>482.02000000000004</ele></trkpt>
    <trkpt lat="37.802670000000006" lon="-122.05826"><ele>478.80000000000007</ele></trkpt>
    <trkpt lat="37.80256" lon="-122.05832000000001"><ele>476.99</ele></trkpt>
    <trkpt lat="37.802490000000006" lon="-122.05835"><ele>475.89000000000004</ele></trkpt>
    <trkpt lat="37.80227" lon="-122.05830000000002"><ele>470.03000000000003</ele></trkpt>
    <trkpt lat="37.801950000000005" lon="-122.05831"><ele>460.02000000000004</ele></trkpt>
    <trkpt lat="37.80187" lon="-122.0584"><ele>458.47</ele></trkpt>
    <trkpt lat="37.801790000000004" lon="-122.05872000000001"><ele>452.90</ele></trkpt>
    <trkpt lat="37.801750000000006" lon="-122.0588"><ele>447.57</ele></trkpt>
    <trkpt lat="37.801660000000005" lon="-122.05889"><ele>442.39</ele></trkpt>
    <trkpt lat="37.801520000000004" lon="-122.05897000000002"><ele>436.20000000000005</ele></trkpt>
    <trkpt lat="37.80133" lon="-122.05898"><ele>432.46</ele></trkpt>
    <trkpt lat="37.801100000000005" lon="-122.05898"><ele>429.26000000000005</ele></trkpt>
    <trkpt lat="37.80082" lon="-122.05885"><ele>422.86</ele></trkpt>
    <trkpt lat="37.80057" lon="-122.05889"><ele>414.59000000000003</ele></trkpt>
    <trkpt lat="37.80049" lon="-122.05893"><ele>412.25000000000006</ele></trkpt>
    <trkpt lat="37.80028" lon="-122.05911"><ele>406.38</ele></trkpt>
    <trkpt lat="37.80008" lon="-122.05925"><ele>401.53000000000003</ele></trkpt>
    <trkpt lat="37.79999" lon="-122.05934"><ele>399.74</ele></trkpt>
    <trkpt lat="37.799910000000004" lon="-122.05939000000001"><ele>396.5400000000001</ele></trkpt>
    <trkpt lat="37.79963" lon="-122.05951"><ele>386.13</ele></trkpt>
    <trkpt lat="37.79926000031716" lon="-122.05985000186055"><ele>380.28</ele></trkpt>
    <trkpt lat="37.79889" lon="-122.06019"><ele>377.29</ele></trkpt>
    <trkpt lat="37.79872" lon="-122.06045"><ele>372.63</ele></trkpt>
    <trkpt lat="37.79871" lon="-122.06054"><ele>372.63</ele></trkpt>
    <trkpt lat="37.79872" lon="-122.06068"><ele>368.41</ele></trkpt>
    <trkpt lat="37.79876" lon="-122.06082"><ele>365.24</ele></trkpt>
    <trkpt lat="37.798840000000006" lon="-122.061"><ele>363.48</ele></trkpt>
    <trkpt lat="37.79896" lon="-122.06117"><ele>360.13</ele></trkpt>
    <trkpt lat="37.79923" lon="-122.06138000000001"><ele>349.7</ele></trkpt>
    <trkpt lat="37.79923" lon="-122.06162"><ele>348.31</ele></trkpt>
    <trkpt lat="37.79918" lon="-122.06172000000001"><ele>347.26</ele></trkpt>
    <trkpt lat="37.79905" lon="-122.06171"><ele>350.80000000000007</ele></trkpt>
    <trkpt lat="37.798880000000004" lon="-122.06166"><ele>350.80000000000007</ele></trkpt>
    <trkpt lat="37.798750000000005" lon="-122.06170000000002"><ele>352.66</ele></trkpt>
    <trkpt lat="37.79867" lon="-122.06175"><ele>354.3</ele></trkpt>
    <trkpt lat="37.79844000000001" lon="-122.06225"><ele>364.23</ele></trkpt>
    <trkpt lat="37.79818" lon="-122.06238"><ele>365.75</ele></trkpt>
    <trkpt lat="37.798010000000005" lon="-122.06251"><ele>367.21000000000004</ele></trkpt>
    <trkpt lat="37.79784" lon="-122.06275000000001"><ele>368.9</ele></trkpt>
    <trkpt lat="37.797810000000005" lon="-122.06291000000002"><ele>370.35</ele></trkpt>
    <trkpt lat="37.797810000000005" lon="-122.0631"><ele>372.57</ele></trkpt>
    <trkpt lat="37.798010000000005" lon="-122.06386"><ele>385.48</ele></trkpt>
    <trkpt lat="37.798080000000006" lon="-122.06422"><ele>385.76000000000005</ele></trkpt>
    <trkpt lat="37.798120000000004" lon="-122.06484"><ele>383.70000000000005</ele></trkpt>
    <trkpt lat="37.79809" lon="-122.06498"><ele>384.20000000000005</ele></trkpt>
    <trkpt lat="37.79804" lon="-122.06502"><ele>384.32000000000005</ele></trkpt>
    <trkpt lat="37.79793" lon="-122.06506000000002"><ele>383.86</ele></trkpt>
    <trkpt lat="37.79768" lon="-122.06506000000002"><ele>381.37000000000006</ele></trkpt>
    <trkpt lat="37.797340000000005" lon="-122.06515000000002"><ele>379.54</ele></trkpt>
    <trkpt lat="37.79686" lon="-122.06543"><ele>375.46000000000004</ele></trkpt>
    <trkpt lat="37.796690000000005" lon="-122.06551"><ele>375.4</ele></trkpt>
    <trkpt lat="37.7965" lon="-122.06551"><ele>375.58000000000004</ele></trkpt>
    <trkpt lat="37.79616" lon="-122.06587"><ele>371.66</ele></trkpt>
    <trkpt lat="37.795910000000006" lon="-122.06624000000001"><ele>363.09</ele></trkpt>
    <trkpt lat="37.79605" lon="-122.06641"><ele>358.61</ele></trkpt>
    <trkpt lat="37.79585" lon="-122.0665"><ele>351.7</ele></trkpt>
    <trkpt lat="37.7959" lon="-122.06667000000002"><ele>348.53</ele></trkpt>
    <trkpt lat="37.79569" lon="-122.06676000000002"><ele>345.03</ele></trkpt>
    <trkpt lat="37.7958" lon="-122.06700000000001"><ele>342.81</ele></trkpt>
    <trkpt lat="37.79601" lon="-122.0669"><ele>340.77000000000004</ele></trkpt>
    <trkpt lat="37.79637" lon="-122.06691000000001"><ele>334.79</ele></trkpt>
    <trkpt lat="37.796131576899455" lon="-122.06716060638428"><ele>327.50</ele></trkpt>
    <trkpt lat="37.79606587324177" lon="-122.06780433654785"><ele>314.32</ele></trkpt>
    <trkpt lat="37.79620575837822" lon="-122.06841051578522"><ele>300.38</ele></trkpt>
    <trkpt lat="37.796371076834376" lon="-122.06819325685501"><ele>298.1243002402642</ele></trkpt>
    <trkpt lat="37.796574545195625" lon="-122.06809937953949"><ele>292.93696652153017</ele></trkpt>
    <trkpt lat="37.79655335060082" lon="-122.06859827041626"><ele>283.4799895923742</ele></trkpt>
    <trkpt lat="37.79660421761815" lon="-122.06892818212509"><ele>279.7934139237139</ele></trkpt>
    <trkpt lat="37.79683947711777" lon="-122.06886246800423"><ele>274.4</ele></trkpt>
    <trkpt lat="37.79684795492359" lon="-122.06931307911873"><ele>264.79</ele></trkpt>
    <trkpt lat="37.79688822448793" lon="-122.0698843896389"><ele>258.04</ele></trkpt>
    <trkpt lat="37.796789669988925" lon="-122.07016736268997"><ele>253.58</ele></trkpt>
    <trkpt lat="37.79679" lon="-122.07031"><ele>253.40</ele></trkpt>
    <trkpt lat="37.7963" lon="-122.07021"><ele>249.43</ele></trkpt>
    <trkpt lat="37.79569000175519" lon="-122.06955999460064"><ele>253.49</ele></trkpt>
    <trkpt lat="37.795080000000006" lon="-122.06891000000002"><ele>251.81000000000003</ele></trkpt>
    <trkpt lat="37.79475" lon="-122.06834"><ele>267.81</ele></trkpt>
    <trkpt lat="37.79442" lon="-122.06852"><ele>262.36</ele></trkpt>
    <trkpt lat="37.794380000000004" lon="-122.06869"><ele>265.68</ele></trkpt>
    <trkpt lat="37.79482" lon="-122.06954"><ele>263.38</ele></trkpt>
    <trkpt lat="37.79522" lon="-122.0699"><ele>251.81000000000003</ele></trkpt>
    <trkpt lat="37.79477510243899" lon="-122.07018613815308"><ele>268.72718708781633</ele></trkpt>
    <trkpt lat="37.79455467298668" lon="-122.0704972743988"><ele>278.60</ele></trkpt>
    <trkpt lat="37.79464581216689" lon="-122.07082718610764"><ele>286.65</ele></trkpt>
    <trkpt lat="37.79477510243899" lon="-122.07104712724686"><ele>288.57</ele></trkpt>
    <trkpt lat="37.79491710952627" lon="-122.071253657341"><ele>288.84</ele></trkpt>
    <trkpt lat="37.7950188457792" lon="-122.07141727209091"><ele>292.14</ele></trkpt>
    <trkpt lat="37.794878958395316" lon="-122.07148164510727"><ele>296.08</ele></trkpt>
    <trkpt lat="37.794609780411406" lon="-122.07130193710327"><ele>304.25</ele></trkpt>
    <trkpt lat="37.79440206759597" lon="-122.07106590270996"><ele>301.16</ele></trkpt>
    <trkpt lat="37.79402903086938" lon="-122.07118928432465"><ele>308.32000000000005</ele></trkpt>
    <trkpt lat="37.79348" lon="-122.07075"><ele>318.56</ele></trkpt>
    <trkpt lat="37.793440000000004" lon="-122.07102"><ele>321.82000000000005</ele></trkpt>
    <trkpt lat="37.79361" lon="-122.07138"><ele>329.07000000000005</ele></trkpt>
    <trkpt lat="37.793670000000006" lon="-122.07157000000001"><ele>333.66</ele></trkpt>
    <trkpt lat="37.79363" lon="-122.07165"><ele>336.14</ele></trkpt>
    <trkpt lat="37.793580000000006" lon="-122.07164000000002"><ele>340.32</ele></trkpt>
    <trkpt lat="37.793470000000006" lon="-122.07151"><ele>340.67</ele></trkpt>
    <trkpt lat="37.79328" lon="-122.07142"><ele>346.58</ele></trkpt>
    <trkpt lat="37.79281" lon="-122.07142"><ele>363.64</ele></trkpt>
    <trkpt lat="37.79243" lon="-122.0712"><ele>357.07</ele></trkpt>
    <trkpt lat="37.79267" lon="-122.07178"><ele>352.68</ele></trkpt>
    <trkpt lat="37.79242" lon="-122.07169"><ele>345.87</ele></trkpt>
    <trkpt lat="37.79263" lon="-122.07200000000002"><ele>344.41</ele></trkpt>
    <trkpt lat="37.79269" lon="-122.07227"><ele>339.41</ele></trkpt>
    <trkpt lat="37.79263" lon="-122.07254"><ele>334.05</ele></trkpt>
    <trkpt lat="37.792500000000004" lon="-122.07272"><ele>327.66</ele></trkpt>
    <trkpt lat="37.79238" lon="-122.07272"><ele>325.51</ele></trkpt>
    <trkpt lat="37.79213" lon="-122.07254"><ele>320.68</ele></trkpt>
    <trkpt lat="37.79173" lon="-122.07232"><ele>304.04</ele></trkpt>
    <trkpt lat="37.79164" lon="-122.07202000000001"><ele>303.9</ele></trkpt>
    <trkpt lat="37.7912" lon="-122.07209000000002"><ele>300.05</ele></trkpt>
    <trkpt lat="37.791090000000004" lon="-122.07206000000001"><ele>298.52</ele></trkpt>
    <trkpt lat="37.79101" lon="-122.07214"><ele>297.12000000000006</ele></trkpt>
    <trkpt lat="37.790850000000006" lon="-122.07218"><ele>295.41</ele></trkpt>
    <trkpt lat="37.790850000000006" lon="-122.07227"><ele>294.44000000000005</ele></trkpt>
    <trkpt lat="37.79079" lon="-122.07235000000001"><ele>292.98</ele></trkpt>
    <trkpt lat="37.79012" lon="-122.07174"><ele>292.19</ele></trkpt>
    <trkpt lat="37.789660000000005" lon="-122.07211000000001"><ele>282.87</ele></trkpt>
    <trkpt lat="37.78916" lon="-122.0721"><ele>276.24</ele></trkpt>
    <trkpt lat="37.78902" lon="-122.07179000000001"><ele>277.2</ele></trkpt>
    <trkpt lat="37.7885199999729" lon="-122.07173999965792"><ele>285.15000000000003</ele></trkpt>
    <trkpt lat="37.78802" lon="-122.07169"><ele>288.81</ele></trkpt>
    <trkpt lat="37.787440000000004" lon="-122.07205"><ele>293.54</ele></trkpt>
    <trkpt lat="37.78689" lon="-122.07128000000002"><ele>297.25</ele></trkpt>
    <trkpt lat="37.78628000020672" lon="-122.07101499777355"><ele>306.56</ele></trkpt>
    <trkpt lat="37.78567" lon="-122.07075"><ele>313.02000000000004</ele></trkpt>
    <trkpt lat="37.78535500130666" lon="-122.07131000241979"><ele>318.12</ele></trkpt>
    <trkpt lat="37.78504" lon="-122.07187"><ele>329.90000000000003</ele></trkpt>
    <trkpt lat="37.784630000148155" lon="-122.07213500156617"><ele>331.04</ele></trkpt>
    <trkpt lat="37.784220000000005" lon="-122.07240000000002"><ele>332.94</ele></trkpt>
    <trkpt lat="37.784086671582415" lon="-122.07316333613693"><ele>337.82</ele></trkpt>
    <trkpt lat="37.78395333824043" lon="-122.07392666951968"><ele>334.26</ele></trkpt>
    <trkpt lat="37.783820000000006" lon="-122.07469"><ele>327.61</ele></trkpt>
    <trkpt lat="37.78398" lon="-122.07490000000001"><ele>325.37000000000006</ele></trkpt>
    <trkpt lat="37.784130000000005" lon="-122.07536"><ele>318.41</ele></trkpt>
    <trkpt lat="37.784420000000004" lon="-122.07577"><ele>306.03000000000003</ele></trkpt>
    <trkpt lat="37.78446" lon="-122.0759"><ele>306.03000000000003</ele></trkpt>
    <trkpt lat="37.784180000000006" lon="-122.07578000000001"><ele>299.1</ele></trkpt>
    <trkpt lat="37.784040000000005" lon="-122.07577"><ele>294.7</ele></trkpt>
    <trkpt lat="37.78389000000001" lon="-122.07578000000001"><ele>290.17</ele></trkpt>
    <trkpt lat="37.783750000000005" lon="-122.07572"><ele>285.93</ele></trkpt>
    <trkpt lat="37.783640000000005" lon="-122.07577"><ele>281.66</ele></trkpt>
    <trkpt lat="37.78356" lon="-122.0759"><ele>277.65</ele></trkpt>
    <trkpt lat="37.783500000000004" lon="-122.07596000000001"><ele>273.74</ele></trkpt>
    <trkpt lat="37.78329" lon="-122.07587000000001"><ele>267.79</ele></trkpt>
    <trkpt lat="37.78313" lon="-122.07591000000001"><ele>264.64000000000004</ele></trkpt>
    <trkpt lat="37.78314" lon="-122.07603"><ele>262.71</ele></trkpt>
    <trkpt lat="37.783210000000004" lon="-122.07612"><ele>261.26000000000005</ele></trkpt>
    <trkpt lat="37.78331" lon="-122.07618000000001"><ele>260.33</ele></trkpt>
    <trkpt lat="37.783440000000006" lon="-122.07635"><ele>255.32000000000005</ele></trkpt>
    <trkpt lat="37.783370000000005" lon="-122.07639"><ele>253.53000000000003</ele></trkpt>
    <trkpt lat="37.783300000000004" lon="-122.07639"><ele>251.97000000000003</ele></trkpt>
    <trkpt lat="37.783210000000004" lon="-122.07634000000002"><ele>250.68</ele></trkpt>
    <trkpt lat="37.783010000000004" lon="-122.07644"><ele>247.94000000000003</ele></trkpt>
    <trkpt lat="37.782810000000005" lon="-122.07653"><ele>245.51000000000002</ele></trkpt>
    <trkpt lat="37.78273" lon="-122.07639"><ele>242.04000000000002</ele></trkpt>
    <trkpt lat="37.782520000000005" lon="-122.0763"><ele>240.07000000000002</ele></trkpt>
    <trkpt lat="37.782360000000004" lon="-122.07626"><ele>238.63</ele></trkpt>
    <trkpt lat="37.782140000000005" lon="-122.07644"><ele>235.55</ele></trkpt>
    <trkpt lat="37.782000000000004" lon="-122.07636000000001"><ele>232.03</ele></trkpt>
    <trkpt lat="37.781850000000006" lon="-122.07612"><ele>227.60000000000002</ele></trkpt>
    <trkpt lat="37.781690000000005" lon="-122.07608"><ele>226.04000000000002</ele></trkpt>
    <trkpt lat="37.78145000000001" lon="-122.07594000000002"><ele>219.98000000000002</ele></trkpt>
    <trkpt lat="37.781310000000005" lon="-122.07600000000001"><ele>216.99</ele></trkpt>
    <trkpt lat="37.7813" lon="-122.07639"><ele>210.19</ele></trkpt>
    <trkpt lat="37.781130000000005" lon="-122.07684"><ele>200.58</ele></trkpt>
    <trkpt lat="37.78098" lon="-122.07706"><ele>194.37</ele></trkpt>
    <trkpt lat="37.780930000000005" lon="-122.07751"><ele>193.0</ele></trkpt>
    <trkpt lat="37.78101" lon="-122.07805"><ele>185.17000000000002</ele></trkpt>
    <trkpt lat="37.780930000000005" lon="-122.07828"><ele>183.85000000000002</ele></trkpt>
    <trkpt lat="37.780820000000006" lon="-122.07868"><ele>183.7</ele></trkpt>
    <trkpt lat="37.78023" lon="-122.07904"><ele>179.03000000000003</ele></trkpt>
    <trkpt lat="37.78007" lon="-122.07936000000001"><ele>179.74</ele></trkpt>
    <trkpt lat="37.78004" lon="-122.07975"><ele>180.14000000000001</ele></trkpt>
    <trkpt lat="37.779920000000004" lon="-122.07993"><ele>180.15</ele></trkpt>
    <trkpt lat="37.77939000000001" lon="-122.08015"><ele>174.34000000000003</ele></trkpt>
    <trkpt lat="37.778980000000004" lon="-122.08051"><ele>168.14000000000001</ele></trkpt>
    <trkpt lat="37.7787" lon="-122.08057000000001"><ele>165.54000000000002</ele></trkpt>
    <trkpt lat="37.77846" lon="-122.08051"><ele>164.82000000000002</ele></trkpt>
    <trkpt lat="37.778020000000005" lon="-122.08082000000002"><ele>161.62</ele></trkpt>
    <trkpt lat="37.7779" lon="-122.08078"><ele>161.62</ele></trkpt>
    <trkpt lat="37.77769" lon="-122.08078"><ele>160.52</ele></trkpt>
    <trkpt lat="37.77752" lon="-122.08091"><ele>159.02</ele></trkpt>
    <trkpt lat="37.777330000000006" lon="-122.08114"><ele>157.9</ele></trkpt>
    <trkpt lat="37.777330000000006" lon="-122.08154"><ele>156.11</ele></trkpt>
    <trkpt lat="37.777170000000005" lon="-122.08187000000001"><ele>155.84</ele></trkpt>
    <trkpt lat="37.777010000000004" lon="-122.08208"><ele>155.14</ele></trkpt>
    <trkpt lat="37.77648000000001" lon="-122.08267000000001"><ele>152.25000000000003</ele></trkpt>
    <trkpt lat="37.77602000033603" lon="-122.08295500177778"><ele>147.66</ele></trkpt>
    <trkpt lat="37.775560000000006" lon="-122.08324"><ele>146.1</ele></trkpt>
    <trkpt lat="37.77519" lon="-122.08333"><ele>143.01</ele></trkpt>
    <trkpt lat="37.77501" lon="-122.08347"><ele>141.20000000000002</ele></trkpt>
    <trkpt lat="37.77465" lon="-122.08352000000001"><ele>138.52</ele></trkpt>
    <trkpt lat="37.774750000000004" lon="-122.08329"><ele>139.18</ele></trkpt>
    <trkpt lat="37.77479" lon="-122.08306"><ele>140.96</ele></trkpt>
    <trkpt lat="37.774680000000004" lon="-122.08300000000001"><ele>141.92000000000002</ele></trkpt>
    <trkpt lat="37.77463" lon="-122.0828"><ele>142.49</ele></trkpt>
    <trkpt lat="37.77443" lon="-122.08302"><ele>142.49</ele></trkpt>
    <trkpt lat="37.7744" lon="-122.08315"><ele>142.67000000000002</ele></trkpt>
    <trkpt lat="37.773935000146054" lon="-122.08342000179218"><ele>139.78</ele></trkpt>
    <trkpt lat="37.77347" lon="-122.08369"><ele>138.61</ele></trkpt>
    <trkpt lat="37.77328" lon="-122.08387"><ele>138.70000000000002</ele></trkpt>
    <trkpt lat="37.773030000000006" lon="-122.08392"><ele>139.21</ele></trkpt>
    <trkpt lat="37.77291" lon="-122.08324"><ele>148.94000000000003</ele></trkpt>
    <trkpt lat="37.772780000000004" lon="-122.08329"><ele>149.96</ele></trkpt>
    <trkpt lat="37.77263000000001" lon="-122.0836"><ele>147.21</ele></trkpt>
    <trkpt lat="37.772380000000005" lon="-122.08423"><ele>139.40000000000003</ele></trkpt>
    <trkpt lat="37.77226" lon="-122.08433000000001"><ele>138.35</ele></trkpt>
    <trkpt lat="37.771750000000004" lon="-122.08459"><ele>135.5</ele></trkpt>
    <trkpt lat="37.77158" lon="-122.0845"><ele>135.84</ele></trkpt>
    <trkpt lat="37.77145" lon="-122.08401"><ele>134.07000000000002</ele></trkpt>
    <trkpt lat="37.771350000000005" lon="-122.084"><ele>133.77</ele></trkpt>
    <trkpt lat="37.77125" lon="-122.08436"><ele>134.20000000000002</ele></trkpt>
    <trkpt lat="37.77082" lon="-122.08527000000001"><ele>141.55</ele></trkpt>
    <trkpt lat="37.77024" lon="-122.08584"><ele>147.77</ele></trkpt>
    <trkpt lat="37.769960000000005" lon="-122.08593"><ele>152.05</ele></trkpt>
    <trkpt lat="37.76984" lon="-122.08593"><ele>156.11</ele></trkpt>
    <trkpt lat="37.769740000000006" lon="-122.08589"><ele>160.12</ele></trkpt>
    <trkpt lat="37.769650000000006" lon="-122.08579"><ele>164.82</ele></trkpt>
    <trkpt lat="37.76961" lon="-122.08566"><ele>167.70</ele></trkpt>
    <trkpt lat="37.76961" lon="-122.08553"><ele>171.14</ele></trkpt>
    <trkpt lat="37.769650000000006" lon="-122.08544"><ele>174.55</ele></trkpt>
    <trkpt lat="37.769420000000004" lon="-122.0854"><ele>172.94</ele></trkpt>
    <trkpt lat="37.769180000000006" lon="-122.08554000000001"><ele>166.62</ele></trkpt>
    <trkpt lat="37.76872" lon="-122.08633"><ele>173.29000000000002</ele></trkpt>
    <trkpt lat="37.76822000000001" lon="-122.08678"><ele>177.64</ele></trkpt>
    <trkpt lat="37.76787290190424" lon="-122.08704709675823"><ele>170.58</ele></trkpt>
    <trkpt lat="37.76744781442899" lon="-122.0870895419693"><ele>183.86</ele></trkpt>
    <trkpt lat="37.76716256043042" lon="-122.08702585712452"><ele>189.16</ele></trkpt>
    <trkpt lat="37.76681110776758" lon="-122.08711075601295"><ele>187.19</ele></trkpt>
    <trkpt lat="37.76649554184604" lon="-122.08691994116998"><ele>176.05</ele></trkpt>
    <trkpt lat="37.766525857481014" lon="-122.08667207522687"><ele>176.57457327391484</ele></trkpt>
    <trkpt lat="37.766855853061244" lon="-122.08618387348925"><ele>164.82</ele></trkpt>
    <trkpt lat="37.76718451976464" lon="-122.08603665232658"><ele>172.41</ele></trkpt>
    <trkpt lat="37.76732021897453" lon="-122.08598032593727"><ele>172.42</ele></trkpt>
    <trkpt lat="37.76738064744879" lon="-122.08582744002342"><ele>173.22</ele></trkpt>
    <trkpt lat="37.76726615135043" lon="-122.08558604121208"><ele>179.47000000000003</ele></trkpt>
    <trkpt lat="37.76719618142528" lon="-122.0854277908802"><ele>177.83</ele></trkpt>
    <trkpt lat="37.76722" lon="-122.08527000000001"><ele>176.42000000000002</ele></trkpt>
    <trkpt lat="37.76738" lon="-122.08512"><ele>175.22</ele></trkpt>
    <trkpt lat="37.76744" lon="-122.08494"><ele>174.75</ele></trkpt>
    <trkpt lat="37.76738" lon="-122.08454"><ele>171.85</ele></trkpt>
    <trkpt lat="37.767480000000006" lon="-122.08392"><ele>167.02</ele></trkpt>
    <trkpt lat="37.76764" lon="-122.08361000000001"><ele>168.96000000000004</ele></trkpt>
    <trkpt lat="37.76773" lon="-122.08330000000001"><ele>166.69</ele></trkpt>
    <trkpt lat="37.76793" lon="-122.08306"><ele>165.35000000000002</ele></trkpt>
    <trkpt lat="37.767830000000004" lon="-122.08275"><ele>164.57000000000002</ele></trkpt>
    <trkpt lat="37.767630000000004" lon="-122.0823"><ele>158.53</ele></trkpt>
    <trkpt lat="37.76729" lon="-122.08212"><ele>149.92000000000002</ele></trkpt>
    <trkpt lat="37.767100000000006" lon="-122.08187000000001"><ele>146.64000000000001</ele></trkpt>
    <trkpt lat="37.76697" lon="-122.08141"><ele>143.86</ele></trkpt>
    <trkpt lat="37.767" lon="-122.08101"><ele>147.29</ele></trkpt>
    <trkpt lat="37.766980000000004" lon="-122.08098000000001"><ele>147.29</ele></trkpt>
    <trkpt lat="37.76684" lon="-122.08082000000002"><ele>148.22000000000003</ele></trkpt>
    <trkpt lat="37.766670000000005" lon="-122.08105"><ele>153.45</ele></trkpt>
    <trkpt lat="37.7667" lon="-122.0815"><ele>157.39</ele></trkpt>
    <trkpt lat="37.7665" lon="-122.08209000000001"><ele>161.18</ele></trkpt>
    <trkpt lat="37.766450000000006" lon="-122.08257"><ele>165.47</ele></trkpt>
    <trkpt lat="37.76637" lon="-122.08369"><ele>169.28</ele></trkpt>
    <trkpt lat="37.76623" lon="-122.08382"><ele>169.83</ele></trkpt>
    <trkpt lat="37.76588181961142" lon="-122.08405605826292"><ele>173.31</ele></trkpt>
    <trkpt lat="37.76574506193273" lon="-122.08421122743279"><ele>174.6</ele></trkpt>
    <trkpt lat="37.765586454955695" lon="-122.08442818040128"><ele>175.40000000000003</ele></trkpt>
    <trkpt lat="37.76541663398868" lon="-122.0846234944548"><ele>175.37000000000003</ele></trkpt>
    <trkpt lat="37.765045596299316" lon="-122.08470755901371"><ele>190.70</ele></trkpt>
    <trkpt lat="37.7647853178364" lon="-122.0848406590244"><ele>198.32</ele></trkpt>
    <trkpt lat="37.76455" lon="-122.08477"><ele>199.14</ele></trkpt>
    <trkpt lat="37.764340000000004" lon="-122.08473000000001"><ele>197.66</ele></trkpt>
    <trkpt lat="37.764120000000005" lon="-122.08477"><ele>197.59</ele></trkpt>
    <trkpt lat="37.76395" lon="-122.08489000000002"><ele>199.24</ele></trkpt>
    <trkpt lat="37.763720000000006" lon="-122.08486"><ele>203.84</ele></trkpt>
    <trkpt lat="37.763200000000005" lon="-122.08477"><ele>200.55</ele></trkpt>
    <trkpt lat="37.763110000000005" lon="-122.08458000000002"><ele>202.75</ele></trkpt>
    <trkpt lat="37.76296731874271" lon="-122.08456847944517"><ele>207.68</ele></trkpt>
    <trkpt lat="37.762885939195044" lon="-122.08467614296953"><ele>206.94</ele></trkpt>
    <trkpt lat="37.76287973254469" lon="-122.08480443221671"><ele>210.70</ele></trkpt>
    <trkpt lat="37.76283863585522" lon="-122.08494548542575"><ele>213.21</ele></trkpt>
    <trkpt lat="37.762707319513424" lon="-122.0849027873063"><ele>217.07727826762908</ele></trkpt>
    <trkpt lat="37.76265629923357" lon="-122.08476091331607"><ele>217.84</ele></trkpt>
    <trkpt lat="37.76265967988748" lon="-122.08459841360306"><ele>219.38</ele></trkpt>
    <trkpt lat="37.76259" lon="-122.08437"><ele>223.13000000000002</ele></trkpt>
    <trkpt lat="37.7625" lon="-122.08432"><ele>222.84</ele></trkpt>
    <trkpt lat="37.762440000000005" lon="-122.08391"><ele>221.49</ele></trkpt>
    <trkpt lat="37.76239" lon="-122.08369"><ele>220.02</ele></trkpt>
    <trkpt lat="37.76236218176338" lon="-122.08338394206493"><ele>217.16000000000003</ele></trkpt>
    <trkpt lat="37.762260761672366" lon="-122.08343098145556"><ele>216.97000000000003</ele></trkpt>
    <trkpt lat="37.76218300617481" lon="-122.08351650762035"><ele>216.44000000000003</ele></trkpt>
    <trkpt lat="37.76198198889662" lon="-122.08378236802858"><ele>214.17000000000002</ele></trkpt>
    <trkpt lat="37.76176718190939" lon="-122.08384150704671"><ele>213.68</ele></trkpt>
    <trkpt lat="37.76165409121586" lon="-122.08384842093179"><ele>213.35</ele></trkpt>
    <trkpt lat="37.761621705344965" lon="-122.08393822340483"><ele>212.81000000000003</ele></trkpt>
    <trkpt lat="37.7614324923876" lon="-122.08402966460935"><ele>212.81000000000003</ele></trkpt>
    <trkpt lat="37.76133" lon="-122.084"><ele>210.63</ele></trkpt>
    <trkpt lat="37.76115" lon="-122.08413000000002"><ele>209.75000000000003</ele></trkpt>
    <trkpt lat="37.761050000000004" lon="-122.08423"><ele>205.45</ele></trkpt>
    <trkpt lat="37.76090830458935" lon="-122.08418222767327"><ele>204.47</ele></trkpt>
    <trkpt lat="37.76087931392526" lon="-122.08408191496656"><ele>203.22</ele></trkpt>
    <trkpt lat="37.76087178755124" lon="-122.08389113492117"><ele>206.57</ele></trkpt>
    <trkpt lat="37.760754900997455" lon="-122.08372946576186"><ele>202.96</ele></trkpt>
    <trkpt lat="37.76071228882326" lon="-122.08357315510469"><ele>202.67</ele></trkpt>
    <trkpt lat="37.76067854863558" lon="-122.08337911428276"><ele>204.09932931133477</ele></trkpt>
    <trkpt lat="37.76073" lon="-122.08315"><ele>203.03</ele></trkpt>
    <trkpt lat="37.76064" lon="-122.08311"><ele>202.27</ele></trkpt>
    <trkpt lat="37.760470000000005" lon="-122.08306"><ele>201.87</ele></trkpt>
    <trkpt lat="37.76039" lon="-122.08315"><ele>201.93000000000004</ele></trkpt>
    <trkpt lat="37.76035" lon="-122.08321000000001"><ele>202.34</ele></trkpt>
    <trkpt lat="37.760250000000006" lon="-122.08328000000002"><ele>198.45</ele></trkpt>
    <trkpt lat="37.76017" lon="-122.08337000000002"><ele>197.45</ele></trkpt>
    <trkpt lat="37.76011103182755" lon="-122.08341126964123"><ele>196.93</ele></trkpt>
    <trkpt lat="37.76005335150063" lon="-122.08332147353266"><ele>195.30</ele></trkpt>
    <trkpt lat="37.759902495047086" lon="-122.08325412645122"><ele>195.32</ele></trkpt>
    <trkpt lat="37.759782697056664" lon="-122.0831474935723"><ele>196.79</ele></trkpt>
    <trkpt lat="37.75965402492437" lon="-122.0829791258684"><ele>202.60</ele></trkpt>
    <trkpt lat="37.759620000000005" lon="-122.08263000000001"><ele>204.69</ele></trkpt>
    <trkpt lat="37.75961" lon="-122.08254000000001"><ele>206.92</ele></trkpt>
    <trkpt lat="37.759510000000006" lon="-122.08254000000001"><ele>210.38</ele></trkpt>
    <trkpt lat="37.75934" lon="-122.08266"><ele>210.21</ele></trkpt>
    <trkpt lat="37.759260000000005" lon="-122.08288"><ele>211.24</ele></trkpt>
    <trkpt lat="37.75912" lon="-122.08297"><ele>213.16</ele></trkpt>
    <trkpt lat="37.75903" lon="-122.08288"><ele>215.47000000000003</ele></trkpt>
    <trkpt lat="37.75893000000001" lon="-122.08276000000001"><ele>216.83</ele></trkpt>
    <trkpt lat="37.75864" lon="-122.08235"><ele>224.03</ele></trkpt>
    <trkpt lat="37.7586" lon="-122.08226"><ele>224.03</ele></trkpt>
    <trkpt lat="37.75853" lon="-122.08218000000001"><ele>224.79000000000002</ele></trkpt>
    <trkpt lat="37.75842" lon="-122.08213"><ele>225.79000000000002</ele></trkpt>
    <trkpt lat="37.758120000000005" lon="-122.08191000000001"><ele>229.92000000000002</ele></trkpt>
    <trkpt lat="37.75806" lon="-122.08181"><ele>230.64000000000001</ele></trkpt>
    <trkpt lat="37.758030000000005" lon="-122.08159"><ele>230.66000000000003</ele></trkpt>
    <trkpt lat="37.75817" lon="-122.08140000000002"><ele>228.52</ele></trkpt>
    <trkpt lat="37.758190000000006" lon="-122.08127"><ele>228.0</ele></trkpt>
    <trkpt lat="37.75809" lon="-122.081"><ele>228.47</ele></trkpt>
    <trkpt lat="37.757870000000004" lon="-122.08075000000001"><ele>228.93</ele></trkpt>
    <trkpt lat="37.757720000000006" lon="-122.08078"><ele>229.07000000000002</ele></trkpt>
    <trkpt lat="37.757580000000004" lon="-122.08069"><ele>229.18</ele></trkpt>
    <trkpt lat="37.757360000000006" lon="-122.08069"><ele>229.11</ele></trkpt>
    <trkpt lat="37.75721" lon="-122.08074"><ele>228.16000000000003</ele></trkpt>
    <trkpt lat="37.757090000000005" lon="-122.08079000000001"><ele>227.31</ele></trkpt>
    <trkpt lat="37.75696000000001" lon="-122.08105"><ele>223.21</ele></trkpt>
    <trkpt lat="37.75688" lon="-122.08109"><ele>222.55</ele></trkpt>
    <trkpt lat="37.7567" lon="-122.08114"><ele>221.09</ele></trkpt>
    <trkpt lat="37.75665" lon="-122.08108000000001"><ele>220.57000000000002</ele></trkpt>
    <trkpt lat="37.75663" lon="-122.08101"><ele>220.16000000000003</ele></trkpt>
    <trkpt lat="37.756660000000004" lon="-122.08082000000002"><ele>218.42000000000002</ele></trkpt>
    <trkpt lat="37.756660000000004" lon="-122.08051"><ele>217.33</ele></trkpt>
    <trkpt lat="37.75672" lon="-122.08037000000002"><ele>217.31000000000003</ele></trkpt>
    <trkpt lat="37.756800000000005" lon="-122.08028000000002"><ele>217.45</ele></trkpt>
    <trkpt lat="37.7569" lon="-122.08024"><ele>217.65</ele></trkpt>
    <trkpt lat="37.757000000000005" lon="-122.08016"><ele>218.08</ele></trkpt>
    <trkpt lat="37.75717" lon="-122.07997"><ele>218.45</ele></trkpt>
    <trkpt lat="37.757400000000004" lon="-122.07993"><ele>219.33</ele></trkpt>
    <trkpt lat="37.757470000000005" lon="-122.07984"><ele>220.31</ele></trkpt>
    <trkpt lat="37.757470000000005" lon="-122.07975"><ele>220.66000000000003</ele></trkpt>
    <trkpt lat="37.75743000000001" lon="-122.07962"><ele>220.59</ele></trkpt>
    <trkpt lat="37.757340000000006" lon="-122.07957"><ele>220.16000000000003</ele></trkpt>
    <trkpt lat="37.75717" lon="-122.07953"><ele>219.25000000000003</ele></trkpt>
    <trkpt lat="37.757070000000006" lon="-122.07948"><ele>218.21</ele></trkpt>
    <trkpt lat="37.757000000000005" lon="-122.07936000000001"><ele>217.38000000000002</ele></trkpt>
    <trkpt lat="37.75697" lon="-122.07926"><ele>217.09</ele></trkpt>
    <trkpt lat="37.75701" lon="-122.07908"><ele>216.94000000000003</ele></trkpt>
    <trkpt lat="37.75708" lon="-122.07904"><ele>217.09</ele></trkpt>
    <trkpt lat="37.757180000000005" lon="-122.07904"><ele>217.50000000000003</ele></trkpt>
    <trkpt lat="37.757270000000005" lon="-122.07899"><ele>218.41000000000003</ele></trkpt>
    <trkpt lat="37.75735" lon="-122.0789"><ele>218.69000000000003</ele></trkpt>
    <trkpt lat="37.757400000000004" lon="-122.07881"><ele>219.71</ele></trkpt>
    <trkpt lat="37.757400000000004" lon="-122.07872"><ele>219.71</ele></trkpt>
    <trkpt lat="37.75735" lon="-122.07868"><ele>220.12</ele></trkpt>
    <trkpt lat="37.75724" lon="-122.07864000000001"><ele>220.23000000000002</ele></trkpt>
    <trkpt lat="37.75674" lon="-122.07872"><ele>215.70000000000002</ele></trkpt>
    <trkpt lat="37.75634" lon="-122.07886"><ele>209.20000000000002</ele></trkpt>
    <trkpt lat="37.75632" lon="-122.07903"><ele>207.21</ele></trkpt>
    <trkpt lat="37.75629" lon="-122.07903"><ele>205.39</ele></trkpt>
    <trkpt lat="37.756220000000006" lon="-122.07882000000001"><ele>203.92000000000002</ele></trkpt>
    <trkpt lat="37.75605" lon="-122.07855"><ele>196.08</ele></trkpt>
    <trkpt lat="37.75592" lon="-122.07841"><ele>191.41000000000003</ele></trkpt>
    <trkpt lat="37.7558" lon="-122.07836"><ele>188.14</ele></trkpt>
    <trkpt lat="37.75576" lon="-122.07842000000001"><ele>184.37</ele></trkpt>
    <trkpt lat="37.755720000000004" lon="-122.07872"><ele>181.01</ele></trkpt>
    <trkpt lat="37.755700000000004" lon="-122.07916000000002"><ele>174.83</ele></trkpt>
    <trkpt lat="37.75571" lon="-122.0794"><ele>171.89000000000001</ele></trkpt>
    <trkpt lat="37.75565" lon="-122.07957"><ele>167.52</ele></trkpt>
    <trkpt lat="37.755480000000006" lon="-122.07971"><ele>165.10000000000002</ele></trkpt>
    <trkpt lat="37.755280000000006" lon="-122.07975"><ele>165.26000000000002</ele></trkpt>
    <trkpt lat="37.755050000000004" lon="-122.07967000000001"><ele>162.74</ele></trkpt>
    <trkpt lat="37.75489" lon="-122.07954000000001"><ele>158.74</ele></trkpt>
    <trkpt lat="37.7547" lon="-122.07954000000001"><ele>154.27</ele></trkpt>
    <trkpt lat="37.754580000000004" lon="-122.07944"><ele>152.45</ele></trkpt>
    <trkpt lat="37.75446" lon="-122.0794"><ele>150.45</ele></trkpt>
    <trkpt lat="37.75424" lon="-122.07909000000001"><ele>140.92000000000002</ele></trkpt>
    <trkpt lat="37.7541" lon="-122.07899"><ele>138.51000000000002</ele></trkpt>
    <trkpt lat="37.75405000000001" lon="-122.07881"><ele>136.76000000000002</ele></trkpt>
    <trkpt lat="37.754090000000005" lon="-122.07869000000001"><ele>135.51000000000002</ele></trkpt>
    <trkpt lat="37.75405000000001" lon="-122.07833000000001"><ele>129.75</ele></trkpt>
    <trkpt lat="37.75385" lon="-122.07792"><ele>125.06</ele></trkpt>
    <trkpt lat="37.75377" lon="-122.07772000000001"><ele>118.66000000000001</ele></trkpt>
    <trkpt lat="37.753690000000006" lon="-122.07734"><ele>115.65</ele></trkpt>
    <trkpt lat="37.753730000000004" lon="-122.07702"><ele>117.92</ele></trkpt>
    <trkpt lat="37.75392" lon="-122.07662"><ele>125.67</ele></trkpt>
    <trkpt lat="37.75408" lon="-122.07644"><ele>127.30000000000003</ele></trkpt>
    <trkpt lat="37.754200000000004" lon="-122.07608"><ele>133.12</ele></trkpt>
    <trkpt lat="37.75415" lon="-122.07604"><ele>135.22</ele></trkpt>
    <trkpt lat="37.753800000000005" lon="-122.07639"><ele>144.34000000000003</ele></trkpt>
    <trkpt lat="37.753620000000005" lon="-122.07643000000002"><ele>145.74</ele></trkpt>
    <trkpt lat="37.75339" lon="-122.07653"><ele>150.12</ele></trkpt>
    <trkpt lat="37.752990000000004" lon="-122.07649"><ele>153.56</ele></trkpt>
    <trkpt lat="37.75289512536331" lon="-122.07645553704472"><ele>153.58</ele></trkpt>
    <trkpt lat="37.752823669098305" lon="-122.07642742019894"><ele>153.48</ele></trkpt>
    <trkpt lat="37.752760946320294" lon="-122.07640131169889"><ele>153.09</ele></trkpt>
    <trkpt lat="37.752706163090906" lon="-122.0763822324105"><ele>152.98</ele></trkpt>
    <trkpt lat="37.752660000000006" lon="-122.07635"><ele>153.12</ele></trkpt>
    <trkpt lat="37.75258915105739" lon="-122.07634852593102"><ele>153.65</ele></trkpt>
    <trkpt lat="37.75238" lon="-122.0763"><ele>153.85000000000002</ele></trkpt>
    <trkpt lat="37.752100000000006" lon="-122.07635"><ele>152.60000000000002</ele></trkpt>
    <trkpt lat="37.75177" lon="-122.0763"><ele>148.95</ele></trkpt>
    <trkpt lat="37.751560000000005" lon="-122.07621"><ele>147.01</ele></trkpt>
    <trkpt lat="37.75144" lon="-122.07595"><ele>144.16</ele></trkpt>
    <trkpt lat="37.751470000000005" lon="-122.07577"><ele>141.13</ele></trkpt>
    <trkpt lat="37.75161000000001" lon="-122.07545"><ele>138.53</ele></trkpt>
    <trkpt lat="37.751670000000004" lon="-122.07524000000001"><ele>137.48000000000002</ele></trkpt>
    <trkpt lat="37.7517" lon="-122.07500000000002"><ele>134.97</ele></trkpt>
    <trkpt lat="37.751650000000005" lon="-122.07483"><ele>131.83</ele></trkpt>
    <trkpt lat="37.75157" lon="-122.07475000000001"><ele>130.36</ele></trkpt>
    <trkpt lat="37.75137" lon="-122.07483"><ele>127.76</ele></trkpt>
    <trkpt lat="37.75119" lon="-122.07501"><ele>125.9</ele></trkpt>
    <trkpt lat="37.751000000000005" lon="-122.07509"><ele>123.98</ele></trkpt>
    <trkpt lat="37.75079" lon="-122.07496"><ele>123.75000000000001</ele></trkpt>
    <trkpt lat="37.75068" lon="-122.07479000000001"><ele>124.28000000000002</ele></trkpt>
    <trkpt lat="37.75041" lon="-122.07412000000001"><ele>126.60000000000001</ele></trkpt>
    <trkpt lat="37.7503" lon="-122.07393"><ele>126.74000000000002</ele></trkpt>
    <trkpt lat="37.749970000000005" lon="-122.07352000000002"><ele>125.65</ele></trkpt>
    <trkpt lat="37.749900000000004" lon="-122.07317"><ele>122.33000000000001</ele></trkpt>
    <trkpt lat="37.74983" lon="-122.07309000000001"><ele>119.38000000000001</ele></trkpt>
    <trkpt lat="37.749750000000006" lon="-122.07317"><ele>118.55000000000001</ele></trkpt>
    <trkpt lat="37.74972" lon="-122.07327000000001"><ele>117.57000000000001</ele></trkpt>
    <trkpt lat="37.74953" lon="-122.0734"><ele>117.72</ele></trkpt>
    <trkpt lat="37.749320000000004" lon="-122.07343000000002"><ele>119.0</ele></trkpt>
    <trkpt lat="37.74909" lon="-122.07334000000002"><ele>120.89000000000001</ele></trkpt>
    <trkpt lat="37.749" lon="-122.07335"><ele>120.88000000000001</ele></trkpt>
    <trkpt lat="37.748870000000004" lon="-122.07334000000002"><ele>120.53000000000002</ele></trkpt>
    <trkpt lat="37.748610000000006" lon="-122.07339"><ele>116.63000000000001</ele></trkpt>
    <trkpt lat="37.74846" lon="-122.07352000000002"><ele>115.05000000000001</ele></trkpt>
    <trkpt lat="37.74826" lon="-122.07362"><ele>115.28</ele></trkpt>
    <trkpt lat="37.748090000000005" lon="-122.07362"><ele>111.96000000000001</ele></trkpt>
    <trkpt lat="37.74783" lon="-122.0738"><ele>104.59</ele></trkpt>
    <trkpt lat="37.747240000000005" lon="-122.07389"><ele>94.37</ele></trkpt>
    <trkpt lat="37.74701" lon="-122.07381000000001"><ele>93.35</ele></trkpt>
    <trkpt lat="37.74649" lon="-122.0734"><ele>93.02000000000001</ele></trkpt>
    <trkpt lat="37.74669" lon="-122.07254"><ele>103.85000000000001</ele></trkpt>
    <trkpt lat="37.746680000000005" lon="-122.07231000000002"><ele>106.26</ele></trkpt>
    <trkpt lat="37.7466" lon="-122.07227"><ele>106.26</ele></trkpt>
    <trkpt lat="37.74653" lon="-122.07232"><ele>108.18</ele></trkpt>
    <trkpt lat="37.745990000000006" lon="-122.07286"><ele>123.55000000000001</ele></trkpt>
    <trkpt lat="37.74524" lon="-122.07295"><ele>129.67000000000002</ele></trkpt>
    <trkpt lat="37.74495" lon="-122.07335"><ele>126.69</ele></trkpt>
    <trkpt lat="37.7447" lon="-122.07344"><ele>124.92000000000002</ele></trkpt>
    <trkpt lat="37.744600000000005" lon="-122.07354000000001"><ele>124.01</ele></trkpt>
    <trkpt lat="37.74429000000001" lon="-122.07361000000002"><ele>122.17000000000002</ele></trkpt>
    <trkpt lat="37.74418" lon="-122.07357"><ele>121.01</ele></trkpt>
    <trkpt lat="37.74403" lon="-122.07344"><ele>119.72</ele></trkpt>
    <trkpt lat="37.743770000000005" lon="-122.07363000000001"><ele>115.81</ele></trkpt>
    <trkpt lat="37.74362" lon="-122.07357"><ele>114.84</ele></trkpt>
    <trkpt lat="37.74311" lon="-122.07367"><ele>112.73</ele></trkpt>
    <trkpt lat="37.74286" lon="-122.07362"><ele>112.31</ele></trkpt>
    <trkpt lat="37.742580000000004" lon="-122.07362"><ele>110.61000000000001</ele></trkpt>
    <trkpt lat="37.74242" lon="-122.07358"><ele>108.52</ele></trkpt>
    <trkpt lat="37.742380000000004" lon="-122.07345000000001"><ele>107.27</ele></trkpt>
    <trkpt lat="37.7423" lon="-122.07277"><ele>101.45000000000002</ele></trkpt>
    <trkpt lat="37.742200000000004" lon="-122.07263"><ele>99.49000000000001</ele></trkpt>
    <trkpt lat="37.74212" lon="-122.07268"><ele>98.71000000000001</ele></trkpt>
    <trkpt lat="37.74203" lon="-122.07326"><ele>94.92</ele></trkpt>
    <trkpt lat="37.741640000000004" lon="-122.07361000000002"><ele>90.99</ele></trkpt>
    <trkpt lat="37.740950000000005" lon="-122.07372000000001"><ele>85.41000000000001</ele></trkpt>
    <trkpt lat="37.740610000000004" lon="-122.07371"><ele>84.83</ele></trkpt>
    <trkpt lat="37.74025" lon="-122.07348"><ele>86.81000000000002</ele></trkpt>
    <trkpt lat="37.73986" lon="-122.07353"><ele>86.39</ele></trkpt>
    <trkpt lat="37.739520000000006" lon="-122.07362"><ele>86.28</ele></trkpt>
    <trkpt lat="37.738850000000006" lon="-122.07399000000001"><ele>85.45000000000002</ele></trkpt>
    <trkpt lat="37.73872" lon="-122.07465"><ele>81.09</ele></trkpt>
    <trkpt lat="37.738710000000005" lon="-122.07481000000001"><ele>80.94000000000001</ele></trkpt>
    <trkpt lat="37.738530000000004" lon="-122.07496"><ele>81.09</ele></trkpt>
    <trkpt lat="37.73843" lon="-122.07508000000001"><ele>81.30000000000001</ele></trkpt>
    <trkpt lat="37.73805" lon="-122.07543000000001"><ele>81.44000000000001</ele></trkpt>
    <trkpt lat="37.73781" lon="-122.07570000000001"><ele>81.31</ele></trkpt>
    <trkpt lat="37.73767" lon="-122.07567000000002"><ele>81.36</ele></trkpt>
    <trkpt lat="37.73753" lon="-122.07568"><ele>81.35000000000001</ele></trkpt>
    <trkpt lat="37.73734" lon="-122.07576000000002"><ele>81.31</ele></trkpt>
    <trkpt lat="37.737120000000004" lon="-122.07594000000002"><ele>81.17</ele></trkpt>
    <trkpt lat="37.736745000616196" lon="-122.0763050017968"><ele>80.92</ele></trkpt>
    <trkpt lat="37.73637" lon="-122.07667000000001"><ele>80.48</ele></trkpt>
    <trkpt lat="37.73617" lon="-122.07693"><ele>80.25</ele></trkpt>
    <trkpt lat="37.73602" lon="-122.07715"><ele>80.17</ele></trkpt>
    <trkpt lat="37.73593" lon="-122.07738"><ele>80.17</ele></trkpt>
    <trkpt lat="37.735870000000006" lon="-122.07765"><ele>80.38000000000001</ele></trkpt>
    <trkpt lat="37.73579" lon="-122.07823"><ele>81.05000000000001</ele></trkpt>
    <trkpt lat="37.73572" lon="-122.07845"><ele>81.23</ele></trkpt>
    <trkpt lat="37.735220000000005" lon="-122.07939"><ele>82.94000000000001</ele></trkpt>
    <trkpt lat="37.734970000000004" lon="-122.0798"><ele>83.51</ele></trkpt>
    <trkpt lat="37.73476" lon="-122.08002"><ele>83.36</ele></trkpt>
    <trkpt lat="37.73424500081597" lon="-122.08049000337601"><ele>82.05000000000001</ele></trkpt>
    <trkpt lat="37.73373" lon="-122.08096"><ele>80.49000000000001</ele></trkpt>
    <trkpt lat="37.733540000000005" lon="-122.08105"><ele>79.25</ele></trkpt>
    <trkpt lat="37.73339" lon="-122.08109"><ele>78.78</ele></trkpt>
    <trkpt lat="37.733160000000005" lon="-122.08109"><ele>78.15</ele></trkpt>
    <trkpt lat="37.732358000501016" lon="-122.08091999263763"><ele>78.26</ele></trkpt>
    <trkpt lat="37.73155600075789" lon="-122.080749988958"><ele>80.48</ele></trkpt>
    <trkpt lat="37.730754000770624" lon="-122.08057998896089"><ele>81.01</ele></trkpt>
    <trkpt lat="37.72995200053924" lon="-122.08040999264612"><ele>80.4</ele></trkpt>
    <trkpt lat="37.729150000000004" lon="-122.08024"><ele>79.38000000000001</ele></trkpt>
    <trkpt lat="37.72831000039262" lon="-122.07997499702448"><ele>78.67999999999999</ele></trkpt>
    <trkpt lat="37.727470000000004" lon="-122.07971"><ele>78.19000000000001</ele></trkpt>
    <trkpt lat="37.72728" lon="-122.07966"><ele>77.62</ele></trkpt>
    <trkpt lat="37.72664333333258" lon="-122.07972000103449"><ele>77.29</ele></trkpt>
    <trkpt lat="37.72600666663477" lon="-122.07978000103743"><ele>76.69000000000001</ele></trkpt>
    <trkpt lat="37.725370000000005" lon="-122.07984"><ele>76.13</ele></trkpt>
    <trkpt lat="37.72507" lon="-122.07984"><ele>76.03</ele></trkpt>
    <trkpt lat="37.7248" lon="-122.07979000000002"><ele>75.89000000000001</ele></trkpt>
    <trkpt lat="37.72482" lon="-122.07997"><ele>75.58000000000001</ele></trkpt>
    <trkpt lat="37.72485" lon="-122.08005000000001"><ele>75.58000000000001</ele></trkpt>
    <trkpt lat="37.724900000000005" lon="-122.08015"><ele>75.45</ele></trkpt>
    <trkpt lat="37.724830000000004" lon="-122.08013000000001"><ele>75.48</ele></trkpt>
    <trkpt lat="37.724630000000005" lon="-122.08002"><ele>75.26</ele></trkpt>
    <trkpt lat="37.724500000000006" lon="-122.07985000000001"><ele>75.4</ele></trkpt>
    <trkpt lat="37.7244" lon="-122.0798"><ele>75.29</ele></trkpt>
    <trkpt lat="37.723910000000004" lon="-122.07936000000001"><ele>75.4</ele></trkpt>
    <trkpt lat="37.723530000000004" lon="-122.07897000000001"><ele>77.69000000000001</ele></trkpt>
    <trkpt lat="37.72352645302864" lon="-122.07895872634026"><ele>77.69000000000001</ele></trkpt>
    <trkpt lat="37.72348" lon="-122.07908"><ele>78.01</ele></trkpt>
    <trkpt lat="37.72337" lon="-122.07918000000001"><ele>78.88000000000001</ele></trkpt>
    <trkpt lat="37.72335" lon="-122.07926"><ele>79.27000000000001</ele></trkpt>
    <trkpt lat="37.72337" lon="-122.07931"><ele>79.33</ele></trkpt>
    <trkpt lat="37.72359" lon="-122.07948"><ele>82.1</ele></trkpt>
    <trkpt lat="37.72368" lon="-122.07957"><ele>83.78</ele></trkpt>
    <trkpt lat="37.72392" lon="-122.07993"><ele>87.84</ele></trkpt>
    <trkpt lat="37.723980000000005" lon="-122.08006"><ele>88.41</ele></trkpt>
    <trkpt lat="37.72397" lon="-122.0802"><ele>90.81</ele></trkpt>
    <trkpt lat="37.72386" lon="-122.08052"><ele>93.89</ele></trkpt>
    <trkpt lat="37.72381" lon="-122.08082000000002"><ele>96.69000000000001</ele></trkpt>
    <trkpt lat="37.72381" lon="-122.08096"><ele>98.43</ele></trkpt>
    <trkpt lat="37.72388" lon="-122.08133000000001"><ele>103.13000000000001</ele></trkpt>
    <trkpt lat="37.72388" lon="-122.0815"><ele>104.57000000000001</ele></trkpt>
    <trkpt lat="37.72404" lon="-122.08191000000001"><ele>107.24</ele></trkpt>
    <trkpt lat="37.724070000000005" lon="-122.08208"><ele>108.78000000000002</ele></trkpt>
    <trkpt lat="37.724030000000006" lon="-122.0823"><ele>111.10000000000001</ele></trkpt>
    <trkpt lat="37.724000000000004" lon="-122.08263000000001"><ele>114.37</ele></trkpt>
    <trkpt lat="37.72402" lon="-122.08303000000001"><ele>117.5</ele></trkpt>
    <trkpt lat="37.72399" lon="-122.08324"><ele>120.36</ele></trkpt>
    <trkpt lat="37.7239" lon="-122.08338"><ele>121.39000000000001</ele></trkpt>
    <trkpt lat="37.723870000000005" lon="-122.08347"><ele>122.31000000000002</ele></trkpt>
    <trkpt lat="37.7239" lon="-122.08365"><ele>123.79</ele></trkpt>
    <trkpt lat="37.7239" lon="-122.08382"><ele>125.07000000000001</ele></trkpt>
    <trkpt lat="37.723980000000005" lon="-122.084"><ele>125.74000000000001</ele></trkpt>
    <trkpt lat="37.724000000000004" lon="-122.0841"><ele>126.5</ele></trkpt>
    <trkpt lat="37.72399" lon="-122.08423"><ele>128.10999999999999</ele></trkpt>
    <trkpt lat="37.72394746565914" lon="-122.08436009233566"><ele>128.10999999999999</ele></trkpt>
    <trkpt lat="37.723984592620184" lon="-122.08450761383165"><ele>129.5</ele></trkpt>
    <trkpt lat="37.72414460734521" lon="-122.08476959574213"><ele>131.07000000000002</ele></trkpt>
    <trkpt lat="37.724195524179805" lon="-122.08493589270125"><ele>131.74</ele></trkpt>
    <trkpt lat="37.72418543894919" lon="-122.0850911836271"><ele>133.21</ele></trkpt>
    <trkpt lat="37.72420082007123" lon="-122.08519534972865"><ele>134.1042752477261</ele></trkpt>
    <trkpt lat="37.7242687091249" lon="-122.08538555606648"><ele>135.83</ele></trkpt>
    <trkpt lat="37.724248024185144" lon="-122.08567255242883"><ele>137.56</ele></trkpt>
    <trkpt lat="37.72442145926344" lon="-122.08604940279226"><ele>139.64000000000001</ele></trkpt>
    <trkpt lat="37.7245057899363" lon="-122.08615870280973"><ele>141.13</ele></trkpt>
    <trkpt lat="37.72466697561306" lon="-122.08631335235904"><ele>141.13</ele></trkpt>
    <trkpt lat="37.72492184170065" lon="-122.08674727543126"><ele>144.93</ele></trkpt>
    <trkpt lat="37.725095071859585" lon="-122.08694113804071"><ele>146.37</ele></trkpt>
    <trkpt lat="37.725329305518514" lon="-122.08710940802452"><ele>148.36</ele></trkpt>
    <trkpt lat="37.725455534754076" lon="-122.08725760007235"><ele>149.11</ele></trkpt>
    <trkpt lat="37.72546455111987" lon="-122.08730520928262"><ele>149.11</ele></trkpt>
    <trkpt lat="37.725440000000006" lon="-122.08736"><ele>149.2</ele></trkpt>
    <trkpt lat="37.72525868978167" lon="-122.08742006856924"><ele>148.95</ele></trkpt>
    <trkpt lat="37.72527" lon="-122.08768"><ele>145.01</ele></trkpt>
    <trkpt lat="37.72522" lon="-122.08839"><ele>139.34</ele></trkpt>
    <trkpt lat="37.725280000000005" lon="-122.08907"><ele>140.49</ele></trkpt>
    <trkpt lat="37.72524000000001" lon="-122.08929"><ele>140.98000000000002</ele></trkpt>
    <trkpt lat="37.72508400709788" lon="-122.08962404712418"><ele>142.37664324636526</ele></trkpt>
    <trkpt lat="37.72487500260956" lon="-122.09007500385349"><ele>144.3</ele></trkpt>
    <trkpt lat="37.72477338037366" lon="-122.09030459628494"><ele>142.58334015266945</ele></trkpt>
    <trkpt lat="37.72451" lon="-122.09086"><ele>138.38</ele></trkpt>
    <trkpt lat="37.72428" lon="-122.09117"><ele>133.55</ele></trkpt>
    <trkpt lat="37.72422" lon="-122.09127000000001"><ele>132.64000000000001</ele></trkpt>
    <trkpt lat="37.72419" lon="-122.09140000000001"><ele>132.24</ele></trkpt>
    <trkpt lat="37.724160000000005" lon="-122.09176000000001"><ele>128.56</ele></trkpt>
    <trkpt lat="37.724120000000006" lon="-122.09189"><ele>126.51</ele></trkpt>
    <trkpt lat="37.724050000000005" lon="-122.09202"><ele>125.23</ele></trkpt>
    <trkpt lat="37.723800000000004" lon="-122.09228000000002"><ele>120.95000000000002</ele></trkpt>
    <trkpt lat="37.72373" lon="-122.09238"><ele>120.32000000000001</ele></trkpt>
    <trkpt lat="37.723620000000004" lon="-122.0926"><ele>119.55</ele></trkpt>
    <trkpt lat="37.72424" lon="-122.09291"><ele>113.77000000000001</ele></trkpt>
    <trkpt lat="37.724430000000005" lon="-122.09305"><ele>113.19000000000001</ele></trkpt>
    <trkpt lat="37.72464" lon="-122.09324000000001"><ele>112.43</ele></trkpt>
    <trkpt lat="37.7248" lon="-122.09345"><ele>111.86000000000001</ele></trkpt>
    <trkpt lat="37.72514" lon="-122.09367"><ele>109.88000000000001</ele></trkpt>
    <trkpt lat="37.72552" lon="-122.09404"><ele>108.06</ele></trkpt>
    <trkpt lat="37.72563" lon="-122.09417"><ele>107.69000000000001</ele></trkpt>
    <trkpt lat="37.72581" lon="-122.09444"><ele>105.81000000000002</ele></trkpt>
    <trkpt lat="37.72592" lon="-122.09457"><ele>104.76</ele></trkpt>
    <trkpt lat="37.72601" lon="-122.09465000000002"><ele>103.85000000000001</ele></trkpt>
    <trkpt lat="37.72632" lon="-122.09479"><ele>102.19</ele></trkpt>
    <trkpt lat="37.72648" lon="-122.09497"><ele>101.03</ele></trkpt>
    <trkpt lat="37.726710000000004" lon="-122.09511"><ele>99.04</ele></trkpt>
    <trkpt lat="37.72715" lon="-122.09512000000001"><ele>94.66000000000001</ele></trkpt>
    <trkpt lat="37.72728" lon="-122.09519000000002"><ele>93.79</ele></trkpt>
    <trkpt lat="37.72758" lon="-122.09538"><ele>90.59</ele></trkpt>
    <trkpt lat="37.72768000000001" lon="-122.09538"><ele>89.77</ele></trkpt>
    <trkpt lat="37.72807" lon="-122.09524"><ele>83.76</ele></trkpt>
    <trkpt lat="37.72834" lon="-122.09512000000001"><ele>83.76</ele></trkpt>
    <trkpt lat="37.728660000000005" lon="-122.09488"><ele>79.44000000000001</ele></trkpt>
    <trkpt lat="37.72901" lon="-122.09453"><ele>75.04</ele></trkpt>
    <trkpt lat="37.72898" lon="-122.09471"><ele>74.85</ele></trkpt>
    <trkpt lat="37.728770000000004" lon="-122.09511"><ele>75.93</ele></trkpt>
    <trkpt lat="37.728480000000005" lon="-122.09546000000002"><ele>76.71</ele></trkpt>
    <trkpt lat="37.72813" lon="-122.0956"><ele>76.63</ele></trkpt>
    <trkpt lat="37.727900000000005" lon="-122.09573"><ele>76.61000000000001</ele></trkpt>
    <trkpt lat="37.72773" lon="-122.09582"><ele>76.74</ele></trkpt>
    <trkpt lat="37.72755" lon="-122.09578"><ele>76.69000000000001</ele></trkpt>
    <trkpt lat="37.727230000000006" lon="-122.09555"><ele>75.89000000000001</ele></trkpt>
    <trkpt lat="37.72706" lon="-122.09556"><ele>75.75000000000001</ele></trkpt>
    <trkpt lat="37.727030000000006" lon="-122.09564"><ele>75.97000000000001</ele></trkpt>
    <trkpt lat="37.72704" lon="-122.09574"><ele>76.2</ele></trkpt>
    <trkpt lat="37.72719" lon="-122.09636"><ele>80.48</ele></trkpt>
    <trkpt lat="37.7272" lon="-122.0965"><ele>81.07000000000001</ele></trkpt>
    <trkpt lat="37.72708" lon="-122.0969"><ele>81.94000000000001</ele></trkpt>
    <trkpt lat="37.726910000000004" lon="-122.09725000000002"><ele>83.4</ele></trkpt>
    <trkpt lat="37.72668" lon="-122.09739"><ele>83.04</ele></trkpt>
    <trkpt lat="37.72659" lon="-122.09761"><ele>81.78</ele></trkpt>
    <trkpt lat="37.72657" lon="-122.09776000000001"><ele>80.67</ele></trkpt>
    <trkpt lat="37.726310000000005" lon="-122.0986"><ele>80.75</ele></trkpt>
    <trkpt lat="37.72625" lon="-122.09904000000002"><ele>84.03</ele></trkpt>
    <trkpt lat="37.72628" lon="-122.09941"><ele>85.66000000000001</ele></trkpt>
    <trkpt lat="37.72639" lon="-122.09980000000002"><ele>85.33</ele></trkpt>
    <trkpt lat="37.72648" lon="-122.09999"><ele>85.4</ele></trkpt>
    <trkpt lat="37.72672" lon="-122.1003"><ele>85.83</ele></trkpt>
    <trkpt lat="37.72677" lon="-122.10043"><ele>85.70000000000002</ele></trkpt>
    <trkpt lat="37.726850000000006" lon="-122.10056000000002"><ele>84.83</ele></trkpt>
    <trkpt lat="37.727450000000005" lon="-122.10089"><ele>80.08000000000001</ele></trkpt>
    <trkpt lat="37.72748" lon="-122.10097"><ele>80.25</ele></trkpt>
    <trkpt lat="37.727470000000004" lon="-122.10106"><ele>80.25</ele></trkpt>
    <trkpt lat="37.727410000000006" lon="-122.10111"><ele>80.33000000000001</ele></trkpt>
    <trkpt lat="37.72679" lon="-122.10146"><ele>79.5</ele></trkpt>
    <trkpt lat="37.726470000000006" lon="-122.10191"><ele>76.59</ele></trkpt>
    <trkpt lat="37.72634" lon="-122.10204000000002"><ele>76.25000000000001</ele></trkpt>
    <trkpt lat="37.72623" lon="-122.102"><ele>76.08000000000001</ele></trkpt>
    <trkpt lat="37.72617" lon="-122.10173"><ele>76.28</ele></trkpt>
    <trkpt lat="37.726110000000006" lon="-122.1016"><ele>76.76</ele></trkpt>
    <trkpt lat="37.72578" lon="-122.10116000000001"><ele>77.09</ele></trkpt>
    <trkpt lat="37.72571000000001" lon="-122.10115"><ele>77.43</ele></trkpt>
    <trkpt lat="37.725680000000004" lon="-122.10115"><ele>78.28</ele></trkpt>
    <trkpt lat="37.725640000000006" lon="-122.10124"><ele>78.65</ele></trkpt>
    <trkpt lat="37.72563" lon="-122.10133"><ele>79.02000000000001</ele></trkpt>
    <trkpt lat="37.725640000000006" lon="-122.10146"><ele>78.76</ele></trkpt>
    <trkpt lat="37.72569" lon="-122.10161000000001"><ele>78.07</ele></trkpt>
    <trkpt lat="37.7257" lon="-122.10182"><ele>76.19000000000001</ele></trkpt>
    <trkpt lat="37.725660000000005" lon="-122.10191"><ele>75.9</ele></trkpt>
    <trkpt lat="37.72556" lon="-122.10196"><ele>75.24</ele></trkpt>
    <trkpt lat="37.725390000000004" lon="-122.10196"><ele>75.00000000000001</ele></trkpt>
    <trkpt lat="37.72533" lon="-122.102"><ele>75.57000000000001</ele></trkpt>
    <trkpt lat="37.72524000000001" lon="-122.10210000000001"><ele>75.74</ele></trkpt>
    <trkpt lat="37.725100000000005" lon="-122.10254"><ele>75.86000000000001</ele></trkpt>
    <trkpt lat="37.725" lon="-122.10272"><ele>76.51</ele></trkpt>
    <trkpt lat="37.72473" lon="-122.10295"><ele>76.83000000000001</ele></trkpt>
    <trkpt lat="37.72428" lon="-122.10321"><ele>77.5</ele></trkpt>
    <trkpt lat="37.72395" lon="-122.10335"><ele>77.52000000000001</ele></trkpt>
    <trkpt lat="37.723780000000005" lon="-122.10339"><ele>77.35</ele></trkpt>
    <trkpt lat="37.72332" lon="-122.10339"><ele>76.66000000000001</ele></trkpt>
    <trkpt lat="37.72321" lon="-122.10335"><ele>76.45</ele></trkpt>
    <trkpt lat="37.723110000000005" lon="-122.10327000000001"><ele>76.17</ele></trkpt>
    <trkpt lat="37.723040000000005" lon="-122.10317"><ele>75.65</ele></trkpt>
    <trkpt lat="37.72299" lon="-122.10299"><ele>75.35</ele></trkpt>
    <trkpt lat="37.72292" lon="-122.10294"><ele>75.56</ele></trkpt>
    <trkpt lat="37.72285" lon="-122.10294"><ele>76.16000000000001</ele></trkpt>
    <trkpt lat="37.722770000000004" lon="-122.10300000000001"><ele>76.92</ele></trkpt>
    <trkpt lat="37.72272" lon="-122.10316000000002"><ele>77.7</ele></trkpt>
    <trkpt lat="37.722660000000005" lon="-122.10353"><ele>78.14</ele></trkpt>
    <trkpt lat="37.72261" lon="-122.1037"><ele>78.15</ele></trkpt>
    <trkpt lat="37.72252" lon="-122.10379"><ele>78.06</ele></trkpt>
    <trkpt lat="37.72231" lon="-122.10388"><ele>77.54</ele></trkpt>
    <trkpt lat="37.721970000000006" lon="-122.10398"><ele>77.38000000000001</ele></trkpt>
    <trkpt lat="37.72176" lon="-122.10402"><ele>77.5</ele></trkpt>
    <trkpt lat="37.72135" lon="-122.10402"><ele>77.61000000000001</ele></trkpt>
    <trkpt lat="37.72073" lon="-122.10374000000002"><ele>76.89</ele></trkpt>
    <trkpt lat="37.720580000000005" lon="-122.10352"><ele>77.44000000000001</ele></trkpt>
    <trkpt lat="37.720470000000006" lon="-122.10343"><ele>77.4</ele></trkpt>
    <trkpt lat="37.720380000000006" lon="-122.10335"><ele>77.15</ele></trkpt>
    <trkpt lat="37.720240000000004" lon="-122.10335"><ele>77.32</ele></trkpt>
    <trkpt lat="37.720200000000006" lon="-122.10343"><ele>77.45</ele></trkpt>
    <trkpt lat="37.720220000000005" lon="-122.10357"><ele>77.79</ele></trkpt>
    <trkpt lat="37.72044" lon="-122.10410000000002"><ele>78.99000000000001</ele></trkpt>
    <trkpt lat="37.72048" lon="-122.10425000000001"><ele>78.92</ele></trkpt>
    <trkpt lat="37.72045" lon="-122.10450000000002"><ele>78.57</ele></trkpt>
    <trkpt lat="37.720270000000006" lon="-122.10478"><ele>78.5</ele></trkpt>
    <trkpt lat="37.72012" lon="-122.10491"><ele>78.67</ele></trkpt>
    <trkpt lat="37.71999" lon="-122.10497000000001"><ele>78.67999999999999</ele></trkpt>
    <trkpt lat="37.71943" lon="-122.10514"><ele>78.13000000000001</ele></trkpt>
    <trkpt lat="37.71934" lon="-122.10514"><ele>77.71</ele></trkpt>
    <trkpt lat="37.71916" lon="-122.10506000000001"><ele>77.29</ele></trkpt>
    <trkpt lat="37.71857" lon="-122.10446"><ele>73.68</ele></trkpt>
    <trkpt lat="37.71844" lon="-122.10429"><ele>73.37</ele></trkpt>
    <trkpt lat="37.718340000000005" lon="-122.10411"><ele>72.8</ele></trkpt>
    <trkpt lat="37.71806" lon="-122.10379"><ele>72.73</ele></trkpt>
    <trkpt lat="37.717490000000005" lon="-122.10335"><ele>72.83</ele></trkpt>
    <trkpt lat="37.7173" lon="-122.10312"><ele>72.59</ele></trkpt>
    <trkpt lat="37.71712" lon="-122.10298000000002"><ele>72.54</ele></trkpt>
    <trkpt lat="37.71699" lon="-122.10344"><ele>71.55</ele></trkpt>
    <trkpt lat="37.716950000000004" lon="-122.10356000000002"><ele>71.56000000000002</ele></trkpt>
    <trkpt lat="37.71689000000001" lon="-122.10398"><ele>72.37</ele></trkpt>
    <trkpt lat="37.71687" lon="-122.10403000000001"><ele>72.92000000000002</ele></trkpt>
    <trkpt lat="37.71689039699511" lon="-122.1041168756148"><ele>73.77</ele></trkpt>
    <trkpt lat="37.71692443094271" lon="-122.10427781777403"><ele>73.7</ele></trkpt>
    <trkpt lat="37.71699" lon="-122.10433"><ele>73.14000000000001</ele></trkpt>
    <trkpt lat="37.717060000000004" lon="-122.10439000000001"><ele>73.14000000000001</ele></trkpt>
    <trkpt lat="37.717150000000004" lon="-122.10456"><ele>72.95</ele></trkpt>
    <trkpt lat="37.7173" lon="-122.10473"><ele>73.05</ele></trkpt>
    <trkpt lat="37.71748" lon="-122.10482"><ele>73.25000000000001</ele></trkpt>
    <trkpt lat="37.7177" lon="-122.105"><ele>73.46000000000001</ele></trkpt>
    <trkpt lat="37.718" lon="-122.10533000000001"><ele>73.65</ele></trkpt>
    <trkpt lat="37.71806" lon="-122.10554"><ele>73.50000000000001</ele></trkpt>
    <trkpt lat="37.71822" lon="-122.10585"><ele>73.88</ele></trkpt>
    <trkpt lat="37.71835" lon="-122.10604000000001"><ele>73.96000000000001</ele></trkpt>
    <trkpt lat="37.718410000000006" lon="-122.10638000000002"><ele>73.99</ele></trkpt>
    <trkpt lat="37.71842" lon="-122.10661"><ele>73.89000000000001</ele></trkpt>
    <trkpt lat="37.718610000000005" lon="-122.10712000000001"><ele>73.48</ele></trkpt>
    <trkpt lat="37.71875" lon="-122.10742"><ele>73.63</ele></trkpt>
    <trkpt lat="37.71891" lon="-122.10756"><ele>73.63</ele></trkpt>
    <trkpt lat="37.719030000000004" lon="-122.10764"><ele>74.77</ele></trkpt>
    <trkpt lat="37.71922" lon="-122.10787"><ele>75.18</ele></trkpt>
    <trkpt lat="37.71965" lon="-122.10835000000002"><ele>77.11000000000001</ele></trkpt>
    <trkpt lat="37.720150000000004" lon="-122.10858"><ele>80.81</ele></trkpt>
    <trkpt lat="37.72039" lon="-122.10881"><ele>81.95</ele></trkpt>
    <trkpt lat="37.720850000000006" lon="-122.10916000000002"><ele>85.85000000000001</ele></trkpt>
    <trkpt lat="37.72129" lon="-122.1093"><ele>90.7</ele></trkpt>
    <trkpt lat="37.721810000000005" lon="-122.10943"><ele>91.44000000000001</ele></trkpt>
    <trkpt lat="37.72211" lon="-122.10966"><ele>89.99</ele></trkpt>
    <trkpt lat="37.722370000000005" lon="-122.10974000000002"><ele>86.26</ele></trkpt>
    <trkpt lat="37.722570000000005" lon="-122.10988"><ele>85.37</ele></trkpt>
    <trkpt lat="37.72263" lon="-122.11002"><ele>83.48</ele></trkpt>
    <trkpt lat="37.722660000000005" lon="-122.1102"><ele>82.65</ele></trkpt>
    <trkpt lat="37.722730000000006" lon="-122.11029"><ele>81.92</ele></trkpt>
    <trkpt lat="37.72279" lon="-122.11033"><ele>80.55000000000001</ele></trkpt>
    <trkpt lat="37.72317" lon="-122.11042"><ele>78.27000000000001</ele></trkpt>
    <trkpt lat="37.72359" lon="-122.11037"><ele>76.6</ele></trkpt>
    <trkpt lat="37.72375" lon="-122.11041000000002"><ele>76.36000000000001</ele></trkpt>
    <trkpt lat="37.724180000000004" lon="-122.11033"><ele>74.77</ele></trkpt>
    <trkpt lat="37.72426" lon="-122.11033"><ele>74.63</ele></trkpt>
    <trkpt lat="37.724340000000005" lon="-122.11041000000002"><ele>74.68</ele></trkpt>
    <trkpt lat="37.72446" lon="-122.11065"><ele>75.06</ele></trkpt>
    <trkpt lat="37.724560000000004" lon="-122.11106000000001"><ele>76.41000000000001</ele></trkpt>
    <trkpt lat="37.72469" lon="-122.11141"><ele>77.25000000000001</ele></trkpt>
    <trkpt lat="37.72466" lon="-122.11164000000001"><ele>77.23</ele></trkpt>
    <trkpt lat="37.724560000000004" lon="-122.11191000000001"><ele>76.98</ele></trkpt>
    <trkpt lat="37.724470000000004" lon="-122.11222000000001"><ele>76.00000000000001</ele></trkpt>
    <trkpt lat="37.72446" lon="-122.11252"><ele>75.86000000000001</ele></trkpt>
    <trkpt lat="37.72448" lon="-122.11266"><ele>76.16000000000001</ele></trkpt>
    <trkpt lat="37.72458" lon="-122.11301000000002"><ele>77.61000000000001</ele></trkpt>
    <trkpt lat="37.724720000000005" lon="-122.11325000000001"><ele>77.94000000000001</ele></trkpt>
    <trkpt lat="37.72486" lon="-122.11338"><ele>78.61000000000001</ele></trkpt>
    <trkpt lat="37.72516" lon="-122.1136"><ele>78.73</ele></trkpt>
    <trkpt lat="37.725280000000005" lon="-122.11373"><ele>78.26</ele></trkpt>
    <trkpt lat="37.72543" lon="-122.11385000000001"><ele>78.16000000000001</ele></trkpt>
    <trkpt lat="37.72558" lon="-122.11404000000002"><ele>78.75</ele></trkpt>
    <trkpt lat="37.72563" lon="-122.11427"><ele>79.9</ele></trkpt>
    <trkpt lat="37.7257" lon="-122.11481"><ele>82.64</ele></trkpt>
    <trkpt lat="37.725750000000005" lon="-122.1149"><ele>82.7</ele></trkpt>
    <trkpt lat="37.72592" lon="-122.11507"><ele>84.24000000000001</ele></trkpt>
    <trkpt lat="37.72605" lon="-122.11521"><ele>84.66000000000001</ele></trkpt>
    <trkpt lat="37.72637" lon="-122.1157"><ele>80.60000000000001</ele></trkpt>
    <trkpt lat="37.72661" lon="-122.11593"><ele>76.4</ele></trkpt>
    <trkpt lat="37.72673" lon="-122.11593"><ele>75.89000000000001</ele></trkpt>
    <trkpt lat="37.726850000000006" lon="-122.11585000000001"><ele>75.65</ele></trkpt>
    <trkpt lat="37.727030000000006" lon="-122.11574000000002"><ele>76.59</ele></trkpt>
    <trkpt lat="37.72719" lon="-122.11557"><ele>78.4</ele></trkpt>
    <trkpt lat="37.72728" lon="-122.11557"><ele>79.17999999999999</ele></trkpt>
    <trkpt lat="37.727540000000005" lon="-122.11580000000001"><ele>81.24000000000001</ele></trkpt>
    <trkpt lat="37.7276" lon="-122.11597"><ele>82.87</ele></trkpt>
    <trkpt lat="37.727630000000005" lon="-122.11615"><ele>85.51</ele></trkpt>
    <trkpt lat="37.72766" lon="-122.11665"><ele>91.44000000000001</ele></trkpt>
    <trkpt lat="37.727650000000004" lon="-122.11683000000001"><ele>91.94000000000001</ele></trkpt>
    <trkpt lat="37.727740000000004" lon="-122.11709"><ele>91.89000000000001</ele></trkpt>
    <trkpt lat="37.7278" lon="-122.11736"><ele>91.45</ele></trkpt>
    <trkpt lat="37.727900000000005" lon="-122.11749"><ele>91.00000000000001</ele></trkpt>
    <trkpt lat="37.72804" lon="-122.11759"><ele>90.86000000000001</ele></trkpt>
    <trkpt lat="37.72843" lon="-122.11767"><ele>90.65</ele></trkpt>
    <trkpt lat="37.72851" lon="-122.11776"><ele>90.48</ele></trkpt>
    <trkpt lat="37.72861" lon="-122.11803"><ele>90.04</ele></trkpt>
    <trkpt lat="37.72872" lon="-122.11816"><ele>89.76</ele></trkpt>
    <trkpt lat="37.72912" lon="-122.11825"><ele>88.96000000000001</ele></trkpt>
    <trkpt lat="37.72943" lon="-122.11852"><ele>88.87</ele></trkpt>
    <trkpt lat="37.72952" lon="-122.11875"><ele>88.36</ele></trkpt>
    <trkpt lat="37.729510000000005" lon="-122.11915"><ele>87.86</ele></trkpt>
    <trkpt lat="37.72954" lon="-122.11932000000002"><ele>88.43</ele></trkpt>
    <trkpt lat="37.72959" lon="-122.11946"><ele>88.24000000000001</ele></trkpt>
    <trkpt lat="37.729850000000006" lon="-122.11992000000001"><ele>84.74000000000001</ele></trkpt>
    <trkpt lat="37.7299" lon="-122.12004"><ele>83.0</ele></trkpt>
    <trkpt lat="37.729910000000004" lon="-122.12014"><ele>82.48</ele></trkpt>
    <trkpt lat="37.72988" lon="-122.12031"><ele>79.25</ele></trkpt>
    <trkpt lat="37.729710000000004" lon="-122.12076"><ele>76.61000000000001</ele></trkpt>
    <trkpt lat="37.72945" lon="-122.12121"><ele>76.94000000000001</ele></trkpt>
    <trkpt lat="37.72943" lon="-122.12132000000001"><ele>76.94000000000001</ele></trkpt>
    <trkpt lat="37.72955500227405" lon="-122.12204999890393"><ele>76.75000000000001</ele></trkpt>
    <trkpt lat="37.72968" lon="-122.12278"><ele>76.84</ele></trkpt>
    <trkpt lat="37.729850000000006" lon="-122.12301000000001"><ele>77.54</ele></trkpt>
    <trkpt lat="37.729870000000005" lon="-122.12310000000001"><ele>78.22000000000001</ele></trkpt>
    <trkpt lat="37.72986" lon="-122.12322"><ele>79.13000000000001</ele></trkpt>
    <trkpt lat="37.729800000000004" lon="-122.1234"><ele>81.57000000000001</ele></trkpt>
    <trkpt lat="37.729820000000004" lon="-122.12363"><ele>83.67</ele></trkpt>
    <trkpt lat="37.72986" lon="-122.12368000000001"><ele>83.67</ele></trkpt>
    <trkpt lat="37.730050000000006" lon="-122.12358"><ele>87.20000000000002</ele></trkpt>
    <trkpt lat="37.73028" lon="-122.12351000000001"><ele>88.33</ele></trkpt>
    <trkpt lat="37.73046" lon="-122.12354"><ele>88.67000000000002</ele></trkpt>
    <trkpt lat="37.73057" lon="-122.12353000000002"><ele>88.89000000000001</ele></trkpt>
    <trkpt lat="37.73062" lon="-122.12354"><ele>89.00000000000001</ele></trkpt>
    <trkpt lat="37.73075" lon="-122.12363"><ele>89.05</ele></trkpt>
    <trkpt lat="37.730830000000005" lon="-122.12363"><ele>89.35000000000001</ele></trkpt>
    <trkpt lat="37.730970000000006" lon="-122.12358"><ele>90.49</ele></trkpt>
    <trkpt lat="37.73116" lon="-122.12358"><ele>91.2</ele></trkpt>
    <trkpt lat="37.73134" lon="-122.12349"><ele>91.63</ele></trkpt>
    <trkpt lat="37.73153000000001" lon="-122.12341"><ele>91.68</ele></trkpt>
    <trkpt lat="37.731750000000005" lon="-122.12337000000001"><ele>91.59</ele></trkpt>
    <trkpt lat="37.731910000000006" lon="-122.12336"><ele>90.7</ele></trkpt>
    <trkpt lat="37.73232" lon="-122.12345"><ele>90.66</ele></trkpt>
    <trkpt lat="37.732400000000005" lon="-122.12344000000002"><ele>91.32000000000001</ele></trkpt>
    <trkpt lat="37.73254" lon="-122.12328000000001"><ele>94.56</ele></trkpt>
    <trkpt lat="37.73259" lon="-122.12327"><ele>95.05000000000001</ele></trkpt>
    <trkpt lat="37.7327" lon="-122.12328000000001"><ele>96.17</ele></trkpt>
    <trkpt lat="37.73302" lon="-122.1234"><ele>96.46000000000001</ele></trkpt>
    <trkpt lat="37.7331" lon="-122.12349"><ele>96.06</ele></trkpt>
    <trkpt lat="37.73319" lon="-122.12368000000001"><ele>95.13000000000001</ele></trkpt>
    <trkpt lat="37.73324" lon="-122.12372"><ele>94.81</ele></trkpt>
    <trkpt lat="37.733290000000004" lon="-122.12372"><ele>94.43</ele></trkpt>
    <trkpt lat="37.733380000000004" lon="-122.12349"><ele>91.35</ele></trkpt>
    <trkpt lat="37.733450000000005" lon="-122.12336"><ele>90.38</ele></trkpt>
    <trkpt lat="37.733560000000004" lon="-122.12327"><ele>89.64000000000001</ele></trkpt>
    <trkpt lat="37.73364" lon="-122.12322"><ele>89.35000000000001</ele></trkpt>
    <trkpt lat="37.73371" lon="-122.12322"><ele>88.63</ele></trkpt>
    <trkpt lat="37.73384" lon="-122.12328000000001"><ele>87.62</ele></trkpt>
    <trkpt lat="37.73389" lon="-122.12327"><ele>87.15</ele></trkpt>
    <trkpt lat="37.733920000000005" lon="-122.12323"><ele>87.15</ele></trkpt>
    <trkpt lat="37.734010000000005" lon="-122.12301000000001"><ele>84.47</ele></trkpt>
    <trkpt lat="37.73415" lon="-122.12295"><ele>84.45</ele></trkpt>
    <trkpt lat="37.734170000000006" lon="-122.12287"><ele>84.58</ele></trkpt>
    <trkpt lat="37.73416" lon="-122.12278"><ele>84.95</ele></trkpt>
    <trkpt lat="37.73407" lon="-122.12259000000002"><ele>86.23</ele></trkpt>
    <trkpt lat="37.73402" lon="-122.12251"><ele>87.22</ele></trkpt>
    <trkpt lat="37.73396" lon="-122.12251"><ele>87.81000000000002</ele></trkpt>
    <trkpt lat="37.7338" lon="-122.12259000000002"><ele>91.35</ele></trkpt>
    <trkpt lat="37.733610000000006" lon="-122.12252000000001"><ele>93.31</ele></trkpt>
    <trkpt lat="37.73339" lon="-122.12241000000002"><ele>94.21</ele></trkpt>
    <trkpt lat="37.73321" lon="-122.12217000000001"><ele>93.11000000000001</ele></trkpt>
    <trkpt lat="37.732980000000005" lon="-122.12197"><ele>92.2</ele></trkpt>
    <trkpt lat="37.73293" lon="-122.12188"><ele>91.80000000000001</ele></trkpt>
    <trkpt lat="37.732940000000006" lon="-122.12179"><ele>91.35</ele></trkpt>
    <trkpt lat="37.73312" lon="-122.12129000000002"><ele>88.83</ele></trkpt>
    <trkpt lat="37.733250000000005" lon="-122.12099"><ele>85.35000000000001</ele></trkpt>
    <trkpt lat="37.73333" lon="-122.12086000000001"><ele>83.56</ele></trkpt>
    <trkpt lat="37.73337" lon="-122.12049"><ele>81.78</ele></trkpt>
    <trkpt lat="37.733470000000004" lon="-122.12022"><ele>78.73</ele></trkpt>
    <trkpt lat="37.7336" lon="-122.12"><ele>76.92</ele></trkpt>
    <trkpt lat="37.73369" lon="-122.11992000000001"><ele>76.41000000000001</ele></trkpt>
    <trkpt lat="37.73378" lon="-122.11991"><ele>75.93</ele></trkpt>
    <trkpt lat="37.73384" lon="-122.11982"><ele>75.73</ele></trkpt>
    <trkpt lat="37.73407" lon="-122.1191"><ele>75.6</ele></trkpt>
    <trkpt lat="37.734170000000006" lon="-122.11901"><ele>75.6</ele></trkpt>
    <trkpt lat="37.73449" lon="-122.11884"><ele>75.65</ele></trkpt>
    <trkpt lat="37.73469" lon="-122.11879"><ele>75.52</ele></trkpt>
    <trkpt lat="37.734840000000005" lon="-122.11880000000001"><ele>75.59</ele></trkpt>
    <trkpt lat="37.7349" lon="-122.11875"><ele>75.76</ele></trkpt>
    <trkpt lat="37.734910000000006" lon="-122.11867000000001"><ele>75.76</ele></trkpt>
    <trkpt lat="37.73485" lon="-122.11847000000002"><ele>75.77</ele></trkpt>
    <trkpt lat="37.734840000000005" lon="-122.11838000000002"><ele>75.77</ele></trkpt>
    <trkpt lat="37.73487" lon="-122.11829000000002"><ele>75.77</ele></trkpt>
    <trkpt lat="37.73492" lon="-122.11821"><ele>75.44000000000001</ele></trkpt>
    <trkpt lat="37.73505" lon="-122.11816"><ele>75.44000000000001</ele></trkpt>
    <trkpt lat="37.73534" lon="-122.11821"><ele>75.41</ele></trkpt>
    <trkpt lat="37.73545" lon="-122.11820000000002"><ele>75.39000000000001</ele></trkpt>
    <trkpt lat="37.73554" lon="-122.11812"><ele>75.26</ele></trkpt>
    <trkpt lat="37.73556" lon="-122.11807"><ele>75.26</ele></trkpt>
    <trkpt lat="37.73555" lon="-122.11799"><ele>75.35</ele></trkpt>
    <trkpt lat="37.73543" lon="-122.11776"><ele>75.28</ele></trkpt>
    <trkpt lat="37.73539" lon="-122.11763"><ele>75.2</ele></trkpt>
    <trkpt lat="37.735380000000006" lon="-122.11696"><ele>74.76</ele></trkpt>
    <trkpt lat="37.735400000000006" lon="-122.11682"><ele>75.1</ele></trkpt>
    <trkpt lat="37.73546" lon="-122.11669"><ele>75.23</ele></trkpt>
    <trkpt lat="37.735980000000005" lon="-122.11633"><ele>81.53</ele></trkpt>
    <trkpt lat="37.73612" lon="-122.11624"><ele>83.05000000000001</ele></trkpt>
    <trkpt lat="37.73648" lon="-122.11628"><ele>82.63000000000001</ele></trkpt>
    <trkpt lat="37.737080000000006" lon="-122.11665"><ele>83.23</ele></trkpt>
    <trkpt lat="37.73724" lon="-122.11682"><ele>82.95</ele></trkpt>
    <trkpt lat="37.73743" lon="-122.11692000000001"><ele>83.29</ele></trkpt>
    <trkpt lat="37.73747" lon="-122.11688000000001"><ele>84.11</ele></trkpt>
    <trkpt lat="37.737460000000006" lon="-122.11669"><ele>85.97</ele></trkpt>
    <trkpt lat="37.73737547644187" lon="-122.11628292541404"><ele>89.88691323986792</ele></trkpt>
    <trkpt lat="37.737350000000006" lon="-122.11603000000001"><ele>91.55000000000001</ele></trkpt>
    <trkpt lat="37.73742" lon="-122.11598000000001"><ele>91.27</ele></trkpt>
    <trkpt lat="37.73762" lon="-122.11598000000001"><ele>91.3</ele></trkpt>
    <trkpt lat="37.7378" lon="-122.11606"><ele>91.55000000000001</ele></trkpt>
    <trkpt lat="37.73796" lon="-122.11619"><ele>92.86000000000001</ele></trkpt>
    <trkpt lat="37.738040000000005" lon="-122.1162"><ele>93.56</ele></trkpt>
    <trkpt lat="37.738330000000005" lon="-122.11619"><ele>94.00000000000001</ele></trkpt>
    <trkpt lat="37.738490000000006" lon="-122.11628"><ele>94.84</ele></trkpt>
    <trkpt lat="37.73866" lon="-122.11628"><ele>96.78</ele></trkpt>
    <trkpt lat="37.73897" lon="-122.11637"><ele>99.78</ele></trkpt>
    <trkpt lat="37.73908" lon="-122.11642"><ele>100.91000000000001</ele></trkpt>
    <trkpt lat="37.739380000000004" lon="-122.11678"><ele>106.47000000000001</ele></trkpt>
    <trkpt lat="37.739540000000005" lon="-122.11687"><ele>107.88</ele></trkpt>
    <trkpt lat="37.739650000000005" lon="-122.11691"><ele>108.04</ele></trkpt>
    <trkpt lat="37.739790000000006" lon="-122.11687"><ele>108.06</ele></trkpt>
    <trkpt lat="37.73982" lon="-122.11682"><ele>108.06</ele></trkpt>
    <trkpt lat="37.73982" lon="-122.11664"><ele>108.02</ele></trkpt>
    <trkpt lat="37.7398" lon="-122.11646"><ele>107.79</ele></trkpt>
    <trkpt lat="37.739810000000006" lon="-122.11638"><ele>107.79</ele></trkpt>
    <trkpt lat="37.73984" lon="-122.11634000000001"><ele>107.77</ele></trkpt>
    <trkpt lat="37.740030000000004" lon="-122.11623000000002"><ele>107.99</ele></trkpt>
    <trkpt lat="37.74009" lon="-122.11615"><ele>108.38</ele></trkpt>
    <trkpt lat="37.74013" lon="-122.11606"><ele>108.58000000000001</ele></trkpt>
    <trkpt lat="37.7402" lon="-122.11579"><ele>108.7</ele></trkpt>
    <trkpt lat="37.74027" lon="-122.11575"><ele>108.79</ele></trkpt>
    <trkpt lat="37.74036" lon="-122.11574000000002"><ele>108.98</ele></trkpt>
    <trkpt lat="37.74083" lon="-122.11593"><ele>112.01</ele></trkpt>
    <trkpt lat="37.74096" lon="-122.11602"><ele>114.23</ele></trkpt>
    <trkpt lat="37.741200000000006" lon="-122.11628"><ele>120.94</ele></trkpt>
    <trkpt lat="37.74145" lon="-122.11646"><ele>124.29</ele></trkpt>
    <trkpt lat="37.74152" lon="-122.11642"><ele>124.12</ele></trkpt>
    <trkpt lat="37.74208" lon="-122.11629"><ele>123.55000000000001</ele></trkpt>
    <trkpt lat="37.74215" lon="-122.11625000000001"><ele>123.83000000000001</ele></trkpt>
    <trkpt lat="37.742180000000005" lon="-122.11619"><ele>124.11000000000001</ele></trkpt>
    <trkpt lat="37.742090000000005" lon="-122.11600000000001"><ele>126.08</ele></trkpt>
    <trkpt lat="37.74192" lon="-122.11588"><ele>128.01000000000002</ele></trkpt>
    <trkpt lat="37.7417" lon="-122.1157"><ele>132.72</ele></trkpt>
    <trkpt lat="37.741640000000004" lon="-122.11557"><ele>134.23000000000002</ele></trkpt>
    <trkpt lat="37.74161" lon="-122.11547000000002"><ele>134.23000000000002</ele></trkpt>
    <trkpt lat="37.741640000000004" lon="-122.11538000000002"><ele>136.26000000000002</ele></trkpt>
    <trkpt lat="37.741690000000006" lon="-122.1153"><ele>136.26000000000002</ele></trkpt>
    <trkpt lat="37.741800000000005" lon="-122.11522000000001"><ele>138.05</ele></trkpt>
    <trkpt lat="37.74197729414793" lon="-122.11515078271722"><ele>139.98697967714895</ele></trkpt>
    <trkpt lat="37.742380000000004" lon="-122.11499"><ele>144.4</ele></trkpt>
    <trkpt lat="37.74278" lon="-122.11499"><ele>148.62</ele></trkpt>
    <trkpt lat="37.743210000000005" lon="-122.11503"><ele>153.58</ele></trkpt>
    <trkpt lat="37.74336" lon="-122.11503"><ele>156.37</ele></trkpt>
    <trkpt lat="37.743460000000006" lon="-122.11500000000001"><ele>156.37</ele></trkpt>
    <trkpt lat="37.743840000000006" lon="-122.11482000000001"><ele>163.29000000000002</ele></trkpt>
    <trkpt lat="37.74407" lon="-122.11462000000002"><ele>166.28</ele></trkpt>
    <trkpt lat="37.744200000000006" lon="-122.11454"><ele>168.20000000000002</ele></trkpt>
    <trkpt lat="37.7443" lon="-122.11449"><ele>168.64000000000001</ele></trkpt>
    <trkpt lat="37.7447" lon="-122.11449"><ele>170.71</ele></trkpt>
    <trkpt lat="37.744980000000005" lon="-122.11458"><ele>171.37</ele></trkpt>
    <trkpt lat="37.74537" lon="-122.11507"><ele>175.39000000000001</ele></trkpt>
    <trkpt lat="37.74555" lon="-122.11521"><ele>177.09000000000003</ele></trkpt>
    <trkpt lat="37.7458" lon="-122.1153"><ele>179.11</ele></trkpt>
    <trkpt lat="37.746340000000004" lon="-122.11535"><ele>184.23</ele></trkpt>
    <trkpt lat="37.7468" lon="-122.11516"><ele>184.82000000000002</ele></trkpt>
    <trkpt lat="37.74741" lon="-122.11499"><ele>180.14000000000001</ele></trkpt>
    <trkpt lat="37.74756" lon="-122.11499"><ele>179.67000000000002</ele></trkpt>
    <trkpt lat="37.74799" lon="-122.11507"><ele>180.96</ele></trkpt>
    <trkpt lat="37.74824" lon="-122.11512"><ele>185.39000000000001</ele></trkpt>
    <trkpt lat="37.74841" lon="-122.11521"><ele>187.16000000000003</ele></trkpt>
    <trkpt lat="37.7485" lon="-122.1153"><ele>188.58</ele></trkpt>
    <trkpt lat="37.74862" lon="-122.11552"><ele>190.62</ele></trkpt>
    <trkpt lat="37.74870000000001" lon="-122.11561"><ele>191.51000000000002</ele></trkpt>
    <trkpt lat="37.74891" lon="-122.1157"><ele>193.12</ele></trkpt>
    <trkpt lat="37.74937500012506" lon="-122.11576999957585"><ele>200.0</ele></trkpt>
    <trkpt lat="37.749840000000006" lon="-122.11584"><ele>204.56</ele></trkpt>
    <trkpt lat="37.750260000000004" lon="-122.11597"><ele>206.66</ele></trkpt>
    <trkpt lat="37.75099" lon="-122.11650000000002"><ele>198.23000000000002</ele></trkpt>
    <trkpt lat="37.75119" lon="-122.1166"><ele>197.89000000000001</ele></trkpt>
    <trkpt lat="37.751685000583834" lon="-122.11695499766205"><ele>200.86</ele></trkpt>
    <trkpt lat="37.75218" lon="-122.11731"><ele>200.51000000000002</ele></trkpt>
    <trkpt lat="37.752480000000006" lon="-122.11737000000001"><ele>198.39000000000001</ele></trkpt>
    <trkpt lat="37.752950000235344" lon="-122.11754999889433"><ele>196.15</ele></trkpt>
    <trkpt lat="37.753420000000006" lon="-122.11773000000001"><ele>194.69000000000003</ele></trkpt>
    <trkpt lat="37.754070000000006" lon="-122.11807"><ele>192.18</ele></trkpt>
    <trkpt lat="37.75433" lon="-122.11825"><ele>191.60999999999999</ele></trkpt>
    <trkpt lat="37.754540000000006" lon="-122.11843"><ele>189.74</ele></trkpt>
    <trkpt lat="37.75464" lon="-122.11846000000001"><ele>189.51000000000002</ele></trkpt>
    <trkpt lat="37.7547" lon="-122.11852"><ele>190.31</ele></trkpt>
    <trkpt lat="37.75524" lon="-122.11893"><ele>196.92000000000002</ele></trkpt>
    <trkpt lat="37.755340000000004" lon="-122.11897"><ele>198.06</ele></trkpt>
    <trkpt lat="37.755520000000004" lon="-122.11901"><ele>199.46</ele></trkpt>
    <trkpt lat="37.7558" lon="-122.11893"><ele>201.96000000000004</ele></trkpt>
    <trkpt lat="37.75614" lon="-122.11867000000001"><ele>208.1</ele></trkpt>
    <trkpt lat="37.756220000000006" lon="-122.11867000000001"><ele>209.17000000000002</ele></trkpt>
    <trkpt lat="37.7563" lon="-122.11875"><ele>209.91</ele></trkpt>
    <trkpt lat="37.756330000000005" lon="-122.11884"><ele>210.32</ele></trkpt>
    <trkpt lat="37.75643" lon="-122.11951"><ele>211.03000000000003</ele></trkpt>
    <trkpt lat="37.75649000000001" lon="-122.11973"><ele>212.14000000000001</ele></trkpt>
    <trkpt lat="37.756530000000005" lon="-122.11982"><ele>212.52</ele></trkpt>
    <trkpt lat="37.75665" lon="-122.11991"><ele>214.16000000000003</ele></trkpt>
    <trkpt lat="37.75679" lon="-122.11995"><ele>214.83</ele></trkpt>
    <trkpt lat="37.75701" lon="-122.11991"><ele>216.58</ele></trkpt>
    <trkpt lat="37.75732" lon="-122.11982"><ele>219.55</ele></trkpt>
    <trkpt lat="37.75743000000001" lon="-122.11982"><ele>220.27</ele></trkpt>
    <trkpt lat="37.7575" lon="-122.11987"><ele>220.89000000000001</ele></trkpt>
    <trkpt lat="37.75757" lon="-122.11996"><ele>220.89000000000001</ele></trkpt>
    <trkpt lat="37.757650000000005" lon="-122.12018"><ele>222.58</ele></trkpt>
    <trkpt lat="37.7577" lon="-122.1204"><ele>223.94000000000003</ele></trkpt>
    <trkpt lat="37.757740000000005" lon="-122.12072"><ele>224.5</ele></trkpt>
    <trkpt lat="37.757810000000006" lon="-122.12091000000001"><ele>224.18</ele></trkpt>
    <trkpt lat="37.75791" lon="-122.12098"><ele>224.13000000000002</ele></trkpt>
    <trkpt lat="37.75798" lon="-122.12098"><ele>224.13000000000002</ele></trkpt>
    <trkpt lat="37.75824" lon="-122.12082000000001"><ele>224.23000000000002</ele></trkpt>
    <trkpt lat="37.75831" lon="-122.12082000000001"><ele>224.23000000000002</ele></trkpt>
    <trkpt lat="37.75842" lon="-122.12086000000001"><ele>224.11</ele></trkpt>
    <trkpt lat="37.758480000000006" lon="-122.12091000000001"><ele>224.05</ele></trkpt>
    <trkpt lat="37.75854" lon="-122.12103"><ele>223.85000000000002</ele></trkpt>
    <trkpt lat="37.75862" lon="-122.12148"><ele>223.00000000000003</ele></trkpt>
    <trkpt lat="37.75871" lon="-122.12157"><ele>223.04000000000002</ele></trkpt>
    <trkpt lat="37.75889" lon="-122.12157"><ele>223.66000000000003</ele></trkpt>
    <trkpt lat="37.75903" lon="-122.12152"><ele>224.38000000000002</ele></trkpt>
    <trkpt lat="37.759260000000005" lon="-122.12122000000001"><ele>226.34</ele></trkpt>
    <trkpt lat="37.75939" lon="-122.12116"><ele>227.93</ele></trkpt>
    <trkpt lat="37.75949" lon="-122.12112"><ele>228.48000000000002</ele></trkpt>
    <trkpt lat="37.75956" lon="-122.12116"><ele>228.87</ele></trkpt>
    <trkpt lat="37.75967" lon="-122.12125"><ele>229.07000000000002</ele></trkpt>
    <trkpt lat="37.75987000000001" lon="-122.12152"><ele>229.81</ele></trkpt>
    <trkpt lat="37.75994" lon="-122.1217"><ele>230.85000000000002</ele></trkpt>
    <trkpt lat="37.760020000000004" lon="-122.12201"><ele>231.8</ele></trkpt>
    <trkpt lat="37.760070000000006" lon="-122.12211"><ele>231.96000000000004</ele></trkpt>
    <trkpt lat="37.76024" lon="-122.12228"><ele>230.57000000000002</ele></trkpt>
    <trkpt lat="37.7605" lon="-122.12246"><ele>229.76000000000002</ele></trkpt>
    <trkpt lat="37.76071" lon="-122.12251"><ele>229.71</ele></trkpt>
    <trkpt lat="37.76089" lon="-122.12251"><ele>229.57000000000002</ele></trkpt>
    <trkpt lat="37.76117" lon="-122.12242"><ele>229.11</ele></trkpt>
    <trkpt lat="37.761280000000006" lon="-122.12242"><ele>229.15</ele></trkpt>
    <trkpt lat="37.76138" lon="-122.12247"><ele>229.27000000000004</ele></trkpt>
    <trkpt lat="37.761480000000006" lon="-122.1226"><ele>229.67000000000002</ele></trkpt>
    <trkpt lat="37.76162" lon="-122.12292000000001"><ele>230.31</ele></trkpt>
    <trkpt lat="37.76174" lon="-122.12309"><ele>231.22</ele></trkpt>
    <trkpt lat="37.76184000000001" lon="-122.12314"><ele>231.95000000000002</ele></trkpt>
    <trkpt lat="37.76207" lon="-122.12336"><ele>234.44</ele></trkpt>
    <trkpt lat="37.76231000000001" lon="-122.12346000000001"><ele>236.93000000000004</ele></trkpt>
    <trkpt lat="37.762600000000006" lon="-122.12367"><ele>242.08</ele></trkpt>
    <trkpt lat="37.76274" lon="-122.12372"><ele>243.71</ele></trkpt>
    <trkpt lat="37.76299" lon="-122.12380000000002"><ele>246.09000000000003</ele></trkpt>
    <trkpt lat="37.76312" lon="-122.12394"><ele>247.69000000000003</ele></trkpt>
    <trkpt lat="37.76321" lon="-122.12420000000002"><ele>250.13000000000002</ele></trkpt>
    <trkpt lat="37.76337" lon="-122.12434"><ele>251.46</ele></trkpt>
    <trkpt lat="37.763580000000005" lon="-122.12439"><ele>252.59000000000003</ele></trkpt>
    <trkpt lat="37.76373" lon="-122.12447000000002"><ele>253.63000000000002</ele></trkpt>
    <trkpt lat="37.7639" lon="-122.12455000000001"><ele>254.58</ele></trkpt>
    <trkpt lat="37.763980000000004" lon="-122.12466"><ele>255.69000000000003</ele></trkpt>
    <trkpt lat="37.76411" lon="-122.12471000000001"><ele>255.69000000000003</ele></trkpt>
    <trkpt lat="37.764720000000004" lon="-122.12484"><ele>261.12</ele></trkpt>
    <trkpt lat="37.765040000000006" lon="-122.12497"><ele>264.0</ele></trkpt>
    <trkpt lat="37.765460000000004" lon="-122.12523000000002"><ele>268.43</ele></trkpt>
    <trkpt lat="37.76599" lon="-122.12550000000002"><ele>275.33000000000004</ele></trkpt>
    <trkpt lat="37.766130000000004" lon="-122.12561000000001"><ele>278.33000000000004</ele></trkpt>
    <trkpt lat="37.76637" lon="-122.12570000000001"><ele>279.65</ele></trkpt>
    <trkpt lat="37.76673" lon="-122.12592000000001"><ele>274.90000000000003</ele></trkpt>
    <trkpt lat="37.766870000000004" lon="-122.12599000000002"><ele>273.82</ele></trkpt>
    <trkpt lat="37.766980000000004" lon="-122.12599000000002"><ele>272.63000000000005</ele></trkpt>
    <trkpt lat="37.76709" lon="-122.12595"><ele>272.04</ele></trkpt>
    <trkpt lat="37.76733" lon="-122.12573"><ele>270.45000000000005</ele></trkpt>
    <trkpt lat="37.767430000000004" lon="-122.12569"><ele>270.45000000000005</ele></trkpt>
    <trkpt lat="37.76758" lon="-122.12568000000002"><ele>270.16</ele></trkpt>
    <trkpt lat="37.767680000000006" lon="-122.12573"><ele>270.13000000000005</ele></trkpt>
    <trkpt lat="37.76774" lon="-122.12583000000001"><ele>270.24</ele></trkpt>
    <trkpt lat="37.768010000000004" lon="-122.12654"><ele>270.34000000000003</ele></trkpt>
    <trkpt lat="37.76807" lon="-122.12667"><ele>269.42</ele></trkpt>
    <trkpt lat="37.76829" lon="-122.1268"><ele>266.47</ele></trkpt>
    <trkpt lat="37.7684" lon="-122.12685"><ele>263.71</ele></trkpt>
    <trkpt lat="37.76854" lon="-122.12681"><ele>262.56</ele></trkpt>
    <trkpt lat="37.76874" lon="-122.12672"><ele>258.93</ele></trkpt>
    <trkpt lat="37.768840000000004" lon="-122.12676"><ele>258.45</ele></trkpt>
    <trkpt lat="37.768860000000004" lon="-122.12689"><ele>257.61</ele></trkpt>
    <trkpt lat="37.768820000000005" lon="-122.12721"><ele>254.85000000000002</ele></trkpt>
    <trkpt lat="37.768840000000004" lon="-122.12734"><ele>254.85000000000002</ele></trkpt>
    <trkpt lat="37.76897" lon="-122.12757"><ele>251.86</ele></trkpt>
    <trkpt lat="37.76923" lon="-122.12783"><ele>247.36</ele></trkpt>
    <trkpt lat="37.76932" lon="-122.12788"><ele>246.39000000000001</ele></trkpt>
    <trkpt lat="37.769470000000005" lon="-122.12792"><ele>245.31000000000003</ele></trkpt>
    <trkpt lat="37.769870000000004" lon="-122.1277"><ele>245.98000000000002</ele></trkpt>
    <trkpt lat="37.77019000000001" lon="-122.12761"><ele>249.01</ele></trkpt>
    <trkpt lat="37.770300000000006" lon="-122.12758000000001"><ele>250.32999999999998</ele></trkpt>
    <trkpt lat="37.77037" lon="-122.12761"><ele>250.32999999999998</ele></trkpt>
    <trkpt lat="37.770430000000005" lon="-122.12766"><ele>250.62</ele></trkpt>
    <trkpt lat="37.77051" lon="-122.12779"><ele>251.25000000000003</ele></trkpt>
    <trkpt lat="37.77056" lon="-122.12802"><ele>251.59000000000003</ele></trkpt>
    <trkpt lat="37.770590000000006" lon="-122.12834000000001"><ele>252.03000000000003</ele></trkpt>
    <trkpt lat="37.77055" lon="-122.12866000000001"><ele>252.15000000000003</ele></trkpt>
    <trkpt lat="37.77056" lon="-122.12877"><ele>252.79000000000002</ele></trkpt>
    <trkpt lat="37.77062" lon="-122.12891"><ele>253.81000000000003</ele></trkpt>
    <trkpt lat="37.77074" lon="-122.12904"><ele>256.40000000000003</ele></trkpt>
    <trkpt lat="37.770900000000005" lon="-122.12931"><ele>257.77</ele></trkpt>
    <trkpt lat="37.77112" lon="-122.12945"><ele>258.09999999999997</ele></trkpt>
    <trkpt lat="37.77138" lon="-122.12971000000002"><ele>259.12</ele></trkpt>
    <trkpt lat="37.77160000000001" lon="-122.12985"><ele>259.09999999999997</ele></trkpt>
    <trkpt lat="37.77189154805154" lon="-122.12984987845786"><ele>257.99794836518527</ele></trkpt>
    <trkpt lat="37.77223" lon="-122.12977000000001"><ele>256.81000000000006</ele></trkpt>
    <trkpt lat="37.772330000000004" lon="-122.12969000000001"><ele>256.81000000000006</ele></trkpt>
    <trkpt lat="37.77291" lon="-122.12936"><ele>258.42</ele></trkpt>
    <trkpt lat="37.773010000000006" lon="-122.12932"><ele>258.65999999999997</ele></trkpt>
    <trkpt lat="37.773120000000006" lon="-122.12932"><ele>258.91</ele></trkpt>
    <trkpt lat="37.77324" lon="-122.12941000000001"><ele>258.68</ele></trkpt>
    <trkpt lat="37.77326" lon="-122.12954"><ele>258.43000000000006</ele></trkpt>
    <trkpt lat="37.773230000000005" lon="-122.12986000000001"><ele>256.58000000000004</ele></trkpt>
    <trkpt lat="37.77317" lon="-122.13020000000002"><ele>256.34000000000003</ele></trkpt>
    <trkpt lat="37.7732" lon="-122.1303"><ele>256.54</ele></trkpt>
    <trkpt lat="37.773270000000004" lon="-122.13034"><ele>256.91</ele></trkpt>
    <trkpt lat="37.77338" lon="-122.13034"><ele>257.42</ele></trkpt>
    <trkpt lat="37.77371" lon="-122.13016"><ele>259.97</ele></trkpt>
    <trkpt lat="37.77382" lon="-122.13012"><ele>261.23</ele></trkpt>
    <trkpt lat="37.77389" lon="-122.13012"><ele>262.71</ele></trkpt>
    <trkpt lat="37.773950000000006" lon="-122.13020000000002"><ele>262.71</ele></trkpt>
    <trkpt lat="37.774" lon="-122.1303"><ele>263.8</ele></trkpt>
    <trkpt lat="37.77403" lon="-122.13048"><ele>264.05</ele></trkpt>
    <trkpt lat="37.77403" lon="-122.1307"><ele>263.98</ele></trkpt>
    <trkpt lat="37.774060000000006" lon="-122.13079"><ele>263.18</ele></trkpt>
    <trkpt lat="37.77412" lon="-122.13084"><ele>263.18</ele></trkpt>
    <trkpt lat="37.774150000000006" lon="-122.13084"><ele>263.0</ele></trkpt>
    <trkpt lat="37.774240000000006" lon="-122.13075"><ele>262.53000000000003</ele></trkpt>
    <trkpt lat="37.77432" lon="-122.13061"><ele>261.86</ele></trkpt>
    <trkpt lat="37.77445" lon="-122.13012"><ele>259.11</ele></trkpt>
    <trkpt lat="37.774530000000006" lon="-122.13003"><ele>257.93000000000006</ele></trkpt>
    <trkpt lat="37.77467" lon="-122.13003"><ele>257.5</ele></trkpt>
    <trkpt lat="37.774770000000004" lon="-122.13007"><ele>257.44</ele></trkpt>
    <trkpt lat="37.77492" lon="-122.13021"><ele>257.47</ele></trkpt>
    <trkpt lat="37.77499" lon="-122.13022000000001"><ele>257.28000000000003</ele></trkpt>
    <trkpt lat="37.775020000000005" lon="-122.13021"><ele>257.07</ele></trkpt>
    <trkpt lat="37.77505" lon="-122.13007"><ele>256.43000000000006</ele></trkpt>
    <trkpt lat="37.775150000000004" lon="-122.12989"><ele>254.9</ele></trkpt>
    <trkpt lat="37.775220000000004" lon="-122.1298"><ele>254.28</ele></trkpt>
    <trkpt lat="37.775360000000006" lon="-122.12985"><ele>253.59000000000003</ele></trkpt>
    <trkpt lat="37.77543" lon="-122.1298"><ele>253.60000000000005</ele></trkpt>
    <trkpt lat="37.775420000000004" lon="-122.12972"><ele>253.82000000000005</ele></trkpt>
    <trkpt lat="37.775220000000004" lon="-122.12936"><ele>257.51</ele></trkpt>
    <trkpt lat="37.77519" lon="-122.12927"><ele>257.51</ele></trkpt>
    <trkpt lat="37.77519" lon="-122.12913"><ele>261.24</ele></trkpt>
    <trkpt lat="37.77525" lon="-122.12901000000001"><ele>262.67</ele></trkpt>
    <trkpt lat="37.7753" lon="-122.12895"><ele>262.67</ele></trkpt>
    <trkpt lat="37.77544" lon="-122.12895"><ele>266.0</ele></trkpt>
    <trkpt lat="37.775920000000006" lon="-122.12913"><ele>273.18</ele></trkpt>
    <trkpt lat="37.77609" lon="-122.12922"><ele>275.67</ele></trkpt>
    <trkpt lat="37.77646" lon="-122.12949"><ele>280.46999999999997</ele></trkpt>
    <trkpt lat="37.77673" lon="-122.12963"><ele>284.05</ele></trkpt>
    <trkpt lat="37.776810000000005" lon="-122.12972"><ele>285.61</ele></trkpt>
    <trkpt lat="37.77684" lon="-122.1298"><ele>285.95000000000005</ele></trkpt>
    <trkpt lat="37.776860000000006" lon="-122.12998"><ele>286.45000000000005</ele></trkpt>
    <trkpt lat="37.77682" lon="-122.13039"><ele>287.32</ele></trkpt>
    <trkpt lat="37.776700000000005" lon="-122.13087000000002"><ele>288.37</ele></trkpt>
    <trkpt lat="37.7766" lon="-122.13098000000001"><ele>288.33000000000004</ele></trkpt>
    <trkpt lat="37.77633" lon="-122.1311"><ele>287.31</ele></trkpt>
    <trkpt lat="37.77628" lon="-122.13116000000001"><ele>287.02</ele></trkpt>
    <trkpt lat="37.776230000000005" lon="-122.13128"><ele>286.82</ele></trkpt>
    <trkpt lat="37.77624" lon="-122.13142"><ele>286.75</ele></trkpt>
    <trkpt lat="37.7764" lon="-122.1316"><ele>286.43</ele></trkpt>
    <trkpt lat="37.77644" lon="-122.13173"><ele>286.17</ele></trkpt>
    <trkpt lat="37.77648000000001" lon="-122.13213"><ele>286.0</ele></trkpt>
    <trkpt lat="37.77646" lon="-122.13236"><ele>285.68000000000006</ele></trkpt>
    <trkpt lat="37.77651" lon="-122.13254"><ele>285.73</ele></trkpt>
    <trkpt lat="37.77658" lon="-122.13258"><ele>285.89000000000004</ele></trkpt>
    <trkpt lat="37.7766" lon="-122.13262000000002"><ele>285.89000000000004</ele></trkpt>
    <trkpt lat="37.77667" lon="-122.13258"><ele>286.15000000000003</ele></trkpt>
    <trkpt lat="37.77722" lon="-122.13214"><ele>290.58</ele></trkpt>
    <trkpt lat="37.77736" lon="-122.13209"><ele>291.34000000000003</ele></trkpt>
    <trkpt lat="37.777460000000005" lon="-122.13210000000001"><ele>291.12000000000006</ele></trkpt>
    <trkpt lat="37.77756" lon="-122.13231"><ele>290.15000000000003</ele></trkpt>
    <trkpt lat="37.777570000000004" lon="-122.13245"><ele>290.15000000000003</ele></trkpt>
    <trkpt lat="37.777530000000006" lon="-122.13262000000002"><ele>289.52</ele></trkpt>
    <trkpt lat="37.777530000000006" lon="-122.13276"><ele>289.21000000000004</ele></trkpt>
    <trkpt lat="37.77772" lon="-122.13325"><ele>285.07000000000005</ele></trkpt>
    <trkpt lat="37.777800000000006" lon="-122.1333"><ele>285.07000000000005</ele></trkpt>
    <trkpt lat="37.77788" lon="-122.13331000000001"><ele>284.11</ele></trkpt>
    <trkpt lat="37.77805" lon="-122.13329000000002"><ele>281.76</ele></trkpt>
    <trkpt lat="37.77816" lon="-122.1333"><ele>280.68</ele></trkpt>
    <trkpt lat="37.7783" lon="-122.13357"><ele>277.78000000000003</ele></trkpt>
    <trkpt lat="37.77835" lon="-122.13363000000001"><ele>277.78000000000003</ele></trkpt>
    <trkpt lat="37.77846" lon="-122.13375"><ele>275.22</ele></trkpt>
    <trkpt lat="37.77852" lon="-122.13388"><ele>274.13000000000005</ele></trkpt>
    <trkpt lat="37.77853" lon="-122.13401"><ele>273.55</ele></trkpt>
    <trkpt lat="37.7785" lon="-122.13428"><ele>268.47</ele></trkpt>
    <trkpt lat="37.77859" lon="-122.13434000000001"><ele>268.47</ele></trkpt>
    <trkpt lat="37.77884" lon="-122.13438000000001"><ele>261.77</ele></trkpt>
    <trkpt lat="37.77897" lon="-122.13446"><ele>261.77</ele></trkpt>
    <trkpt lat="37.779030000000006" lon="-122.13452000000001"><ele>260.32</ele></trkpt>
    <trkpt lat="37.77915" lon="-122.13474000000001"><ele>257.11</ele></trkpt>
    <trkpt lat="37.77926" lon="-122.13513"><ele>254.60999999999999</ele></trkpt>
    <trkpt lat="37.779320000000006" lon="-122.13527"><ele>254.35000000000002</ele></trkpt>
    <trkpt lat="37.779360000000004" lon="-122.13531"><ele>254.39</ele></trkpt>
    <trkpt lat="37.779500000000006" lon="-122.13514"><ele>255.20000000000005</ele></trkpt>
    <trkpt lat="37.779520000000005" lon="-122.13464"><ele>248.68</ele></trkpt>
    <trkpt lat="37.77944" lon="-122.13428"><ele>242.27</ele></trkpt>
    <trkpt lat="37.77937" lon="-122.13352"><ele>222.15</ele></trkpt>
    <trkpt lat="37.77973373195148" lon="-122.13244742167745"><ele>226.06</ele></trkpt>
    <trkpt lat="37.77966466612001" lon="-122.13171412881007"><ele>218.2</ele></trkpt>
    <trkpt lat="37.779699260934436" lon="-122.13132332276761"><ele>216.29</ele></trkpt>
    <trkpt lat="37.779602889625025" lon="-122.13111385072878"><ele>212.73</ele></trkpt>
    <trkpt lat="37.77955593945404" lon="-122.1309075051381"><ele>206.77</ele></trkpt>
    <trkpt lat="37.779536170952156" lon="-122.13079182654938"><ele>205.53</ele></trkpt>
    <trkpt lat="37.77951" lon="-122.13052"><ele>202.71000000000004</ele></trkpt>
    <trkpt lat="37.77958" lon="-122.13021"><ele>200.53</ele></trkpt>
    <trkpt lat="37.77975552413925" lon="-122.12990810449972"><ele>197.42000000000002</ele></trkpt>
    <trkpt lat="37.77982774234947" lon="-122.12985286848311"><ele>197.42000000000002</ele></trkpt>
    <trkpt lat="37.77984564990629" lon="-122.12982960186972"><ele>197.40904253007506</ele></trkpt>
    <trkpt lat="37.77975321457862" lon="-122.12968618286806"><ele>197.42000000000002</ele></trkpt>
    <trkpt lat="37.77984564990629" lon="-122.12982960186972"><ele>197.40904253007506</ele></trkpt>
    <trkpt lat="37.77997724711885" lon="-122.1297235416682"><ele>197.30912269699334</ele></trkpt>
    <trkpt lat="37.78009986253572" lon="-122.12960437978174"><ele>197.25</ele></trkpt>
    <trkpt lat="37.78023" lon="-122.12946000000001"><ele>197.38000000000002</ele></trkpt>
    <trkpt lat="37.78033955602312" lon="-122.1292032865706"><ele>197.47</ele></trkpt>
    <trkpt lat="37.779955153551526" lon="-122.12867727845793"><ele>196.34</ele></trkpt>
    <trkpt lat="37.77955935280046" lon="-122.12811471237917"><ele>194.96</ele></trkpt>
    <trkpt lat="37.77909833456566" lon="-122.12754753564788"><ele>194.45000000000002</ele></trkpt>
    <trkpt lat="37.778851268361876" lon="-122.12737996070476"><ele>192.19000000000003</ele></trkpt>
    <trkpt lat="37.77869042892057" lon="-122.12717088056732"><ele>191.79000000000002</ele></trkpt>
    <trkpt lat="37.77858599839965" lon="-122.12712898683135"><ele>194.21</ele></trkpt>
    <trkpt lat="37.77855459084215" lon="-122.12709352321157"><ele>195.14</ele></trkpt>
    <trkpt lat="37.778510000000004" lon="-122.12706000000001"><ele>194.56</ele></trkpt>
    <trkpt lat="37.778396434022625" lon="-122.12683851764194"><ele>197.52380251025528</ele></trkpt>
    <trkpt lat="37.778270000000006" lon="-122.12662000000002"><ele>200.53</ele></trkpt>
    <trkpt lat="37.778200000000005" lon="-122.1264"><ele>204.64000000000001</ele></trkpt>
    <trkpt lat="37.77816" lon="-122.12617000000002"><ele>204.64000000000001</ele></trkpt>
    <trkpt lat="37.77816" lon="-122.12595"><ele>207.36</ele></trkpt>
    <trkpt lat="37.778220000000005" lon="-122.12583000000001"><ele>208.63</ele></trkpt>
    <trkpt lat="37.77834" lon="-122.12610000000001"><ele>212.28000000000003</ele></trkpt>
    <trkpt lat="37.778490000000005" lon="-122.12627"><ele>213.27</ele></trkpt>
    <trkpt lat="37.77857" lon="-122.12631"><ele>214.88000000000002</ele></trkpt>
    <trkpt lat="37.77866" lon="-122.12635000000002"><ele>215.46</ele></trkpt>
    <trkpt lat="37.778850000000006" lon="-122.12631"><ele>218.67000000000002</ele></trkpt>
    <trkpt lat="37.77908" lon="-122.12617000000002"><ele>224.97000000000003</ele></trkpt>
    <trkpt lat="37.779340000000005" lon="-122.12604"><ele>226.17000000000002</ele></trkpt>
    <trkpt lat="37.779520000000005" lon="-122.12601000000001"><ele>227.85000000000002</ele></trkpt>
    <trkpt lat="37.77966" lon="-122.12604"><ele>230.44</ele></trkpt>
    <trkpt lat="37.78019000100181" lon="-122.12650999669069"><ele>236.09</ele></trkpt>
    <trkpt lat="37.78072" lon="-122.12698"><ele>237.22</ele></trkpt>
    <trkpt lat="37.78105" lon="-122.12734"><ele>239.19</ele></trkpt>
    <trkpt lat="37.781530000000004" lon="-122.12796000000002"><ele>240.63</ele></trkpt>
    <trkpt lat="37.78164" lon="-122.12806"><ele>240.86</ele></trkpt>
    <trkpt lat="37.78183000000001" lon="-122.12822000000001"><ele>241.18000000000004</ele></trkpt>
    <trkpt lat="37.78208" lon="-122.12887"><ele>242.73000000000002</ele></trkpt>
    <trkpt lat="37.782210000000006" lon="-122.12913"><ele>244.25000000000003</ele></trkpt>
    <trkpt lat="37.78257" lon="-122.1294"><ele>250.32999999999998</ele></trkpt>
    <trkpt lat="37.782810000000005" lon="-122.12976"><ele>254.78</ele></trkpt>
    <trkpt lat="37.78287" lon="-122.12984000000002"><ele>256.56</ele></trkpt>
    <trkpt lat="37.78309" lon="-122.12998"><ele>258.86</ele></trkpt>
    <trkpt lat="37.783190000000005" lon="-122.13008"><ele>260.46000000000004</ele></trkpt>
    <trkpt lat="37.78336" lon="-122.13034"><ele>263.43</ele></trkpt>
    <trkpt lat="37.78342" lon="-122.13039"><ele>264.3</ele></trkpt>
    <trkpt lat="37.78349" lon="-122.13040000000001"><ele>265.48</ele></trkpt>
    <trkpt lat="37.78379" lon="-122.13039"><ele>267.83</ele></trkpt>
    <trkpt lat="37.784040000000005" lon="-122.13044000000001"><ele>269.74</ele></trkpt>
    <trkpt lat="37.78432" lon="-122.13061"><ele>271.7</ele></trkpt>
    <trkpt lat="37.78439" lon="-122.1307"><ele>273.01000000000005</ele></trkpt>
    <trkpt lat="37.784420000000004" lon="-122.13076000000001"><ele>273.01000000000005</ele></trkpt>
    <trkpt lat="37.784440000000004" lon="-122.13097"><ele>274.02000000000004</ele></trkpt>
    <trkpt lat="37.78439" lon="-122.13142"><ele>277.07000000000005</ele></trkpt>
    <trkpt lat="37.78441" lon="-122.13151"><ele>277.94</ele></trkpt>
    <trkpt lat="37.78445" lon="-122.13156000000001"><ele>277.94</ele></trkpt>
    <trkpt lat="37.784600000000005" lon="-122.13164"><ele>279.77000000000004</ele></trkpt>
    <trkpt lat="37.784890000000004" lon="-122.13161000000001"><ele>282.25</ele></trkpt>
    <trkpt lat="37.78504" lon="-122.13168"><ele>283.81</ele></trkpt>
    <trkpt lat="37.785160000000005" lon="-122.13204"><ele>288.67</ele></trkpt>
    <trkpt lat="37.78522" lon="-122.13213"><ele>288.67</ele></trkpt>
    <trkpt lat="37.785470000000004" lon="-122.13231"><ele>292.00000000000006</ele></trkpt>
    <trkpt lat="37.78566" lon="-122.13254"><ele>294.86</ele></trkpt>
    <trkpt lat="37.785790000000006" lon="-122.13258"><ele>295.55</ele></trkpt>
    <trkpt lat="37.786190000000005" lon="-122.13259000000001"><ele>297.41</ele></trkpt>
    <trkpt lat="37.786350000000006" lon="-122.13263"><ele>297.86</ele></trkpt>
    <trkpt lat="37.786480000000005" lon="-122.13268000000001"><ele>298.22</ele></trkpt>
    <trkpt lat="37.78694" lon="-122.13298"><ele>300.23</ele></trkpt>
    <trkpt lat="37.787130000000005" lon="-122.13316"><ele>300.68</ele></trkpt>
    <trkpt lat="37.78728" lon="-122.13334"><ele>300.49</ele></trkpt>
    <trkpt lat="37.787420000000004" lon="-122.13357"><ele>300.75</ele></trkpt>
    <trkpt lat="37.78754" lon="-122.13392"><ele>302.62</ele></trkpt>
    <trkpt lat="37.78755" lon="-122.13406"><ele>304.23</ele></trkpt>
    <trkpt lat="37.78754" lon="-122.13416000000001"><ele>305.26000000000005</ele></trkpt>
    <trkpt lat="37.78745" lon="-122.13447000000001"><ele>307.88000000000005</ele></trkpt>
    <trkpt lat="37.78745" lon="-122.13455"><ele>307.88000000000005</ele></trkpt>
    <trkpt lat="37.78748" lon="-122.13464"><ele>308.99</ele></trkpt>
    <trkpt lat="37.787600000000005" lon="-122.13464"><ele>309.53000000000003</ele></trkpt>
    <trkpt lat="37.78786" lon="-122.13455"><ele>309.39</ele></trkpt>
    <trkpt lat="37.78801" lon="-122.13455"><ele>309.24</ele></trkpt>
    <trkpt lat="37.78815" lon="-122.1346"><ele>309.27000000000004</ele></trkpt>
    <trkpt lat="37.788270000000004" lon="-122.13468"><ele>309.49</ele></trkpt>
    <trkpt lat="37.788470000000004" lon="-122.13487"><ele>310.76000000000005</ele></trkpt>
    <trkpt lat="37.78862" lon="-122.13509"><ele>313.07</ele></trkpt>
    <trkpt lat="37.78868000000001" lon="-122.13528000000001"><ele>314.21999999999997</ele></trkpt>
    <trkpt lat="37.78875" lon="-122.13567"><ele>316.03000000000003</ele></trkpt>
    <trkpt lat="37.78889" lon="-122.1359"><ele>318.49000000000007</ele></trkpt>
    <trkpt lat="37.789425000849484" lon="-122.1363649965775"><ele>320.96000000000004</ele></trkpt>
    <trkpt lat="37.78996" lon="-122.13683"><ele>327.96000000000004</ele></trkpt>
    <trkpt lat="37.79005" lon="-122.13697"><ele>328.45</ele></trkpt>
    <trkpt lat="37.790290000000006" lon="-122.13746"><ele>326.98</ele></trkpt>
    <trkpt lat="37.79052" lon="-122.13818"><ele>329.63000000000005</ele></trkpt>
    <trkpt lat="37.79066000144385" lon="-122.1387649988817"><ele>332.51000000000005</ele></trkpt>
    <trkpt lat="37.790800000000004" lon="-122.13935000000001"><ele>332.76</ele></trkpt>
    <trkpt lat="37.79086" lon="-122.13989000000001"><ele>333.51000000000005</ele></trkpt>
    <trkpt lat="37.790850000000006" lon="-122.14055"><ele>333.73</ele></trkpt>
    <trkpt lat="37.79093" lon="-122.141"><ele>332.70000000000005</ele></trkpt>
    <trkpt lat="37.790980000000005" lon="-122.14153"><ele>334.79</ele></trkpt>
    <trkpt lat="37.79104" lon="-122.14176"><ele>334.70000000000005</ele></trkpt>
    <trkpt lat="37.79128" lon="-122.14237000000001"><ele>332.16</ele></trkpt>
    <trkpt lat="37.791410000000006" lon="-122.14234"><ele>332.19000000000005</ele></trkpt>
    <trkpt lat="37.79164" lon="-122.14212"><ele>333.05</ele></trkpt>
    <trkpt lat="37.79171" lon="-122.14212"><ele>333.18</ele></trkpt>
    <trkpt lat="37.79182" lon="-122.14212"><ele>333.15</ele></trkpt>
    <trkpt lat="37.79189" lon="-122.14216"><ele>332.91</ele></trkpt>
    <trkpt lat="37.79209" lon="-122.14234"><ele>332.04</ele></trkpt>
    <trkpt lat="37.79233" lon="-122.14243"><ele>332.33</ele></trkpt>
    <trkpt lat="37.7924" lon="-122.14243"><ele>332.99</ele></trkpt>
    <trkpt lat="37.792500000000004" lon="-122.14239"><ele>333.46000000000004</ele></trkpt>
    <trkpt lat="37.79276" lon="-122.14225"><ele>334.66</ele></trkpt>
    <trkpt lat="37.792910000000006" lon="-122.14225"><ele>335.27</ele></trkpt>
    <trkpt lat="37.79305" lon="-122.1423"><ele>336.23</ele></trkpt>
    <trkpt lat="37.793710000000004" lon="-122.14278000000002"><ele>336.13000000000005</ele></trkpt>
    <trkpt lat="37.79381" lon="-122.14280000000001"><ele>336.16</ele></trkpt>
    <trkpt lat="37.79406" lon="-122.14283"><ele>335.83</ele></trkpt>
    <trkpt lat="37.79417" lon="-122.14287000000002"><ele>335.28000000000003</ele></trkpt>
    <trkpt lat="37.79453" lon="-122.14311000000001"><ele>332.23</ele></trkpt>
    <trkpt lat="37.794610000000006" lon="-122.14328"><ele>330.8</ele></trkpt>
    <trkpt lat="37.79475" lon="-122.1435"><ele>328.97</ele></trkpt>
    <trkpt lat="37.7948" lon="-122.1436"><ele>328.66</ele></trkpt>
    <trkpt lat="37.79486" lon="-122.14386"><ele>328.49</ele></trkpt>
    <trkpt lat="37.794940000000004" lon="-122.14401000000001"><ele>327.97</ele></trkpt>
    <trkpt lat="37.79513" lon="-122.14431"><ele>325.28000000000003</ele></trkpt>
    <trkpt lat="37.79553000000001" lon="-122.14476"><ele>321.05</ele></trkpt>
    <trkpt lat="37.795680000000004" lon="-122.14503"><ele>317.98</ele></trkpt>
    <trkpt lat="37.79585" lon="-122.14525"><ele>313.19</ele></trkpt>
    <trkpt lat="37.79605" lon="-122.14565"><ele>306.62</ele></trkpt>
    <trkpt lat="37.79614" lon="-122.14579"><ele>305.06</ele></trkpt>
    <trkpt lat="37.79621" lon="-122.14583"><ele>302.88000000000005</ele></trkpt>
    <trkpt lat="37.79637" lon="-122.14588"><ele>300.59000000000003</ele></trkpt>
    <trkpt lat="37.79645" lon="-122.14592"><ele>299.23</ele></trkpt>
    <trkpt lat="37.796530000000004" lon="-122.14606"><ele>297.38000000000005</ele></trkpt>
    <trkpt lat="37.796760000000006" lon="-122.14659"><ele>289.07000000000005</ele></trkpt>
    <trkpt lat="37.79692" lon="-122.14690000000002"><ele>283.74000000000007</ele></trkpt>
    <trkpt lat="37.79712" lon="-122.14704"><ele>281.56</ele></trkpt>
    <trkpt lat="37.79733" lon="-122.14727"><ele>278.08000000000004</ele></trkpt>
    <trkpt lat="37.79748" lon="-122.1474"><ele>275.55</ele></trkpt>
    <trkpt lat="37.797650000000004" lon="-122.14748000000002"><ele>272.11</ele></trkpt>
    <trkpt lat="37.79773" lon="-122.14749"><ele>271.51000000000005</ele></trkpt>
    <trkpt lat="37.797740000000005" lon="-122.14754"><ele>270.95000000000005</ele></trkpt>
    <trkpt lat="37.79771" lon="-122.14759000000001"><ele>270.45000000000005</ele></trkpt>
    <trkpt lat="37.79746" lon="-122.14762"><ele>268.56</ele></trkpt>
    <trkpt lat="37.797090000000004" lon="-122.14776"><ele>265.78000000000003</ele></trkpt>
    <trkpt lat="37.797000000000004" lon="-122.14776"><ele>265.04</ele></trkpt>
    <trkpt lat="37.79695" lon="-122.14771"><ele>264.61</ele></trkpt>
    <trkpt lat="37.796910000000004" lon="-122.14753"><ele>263.13000000000005</ele></trkpt>
    <trkpt lat="37.79686" lon="-122.14748000000002"><ele>261.94</ele></trkpt>
    <trkpt lat="37.796640000000004" lon="-122.14750000000001"><ele>259.62</ele></trkpt>
    <trkpt lat="37.79636" lon="-122.14759000000001"><ele>251.25000000000003</ele></trkpt>
    <trkpt lat="37.796290000000006" lon="-122.14759000000001"><ele>251.25000000000003</ele></trkpt>
    <trkpt lat="37.79619" lon="-122.14753"><ele>248.39000000000001</ele></trkpt>
    <trkpt lat="37.796110000000006" lon="-122.14741000000001"><ele>247.63000000000002</ele></trkpt>
    <trkpt lat="37.79608" lon="-122.14731"><ele>246.83</ele></trkpt>
    <trkpt lat="37.79603" lon="-122.14726000000002"><ele>245.08</ele></trkpt>
    <trkpt lat="37.795840000000005" lon="-122.14722"><ele>240.56000000000003</ele></trkpt>
    <trkpt lat="37.795660000000005" lon="-122.14704"><ele>236.53</ele></trkpt>
    <trkpt lat="37.7956" lon="-122.14709"><ele>235.79000000000002</ele></trkpt>
    <trkpt lat="37.795570000000005" lon="-122.14717000000002"><ele>234.56</ele></trkpt>
    <trkpt lat="37.79549" lon="-122.14722"><ele>233.62</ele></trkpt>
    <trkpt lat="37.79543" lon="-122.14735"><ele>231.92000000000002</ele></trkpt>
    <trkpt lat="37.795370000000005" lon="-122.1474"><ele>231.92000000000002</ele></trkpt>
    <trkpt lat="37.79524" lon="-122.1474"><ele>230.25</ele></trkpt>
    <trkpt lat="37.79504" lon="-122.14735"><ele>225.37</ele></trkpt>
    <trkpt lat="37.794990000000006" lon="-122.14735"><ele>225.37</ele></trkpt>
    <trkpt lat="37.79496" lon="-122.1474"><ele>224.60000000000002</ele></trkpt>
    <trkpt lat="37.794970000000006" lon="-122.14749"><ele>223.35000000000002</ele></trkpt>
    <trkpt lat="37.79514" lon="-122.14767"><ele>221.84</ele></trkpt>
    <trkpt lat="37.79522" lon="-122.14772"><ele>221.11</ele></trkpt>
    <trkpt lat="37.79545" lon="-122.14768000000001"><ele>218.74</ele></trkpt>
    <trkpt lat="37.79551" lon="-122.14768000000001"><ele>218.74</ele></trkpt>
    <trkpt lat="37.795550000000006" lon="-122.14772"><ele>217.62</ele></trkpt>
    <trkpt lat="37.79562" lon="-122.1479"><ele>216.16000000000003</ele></trkpt>
    <trkpt lat="37.795730000000006" lon="-122.14803"><ele>216.16000000000003</ele></trkpt>
    <trkpt lat="37.79585" lon="-122.14825"><ele>212.84000000000003</ele></trkpt>
    <trkpt lat="37.79600000000001" lon="-122.14843"><ele>211.06000000000003</ele></trkpt>
    <trkpt lat="37.79623" lon="-122.14884"><ele>206.69</ele></trkpt>
    <trkpt lat="37.79674" lon="-122.14936000000002"><ele>196.96</ele></trkpt>
    <trkpt lat="37.79695" lon="-122.14959"><ele>195.34</ele></trkpt>
    <trkpt lat="37.797200000000004" lon="-122.14977"><ele>191.93</ele></trkpt>
    <trkpt lat="37.79735" lon="-122.14991"><ele>189.29000000000002</ele></trkpt>
    <trkpt lat="37.797450000000005" lon="-122.15011000000001"><ele>187.24</ele></trkpt>
    <trkpt lat="37.79748" lon="-122.15018"><ele>186.45</ele></trkpt>
    <trkpt lat="37.797740000000005" lon="-122.15041000000001"><ele>184.85000000000002</ele></trkpt>
    <trkpt lat="37.79784" lon="-122.15057000000002"><ele>184.29</ele></trkpt>
    <trkpt lat="37.79791" lon="-122.15082000000001"><ele>183.94000000000003</ele></trkpt>
    <trkpt lat="37.79793" lon="-122.15112"><ele>183.99</ele></trkpt>
    <trkpt lat="37.798080000000006" lon="-122.15192"><ele>187.23</ele></trkpt>
    <trkpt lat="37.798030000000004" lon="-122.15219"><ele>189.54000000000002</ele></trkpt>
    <trkpt lat="37.798030000000004" lon="-122.15228"><ele>189.54000000000002</ele></trkpt>
    <trkpt lat="37.79806" lon="-122.15246"><ele>188.32000000000002</ele></trkpt>
    <trkpt lat="37.79815" lon="-122.15268"><ele>187.97000000000003</ele></trkpt>
    <trkpt lat="37.798230000000004" lon="-122.15273"><ele>188.01000000000002</ele></trkpt>
    <trkpt lat="37.79844000000001" lon="-122.15317"><ele>188.74</ele></trkpt>
    <trkpt lat="37.79853000000001" lon="-122.15349"><ele>190.59</ele></trkpt>
    <trkpt lat="37.7986" lon="-122.15362"><ele>191.38000000000002</ele></trkpt>
    <trkpt lat="37.79867" lon="-122.15371"><ele>191.72000000000003</ele></trkpt>
    <trkpt lat="37.798730000000006" lon="-122.15367"><ele>191.72000000000003</ele></trkpt>
    <trkpt lat="37.798820000000006" lon="-122.15389"><ele>191.99</ele></trkpt>
    <trkpt lat="37.79891000000001" lon="-122.15384000000002"><ele>191.99</ele></trkpt>
    <trkpt lat="37.79900000000001" lon="-122.15376"><ele>192.63000000000002</ele></trkpt>
    <trkpt lat="37.799040000000005" lon="-122.15362"><ele>194.85000000000002</ele></trkpt>
    <trkpt lat="37.799040000000005" lon="-122.15353"><ele>194.95000000000002</ele></trkpt>
    <trkpt lat="37.79907" lon="-122.15349"><ele>194.95000000000002</ele></trkpt>
    <trkpt lat="37.799110000000006" lon="-122.15349"><ele>195.43</ele></trkpt>
    <trkpt lat="37.7993" lon="-122.15381000000001"><ele>197.32000000000002</ele></trkpt>
    <trkpt lat="37.799490000000006" lon="-122.15404000000001"><ele>200.65</ele></trkpt>
    <trkpt lat="37.79961" lon="-122.15412"><ele>206.57</ele></trkpt>
    <trkpt lat="37.799980000000005" lon="-122.15413000000001"><ele>210.94000000000003</ele></trkpt>
    <trkpt lat="37.80001" lon="-122.15421"><ele>210.67000000000002</ele></trkpt>
    <trkpt lat="37.800000000000004" lon="-122.1543"><ele>210.58</ele></trkpt>
    <trkpt lat="37.79993" lon="-122.15447"><ele>209.77</ele></trkpt>
    <trkpt lat="37.79994000000001" lon="-122.15461"><ele>208.65000000000003</ele></trkpt>
    <trkpt lat="37.79999" lon="-122.15480000000001"><ele>206.13</ele></trkpt>
    <trkpt lat="37.80001" lon="-122.15507000000001"><ele>203.96000000000004</ele></trkpt>
    <trkpt lat="37.80006" lon="-122.15519"><ele>203.28</ele></trkpt>
    <trkpt lat="37.80019" lon="-122.15536000000002"><ele>202.5</ele></trkpt>
    <trkpt lat="37.80021" lon="-122.15547000000001"><ele>202.53</ele></trkpt>
    <trkpt lat="37.80028" lon="-122.15559"><ele>202.60000000000002</ele></trkpt>
    <trkpt lat="37.80031" lon="-122.15573"><ele>203.01000000000002</ele></trkpt>
    <trkpt lat="37.8004" lon="-122.15590000000002"><ele>203.41</ele></trkpt>
    <trkpt lat="37.80057" lon="-122.15609"><ele>203.34</ele></trkpt>
    <trkpt lat="37.800670000000004" lon="-122.15617"><ele>202.77</ele></trkpt>
    <trkpt lat="37.800720000000005" lon="-122.15626"><ele>202.56</ele></trkpt>
    <trkpt lat="37.80096" lon="-122.15649"><ele>204.57000000000002</ele></trkpt>
    <trkpt lat="37.801280000000006" lon="-122.15671"><ele>210.41</ele></trkpt>
    <trkpt lat="37.8014" lon="-122.15675000000002"><ele>211.62000000000003</ele></trkpt>
    <trkpt lat="37.8014" lon="-122.15667"><ele>212.27</ele></trkpt>
    <trkpt lat="37.80129" lon="-122.15644"><ele>213.95000000000002</ele></trkpt>
    <trkpt lat="37.80118" lon="-122.15631"><ele>214.82</ele></trkpt>
    <trkpt lat="37.800850000000004" lon="-122.15573"><ele>220.51000000000002</ele></trkpt>
    <trkpt lat="37.800830000000005" lon="-122.15564"><ele>221.21</ele></trkpt>
    <trkpt lat="37.800990000000006" lon="-122.15528"><ele>223.01000000000002</ele></trkpt>
    <trkpt lat="37.80097000000001" lon="-122.15519"><ele>223.54000000000002</ele></trkpt>
    <trkpt lat="37.800900000000006" lon="-122.15520000000001"><ele>223.54000000000002</ele></trkpt>
    <trkpt lat="37.80053" lon="-122.15519"><ele>227.46</ele></trkpt>
    <trkpt lat="37.800470000000004" lon="-122.15514"><ele>227.46</ele></trkpt>
    <trkpt lat="37.800430000000006" lon="-122.15506"><ele>228.51000000000002</ele></trkpt>
    <trkpt lat="37.800430000000006" lon="-122.15480000000001"><ele>231.15</ele></trkpt>
    <trkpt lat="37.800360000000005" lon="-122.1547"><ele>232.8</ele></trkpt>
    <trkpt lat="37.800380000000004" lon="-122.15451000000002"><ele>236.29000000000002</ele></trkpt>
    <trkpt lat="37.80051" lon="-122.15433000000002"><ele>238.32000000000002</ele></trkpt>
    <trkpt lat="37.800650000000005" lon="-122.15426000000001"><ele>240.85</ele></trkpt>
    <trkpt lat="37.800720000000005" lon="-122.1542"><ele>242.98000000000002</ele></trkpt>
    <trkpt lat="37.800790000000006" lon="-122.1542"><ele>243.66</ele></trkpt>
    <trkpt lat="37.80084" lon="-122.15416"><ele>244.27</ele></trkpt>
    <trkpt lat="37.80086" lon="-122.15399000000001"><ele>245.39000000000001</ele></trkpt>
    <trkpt lat="37.80088000000001" lon="-122.15394"><ele>245.53000000000003</ele></trkpt>
    <trkpt lat="37.800900000000006" lon="-122.15390000000001"><ele>245.55</ele></trkpt>
    <trkpt lat="37.800990000000006" lon="-122.15385"><ele>245.25000000000003</ele></trkpt>
    <trkpt lat="37.80106" lon="-122.15368000000001"><ele>244.54</ele></trkpt>
    <trkpt lat="37.80107" lon="-122.15362"><ele>244.71</ele></trkpt>
    <trkpt lat="37.80104" lon="-122.15354"><ele>245.02</ele></trkpt>
    <trkpt lat="37.80097000000001" lon="-122.15353"><ele>245.78000000000003</ele></trkpt>
    <trkpt lat="37.800920000000005" lon="-122.15345"><ele>246.32</ele></trkpt>
    <trkpt lat="37.80084" lon="-122.15344"><ele>246.42000000000002</ele></trkpt>
    <trkpt lat="37.80064" lon="-122.15349"><ele>245.81000000000003</ele></trkpt>
    <trkpt lat="37.800320000000006" lon="-122.15349"><ele>247.87</ele></trkpt>
    <trkpt lat="37.80021" lon="-122.15344"><ele>248.64000000000001</ele></trkpt>
    <trkpt lat="37.80019" lon="-122.1534"><ele>248.88000000000002</ele></trkpt>
    <trkpt lat="37.80019" lon="-122.15332000000001"><ele>249.02</ele></trkpt>
    <trkpt lat="37.80033" lon="-122.15291"><ele>248.96</ele></trkpt>
    <trkpt lat="37.800450000000005" lon="-122.15268"><ele>250.60000000000005</ele></trkpt>
    <trkpt lat="37.80048" lon="-122.15255"><ele>252.28</ele></trkpt>
    <trkpt lat="37.80048" lon="-122.15246"><ele>252.76999999999998</ele></trkpt>
    <trkpt lat="37.80046" lon="-122.15238000000001"><ele>253.17</ele></trkpt>
    <trkpt lat="37.80031" lon="-122.15237"><ele>254.5</ele></trkpt>
    <trkpt lat="37.80008" lon="-122.15215"><ele>258.23</ele></trkpt>
    <trkpt lat="37.80008" lon="-122.15207000000001"><ele>258.23</ele></trkpt>
    <trkpt lat="37.80022" lon="-122.15179"><ele>261.67</ele></trkpt>
    <trkpt lat="37.80026" lon="-122.15161"><ele>262.0</ele></trkpt>
    <trkpt lat="37.800230000000006" lon="-122.15156"><ele>262.0</ele></trkpt>
    <trkpt lat="37.79992" lon="-122.15135000000001"><ele>264.48</ele></trkpt>
    <trkpt lat="37.79988" lon="-122.15129"><ele>265.31000000000006</ele></trkpt>
    <trkpt lat="37.799890000000005" lon="-122.15126000000001"><ele>265.31000000000006</ele></trkpt>
    <trkpt lat="37.800070000000005" lon="-122.15125"><ele>269.33</ele></trkpt>
    <trkpt lat="37.80012" lon="-122.15126000000001"><ele>270.5</ele></trkpt>
    <trkpt lat="37.80022" lon="-122.15138"><ele>275.24</ele></trkpt>
    <trkpt lat="37.800270000000005" lon="-122.15125"><ele>277.13000000000005</ele></trkpt>
    <trkpt lat="37.800320000000006" lon="-122.1512"><ele>278.43</ele></trkpt>
    <trkpt lat="37.80062" lon="-122.15107"><ele>280.83000000000004</ele></trkpt>
    <trkpt lat="37.800650000000005" lon="-122.15085"><ele>282.19</ele></trkpt>
    <trkpt lat="37.80075" lon="-122.15072"><ele>283.98</ele></trkpt>
    <trkpt lat="37.80078" lon="-122.15067"><ele>283.98</ele></trkpt>
    <trkpt lat="37.800790000000006" lon="-122.1504"><ele>287.83000000000004</ele></trkpt>
    <trkpt lat="37.800810000000006" lon="-122.15035"><ele>289.77000000000004</ele></trkpt>
    <trkpt lat="37.80088000000001" lon="-122.15028000000001"><ele>290.48</ele></trkpt>
    <trkpt lat="37.80095" lon="-122.15026"><ele>290.48</ele></trkpt>
    <trkpt lat="37.801030000000004" lon="-122.15026"><ele>292.86</ele></trkpt>
    <trkpt lat="37.8012" lon="-122.15035"><ele>295.25</ele></trkpt>
    <trkpt lat="37.80134" lon="-122.15031"><ele>296.54</ele></trkpt>
    <trkpt lat="37.80142" lon="-122.15024000000001"><ele>298.66</ele></trkpt>
    <trkpt lat="37.80145" lon="-122.15026"><ele>298.66</ele></trkpt>
    <trkpt lat="37.80143" lon="-122.15035"><ele>298.66</ele></trkpt>
    <trkpt lat="37.80131" lon="-122.15044"><ele>300.57</ele></trkpt>
    <trkpt lat="37.801280000000006" lon="-122.15049"><ele>300.99</ele></trkpt>
    <trkpt lat="37.80129" lon="-122.15085"><ele>304.12</ele></trkpt>
    <trkpt lat="37.801260000000006" lon="-122.15112"><ele>306.01</ele></trkpt>
    <trkpt lat="37.80127" lon="-122.15116"><ele>307.97</ele></trkpt>
    <trkpt lat="37.80131" lon="-122.1512"><ele>309.19</ele></trkpt>
    <trkpt lat="37.80147" lon="-122.15107"><ele>312.25</ele></trkpt>
    <trkpt lat="37.80158" lon="-122.15107"><ele>314.76000000000005</ele></trkpt>
    <trkpt lat="37.80176" lon="-122.15108000000001"><ele>316.90000000000003</ele></trkpt>
    <trkpt lat="37.8018" lon="-122.15107"><ele>317.37000000000006</ele></trkpt>
    <trkpt lat="37.801840000000006" lon="-122.15094"><ele>318.02000000000004</ele></trkpt>
    <trkpt lat="37.80205" lon="-122.15076"><ele>319.5</ele></trkpt>
    <trkpt lat="37.80212" lon="-122.15071"><ele>320.74</ele></trkpt>
    <trkpt lat="37.802200000000006" lon="-122.15071"><ele>321.45</ele></trkpt>
    <trkpt lat="37.80236" lon="-122.1508"><ele>322.15000000000003</ele></trkpt>
    <trkpt lat="37.802550000000004" lon="-122.1508"><ele>321.56</ele></trkpt>
    <trkpt lat="37.80263" lon="-122.15072"><ele>320.39</ele></trkpt>
    <trkpt lat="37.80272" lon="-122.15059000000001"><ele>319.91</ele></trkpt>
    <trkpt lat="37.80281" lon="-122.15050000000001"><ele>319.86</ele></trkpt>
    <trkpt lat="37.802890000000005" lon="-122.15050000000001"><ele>320.13</ele></trkpt>
    <trkpt lat="37.80299" lon="-122.15056000000001"><ele>321.8</ele></trkpt>
    <trkpt lat="37.80304" lon="-122.15085"><ele>325.01</ele></trkpt>
    <trkpt lat="37.80303" lon="-122.15121"><ele>327.79</ele></trkpt>
    <trkpt lat="37.803070000000005" lon="-122.15139"><ele>327.89</ele></trkpt>
    <trkpt lat="37.80321" lon="-122.15162000000001"><ele>328.25000000000006</ele></trkpt>
    <trkpt lat="37.80335" lon="-122.15179"><ele>328.63000000000005</ele></trkpt>
    <trkpt lat="37.80353" lon="-122.15192"><ele>329.53000000000003</ele></trkpt>
    <trkpt lat="37.80359" lon="-122.15201"><ele>330.54</ele></trkpt>
    <trkpt lat="37.80368" lon="-122.15237"><ele>331.34000000000003</ele></trkpt>
    <trkpt lat="37.803940000000004" lon="-122.15323000000001"><ele>332.56</ele></trkpt>
    <trkpt lat="37.804080000000006" lon="-122.15348000000002"><ele>334.16</ele></trkpt>
    <trkpt lat="37.804450000805616" lon="-122.15391499782757"><ele>336.15</ele></trkpt>
    <trkpt lat="37.80482000000001" lon="-122.15435000000001"><ele>338.66</ele></trkpt>
    <trkpt lat="37.80518" lon="-122.15479"><ele>340.02000000000004</ele></trkpt>
    <trkpt lat="37.80537" lon="-122.15497"><ele>341.11</ele></trkpt>
    <trkpt lat="37.805490000000006" lon="-122.15497"><ele>340.87</ele></trkpt>
    <trkpt lat="37.805600000000005" lon="-122.15506"><ele>339.67</ele></trkpt>
    <trkpt lat="37.80579" lon="-122.15542"><ele>338.23</ele></trkpt>
    <trkpt lat="37.805910000000004" lon="-122.15582"><ele>337.43</ele></trkpt>
    <trkpt lat="37.805980000000005" lon="-122.15593000000001"><ele>337.4200000000001</ele></trkpt>
    <trkpt lat="37.80615" lon="-122.15626"><ele>338.62</ele></trkpt>
    <trkpt lat="37.806270000000005" lon="-122.15657000000002"><ele>339.38</ele></trkpt>
    <trkpt lat="37.80646" lon="-122.15690000000001"><ele>341.26</ele></trkpt>
    <trkpt lat="37.80653" lon="-122.15711"><ele>344.15</ele></trkpt>
    <trkpt lat="37.806560000000005" lon="-122.15729"><ele>345.19000000000005</ele></trkpt>
    <trkpt lat="37.806610000000006" lon="-122.15738"><ele>346.0</ele></trkpt>
    <trkpt lat="37.806720000000006" lon="-122.15751000000002"><ele>346.59</ele></trkpt>
    <trkpt lat="37.806850000000004" lon="-122.15775000000001"><ele>346.14</ele></trkpt>
    <trkpt lat="37.80713" lon="-122.15815"><ele>347.24000000000007</ele></trkpt>
    <trkpt lat="37.807686670794965" lon="-122.15884998942904"><ele>352.42</ele></trkpt>
    <trkpt lat="37.80824333744799" lon="-122.15954998941174"><ele>362.44000000000005</ele></trkpt>
    <trkpt lat="37.808800000000005" lon="-122.16025"><ele>367.35</ele></trkpt>
    <trkpt lat="37.80895" lon="-122.16052"><ele>367.1</ele></trkpt>
    <trkpt lat="37.80908" lon="-122.16079"><ele>366.34000000000003</ele></trkpt>
    <trkpt lat="37.809360000000005" lon="-122.16115"><ele>366.47</ele></trkpt>
    <trkpt lat="37.809720000000006" lon="-122.16145000000002"><ele>368.78000000000003</ele></trkpt>
    <trkpt lat="37.809870000000004" lon="-122.16151"><ele>369.75</ele></trkpt>
    <trkpt lat="37.81058" lon="-122.16205000000001"><ele>384.20000000000005</ele></trkpt>
    <trkpt lat="37.81067" lon="-122.16208"><ele>385.0</ele></trkpt>
    <trkpt lat="37.810860000000005" lon="-122.16222"><ele>387.31000000000006</ele></trkpt>
    <trkpt lat="37.81101" lon="-122.1624"><ele>388.09000000000003</ele></trkpt>
    <trkpt lat="37.81112" lon="-122.16257000000002"><ele>389.12</ele></trkpt>
    <trkpt lat="37.81121" lon="-122.16293"><ele>391.32000000000005</ele></trkpt>
    <trkpt lat="37.811420000000005" lon="-122.16334"><ele>392.02000000000004</ele></trkpt>
    <trkpt lat="37.81161" lon="-122.16361"><ele>392.36</ele></trkpt>
    <trkpt lat="37.81192" lon="-122.16441"><ele>395.14000000000004</ele></trkpt>
    <trkpt lat="37.812000000000005" lon="-122.16447000000001"><ele>395.75000000000006</ele></trkpt>
    <trkpt lat="37.81206" lon="-122.16459"><ele>396.61</ele></trkpt>
    <trkpt lat="37.812090000000005" lon="-122.16477"><ele>399.66</ele></trkpt>
    <trkpt lat="37.81217" lon="-122.1649"><ele>400.8</ele></trkpt>
    <trkpt lat="37.81237" lon="-122.16535"><ele>404.47</ele></trkpt>
    <trkpt lat="37.812450000000005" lon="-122.16558"><ele>405.35</ele></trkpt>
    <trkpt lat="37.812520000000006" lon="-122.16589"><ele>406.81000000000006</ele></trkpt>
    <trkpt lat="37.812870000000004" lon="-122.16657000000001"><ele>409.55</ele></trkpt>
    <trkpt lat="37.812900000000006" lon="-122.16671000000001"><ele>408.49</ele></trkpt>
    <trkpt lat="37.81289" lon="-122.16683"><ele>408.49</ele></trkpt>
    <trkpt lat="37.81282" lon="-122.16702000000001"><ele>406.14000000000004</ele></trkpt>
    <trkpt lat="37.81284" lon="-122.16714"><ele>405.28000000000003</ele></trkpt>
    <trkpt lat="37.813030000000005" lon="-122.16768"><ele>406.35</ele></trkpt>
    <trkpt lat="37.81318" lon="-122.16799"><ele>407.05</ele></trkpt>
    <trkpt lat="37.81335" lon="-122.16826"><ele>407.52000000000004</ele></trkpt>
    <trkpt lat="37.81342" lon="-122.16841000000001"><ele>407.25000000000006</ele></trkpt>
    <trkpt lat="37.81342" lon="-122.16856000000001"><ele>407.88</ele></trkpt>
    <trkpt lat="37.813460000000006" lon="-122.16876"><ele>408.54</ele></trkpt>
    <trkpt lat="37.813570000000006" lon="-122.16907"><ele>410.36000000000007</ele></trkpt>
    <trkpt lat="37.814020000000006" lon="-122.16961"><ele>415.18000000000006</ele></trkpt>
    <trkpt lat="37.81436" lon="-122.17019"><ele>420.84000000000003</ele></trkpt>
    <trkpt lat="37.81443" lon="-122.17037"><ele>423.82</ele></trkpt>
    <trkpt lat="37.814600000000006" lon="-122.17099"><ele>433.69</ele></trkpt>
    <trkpt lat="37.814870000000006" lon="-122.17175"><ele>442.88000000000005</ele></trkpt>
    <trkpt lat="37.81524" lon="-122.17265"><ele>451.51</ele></trkpt>
    <trkpt lat="37.81544" lon="-122.17301"><ele>454.26000000000005</ele></trkpt>
    <trkpt lat="37.81575" lon="-122.17376000000002"><ele>461.57000000000005</ele></trkpt>
    <trkpt lat="37.815870000000004" lon="-122.17391"><ele>462.78000000000003</ele></trkpt>
    <trkpt lat="37.81602" lon="-122.17426"><ele>463.75000000000006</ele></trkpt>
    <trkpt lat="37.81609" lon="-122.17455000000001"><ele>466.09000000000003</ele></trkpt>
    <trkpt lat="37.81609" lon="-122.17466"><ele>465.79</ele></trkpt>
    <trkpt lat="37.815990000000006" lon="-122.17525"><ele>464.95000000000005</ele></trkpt>
    <trkpt lat="37.81597" lon="-122.17569"><ele>461.57000000000005</ele></trkpt>
    <trkpt lat="37.816050000000004" lon="-122.17600000000002"><ele>460.72</ele></trkpt>
    <trkpt lat="37.81616" lon="-122.17630000000001"><ele>460.67</ele></trkpt>
    <trkpt lat="37.816230000000004" lon="-122.17641"><ele>459.77</ele></trkpt>
    <trkpt lat="37.81638" lon="-122.1765"><ele>459.32000000000005</ele></trkpt>
    <trkpt lat="37.81658" lon="-122.17656000000001"><ele>458.82000000000005</ele></trkpt>
    <trkpt lat="37.8168" lon="-122.17672"><ele>458.09000000000003</ele></trkpt>
    <trkpt lat="37.81694" lon="-122.17686"><ele>457.01</ele></trkpt>
    <trkpt lat="37.817060000000005" lon="-122.17703000000002"><ele>456.03000000000003</ele></trkpt>
    <trkpt lat="37.81707" lon="-122.17709"><ele>456.03000000000003</ele></trkpt>
    <trkpt lat="37.81712" lon="-122.1774"><ele>454.23</ele></trkpt>
    <trkpt lat="37.81721" lon="-122.17756000000001"><ele>453.88000000000005</ele></trkpt>
    <trkpt lat="37.817220000000006" lon="-122.17802"><ele>458.94</ele></trkpt>
    <trkpt lat="37.81711" lon="-122.17827000000001"><ele>459.61</ele></trkpt>
    <trkpt lat="37.817400000000006" lon="-122.17875000000001"><ele>461.58000000000004</ele></trkpt>
    <trkpt lat="37.817420000000006" lon="-122.17885000000001"><ele>461.90000000000003</ele></trkpt>
    <trkpt lat="37.81745" lon="-122.17896"><ele>461.83</ele></trkpt>
    <trkpt lat="37.817440000000005" lon="-122.17914"><ele>461.39</ele></trkpt>
    <trkpt lat="37.8175" lon="-122.17937"><ele>459.52000000000004</ele></trkpt>
    <trkpt lat="37.817710000000005" lon="-122.17963"><ele>456.98</ele></trkpt>
    <trkpt lat="37.81779" lon="-122.17981"><ele>457.38000000000005</ele></trkpt>
    <trkpt lat="37.81788" lon="-122.18008"><ele>458.45</ele></trkpt>
    <trkpt lat="37.81796000000001" lon="-122.18017"><ele>458.13000000000005</ele></trkpt>
    <trkpt lat="37.81804" lon="-122.18027000000001"><ele>456.57000000000005</ele></trkpt>
    <trkpt lat="37.81808" lon="-122.1804"><ele>455.97</ele></trkpt>
    <trkpt lat="37.81819" lon="-122.18061000000002"><ele>456.24</ele></trkpt>
    <trkpt lat="37.818290000000005" lon="-122.18084"><ele>452.91</ele></trkpt>
    <trkpt lat="37.818430000000006" lon="-122.18098"><ele>451.23</ele></trkpt>
    <trkpt lat="37.818490000000004" lon="-122.18111"><ele>450.54</ele></trkpt>
    <trkpt lat="37.81852000000001" lon="-122.18125"><ele>450.28000000000003</ele></trkpt>
    <trkpt lat="37.81855" lon="-122.18166000000001"><ele>454.05000000000007</ele></trkpt>
    <trkpt lat="37.81859" lon="-122.18179"><ele>455.05</ele></trkpt>
    <trkpt lat="37.818670000000004" lon="-122.18191000000002"><ele>456.55</ele></trkpt>
    <trkpt lat="37.81889" lon="-122.18211000000001"><ele>458.35</ele></trkpt>
    <trkpt lat="37.819" lon="-122.18229000000001"><ele>457.81000000000006</ele></trkpt>
    <trkpt lat="37.8192" lon="-122.18245000000002"><ele>457.52000000000004</ele></trkpt>
    <trkpt lat="37.81935" lon="-122.18247000000001"><ele>457.44</ele></trkpt>
    <trkpt lat="37.81964" lon="-122.1829"><ele>459.57000000000005</ele></trkpt>
    <trkpt lat="37.819680000000005" lon="-122.18294000000002"><ele>460.13000000000005</ele></trkpt>
    <trkpt lat="37.81978" lon="-122.18297000000001"><ele>461.3</ele></trkpt>
    <trkpt lat="37.81978" lon="-122.18281"><ele>461.64000000000004</ele></trkpt>
    <trkpt lat="37.81976140459166" lon="-122.18270179866172"><ele>462.13000000000005</ele></trkpt>
    <trkpt lat="37.81978" lon="-122.18281"><ele>461.64000000000004</ele></trkpt>
    <trkpt lat="37.81978" lon="-122.18297000000001"><ele>461.3</ele></trkpt>
    <trkpt lat="37.81989" lon="-122.18304"><ele>461.14000000000004</ele></trkpt>
    <trkpt lat="37.819990000000004" lon="-122.18335"><ele>457.95</ele></trkpt>
    <trkpt lat="37.82007" lon="-122.18386000000001"><ele>448.5</ele></trkpt>
    <trkpt lat="37.82011" lon="-122.18397000000002"><ele>445.94000000000005</ele></trkpt>
    <trkpt lat="37.82032" lon="-122.18402"><ele>444.42</ele></trkpt>
    <trkpt lat="37.82047" lon="-122.18399000000001"><ele>443.02000000000004</ele></trkpt>
    <trkpt lat="37.82068" lon="-122.18402"><ele>441.94000000000005</ele></trkpt>
    <trkpt lat="37.820820000000005" lon="-122.18429"><ele>439.3</ele></trkpt>
    <trkpt lat="37.82099" lon="-122.18430000000001"><ele>438.27000000000004</ele></trkpt>
    <trkpt lat="37.821070000000006" lon="-122.18434"><ele>438.02000000000004</ele></trkpt>
    <trkpt lat="37.82115" lon="-122.18442"><ele>437.27000000000004</ele></trkpt>
    <trkpt lat="37.821180000000005" lon="-122.18447"><ele>436.89000000000004</ele></trkpt>
    <trkpt lat="37.821180000000005" lon="-122.18465"><ele>433.81</ele></trkpt>
    <trkpt lat="37.82106" lon="-122.18505"><ele>430.82000000000005</ele></trkpt>
    <trkpt lat="37.82106" lon="-122.18514"><ele>430.54</ele></trkpt>
    <trkpt lat="37.8211" lon="-122.18523"><ele>430.1</ele></trkpt>
    <trkpt lat="37.821310000000004" lon="-122.18537"><ele>429.22</ele></trkpt>
    <trkpt lat="37.821450000000006" lon="-122.18558000000002"><ele>427.76000000000005</ele></trkpt>
    <trkpt lat="37.821490000000004" lon="-122.1859"><ele>425.96000000000004</ele></trkpt>
    <trkpt lat="37.82157" lon="-122.18612000000002"><ele>425.34000000000003</ele></trkpt>
    <trkpt lat="37.82164" lon="-122.18643000000002"><ele>422.1</ele></trkpt>
    <trkpt lat="37.82168" lon="-122.18649"><ele>421.7</ele></trkpt>
    <trkpt lat="37.821740000000005" lon="-122.18652000000002"><ele>421.7</ele></trkpt>
    <trkpt lat="37.82208" lon="-122.18648"><ele>419.85</ele></trkpt>
    <trkpt lat="37.822300000000006" lon="-122.18653"><ele>418.75</ele></trkpt>
    <trkpt lat="37.822480000000006" lon="-122.18648"><ele>416.94</ele></trkpt>
    <trkpt lat="37.822680000000005" lon="-122.18662"><ele>413.58000000000004</ele></trkpt>
    <trkpt lat="37.82282" lon="-122.18662"><ele>413.15000000000003</ele></trkpt>
    <trkpt lat="37.82292" lon="-122.18653"><ele>413.45000000000005</ele></trkpt>
    <trkpt lat="37.82298" lon="-122.18641000000001"><ele>414.76</ele></trkpt>
    <trkpt lat="37.82298" lon="-122.18631"><ele>415.05</ele></trkpt>
    <trkpt lat="37.822900000000004" lon="-122.18563"><ele>415.90000000000003</ele></trkpt>
    <trkpt lat="37.82289" lon="-122.18520000000001"><ele>415.72</ele></trkpt>
    <trkpt lat="37.82294" lon="-122.18482000000002"><ele>415.71000000000004</ele></trkpt>
    <trkpt lat="37.823" lon="-122.18465"><ele>416.11</ele></trkpt>
    <trkpt lat="37.823060000000005" lon="-122.1846"><ele>416.36</ele></trkpt>
    <trkpt lat="37.82327" lon="-122.18452"><ele>416.73</ele></trkpt>
    <trkpt lat="37.82343" lon="-122.1846"><ele>414.67</ele></trkpt>
    <trkpt lat="37.82348" lon="-122.1846"><ele>414.21000000000004</ele></trkpt>
    <trkpt lat="37.823530000000005" lon="-122.18456"><ele>413.85</ele></trkpt>
    <trkpt lat="37.82358" lon="-122.18447"><ele>413.39000000000004</ele></trkpt>
    <trkpt lat="37.823800000000006" lon="-122.1842"><ele>413.07000000000005</ele></trkpt>
    <trkpt lat="37.82388" lon="-122.18406000000002"><ele>412.44</ele></trkpt>
    <trkpt lat="37.82408" lon="-122.18361000000002"><ele>411.39000000000004</ele></trkpt>
    <trkpt lat="37.8241" lon="-122.18344"><ele>411.31</ele></trkpt>
    <trkpt lat="37.824160000000006" lon="-122.18332000000001"><ele>411.31</ele></trkpt>
    <trkpt lat="37.824270000000006" lon="-122.18331"><ele>411.41</ele></trkpt>
    <trkpt lat="37.82432" lon="-122.18335"><ele>411.47</ele></trkpt>
    <trkpt lat="37.82441" lon="-122.18366"><ele>411.6</ele></trkpt>
    <trkpt lat="37.82479" lon="-122.18389"><ele>409.89000000000004</ele></trkpt>
    <trkpt lat="37.82489" lon="-122.18402"><ele>409.64000000000004</ele></trkpt>
    <trkpt lat="37.82495" lon="-122.18417000000001"><ele>409.64000000000004</ele></trkpt>
    <trkpt lat="37.824980000000004" lon="-122.18444000000001"><ele>409.75000000000006</ele></trkpt>
    <trkpt lat="37.82502" lon="-122.18447"><ele>409.7</ele></trkpt>
    <trkpt lat="37.82515" lon="-122.18451"><ele>409.49</ele></trkpt>
    <trkpt lat="37.825250000000004" lon="-122.18456"><ele>409.38</ele></trkpt>
    <trkpt lat="37.825320000000005" lon="-122.18457000000001"><ele>408.75000000000006</ele></trkpt>
    <trkpt lat="37.8256" lon="-122.18439000000001"><ele>408.34000000000003</ele></trkpt>
    <trkpt lat="37.82565" lon="-122.18438"><ele>408.34000000000003</ele></trkpt>
    <trkpt lat="37.825720000000004" lon="-122.18439000000001"><ele>408.34000000000003</ele></trkpt>
    <trkpt lat="37.826040000000006" lon="-122.18455000000002"><ele>408.11</ele></trkpt>
    <trkpt lat="37.826130000000006" lon="-122.18469"><ele>408.01000000000005</ele></trkpt>
    <trkpt lat="37.826220000000006" lon="-122.18479"><ele>408.01000000000005</ele></trkpt>
    <trkpt lat="37.826330000000006" lon="-122.18487"><ele>407.66</ele></trkpt>
    <trkpt lat="37.82649" lon="-122.18474"><ele>407.33000000000004</ele></trkpt>
    <trkpt lat="37.826600000000006" lon="-122.18469"><ele>407.0</ele></trkpt>
    <trkpt lat="37.82665" lon="-122.18465"><ele>407.0</ele></trkpt>
    <trkpt lat="37.82665" lon="-122.1846"><ele>405.72</ele></trkpt>
    <trkpt lat="37.826600000000006" lon="-122.18442"><ele>405.72</ele></trkpt>
    <trkpt lat="37.826600000000006" lon="-122.18430000000001"><ele>405.45000000000005</ele></trkpt>
    <trkpt lat="37.82665" lon="-122.18411"><ele>405.07000000000005</ele></trkpt>
    <trkpt lat="37.82674" lon="-122.18398"><ele>405.07000000000005</ele></trkpt>
    <trkpt lat="37.82672" lon="-122.1838"><ele>404.57000000000005</ele></trkpt>
    <trkpt lat="37.826530000000005" lon="-122.18348"><ele>404.35</ele></trkpt>
    <trkpt lat="37.8265" lon="-122.18335"><ele>404.47</ele></trkpt>
    <trkpt lat="37.826460000000004" lon="-122.18308"><ele>404.35</ele></trkpt>
    <trkpt lat="37.826460000000004" lon="-122.1829"><ele>404.08000000000004</ele></trkpt>
    <trkpt lat="37.82647" lon="-122.18280000000001"><ele>403.59000000000003</ele></trkpt>
    <trkpt lat="37.82652" lon="-122.18277"><ele>403.38</ele></trkpt>
    <trkpt lat="37.82668" lon="-122.18277"><ele>403.15</ele></trkpt>
    <trkpt lat="37.826750000000004" lon="-122.18281"><ele>403.11</ele></trkpt>
    <trkpt lat="37.826820000000005" lon="-122.18299"><ele>403.21</ele></trkpt>
    <trkpt lat="37.826820000000005" lon="-122.18317"><ele>403.62</ele></trkpt>
    <trkpt lat="37.82685" lon="-122.18326"><ele>403.62</ele></trkpt>
    <trkpt lat="37.826890000000006" lon="-122.18330000000002"><ele>403.73</ele></trkpt>
    <trkpt lat="37.82708" lon="-122.18336000000001"><ele>403.65</ele></trkpt>
    <trkpt lat="37.82723" lon="-122.18348"><ele>403.15</ele></trkpt>
    <trkpt lat="37.82732" lon="-122.18348"><ele>402.24</ele></trkpt>
    <trkpt lat="37.827450000000006" lon="-122.18344"><ele>401.85</ele></trkpt>
    <trkpt lat="37.827540000000006" lon="-122.18348"><ele>401.62</ele></trkpt>
    <trkpt lat="37.82759" lon="-122.18352000000002"><ele>401.57000000000005</ele></trkpt>
    <trkpt lat="37.827600000000004" lon="-122.18357"><ele>401.58000000000004</ele></trkpt>
    <trkpt lat="37.827540000000006" lon="-122.18390000000001"><ele>402.25000000000006</ele></trkpt>
    <trkpt lat="37.82759" lon="-122.1842"><ele>402.15</ele></trkpt>
    <trkpt lat="37.82762" lon="-122.18429"><ele>401.9800000000001</ele></trkpt>
    <trkpt lat="37.82768" lon="-122.18438"><ele>400.85</ele></trkpt>
    <trkpt lat="37.82779" lon="-122.18442"><ele>400.66</ele></trkpt>
    <trkpt lat="37.827850000000005" lon="-122.18452"><ele>400.5</ele></trkpt>
    <trkpt lat="37.827850000000005" lon="-122.18464000000002"><ele>400.18</ele></trkpt>
    <trkpt lat="37.82772000000001" lon="-122.18514"><ele>400.11</ele></trkpt>
    <trkpt lat="37.827740000000006" lon="-122.18523"><ele>400.11</ele></trkpt>
    <trkpt lat="37.82784" lon="-122.18529000000001"><ele>400.34000000000003</ele></trkpt>
    <trkpt lat="37.827940000000005" lon="-122.18549000000002"><ele>400.45000000000005</ele></trkpt>
    <trkpt lat="37.82804" lon="-122.18546"><ele>400.4200000000001</ele></trkpt>
    <trkpt lat="37.828070000000004" lon="-122.18542000000001"><ele>400.4200000000001</ele></trkpt>
    <trkpt lat="37.82837" lon="-122.18532"><ele>399.86</ele></trkpt>
    <trkpt lat="37.82864" lon="-122.18532"><ele>398.53000000000003</ele></trkpt>
    <trkpt lat="37.828700000000005" lon="-122.18537"><ele>398.33</ele></trkpt>
    <trkpt lat="37.8288" lon="-122.18578000000001"><ele>397.4800000000001</ele></trkpt>
    <trkpt lat="37.828860000000006" lon="-122.18581"><ele>396.5400000000001</ele></trkpt>
    <trkpt lat="37.82896" lon="-122.18581"><ele>396.26000000000005</ele></trkpt>
    <trkpt lat="37.82916" lon="-122.18572"><ele>395.51000000000005</ele></trkpt>
    <trkpt lat="37.82921" lon="-122.18573"><ele>395.51000000000005</ele></trkpt>
    <trkpt lat="37.82927" lon="-122.18581"><ele>395.57000000000005</ele></trkpt>
    <trkpt lat="37.8293" lon="-122.1859"><ele>395.58000000000004</ele></trkpt>
    <trkpt lat="37.829330000000006" lon="-122.18621000000002"><ele>394.92</ele></trkpt>
    <trkpt lat="37.829350000000005" lon="-122.18626"><ele>394.92</ele></trkpt>
    <trkpt lat="37.829370000000004" lon="-122.18630000000002"><ele>393.63000000000005</ele></trkpt>
    <trkpt lat="37.829420000000006" lon="-122.18631"><ele>393.63000000000005</ele></trkpt>
    <trkpt lat="37.829570000000004" lon="-122.18631"><ele>393.18</ele></trkpt>
    <trkpt lat="37.82974" lon="-122.18617"><ele>392.66</ele></trkpt>
    <trkpt lat="37.82979" lon="-122.18609000000001"><ele>391.77</ele></trkpt>
    <trkpt lat="37.82987" lon="-122.1859"><ele>391.77</ele></trkpt>
    <trkpt lat="37.82996" lon="-122.18576000000002"><ele>391.15000000000003</ele></trkpt>
    <trkpt lat="37.82997" lon="-122.18541"><ele>390.1</ele></trkpt>
    <trkpt lat="37.83006" lon="-122.18528"><ele>389.67</ele></trkpt>
    <trkpt lat="37.830110000000005" lon="-122.18528"><ele>389.67</ele></trkpt>
    <trkpt lat="37.83017" lon="-122.18536000000002"><ele>389.49000000000007</ele></trkpt>
    <trkpt lat="37.83028" lon="-122.18541"><ele>389.32000000000005</ele></trkpt>
    <trkpt lat="37.83055" lon="-122.18545"><ele>388.96000000000004</ele></trkpt>
    <trkpt lat="37.83077" lon="-122.18532"><ele>387.98</ele></trkpt>
    <trkpt lat="37.831" lon="-122.18505"><ele>387.61</ele></trkpt>
    <trkpt lat="37.83106" lon="-122.18502000000001"><ele>387.48</ele></trkpt>
    <trkpt lat="37.831100000000006" lon="-122.18503000000001"><ele>387.48</ele></trkpt>
    <trkpt lat="37.83133" lon="-122.18523"><ele>387.23</ele></trkpt>
    <trkpt lat="37.83142" lon="-122.18522000000002"><ele>385.07</ele></trkpt>
    <trkpt lat="37.83117" lon="-122.18496"><ele>382.5</ele></trkpt>
    <trkpt lat="37.831010000000006" lon="-122.18473000000002"><ele>378.29</ele></trkpt>
    <trkpt lat="37.83091" lon="-122.18469"><ele>376.89000000000004</ele></trkpt>
    <trkpt lat="37.83082" lon="-122.18473000000002"><ele>376.89000000000004</ele></trkpt>
    <trkpt lat="37.83068" lon="-122.18483"><ele>372.57</ele></trkpt>
    <trkpt lat="37.83046" lon="-122.18487"><ele>369.43</ele></trkpt>
    <trkpt lat="37.83039" lon="-122.18483"><ele>368.89000000000004</ele></trkpt>
    <trkpt lat="37.830130000000004" lon="-122.18447"><ele>362.84000000000003</ele></trkpt>
    <trkpt lat="37.83003" lon="-122.18439000000001"><ele>362.84000000000003</ele></trkpt>
    <trkpt lat="37.829840000000004" lon="-122.18429"><ele>358.87</ele></trkpt>
    <trkpt lat="37.82978000000001" lon="-122.18429"><ele>358.87</ele></trkpt>
    <trkpt lat="37.829710000000006" lon="-122.18433000000002"><ele>357.81</ele></trkpt>
    <trkpt lat="37.829530000000005" lon="-122.18451"><ele>354.95000000000005</ele></trkpt>
    <trkpt lat="37.8295" lon="-122.18474"><ele>353.37</ele></trkpt>
    <trkpt lat="37.829440000000005" lon="-122.18483"><ele>351.42</ele></trkpt>
    <trkpt lat="37.829350000000005" lon="-122.18482000000002"><ele>349.95000000000005</ele></trkpt>
    <trkpt lat="37.82922000000001" lon="-122.18456"><ele>346.96000000000004</ele></trkpt>
    <trkpt lat="37.829150000000006" lon="-122.18429"><ele>342.1</ele></trkpt>
    <trkpt lat="37.82911" lon="-122.1842"><ele>342.1</ele></trkpt>
    <trkpt lat="37.829040000000006" lon="-122.18408000000001"><ele>339.34000000000003</ele></trkpt>
    <trkpt lat="37.829010000000004" lon="-122.18398"><ele>338.07000000000005</ele></trkpt>
    <trkpt lat="37.829010000000004" lon="-122.18353"><ele>333.83</ele></trkpt>
    <trkpt lat="37.829060000000005" lon="-122.18326"><ele>331.66</ele></trkpt>
    <trkpt lat="37.82916" lon="-122.18305000000001"><ele>329.36</ele></trkpt>
    <trkpt lat="37.829170000000005" lon="-122.18281"><ele>326.3</ele></trkpt>
    <trkpt lat="37.82914" lon="-122.18267000000002"><ele>325.22</ele></trkpt>
    <trkpt lat="37.82907" lon="-122.1825"><ele>324.32000000000005</ele></trkpt>
    <trkpt lat="37.82873" lon="-122.18191000000002"><ele>318.82000000000005</ele></trkpt>
    <trkpt lat="37.828500000000005" lon="-122.1817"><ele>315.42</ele></trkpt>
    <trkpt lat="37.82844" lon="-122.18161"><ele>314.18</ele></trkpt>
    <trkpt lat="37.8284" lon="-122.18134"><ele>311.12</ele></trkpt>
    <trkpt lat="37.828410000000005" lon="-122.18111"><ele>309.62</ele></trkpt>
    <trkpt lat="37.828430000000004" lon="-122.18095000000001"><ele>308.91</ele></trkpt>
    <trkpt lat="37.82849" lon="-122.18085"><ele>308.75</ele></trkpt>
    <trkpt lat="37.828540000000004" lon="-122.18079000000002"><ele>308.67</ele></trkpt>
    <trkpt lat="37.82855" lon="-122.18071"><ele>308.6</ele></trkpt>
    <trkpt lat="37.82851" lon="-122.18062"><ele>308.43</ele></trkpt>
    <trkpt lat="37.82831" lon="-122.18031"><ele>307.31</ele></trkpt>
    <trkpt lat="37.828100000000006" lon="-122.17985000000002"><ele>304.38000000000005</ele></trkpt>
    <trkpt lat="37.82804" lon="-122.17963"><ele>303.51</ele></trkpt>
    <trkpt lat="37.82799" lon="-122.17959"><ele>302.43</ele></trkpt>
    <trkpt lat="37.82775" lon="-122.17955"><ele>300.83000000000004</ele></trkpt>
    <trkpt lat="37.827580000000005" lon="-122.1795"><ele>299.88000000000005</ele></trkpt>
    <trkpt lat="37.827470000000005" lon="-122.17941"><ele>299.29</ele></trkpt>
    <trkpt lat="37.82733" lon="-122.17914"><ele>297.93</ele></trkpt>
    <trkpt lat="37.82717" lon="-122.1786"><ele>296.22</ele></trkpt>
    <trkpt lat="37.82694" lon="-122.17807"><ele>296.09000000000003</ele></trkpt>
    <trkpt lat="37.826710000000006" lon="-122.17763000000001"><ele>294.49</ele></trkpt>
    <trkpt lat="37.826600000000006" lon="-122.17735"><ele>291.45000000000005</ele></trkpt>
    <trkpt lat="37.826420000000006" lon="-122.17696000000001"><ele>288.72</ele></trkpt>
    <trkpt lat="37.82627" lon="-122.17672"><ele>288.19</ele></trkpt>
    <trkpt lat="37.825900000000004" lon="-122.17615"><ele>289.74</ele></trkpt>
    <trkpt lat="37.82576" lon="-122.17600000000002"><ele>290.1</ele></trkpt>
    <trkpt lat="37.82565" lon="-122.17593000000001"><ele>290.01000000000005</ele></trkpt>
    <trkpt lat="37.82528000000001" lon="-122.17583"><ele>287.90000000000003</ele></trkpt>
    <trkpt lat="37.824980000000004" lon="-122.17565"><ele>280.02000000000004</ele></trkpt>
    <trkpt lat="37.824870000000004" lon="-122.17556"><ele>278.26</ele></trkpt>
    <trkpt lat="37.8247" lon="-122.17538"><ele>272.03000000000003</ele></trkpt>
    <trkpt lat="37.824450000000006" lon="-122.17497000000002"><ele>269.18</ele></trkpt>
    <trkpt lat="37.824380000000005" lon="-122.17489"><ele>266.72</ele></trkpt>
    <trkpt lat="37.824200000000005" lon="-122.1748"><ele>264.67</ele></trkpt>
    <trkpt lat="37.82414" lon="-122.17466"><ele>263.71</ele></trkpt>
    <trkpt lat="37.82405" lon="-122.17432000000001"><ele>262.11</ele></trkpt>
    <trkpt lat="37.823930000000004" lon="-122.17368"><ele>258.3</ele></trkpt>
    <trkpt lat="37.82385" lon="-122.17355"><ele>257.89</ele></trkpt>
    <trkpt lat="37.823800000000006" lon="-122.17337"><ele>257.69</ele></trkpt>
    <trkpt lat="37.823660000000004" lon="-122.17309000000002"><ele>257.21</ele></trkpt>
    <trkpt lat="37.82356" lon="-122.17298000000001"><ele>256.26000000000005</ele></trkpt>
    <trkpt lat="37.82340000000001" lon="-122.17288"><ele>256.09999999999997</ele></trkpt>
    <trkpt lat="37.82329" lon="-122.17287"><ele>256.06</ele></trkpt>
    <trkpt lat="37.82321" lon="-122.17282000000002"><ele>255.76000000000005</ele></trkpt>
    <trkpt lat="37.823100000000004" lon="-122.17247"><ele>252.95000000000002</ele></trkpt>
    <trkpt lat="37.82294" lon="-122.17208000000001"><ele>251.54000000000005</ele></trkpt>
    <trkpt lat="37.822810000000004" lon="-122.17158"><ele>249.18</ele></trkpt>
    <trkpt lat="37.82276" lon="-122.17149"><ele>248.93</ele></trkpt>
    <trkpt lat="37.82258" lon="-122.17131"><ele>247.61</ele></trkpt>
    <trkpt lat="37.822520000000004" lon="-122.17117"><ele>247.54</ele></trkpt>
    <trkpt lat="37.82242" lon="-122.17073"><ele>247.15</ele></trkpt>
    <trkpt lat="37.822280000000006" lon="-122.17024"><ele>245.07</ele></trkpt>
    <trkpt lat="37.82211" lon="-122.16991000000002"><ele>242.73000000000002</ele></trkpt>
    <trkpt lat="37.821920000000006" lon="-122.16961"><ele>241.43000000000004</ele></trkpt>
    <trkpt lat="37.82188" lon="-122.16944000000001"><ele>241.38</ele></trkpt>
    <trkpt lat="37.821740000000005" lon="-122.16911"><ele>240.23000000000002</ele></trkpt>
    <trkpt lat="37.82121" lon="-122.16836"><ele>237.54000000000002</ele></trkpt>
    <trkpt lat="37.82115" lon="-122.16826"><ele>237.83</ele></trkpt>
    <trkpt lat="37.82112" lon="-122.16809"><ele>238.76000000000002</ele></trkpt>
    <trkpt lat="37.82112" lon="-122.1679"><ele>239.04000000000002</ele></trkpt>
    <trkpt lat="37.821090000000005" lon="-122.16781"><ele>238.51000000000002</ele></trkpt>
    <trkpt lat="37.82101" lon="-122.16774000000001"><ele>236.96000000000004</ele></trkpt>
    <trkpt lat="37.820800000000006" lon="-122.16745000000002"><ele>234.81</ele></trkpt>
    <trkpt lat="37.820420000000006" lon="-122.16697"><ele>236.10000000000002</ele></trkpt>
    <trkpt lat="37.82025" lon="-122.16680000000001"><ele>239.03</ele></trkpt>
    <trkpt lat="37.82014" lon="-122.16662000000001"><ele>240.35</ele></trkpt>
    <trkpt lat="37.81996" lon="-122.16639"><ele>240.70000000000002</ele></trkpt>
    <trkpt lat="37.819660000000006" lon="-122.16616"><ele>239.32000000000002</ele></trkpt>
    <trkpt lat="37.81951" lon="-122.16599000000001"><ele>236.91</ele></trkpt>
    <trkpt lat="37.81926" lon="-122.16562"><ele>231.15</ele></trkpt>
    <trkpt lat="37.8192" lon="-122.16557000000002"><ele>229.89000000000001</ele></trkpt>
    <trkpt lat="37.81907" lon="-122.16553"><ele>228.74</ele></trkpt>
    <trkpt lat="37.81899000000001" lon="-122.16545"><ele>228.45000000000002</ele></trkpt>
    <trkpt lat="37.818900000000006" lon="-122.16526"><ele>228.28</ele></trkpt>
    <trkpt lat="37.818830000000005" lon="-122.16521000000002"><ele>228.02</ele></trkpt>
    <trkpt lat="37.818690000000004" lon="-122.16516000000001"><ele>227.15</ele></trkpt>
    <trkpt lat="37.818470000000005" lon="-122.16517"><ele>226.93</ele></trkpt>
    <trkpt lat="37.81823" lon="-122.16459"><ele>224.28</ele></trkpt>
    <trkpt lat="37.818110000000004" lon="-122.16446"><ele>223.92000000000002</ele></trkpt>
    <trkpt lat="37.81785" lon="-122.16424"><ele>222.97000000000003</ele></trkpt>
    <trkpt lat="37.817620000000005" lon="-122.16392"><ele>222.35000000000002</ele></trkpt>
    <trkpt lat="37.81758000000001" lon="-122.16379"><ele>221.91000000000003</ele></trkpt>
    <trkpt lat="37.81756" lon="-122.16355000000001"><ele>220.32000000000002</ele></trkpt>
    <trkpt lat="37.817530000000005" lon="-122.16338"><ele>219.00000000000003</ele></trkpt>
    <trkpt lat="37.81743" lon="-122.16321"><ele>218.29000000000002</ele></trkpt>
    <trkpt lat="37.81694" lon="-122.16285"><ele>217.49</ele></trkpt>
    <trkpt lat="37.81645" lon="-122.16267"><ele>216.67000000000002</ele></trkpt>
    <trkpt lat="37.815990000000006" lon="-122.16244"><ele>215.61</ele></trkpt>
    <trkpt lat="37.815690000000004" lon="-122.16213"><ele>214.1</ele></trkpt>
    <trkpt lat="37.81546" lon="-122.16199"><ele>213.41000000000003</ele></trkpt>
    <trkpt lat="37.81537" lon="-122.16187000000001"><ele>212.73000000000002</ele></trkpt>
    <trkpt lat="37.81524" lon="-122.16164"><ele>211.66</ele></trkpt>
    <trkpt lat="37.81517" lon="-122.16155"><ele>210.98000000000002</ele></trkpt>
    <trkpt lat="37.81505000000001" lon="-122.16145000000002"><ele>210.52</ele></trkpt>
    <trkpt lat="37.81495" lon="-122.16123"><ele>210.33</ele></trkpt>
    <trkpt lat="37.814890000000005" lon="-122.16090000000001"><ele>210.81000000000003</ele></trkpt>
    <trkpt lat="37.814690000000006" lon="-122.1607"><ele>210.51000000000002</ele></trkpt>
    <trkpt lat="37.8143" lon="-122.16047"><ele>208.66</ele></trkpt>
    <trkpt lat="37.814220000000006" lon="-122.16038"><ele>208.43</ele></trkpt>
    <trkpt lat="37.814150000000005" lon="-122.16021"><ele>208.40000000000003</ele></trkpt>
    <trkpt lat="37.814" lon="-122.16002"><ele>208.04000000000002</ele></trkpt>
    <trkpt lat="37.81392" lon="-122.15985"><ele>207.61</ele></trkpt>
    <trkpt lat="37.81387" lon="-122.15959000000001"><ele>207.29000000000002</ele></trkpt>
    <trkpt lat="37.813790000000004" lon="-122.15948000000002"><ele>207.15000000000003</ele></trkpt>
    <trkpt lat="37.81362" lon="-122.15930000000002"><ele>206.6</ele></trkpt>
    <trkpt lat="37.813340000000004" lon="-122.15883000000001"><ele>207.14000000000001</ele></trkpt>
    <trkpt lat="37.81277" lon="-122.15827000000002"><ele>207.31000000000003</ele></trkpt>
    <trkpt lat="37.81266" lon="-122.15807000000001"><ele>206.52</ele></trkpt>
    <trkpt lat="37.812450000000005" lon="-122.15761"><ele>201.09</ele></trkpt>
    <trkpt lat="37.812310000000004" lon="-122.15743"><ele>200.03</ele></trkpt>
    <trkpt lat="37.81203" lon="-122.15716"><ele>199.69</ele></trkpt>
    <trkpt lat="37.811690000000006" lon="-122.15677000000001"><ele>199.04000000000002</ele></trkpt>
    <trkpt lat="37.81136" lon="-122.15648000000002"><ele>198.68</ele></trkpt>
    <trkpt lat="37.811260000000004" lon="-122.15635"><ele>198.9</ele></trkpt>
    <trkpt lat="37.810840000000006" lon="-122.15537"><ele>195.68</ele></trkpt>
    <trkpt lat="37.81058" lon="-122.15506"><ele>194.73000000000002</ele></trkpt>
    <trkpt lat="37.810390000000005" lon="-122.15481000000001"><ele>194.62</ele></trkpt>
    <trkpt lat="37.810280000000006" lon="-122.1547"><ele>194.43</ele></trkpt>
    <trkpt lat="37.81004" lon="-122.15452"><ele>194.49</ele></trkpt>
    <trkpt lat="37.809990000000006" lon="-122.15444000000001"><ele>194.41000000000003</ele></trkpt>
    <trkpt lat="37.80998" lon="-122.15433000000002"><ele>194.05</ele></trkpt>
    <trkpt lat="37.810030000000005" lon="-122.15407"><ele>192.93</ele></trkpt>
    <trkpt lat="37.809990000000006" lon="-122.15358"><ele>190.89</ele></trkpt>
    <trkpt lat="37.80995" lon="-122.15336"><ele>190.34</ele></trkpt>
    <trkpt lat="37.80970000000001" lon="-122.15281000000002"><ele>188.14</ele></trkpt>
    <trkpt lat="37.80969" lon="-122.15268"><ele>188.23000000000002</ele></trkpt>
    <trkpt lat="37.80915" lon="-122.1525"><ele>190.11</ele></trkpt>
    <trkpt lat="37.808820000000004" lon="-122.15192"><ele>189.47000000000003</ele></trkpt>
    <trkpt lat="37.80838000193965" lon="-122.1512449959993"><ele>188.52</ele></trkpt>
    <trkpt lat="37.80794" lon="-122.15057000000002"><ele>185.06</ele></trkpt>
    <trkpt lat="37.80753" lon="-122.15010000000001"><ele>184.03000000000003</ele></trkpt>
    <trkpt lat="37.80715" lon="-122.14982"><ele>184.74</ele></trkpt>
    <trkpt lat="37.806850000000004" lon="-122.1495"><ele>183.31000000000003</ele></trkpt>
    <trkpt lat="37.806560000000005" lon="-122.14925000000001"><ele>182.77</ele></trkpt>
    <trkpt lat="37.80619" lon="-122.14888"><ele>182.23</ele></trkpt>
    <trkpt lat="37.805935001265006" lon="-122.14835999845357"><ele>181.26</ele></trkpt>
    <trkpt lat="37.80568" lon="-122.14784000000002"><ele>181.07</ele></trkpt>
    <trkpt lat="37.80529000000001" lon="-122.14735"><ele>177.22</ele></trkpt>
    <trkpt lat="37.80514" lon="-122.14708000000002"><ele>175.35</ele></trkpt>
    <trkpt lat="37.805040000000005" lon="-122.14695"><ele>174.27</ele></trkpt>
    <trkpt lat="37.804930000000006" lon="-122.14687"><ele>173.87000000000003</ele></trkpt>
    <trkpt lat="37.80465" lon="-122.14682"><ele>173.29000000000002</ele></trkpt>
    <trkpt lat="37.804550000000006" lon="-122.14673"><ele>173.20000000000002</ele></trkpt>
    <trkpt lat="37.80445" lon="-122.14669"><ele>173.22</ele></trkpt>
    <trkpt lat="37.804210000000005" lon="-122.14665000000001"><ele>172.71</ele></trkpt>
    <trkpt lat="37.804080000000006" lon="-122.14659"><ele>172.11</ele></trkpt>
    <trkpt lat="37.80393" lon="-122.14647000000001"><ele>171.15000000000003</ele></trkpt>
    <trkpt lat="37.80386" lon="-122.14638000000001"><ele>171.15000000000003</ele></trkpt>
    <trkpt lat="37.803650000000005" lon="-122.14601"><ele>170.37</ele></trkpt>
    <trkpt lat="37.80357" lon="-122.14593"><ele>170.06</ele></trkpt>
    <trkpt lat="37.80332000000001" lon="-122.14592"><ele>169.78</ele></trkpt>
    <trkpt lat="37.803110000000004" lon="-122.14588"><ele>169.46000000000004</ele></trkpt>
    <trkpt lat="37.80301" lon="-122.14583"><ele>169.46000000000004</ele></trkpt>
    <trkpt lat="37.802730000000004" lon="-122.14557"><ele>168.83</ele></trkpt>
    <trkpt lat="37.802550000000004" lon="-122.14546000000001"><ele>168.47</ele></trkpt>
    <trkpt lat="37.80234" lon="-122.14531000000001"><ele>168.07000000000002</ele></trkpt>
    <trkpt lat="37.80167" lon="-122.14494"><ele>168.48000000000002</ele></trkpt>
    <trkpt lat="37.801500000000004" lon="-122.14489"><ele>168.31</ele></trkpt>
    <trkpt lat="37.801210000000005" lon="-122.14485"><ele>167.63</ele></trkpt>
    <trkpt lat="37.80088000000001" lon="-122.14493000000002"><ele>167.95000000000002</ele></trkpt>
    <trkpt lat="37.800740000000005" lon="-122.14499"><ele>168.67000000000002</ele></trkpt>
    <trkpt lat="37.800670000000004" lon="-122.14505000000001"><ele>168.67000000000002</ele></trkpt>
    <trkpt lat="37.800610000000006" lon="-122.14511000000002"><ele>168.32000000000002</ele></trkpt>
    <trkpt lat="37.80059" lon="-122.14538"><ele>169.65</ele></trkpt>
    <trkpt lat="37.800650000000005" lon="-122.14552"><ele>172.07</ele></trkpt>
    <trkpt lat="37.800670000000004" lon="-122.1457"><ele>174.20000000000002</ele></trkpt>
    <trkpt lat="37.800650000000005" lon="-122.14592"><ele>176.03000000000003</ele></trkpt>
    <trkpt lat="37.80077" lon="-122.14615"><ele>177.72000000000003</ele></trkpt>
    <trkpt lat="37.80069" lon="-122.14628"><ele>180.48</ele></trkpt>
    <trkpt lat="37.80071" lon="-122.14646"><ele>182.78000000000003</ele></trkpt>
    <trkpt lat="37.80062" lon="-122.14655"><ele>184.45</ele></trkpt>
    <trkpt lat="37.80053" lon="-122.14673"><ele>188.82000000000002</ele></trkpt>
    <trkpt lat="37.80053" lon="-122.14682"><ele>190.84</ele></trkpt>
    <trkpt lat="37.80049" lon="-122.14691"><ele>191.66000000000003</ele></trkpt>
    <trkpt lat="37.800540000000005" lon="-122.14722"><ele>196.33</ele></trkpt>
    <trkpt lat="37.800610000000006" lon="-122.14727"><ele>198.41</ele></trkpt>
    <trkpt lat="37.80069" lon="-122.14727"><ele>200.64000000000001</ele></trkpt>
    <trkpt lat="37.800650000000005" lon="-122.14718"><ele>200.64000000000001</ele></trkpt>
    <trkpt lat="37.80066" lon="-122.14705000000001"><ele>203.91</ele></trkpt>
    <trkpt lat="37.80087" lon="-122.14723000000001"><ele>210.69</ele></trkpt>
    <trkpt lat="37.80098" lon="-122.14736"><ele>213.49</ele></trkpt>
    <trkpt lat="37.801100000000005" lon="-122.14745"><ele>216.36</ele></trkpt>
    <trkpt lat="37.80116" lon="-122.14753"><ele>215.75000000000003</ele></trkpt>
    <trkpt lat="37.80116" lon="-122.14767"><ele>214.52</ele></trkpt>
    <trkpt lat="37.801300000000005" lon="-122.14793000000002"><ele>214.75000000000003</ele></trkpt>
    <trkpt lat="37.80129" lon="-122.14798"><ele>214.89000000000001</ele></trkpt>
    <trkpt lat="37.80125" lon="-122.14803"><ele>215.09000000000003</ele></trkpt>
    <trkpt lat="37.80098" lon="-122.14794"><ele>214.98</ele></trkpt>
    <trkpt lat="37.800900000000006" lon="-122.14798"><ele>214.93</ele></trkpt>
    <trkpt lat="37.800830000000005" lon="-122.14795000000001"><ele>215.25000000000003</ele></trkpt>
    <trkpt lat="37.80068" lon="-122.14807"><ele>216.55</ele></trkpt>
    <trkpt lat="37.80066" lon="-122.14820000000002"><ele>218.21</ele></trkpt>
    <trkpt lat="37.80069" lon="-122.14839"><ele>219.62</ele></trkpt>
    <trkpt lat="37.80091" lon="-122.14874"><ele>224.99</ele></trkpt>
    <trkpt lat="37.80093" lon="-122.14893000000001"><ele>227.06</ele></trkpt>
    <trkpt lat="37.80086" lon="-122.14897"><ele>227.67000000000002</ele></trkpt>
    <trkpt lat="37.800760000000004" lon="-122.14892"><ele>229.29000000000002</ele></trkpt>
    <trkpt lat="37.800560000000004" lon="-122.14893000000001"><ele>232.11</ele></trkpt>
    <trkpt lat="37.80037" lon="-122.14898000000001"><ele>234.72</ele></trkpt>
    <trkpt lat="37.80028" lon="-122.14915"><ele>238.85</ele></trkpt>
    <trkpt lat="37.80035" lon="-122.1495"><ele>241.19</ele></trkpt>
    <trkpt lat="37.80044" lon="-122.14965000000001"><ele>242.82</ele></trkpt>
    <trkpt lat="37.800380000000004" lon="-122.14973"><ele>243.1</ele></trkpt>
    <trkpt lat="37.800320000000006" lon="-122.14974000000001"><ele>243.03000000000003</ele></trkpt>
    <trkpt lat="37.800270000000005" lon="-122.14982"><ele>242.47000000000003</ele></trkpt>
    <trkpt lat="37.80017" lon="-122.14983000000001"><ele>241.43000000000004</ele></trkpt>
    <trkpt lat="37.80013" lon="-122.14992000000001"><ele>239.5</ele></trkpt>
    <trkpt lat="37.80008" lon="-122.14995"><ele>239.5</ele></trkpt>
    <trkpt lat="37.80003" lon="-122.15009"><ele>237.99</ele></trkpt>
    <trkpt lat="37.7999" lon="-122.15022"><ele>236.67000000000002</ele></trkpt>
    <trkpt lat="37.799910000000004" lon="-122.15041000000001"><ele>236.05</ele></trkpt>
    <trkpt lat="37.79979" lon="-122.15063"><ele>232.88000000000002</ele></trkpt>
    <trkpt lat="37.79975" lon="-122.15062"><ele>232.88000000000002</ele></trkpt>
    <trkpt lat="37.79943" lon="-122.15009"><ele>226.82000000000002</ele></trkpt>
    <trkpt lat="37.79939" lon="-122.15008000000002"><ele>226.26000000000002</ele></trkpt>
    <trkpt lat="37.799350000000004" lon="-122.15009"><ele>225.05</ele></trkpt>
    <trkpt lat="37.799330000000005" lon="-122.15022"><ele>224.39000000000001</ele></trkpt>
    <trkpt lat="37.79918" lon="-122.15044"><ele>221.16000000000003</ele></trkpt>
    <trkpt lat="37.799110000000006" lon="-122.15050000000001"><ele>220.68</ele></trkpt>
    <trkpt lat="37.799060000000004" lon="-122.15062"><ele>220.8</ele></trkpt>
    <trkpt lat="37.79909" lon="-122.15084000000002"><ele>222.03</ele></trkpt>
    <trkpt lat="37.79905" lon="-122.15093000000002"><ele>222.47000000000003</ele></trkpt>
    <trkpt lat="37.79896" lon="-122.15103"><ele>223.48000000000002</ele></trkpt>
    <trkpt lat="37.798930000000006" lon="-122.15112"><ele>225.11</ele></trkpt>
    <trkpt lat="37.798970000000004" lon="-122.1512"><ele>225.98000000000002</ele></trkpt>
    <trkpt lat="37.799060000000004" lon="-122.15129"><ele>226.61</ele></trkpt>
    <trkpt lat="37.799150000000004" lon="-122.1513"><ele>226.86</ele></trkpt>
    <trkpt lat="37.799170000000004" lon="-122.15135000000001"><ele>227.56</ele></trkpt>
    <trkpt lat="37.79916" lon="-122.15147"><ele>227.84</ele></trkpt>
    <trkpt lat="37.7991" lon="-122.15157"><ele>228.81</ele></trkpt>
    <trkpt lat="37.79909" lon="-122.1517"><ele>229.19000000000003</ele></trkpt>
    <trkpt lat="37.799130000000005" lon="-122.15179"><ele>228.99</ele></trkpt>
    <trkpt lat="37.799200000000006" lon="-122.15188"><ele>228.31</ele></trkpt>
    <trkpt lat="37.799400000000006" lon="-122.15192"><ele>226.75</ele></trkpt>
    <trkpt lat="37.799600000000005" lon="-122.15188"><ele>226.08</ele></trkpt>
    <trkpt lat="37.79965" lon="-122.15188"><ele>226.19000000000003</ele></trkpt>
    <trkpt lat="37.79968" lon="-122.15192"><ele>226.35000000000002</ele></trkpt>
    <trkpt lat="37.799670000000006" lon="-122.15197"><ele>226.54000000000002</ele></trkpt>
    <trkpt lat="37.79959" lon="-122.1521"><ele>227.19000000000003</ele></trkpt>
    <trkpt lat="37.79955" lon="-122.15223"><ele>227.34</ele></trkpt>
    <trkpt lat="37.79937" lon="-122.1525"><ele>225.18</ele></trkpt>
    <trkpt lat="37.799380000000006" lon="-122.1526"><ele>222.93</ele></trkpt>
    <trkpt lat="37.799440000000004" lon="-122.15265000000001"><ele>222.93</ele></trkpt>
    <trkpt lat="37.799800000000005" lon="-122.15273"><ele>217.52</ele></trkpt>
    <trkpt lat="37.79984" lon="-122.15282"><ele>216.74</ele></trkpt>
    <trkpt lat="37.79983" lon="-122.15291"><ele>216.74</ele></trkpt>
    <trkpt lat="37.79975" lon="-122.153"><ele>216.3</ele></trkpt>
    <trkpt lat="37.7995" lon="-122.15322"><ele>212.08</ele></trkpt>
    <trkpt lat="37.79946" lon="-122.15331"><ele>211.26000000000002</ele></trkpt>
    <trkpt lat="37.79945" lon="-122.15344"><ele>210.65</ele></trkpt>
    <trkpt lat="37.79954" lon="-122.1538"><ele>209.85</ele></trkpt>
    <trkpt lat="37.799580000000006" lon="-122.15389"><ele>210.24</ele></trkpt>
    <trkpt lat="37.79965" lon="-122.15398"><ele>211.15</ele></trkpt>
    <trkpt lat="37.79975" lon="-122.15403"><ele>211.37000000000003</ele></trkpt>
    <trkpt lat="37.79994000000001" lon="-122.15407"><ele>211.15</ele></trkpt>
    <trkpt lat="37.799980000000005" lon="-122.15413000000001"><ele>210.94000000000003</ele></trkpt>
    <trkpt lat="37.79961" lon="-122.15412"><ele>206.57</ele></trkpt>
    <trkpt lat="37.799490000000006" lon="-122.15404000000001"><ele>200.65</ele></trkpt>
    <trkpt lat="37.7993" lon="-122.15381000000001"><ele>197.32000000000002</ele></trkpt>
    <trkpt lat="37.799110000000006" lon="-122.15349"><ele>195.43</ele></trkpt>
    <trkpt lat="37.79907" lon="-122.15349"><ele>194.95000000000002</ele></trkpt>
    <trkpt lat="37.799040000000005" lon="-122.15353"><ele>194.95000000000002</ele></trkpt>
    <trkpt lat="37.799040000000005" lon="-122.15362"><ele>194.85000000000002</ele></trkpt>
    <trkpt lat="37.79900000000001" lon="-122.15376"><ele>192.63000000000002</ele></trkpt>
    <trkpt lat="37.79891000000001" lon="-122.15384000000002"><ele>191.99</ele></trkpt>
    <trkpt lat="37.798820000000006" lon="-122.15389"><ele>191.99</ele></trkpt>
    <trkpt lat="37.798730000000006" lon="-122.15367"><ele>191.72000000000003</ele></trkpt>
    <trkpt lat="37.79867" lon="-122.15371"><ele>191.72000000000003</ele></trkpt>
    <trkpt lat="37.7986" lon="-122.15362"><ele>191.38000000000002</ele></trkpt>
    <trkpt lat="37.79853000000001" lon="-122.15349"><ele>190.59</ele></trkpt>
    <trkpt lat="37.79844000000001" lon="-122.15317"><ele>188.74</ele></trkpt>
    <trkpt lat="37.798230000000004" lon="-122.15273"><ele>188.01000000000002</ele></trkpt>
    <trkpt lat="37.79815" lon="-122.15268"><ele>187.97000000000003</ele></trkpt>
    <trkpt lat="37.79806" lon="-122.15246"><ele>188.32000000000002</ele></trkpt>
    <trkpt lat="37.798030000000004" lon="-122.15228"><ele>189.54000000000002</ele></trkpt>
    <trkpt lat="37.798030000000004" lon="-122.15219"><ele>189.54000000000002</ele></trkpt>
    <trkpt lat="37.798080000000006" lon="-122.15192"><ele>187.23</ele></trkpt>
    <trkpt lat="37.79793" lon="-122.15112"><ele>183.99</ele></trkpt>
    <trkpt lat="37.79791" lon="-122.15082000000001"><ele>183.94000000000003</ele></trkpt>
    <trkpt lat="37.79784" lon="-122.15057000000002"><ele>184.29</ele></trkpt>
    <trkpt lat="37.797740000000005" lon="-122.15041000000001"><ele>184.85000000000002</ele></trkpt>
    <trkpt lat="37.79748" lon="-122.15018"><ele>186.45</ele></trkpt>
    <trkpt lat="37.797450000000005" lon="-122.15011000000001"><ele>187.24</ele></trkpt>
    <trkpt lat="37.79735" lon="-122.14991"><ele>189.29000000000002</ele></trkpt>
    <trkpt lat="37.797200000000004" lon="-122.14977"><ele>191.93</ele></trkpt>
    <trkpt lat="37.79695" lon="-122.14959"><ele>195.34</ele></trkpt>
    <trkpt lat="37.79674" lon="-122.14936000000002"><ele>196.96</ele></trkpt>
    <trkpt lat="37.79623" lon="-122.14884"><ele>206.69</ele></trkpt>
    <trkpt lat="37.79600000000001" lon="-122.14843"><ele>211.06000000000003</ele></trkpt>
    <trkpt lat="37.79585" lon="-122.14825"><ele>212.84000000000003</ele></trkpt>
    <trkpt lat="37.795730000000006" lon="-122.14803"><ele>216.16000000000003</ele></trkpt>
    <trkpt lat="37.79562" lon="-122.1479"><ele>216.16000000000003</ele></trkpt>
    <trkpt lat="37.795550000000006" lon="-122.14772"><ele>217.62</ele></trkpt>
    <trkpt lat="37.79551" lon="-122.14768000000001"><ele>218.74</ele></trkpt>
    <trkpt lat="37.79522" lon="-122.14772"><ele>221.11</ele></trkpt>
    <trkpt lat="37.79514" lon="-122.14767"><ele>221.84</ele></trkpt>
    <trkpt lat="37.794970000000006" lon="-122.14749"><ele>223.35000000000002</ele></trkpt>
    <trkpt lat="37.79496" lon="-122.1474"><ele>224.60000000000002</ele></trkpt>
    <trkpt lat="37.794990000000006" lon="-122.14735"><ele>225.37</ele></trkpt>
    <trkpt lat="37.79504" lon="-122.14735"><ele>225.37</ele></trkpt>
    <trkpt lat="37.79524" lon="-122.1474"><ele>230.25</ele></trkpt>
    <trkpt lat="37.795370000000005" lon="-122.1474"><ele>231.92000000000002</ele></trkpt>
    <trkpt lat="37.79543" lon="-122.14735"><ele>231.92000000000002</ele></trkpt>
    <trkpt lat="37.79549" lon="-122.14722"><ele>233.62</ele></trkpt>
    <trkpt lat="37.795570000000005" lon="-122.14717000000002"><ele>234.56</ele></trkpt>
    <trkpt lat="37.7956" lon="-122.14709"><ele>235.79000000000002</ele></trkpt>
    <trkpt lat="37.795660000000005" lon="-122.14704"><ele>236.53</ele></trkpt>
    <trkpt lat="37.795840000000005" lon="-122.14722"><ele>240.56000000000003</ele></trkpt>
    <trkpt lat="37.79603" lon="-122.14726000000002"><ele>245.08</ele></trkpt>
    <trkpt lat="37.79608" lon="-122.14731"><ele>246.83</ele></trkpt>
    <trkpt lat="37.796110000000006" lon="-122.14741000000001"><ele>247.63000000000002</ele></trkpt>
    <trkpt lat="37.79619" lon="-122.14753"><ele>248.39000000000001</ele></trkpt>
    <trkpt lat="37.796290000000006" lon="-122.14759000000001"><ele>251.25000000000003</ele></trkpt>
    <trkpt lat="37.79636" lon="-122.14759000000001"><ele>251.25000000000003</ele></trkpt>
    <trkpt lat="37.796640000000004" lon="-122.14750000000001"><ele>259.62</ele></trkpt>
    <trkpt lat="37.79686" lon="-122.14748000000002"><ele>261.94</ele></trkpt>
    <trkpt lat="37.796910000000004" lon="-122.14753"><ele>263.13000000000005</ele></trkpt>
    <trkpt lat="37.79695" lon="-122.14771"><ele>264.61</ele></trkpt>
    <trkpt lat="37.797000000000004" lon="-122.14776"><ele>265.04</ele></trkpt>
    <trkpt lat="37.797090000000004" lon="-122.14776"><ele>265.78000000000003</ele></trkpt>
    <trkpt lat="37.79746" lon="-122.14762"><ele>268.56</ele></trkpt>
    <trkpt lat="37.79771" lon="-122.14759000000001"><ele>270.45000000000005</ele></trkpt>
    <trkpt lat="37.797740000000005" lon="-122.14754"><ele>270.95000000000005</ele></trkpt>
    <trkpt lat="37.79773" lon="-122.14749"><ele>271.51000000000005</ele></trkpt>
    <trkpt lat="37.797650000000004" lon="-122.14748000000002"><ele>272.11</ele></trkpt>
    <trkpt lat="37.79748" lon="-122.1474"><ele>275.55</ele></trkpt>
    <trkpt lat="37.79733" lon="-122.14727"><ele>278.08000000000004</ele></trkpt>
    <trkpt lat="37.79712" lon="-122.14704"><ele>281.56</ele></trkpt>
    <trkpt lat="37.79692" lon="-122.14690000000002"><ele>283.74000000000007</ele></trkpt>
    <trkpt lat="37.796760000000006" lon="-122.14659"><ele>289.07000000000005</ele></trkpt>
    <trkpt lat="37.796530000000004" lon="-122.14606"><ele>297.38000000000005</ele></trkpt>
    <trkpt lat="37.79645" lon="-122.14592"><ele>299.23</ele></trkpt>
    <trkpt lat="37.79637" lon="-122.14588"><ele>300.59000000000003</ele></trkpt>
    <trkpt lat="37.79621" lon="-122.14583"><ele>302.88000000000005</ele></trkpt>
    <trkpt lat="37.79614" lon="-122.14579"><ele>305.06</ele></trkpt>
    <trkpt lat="37.79605" lon="-122.14565"><ele>306.62</ele></trkpt>
    <trkpt lat="37.79585" lon="-122.14525"><ele>313.19</ele></trkpt>
    <trkpt lat="37.795680000000004" lon="-122.14503"><ele>317.98</ele></trkpt>
    <trkpt lat="37.79553000000001" lon="-122.14476"><ele>321.05</ele></trkpt>
    <trkpt lat="37.79513" lon="-122.14431"><ele>325.28000000000003</ele></trkpt>
    <trkpt lat="37.794940000000004" lon="-122.14401000000001"><ele>327.97</ele></trkpt>
    <trkpt lat="37.79486" lon="-122.14386"><ele>328.49</ele></trkpt>
    <trkpt lat="37.7948" lon="-122.1436"><ele>328.66</ele></trkpt>
    <trkpt lat="37.79475" lon="-122.1435"><ele>328.97</ele></trkpt>
    <trkpt lat="37.794610000000006" lon="-122.14328"><ele>330.8</ele></trkpt>
    <trkpt lat="37.79453" lon="-122.14311000000001"><ele>332.23</ele></trkpt>
    <trkpt lat="37.79417" lon="-122.14287000000002"><ele>335.28000000000003</ele></trkpt>
    <trkpt lat="37.79406" lon="-122.14283"><ele>335.83</ele></trkpt>
    <trkpt lat="37.79381" lon="-122.14280000000001"><ele>336.16</ele></trkpt>
    <trkpt lat="37.793710000000004" lon="-122.14278000000002"><ele>336.13000000000005</ele></trkpt>
    <trkpt lat="37.79305" lon="-122.1423"><ele>336.23</ele></trkpt>
    <trkpt lat="37.792910000000006" lon="-122.14225"><ele>335.27</ele></trkpt>
    <trkpt lat="37.79276" lon="-122.14225"><ele>334.66</ele></trkpt>
    <trkpt lat="37.792500000000004" lon="-122.14239"><ele>333.46000000000004</ele></trkpt>
    <trkpt lat="37.7924" lon="-122.14243"><ele>332.99</ele></trkpt>
    <trkpt lat="37.79233" lon="-122.14243"><ele>332.33</ele></trkpt>
    <trkpt lat="37.79209" lon="-122.14234"><ele>332.04</ele></trkpt>
    <trkpt lat="37.79189" lon="-122.14216"><ele>332.91</ele></trkpt>
    <trkpt lat="37.79182" lon="-122.14212"><ele>333.15</ele></trkpt>
    <trkpt lat="37.79171" lon="-122.14212"><ele>333.18</ele></trkpt>
    <trkpt lat="37.79164" lon="-122.14212"><ele>333.05</ele></trkpt>
    <trkpt lat="37.791410000000006" lon="-122.14234"><ele>332.19000000000005</ele></trkpt>
    <trkpt lat="37.79128" lon="-122.14237000000001"><ele>332.16</ele></trkpt>
    <trkpt lat="37.79104" lon="-122.14176"><ele>334.70000000000005</ele></trkpt>
    <trkpt lat="37.790980000000005" lon="-122.14153"><ele>334.79</ele></trkpt>
    <trkpt lat="37.79093" lon="-122.141"><ele>332.70000000000005</ele></trkpt>
    <trkpt lat="37.790850000000006" lon="-122.14055"><ele>333.73</ele></trkpt>
    <trkpt lat="37.79086" lon="-122.13989000000001"><ele>333.51000000000005</ele></trkpt>
    <trkpt lat="37.790800000000004" lon="-122.13935000000001"><ele>332.76</ele></trkpt>
    <trkpt lat="37.79066000144385" lon="-122.1387649988817"><ele>332.51000000000005</ele></trkpt>
    <trkpt lat="37.79052" lon="-122.13818"><ele>329.63000000000005</ele></trkpt>
    <trkpt lat="37.790290000000006" lon="-122.13746"><ele>326.98</ele></trkpt>
    <trkpt lat="37.79005" lon="-122.13697"><ele>328.45</ele></trkpt>
    <trkpt lat="37.78996" lon="-122.13683"><ele>327.96000000000004</ele></trkpt>
    <trkpt lat="37.789425000849484" lon="-122.1363649965775"><ele>320.96000000000004</ele></trkpt>
    <trkpt lat="37.78889" lon="-122.1359"><ele>318.49000000000007</ele></trkpt>
    <trkpt lat="37.78875" lon="-122.13567"><ele>316.03000000000003</ele></trkpt>
    <trkpt lat="37.78868000000001" lon="-122.13528000000001"><ele>314.21999999999997</ele></trkpt>
    <trkpt lat="37.78862" lon="-122.13509"><ele>313.07</ele></trkpt>
    <trkpt lat="37.788470000000004" lon="-122.13487"><ele>310.76000000000005</ele></trkpt>
    <trkpt lat="37.788270000000004" lon="-122.13468"><ele>309.49</ele></trkpt>
    <trkpt lat="37.78815" lon="-122.1346"><ele>309.27000000000004</ele></trkpt>
    <trkpt lat="37.78801" lon="-122.13455"><ele>309.24</ele></trkpt>
    <trkpt lat="37.78786" lon="-122.13455"><ele>309.39</ele></trkpt>
    <trkpt lat="37.787600000000005" lon="-122.13464"><ele>309.53000000000003</ele></trkpt>
    <trkpt lat="37.78748" lon="-122.13464"><ele>308.99</ele></trkpt>
    <trkpt lat="37.78745" lon="-122.13455"><ele>307.88000000000005</ele></trkpt>
    <trkpt lat="37.78745" lon="-122.13447000000001"><ele>307.88000000000005</ele></trkpt>
    <trkpt lat="37.78754" lon="-122.13416000000001"><ele>305.26000000000005</ele></trkpt>
    <trkpt lat="37.78755" lon="-122.13406"><ele>304.23</ele></trkpt>
    <trkpt lat="37.78754" lon="-122.13392"><ele>302.62</ele></trkpt>
    <trkpt lat="37.787420000000004" lon="-122.13357"><ele>300.75</ele></trkpt>
    <trkpt lat="37.78728" lon="-122.13334"><ele>300.49</ele></trkpt>
    <trkpt lat="37.787130000000005" lon="-122.13316"><ele>300.68</ele></trkpt>
    <trkpt lat="37.78694" lon="-122.13298"><ele>300.23</ele></trkpt>
    <trkpt lat="37.786480000000005" lon="-122.13268000000001"><ele>298.22</ele></trkpt>
    <trkpt lat="37.786350000000006" lon="-122.13263"><ele>297.86</ele></trkpt>
    <trkpt lat="37.786190000000005" lon="-122.13259000000001"><ele>297.41</ele></trkpt>
    <trkpt lat="37.785790000000006" lon="-122.13258"><ele>295.55</ele></trkpt>
    <trkpt lat="37.78566" lon="-122.13254"><ele>294.86</ele></trkpt>
    <trkpt lat="37.785470000000004" lon="-122.13231"><ele>292.00000000000006</ele></trkpt>
    <trkpt lat="37.78522" lon="-122.13213"><ele>288.67</ele></trkpt>
    <trkpt lat="37.785160000000005" lon="-122.13204"><ele>288.67</ele></trkpt>
    <trkpt lat="37.78504" lon="-122.13168"><ele>283.81</ele></trkpt>
    <trkpt lat="37.784890000000004" lon="-122.13161000000001"><ele>282.25</ele></trkpt>
    <trkpt lat="37.784600000000005" lon="-122.13164"><ele>279.77000000000004</ele></trkpt>
    <trkpt lat="37.78445" lon="-122.13156000000001"><ele>277.94</ele></trkpt>
    <trkpt lat="37.78441" lon="-122.13151"><ele>277.94</ele></trkpt>
    <trkpt lat="37.78439" lon="-122.13142"><ele>277.07000000000005</ele></trkpt>
    <trkpt lat="37.784440000000004" lon="-122.13097"><ele>274.02000000000004</ele></trkpt>
    <trkpt lat="37.784420000000004" lon="-122.13076000000001"><ele>273.01000000000005</ele></trkpt>
    <trkpt lat="37.78439" lon="-122.1307"><ele>273.01000000000005</ele></trkpt>
    <trkpt lat="37.78432" lon="-122.13061"><ele>271.7</ele></trkpt>
    <trkpt lat="37.784040000000005" lon="-122.13044000000001"><ele>269.74</ele></trkpt>
    <trkpt lat="37.78379" lon="-122.13039"><ele>267.83</ele></trkpt>
    <trkpt lat="37.78349" lon="-122.13040000000001"><ele>265.48</ele></trkpt>
    <trkpt lat="37.78342" lon="-122.13039"><ele>264.3</ele></trkpt>
    <trkpt lat="37.78336" lon="-122.13034"><ele>263.43</ele></trkpt>
    <trkpt lat="37.783190000000005" lon="-122.13008"><ele>260.46000000000004</ele></trkpt>
    <trkpt lat="37.78309" lon="-122.12998"><ele>258.86</ele></trkpt>
    <trkpt lat="37.78287" lon="-122.12984000000002"><ele>256.56</ele></trkpt>
    <trkpt lat="37.782810000000005" lon="-122.12976"><ele>254.78</ele></trkpt>
    <trkpt lat="37.78257" lon="-122.1294"><ele>250.32999999999998</ele></trkpt>
    <trkpt lat="37.782210000000006" lon="-122.12913"><ele>244.25000000000003</ele></trkpt>
    <trkpt lat="37.78208" lon="-122.12887"><ele>242.73000000000002</ele></trkpt>
    <trkpt lat="37.78183000000001" lon="-122.12822000000001"><ele>241.18000000000004</ele></trkpt>
    <trkpt lat="37.78164" lon="-122.12806"><ele>240.86</ele></trkpt>
    <trkpt lat="37.781530000000004" lon="-122.12796000000002"><ele>240.63</ele></trkpt>
    <trkpt lat="37.78105" lon="-122.12734"><ele>239.19</ele></trkpt>
    <trkpt lat="37.78072" lon="-122.12698"><ele>237.22</ele></trkpt>
    <trkpt lat="37.78019000100181" lon="-122.12650999669069"><ele>236.09</ele></trkpt>
    <trkpt lat="37.77966" lon="-122.12604"><ele>230.44</ele></trkpt>
    <trkpt lat="37.779520000000005" lon="-122.12601000000001"><ele>227.85000000000002</ele></trkpt>
    <trkpt lat="37.779340000000005" lon="-122.12604"><ele>226.17000000000002</ele></trkpt>
    <trkpt lat="37.77908" lon="-122.12617000000002"><ele>224.97000000000003</ele></trkpt>
    <trkpt lat="37.778850000000006" lon="-122.12631"><ele>218.67000000000002</ele></trkpt>
    <trkpt lat="37.77866" lon="-122.12635000000002"><ele>215.46</ele></trkpt>
    <trkpt lat="37.77857" lon="-122.12631"><ele>214.88000000000002</ele></trkpt>
    <trkpt lat="37.778490000000005" lon="-122.12627"><ele>213.27</ele></trkpt>
    <trkpt lat="37.77834" lon="-122.12610000000001"><ele>212.28000000000003</ele></trkpt>
    <trkpt lat="37.778220000000005" lon="-122.12583000000001"><ele>208.63</ele></trkpt>
    <trkpt lat="37.77816" lon="-122.12595"><ele>207.36</ele></trkpt>
    <trkpt lat="37.77816" lon="-122.12617000000002"><ele>204.64000000000001</ele></trkpt>
    <trkpt lat="37.77819612044463" lon="-122.12630746623496"><ele>202.1466966422147</ele></trkpt>
    <trkpt lat="37.778200000000005" lon="-122.1264"><ele>204.64000000000001</ele></trkpt>
    <trkpt lat="37.778270000000006" lon="-122.12662000000002"><ele>200.53</ele></trkpt>
    <trkpt lat="37.778396434022625" lon="-122.12683851764194"><ele>197.52380251025528</ele></trkpt>
    <trkpt lat="37.778510000000004" lon="-122.12706000000001"><ele>194.56</ele></trkpt>
    <trkpt lat="37.77855459084215" lon="-122.12709352321157"><ele>195.14</ele></trkpt>
    <trkpt lat="37.77858599839965" lon="-122.12712898683135"><ele>194.21</ele></trkpt>
    <trkpt lat="37.77869042892057" lon="-122.12717088056732"><ele>191.79000000000002</ele></trkpt>
    <trkpt lat="37.778851268361876" lon="-122.12737996070476"><ele>192.19000000000003</ele></trkpt>
    <trkpt lat="37.779368403615905" lon="-122.12786444952243"><ele>194.69000000000003</ele></trkpt>
    <trkpt lat="37.77970452770337" lon="-122.12828626429396"><ele>194.99</ele></trkpt>
    <trkpt lat="37.779955153551526" lon="-122.12867727845793"><ele>196.34</ele></trkpt>
    <trkpt lat="37.78033955602312" lon="-122.1292032865706"><ele>197.47</ele></trkpt>
    <trkpt lat="37.78023" lon="-122.12946000000001"><ele>197.38000000000002</ele></trkpt>
    <trkpt lat="37.780084234841084" lon="-122.12949771218098"><ele>197.36</ele></trkpt>
    <trkpt lat="37.779964174954046" lon="-122.12945082061977"><ele>196.7902716797326</ele></trkpt>
    <trkpt lat="37.77985817809635" lon="-122.12954469793536"><ele>196.40065540380675</ele></trkpt>
    <trkpt lat="37.77977550044149" lon="-122.12948770099374"><ele>196.04000000000002</ele></trkpt>
    <trkpt lat="37.77975321457862" lon="-122.12968618286806"><ele>197.42000000000002</ele></trkpt>
    <trkpt lat="37.77977550044149" lon="-122.12948770099374"><ele>196.04000000000002</ele></trkpt>
    <trkpt lat="37.77936062688792" lon="-122.12920348809092"><ele>194.13000000000002</ele></trkpt>
    <trkpt lat="37.77913396263182" lon="-122.1290730920455"><ele>194.07809440684926</ele></trkpt>
    <trkpt lat="37.77864426808992" lon="-122.12881053141228"><ele>194.06</ele></trkpt>
    <trkpt lat="37.77812" lon="-122.1282"><ele>193.98000000000002</ele></trkpt>
    <trkpt lat="37.777550000000005" lon="-122.12745000000001"><ele>186.87</ele></trkpt>
    <trkpt lat="37.77751082734157" lon="-122.12703343714276"><ele>185.35000000000002</ele></trkpt>
    <trkpt lat="37.777620970748615" lon="-122.1265207992233"><ele>185.58</ele></trkpt>
    <trkpt lat="37.77721500077258" lon="-122.1261199982929"><ele>185.12</ele></trkpt>
    <trkpt lat="37.77685" lon="-122.12574000000001"><ele>183.86</ele></trkpt>
    <trkpt lat="37.7766" lon="-122.12538"><ele>183.78000000000003</ele></trkpt>
    <trkpt lat="37.776035000407916" lon="-122.12507499767707"><ele>182.37</ele></trkpt>
    <trkpt lat="37.775470000000006" lon="-122.12477000000001"><ele>181.16000000000003</ele></trkpt>
    <trkpt lat="37.77474" lon="-122.12434"><ele>179.38</ele></trkpt>
    <trkpt lat="37.77463" lon="-122.12425"><ele>179.55</ele></trkpt>
    <trkpt lat="37.774370000000005" lon="-122.12385"><ele>182.61</ele></trkpt>
    <trkpt lat="37.77412" lon="-122.12337000000001"><ele>184.45</ele></trkpt>
    <trkpt lat="37.77405" lon="-122.12335000000002"><ele>184.59</ele></trkpt>
    <trkpt lat="37.77376" lon="-122.12336"><ele>184.73</ele></trkpt>
    <trkpt lat="37.77362" lon="-122.12331"><ele>184.45</ele></trkpt>
    <trkpt lat="37.773520000000005" lon="-122.12327"><ele>184.39000000000001</ele></trkpt>
    <trkpt lat="37.773250000000004" lon="-122.12304"><ele>185.00000000000003</ele></trkpt>
    <trkpt lat="37.77286" lon="-122.12279000000001"><ele>185.2</ele></trkpt>
    <trkpt lat="37.77281" lon="-122.12273"><ele>185.10000000000002</ele></trkpt>
    <trkpt lat="37.77277" lon="-122.12255"><ele>184.76</ele></trkpt>
    <trkpt lat="37.77277" lon="-122.12201"><ele>185.93</ele></trkpt>
    <trkpt lat="37.77273" lon="-122.12188"><ele>186.39000000000001</ele></trkpt>
    <trkpt lat="37.77264" lon="-122.12180000000001"><ele>186.78</ele></trkpt>
    <trkpt lat="37.77253" lon="-122.12180000000001"><ele>187.07000000000002</ele></trkpt>
    <trkpt lat="37.772200000000005" lon="-122.12201"><ele>186.04000000000002</ele></trkpt>
    <trkpt lat="37.77203" lon="-122.12207000000001"><ele>184.86</ele></trkpt>
    <trkpt lat="37.77185" lon="-122.1221"><ele>183.23</ele></trkpt>
    <trkpt lat="37.77174" lon="-122.12215"><ele>180.51</ele></trkpt>
    <trkpt lat="37.771480000000004" lon="-122.12237"><ele>177.3</ele></trkpt>
    <trkpt lat="37.77138" lon="-122.12243000000001"><ele>176.84000000000003</ele></trkpt>
    <trkpt lat="37.77127" lon="-122.12246"><ele>176.84000000000003</ele></trkpt>
    <trkpt lat="37.77112" lon="-122.12246"><ele>173.62000000000003</ele></trkpt>
    <trkpt lat="37.770570000000006" lon="-122.12224"><ele>170.37</ele></trkpt>
    <trkpt lat="37.77035" lon="-122.1221"><ele>168.46000000000004</ele></trkpt>
    <trkpt lat="37.770070000000004" lon="-122.12197"><ele>165.58</ele></trkpt>
    <trkpt lat="37.769890000000004" lon="-122.12184"><ele>164.79000000000002</ele></trkpt>
    <trkpt lat="37.76968" lon="-122.12157"><ele>164.33</ele></trkpt>
    <trkpt lat="37.769470000000005" lon="-122.12140000000001"><ele>163.93</ele></trkpt>
    <trkpt lat="37.769220000000004" lon="-122.12134"><ele>163.12</ele></trkpt>
    <trkpt lat="37.76908" lon="-122.12129000000002"><ele>162.9</ele></trkpt>
    <trkpt lat="37.768950000000004" lon="-122.12120000000002"><ele>162.78</ele></trkpt>
    <trkpt lat="37.76874" lon="-122.12102000000002"><ele>163.13000000000002</ele></trkpt>
    <trkpt lat="37.76843" lon="-122.12071000000002"><ele>164.06</ele></trkpt>
    <trkpt lat="37.7683" lon="-122.12063"><ele>164.58</ele></trkpt>
    <trkpt lat="37.76793" lon="-122.12026000000002"><ele>164.77</ele></trkpt>
    <trkpt lat="37.7678" lon="-122.12002000000001"><ele>164.32000000000002</ele></trkpt>
    <trkpt lat="37.76764" lon="-122.11955"><ele>163.19</ele></trkpt>
    <trkpt lat="37.767520000000005" lon="-122.11937"><ele>162.22</ele></trkpt>
    <trkpt lat="37.76722" lon="-122.11916000000001"><ele>161.76000000000002</ele></trkpt>
    <trkpt lat="37.76708" lon="-122.11915"><ele>161.81</ele></trkpt>
    <trkpt lat="37.766870000000004" lon="-122.11923000000002"><ele>162.33</ele></trkpt>
    <trkpt lat="37.76626" lon="-122.11919"><ele>162.07000000000002</ele></trkpt>
    <trkpt lat="37.76583" lon="-122.11907000000001"><ele>160.77</ele></trkpt>
    <trkpt lat="37.765730000000005" lon="-122.1191"><ele>160.52</ele></trkpt>
    <trkpt lat="37.76549" lon="-122.11924"><ele>159.60999999999999</ele></trkpt>
    <trkpt lat="37.76538" lon="-122.11925000000001"><ele>158.37</ele></trkpt>
    <trkpt lat="37.765130000000006" lon="-122.11925000000001"><ele>157.3</ele></trkpt>
    <trkpt lat="37.76483" lon="-122.11923000000002"><ele>155.16000000000003</ele></trkpt>
    <trkpt lat="37.764340000000004" lon="-122.11906"><ele>152.67</ele></trkpt>
    <trkpt lat="37.7642" lon="-122.11898000000001"><ele>152.54</ele></trkpt>
    <trkpt lat="37.764" lon="-122.11885000000001"><ele>152.61</ele></trkpt>
    <trkpt lat="37.7637" lon="-122.11861"><ele>151.02</ele></trkpt>
    <trkpt lat="37.76296" lon="-122.11825"><ele>145.57</ele></trkpt>
    <trkpt lat="37.762750000000004" lon="-122.11816"><ele>146.33</ele></trkpt>
    <trkpt lat="37.76258" lon="-122.11807"><ele>147.68</ele></trkpt>
    <trkpt lat="37.76240000000001" lon="-122.1179"><ele>148.73</ele></trkpt>
    <trkpt lat="37.76216" lon="-122.11763"><ele>148.85</ele></trkpt>
    <trkpt lat="37.76196" lon="-122.11744000000002"><ele>148.07</ele></trkpt>
    <trkpt lat="37.761680000000005" lon="-122.11722"><ele>147.94000000000003</ele></trkpt>
    <trkpt lat="37.76124" lon="-122.117"><ele>144.75000000000003</ele></trkpt>
    <trkpt lat="37.76113" lon="-122.11696"><ele>142.44</ele></trkpt>
    <trkpt lat="37.760920000000006" lon="-122.11692000000001"><ele>140.21</ele></trkpt>
    <trkpt lat="37.76046" lon="-122.11682"><ele>139.96</ele></trkpt>
    <trkpt lat="37.75995" lon="-122.11674000000001"><ele>139.70000000000002</ele></trkpt>
    <trkpt lat="37.759800000000006" lon="-122.11674000000001"><ele>137.43000000000004</ele></trkpt>
    <trkpt lat="37.75959" lon="-122.11680000000001"><ele>135.63</ele></trkpt>
    <trkpt lat="37.759510000000006" lon="-122.11669"><ele>136.01000000000002</ele></trkpt>
    <trkpt lat="37.759460000000004" lon="-122.11652000000001"><ele>136.93000000000004</ele></trkpt>
    <trkpt lat="37.75936" lon="-122.11646"><ele>137.91</ele></trkpt>
    <trkpt lat="37.75918" lon="-122.11641000000002"><ele>140.26000000000002</ele></trkpt>
    <trkpt lat="37.75889" lon="-122.11623000000002"><ele>146.83</ele></trkpt>
    <trkpt lat="37.758790000000005" lon="-122.1161"><ele>146.83</ele></trkpt>
    <trkpt lat="37.75871" lon="-122.11593"><ele>148.62</ele></trkpt>
    <trkpt lat="37.75865" lon="-122.11566"><ele>150.78000000000003</ele></trkpt>
    <trkpt lat="37.75869" lon="-122.11512"><ele>155.63000000000002</ele></trkpt>
    <trkpt lat="37.75865" lon="-122.11476"><ele>159.88000000000002</ele></trkpt>
    <trkpt lat="37.75865" lon="-122.11463"><ele>160.66000000000003</ele></trkpt>
    <trkpt lat="37.75871" lon="-122.11431"><ele>162.20000000000002</ele></trkpt>
    <trkpt lat="37.75869" lon="-122.114"><ele>162.0</ele></trkpt>
    <trkpt lat="37.758610000000004" lon="-122.11382"><ele>160.94</ele></trkpt>
    <trkpt lat="37.75847" lon="-122.11369"><ele>160.78</ele></trkpt>
    <trkpt lat="37.75827" lon="-122.11355"><ele>162.25</ele></trkpt>
    <trkpt lat="37.75811" lon="-122.11347"><ele>163.84</ele></trkpt>
    <trkpt lat="37.758030000000005" lon="-122.11351"><ele>166.16</ele></trkpt>
    <trkpt lat="37.75784" lon="-122.11365"><ele>167.53</ele></trkpt>
    <trkpt lat="37.757720000000006" lon="-122.11368000000002"><ele>168.15</ele></trkpt>
    <trkpt lat="37.75764" lon="-122.11364"><ele>168.15</ele></trkpt>
    <trkpt lat="37.75757" lon="-122.11356"><ele>168.08</ele></trkpt>
    <trkpt lat="37.75741" lon="-122.11306"><ele>166.46</ele></trkpt>
    <trkpt lat="37.75728" lon="-122.11279"><ele>165.55</ele></trkpt>
    <trkpt lat="37.75724" lon="-122.11275"><ele>165.45000000000002</ele></trkpt>
    <trkpt lat="37.757180000000005" lon="-122.11275"><ele>165.32000000000002</ele></trkpt>
    <trkpt lat="37.757130000000004" lon="-122.11279"><ele>165.32000000000002</ele></trkpt>
    <trkpt lat="37.756910000000005" lon="-122.11306"><ele>165.44</ele></trkpt>
    <trkpt lat="37.756800000000005" lon="-122.11316000000001"><ele>165.88000000000002</ele></trkpt>
    <trkpt lat="37.75652" lon="-122.11328"><ele>165.96</ele></trkpt>
    <trkpt lat="37.75634" lon="-122.11326000000001"><ele>165.70000000000002</ele></trkpt>
    <trkpt lat="37.756280000000004" lon="-122.11342"><ele>164.93</ele></trkpt>
    <trkpt lat="37.756060000000005" lon="-122.11378"><ele>164.17000000000002</ele></trkpt>
    <trkpt lat="37.75596" lon="-122.11386000000002"><ele>163.70000000000002</ele></trkpt>
    <trkpt lat="37.75589" lon="-122.11382"><ele>163.17000000000002</ele></trkpt>
    <trkpt lat="37.755840000000006" lon="-122.11378"><ele>162.81</ele></trkpt>
    <trkpt lat="37.75569" lon="-122.11334000000001"><ele>158.91000000000003</ele></trkpt>
    <trkpt lat="37.755660000000006" lon="-122.11319"><ele>158.55</ele></trkpt>
    <trkpt lat="37.755700000000004" lon="-122.11306"><ele>157.22000000000003</ele></trkpt>
    <trkpt lat="37.75585" lon="-122.11284"><ele>154.35000000000002</ele></trkpt>
    <trkpt lat="37.75587" lon="-122.11276000000001"><ele>154.35000000000002</ele></trkpt>
    <trkpt lat="37.755860000000006" lon="-122.1127"><ele>154.35000000000002</ele></trkpt>
    <trkpt lat="37.75571" lon="-122.11240000000001"><ele>150.06</ele></trkpt>
    <trkpt lat="37.755630000000004" lon="-122.11216"><ele>148.31000000000003</ele></trkpt>
    <trkpt lat="37.75562" lon="-122.11203"><ele>147.89000000000001</ele></trkpt>
    <trkpt lat="37.75564" lon="-122.11167"><ele>146.29</ele></trkpt>
    <trkpt lat="37.7556" lon="-122.11154"><ele>146.11</ele></trkpt>
    <trkpt lat="37.75554" lon="-122.11145"><ele>146.20000000000002</ele></trkpt>
    <trkpt lat="37.755480000000006" lon="-122.1114"><ele>146.31000000000003</ele></trkpt>
    <trkpt lat="37.75535" lon="-122.11145"><ele>146.97000000000003</ele></trkpt>
    <trkpt lat="37.75518" lon="-122.11167"><ele>149.32</ele></trkpt>
    <trkpt lat="37.755100000000006" lon="-122.11189000000002"><ele>152.47000000000003</ele></trkpt>
    <trkpt lat="37.755" lon="-122.11231000000001"><ele>158.31</ele></trkpt>
    <trkpt lat="37.75495" lon="-122.11244"><ele>158.31</ele></trkpt>
    <trkpt lat="37.75479" lon="-122.11275"><ele>162.76000000000002</ele></trkpt>
    <trkpt lat="37.754740000000005" lon="-122.11280000000001"><ele>162.76000000000002</ele></trkpt>
    <trkpt lat="37.754630000000006" lon="-122.11284"><ele>164.60000000000002</ele></trkpt>
    <trkpt lat="37.754490000000004" lon="-122.11280000000001"><ele>166.04000000000002</ele></trkpt>
    <trkpt lat="37.75433" lon="-122.1127"><ele>168.23000000000002</ele></trkpt>
    <trkpt lat="37.75415" lon="-122.11248"><ele>169.89000000000001</ele></trkpt>
    <trkpt lat="37.754070000000006" lon="-122.11234"><ele>171.19</ele></trkpt>
    <trkpt lat="37.75403" lon="-122.11221"><ele>172.0</ele></trkpt>
    <trkpt lat="37.75403" lon="-122.11180000000002"><ele>174.70000000000002</ele></trkpt>
    <trkpt lat="37.75401" lon="-122.11144000000002"><ele>177.12000000000003</ele></trkpt>
    <trkpt lat="37.75397" lon="-122.11105"><ele>180.18</ele></trkpt>
    <trkpt lat="37.75388" lon="-122.11047"><ele>183.89000000000001</ele></trkpt>
    <trkpt lat="37.75388" lon="-122.11015"><ele>185.31</ele></trkpt>
    <trkpt lat="37.753980000000006" lon="-122.10971"><ele>188.87</ele></trkpt>
    <trkpt lat="37.75397" lon="-122.10961"><ele>190.66000000000003</ele></trkpt>
    <trkpt lat="37.75394" lon="-122.10953"><ele>190.66000000000003</ele></trkpt>
    <trkpt lat="37.753910000000005" lon="-122.10952"><ele>190.66000000000003</ele></trkpt>
    <trkpt lat="37.753840000000004" lon="-122.10948"><ele>190.66000000000003</ele></trkpt>
    <trkpt lat="37.75366" lon="-122.10952"><ele>194.01000000000002</ele></trkpt>
    <trkpt lat="37.75345" lon="-122.10943"><ele>195.8</ele></trkpt>
    <trkpt lat="37.75334" lon="-122.10934"><ele>196.53</ele></trkpt>
    <trkpt lat="37.753240000000005" lon="-122.10912"><ele>199.10000000000002</ele></trkpt>
    <trkpt lat="37.75321" lon="-122.10899"><ele>199.9</ele></trkpt>
    <trkpt lat="37.75321" lon="-122.10876"><ele>200.62</ele></trkpt>
    <trkpt lat="37.75329" lon="-122.10815000000001"><ele>205.33</ele></trkpt>
    <trkpt lat="37.753260000000004" lon="-122.10809"><ele>205.33</ele></trkpt>
    <trkpt lat="37.753170000000004" lon="-122.10804000000002"><ele>206.73000000000002</ele></trkpt>
    <trkpt lat="37.753" lon="-122.10805"><ele>208.40000000000003</ele></trkpt>
    <trkpt lat="37.752950000000006" lon="-122.108"><ele>209.37000000000003</ele></trkpt>
    <trkpt lat="37.752900000000004" lon="-122.10791"><ele>209.78000000000003</ele></trkpt>
    <trkpt lat="37.75287" lon="-122.10778"><ele>210.54</ele></trkpt>
    <trkpt lat="37.752880000000005" lon="-122.10769"><ele>211.63</ele></trkpt>
    <trkpt lat="37.753040000000006" lon="-122.10733"><ele>213.72000000000003</ele></trkpt>
    <trkpt lat="37.75303" lon="-122.10724"><ele>214.47000000000003</ele></trkpt>
    <trkpt lat="37.75289" lon="-122.10701000000002"><ele>216.47000000000003</ele></trkpt>
    <trkpt lat="37.75289" lon="-122.10692000000002"><ele>217.22000000000003</ele></trkpt>
    <trkpt lat="37.752970000000005" lon="-122.10661"><ele>218.54000000000002</ele></trkpt>
    <trkpt lat="37.75298" lon="-122.10647000000002"><ele>220.07000000000002</ele></trkpt>
    <trkpt lat="37.752880000000005" lon="-122.10558"><ele>224.97000000000003</ele></trkpt>
    <trkpt lat="37.75263" lon="-122.10491"><ele>230.8</ele></trkpt>
    <trkpt lat="37.752610000000004" lon="-122.10467000000001"><ele>232.24000000000004</ele></trkpt>
    <trkpt lat="37.752610000000004" lon="-122.10406"><ele>236.56</ele></trkpt>
    <trkpt lat="37.75254" lon="-122.10402"><ele>236.74</ele></trkpt>
    <trkpt lat="37.752480000000006" lon="-122.10406"><ele>236.97</ele></trkpt>
    <trkpt lat="37.75238" lon="-122.10437"><ele>237.3</ele></trkpt>
    <trkpt lat="37.75215" lon="-122.10478"><ele>238.45000000000002</ele></trkpt>
    <trkpt lat="37.752100000000006" lon="-122.10501000000001"><ele>238.93000000000004</ele></trkpt>
    <trkpt lat="37.75213" lon="-122.10541"><ele>239.88</ele></trkpt>
    <trkpt lat="37.75211" lon="-122.10559"><ele>239.94</ele></trkpt>
    <trkpt lat="37.75207" lon="-122.10567"><ele>239.94</ele></trkpt>
    <trkpt lat="37.751990000000006" lon="-122.10577"><ele>239.91</ele></trkpt>
    <trkpt lat="37.75171" lon="-122.10599"><ele>240.04000000000002</ele></trkpt>
    <trkpt lat="37.751630000000006" lon="-122.10599"><ele>240.04000000000002</ele></trkpt>
    <trkpt lat="37.7515" lon="-122.1059"><ele>240.59000000000003</ele></trkpt>
    <trkpt lat="37.75142" lon="-122.10581"><ele>240.59000000000003</ele></trkpt>
    <trkpt lat="37.75128" lon="-122.10558"><ele>240.55</ele></trkpt>
    <trkpt lat="37.75121" lon="-122.10554"><ele>240.55</ele></trkpt>
    <trkpt lat="37.75114000000001" lon="-122.10554"><ele>240.55</ele></trkpt>
    <trkpt lat="37.7509" lon="-122.10567"><ele>240.40000000000003</ele></trkpt>
    <trkpt lat="37.75079" lon="-122.10572"><ele>240.51000000000002</ele></trkpt>
    <trkpt lat="37.75068" lon="-122.10563"><ele>240.52</ele></trkpt>
    <trkpt lat="37.750490000000006" lon="-122.10536"><ele>240.37000000000003</ele></trkpt>
    <trkpt lat="37.75043" lon="-122.10531"><ele>240.1</ele></trkpt>
    <trkpt lat="37.75036" lon="-122.10527"><ele>240.1</ele></trkpt>
    <trkpt lat="37.75025" lon="-122.10527"><ele>239.93000000000004</ele></trkpt>
    <trkpt lat="37.75007" lon="-122.10531"><ele>239.62000000000003</ele></trkpt>
    <trkpt lat="37.749480000000005" lon="-122.10531"><ele>237.34000000000003</ele></trkpt>
    <trkpt lat="37.74926" lon="-122.10536"><ele>236.75</ele></trkpt>
    <trkpt lat="37.74907" lon="-122.10536"><ele>235.68000000000004</ele></trkpt>
    <trkpt lat="37.74875" lon="-122.10527"><ele>234.20000000000002</ele></trkpt>
    <trkpt lat="37.748250000000006" lon="-122.10509"><ele>232.14000000000001</ele></trkpt>
    <trkpt lat="37.748110000000004" lon="-122.10501000000001"><ele>231.48000000000002</ele></trkpt>
    <trkpt lat="37.74804" lon="-122.10491"><ele>229.09</ele></trkpt>
    <trkpt lat="37.74804" lon="-122.10479000000001"><ele>229.09</ele></trkpt>
    <trkpt lat="37.7483" lon="-122.10433"><ele>227.27</ele></trkpt>
    <trkpt lat="37.74839" lon="-122.10425000000001"><ele>226.53</ele></trkpt>
    <trkpt lat="37.74866" lon="-122.10411"><ele>224.96</ele></trkpt>
    <trkpt lat="37.74877" lon="-122.10402"><ele>224.19000000000003</ele></trkpt>
    <trkpt lat="37.7488" lon="-122.10393"><ele>224.19000000000003</ele></trkpt>
    <trkpt lat="37.74879" lon="-122.10379"><ele>223.23000000000002</ele></trkpt>
    <trkpt lat="37.748850000000004" lon="-122.10358000000001"><ele>222.79000000000002</ele></trkpt>
    <trkpt lat="37.74897" lon="-122.10335"><ele>222.01000000000002</ele></trkpt>
    <trkpt lat="37.74922" lon="-122.10304000000001"><ele>222.03</ele></trkpt>
    <trkpt lat="37.74922" lon="-122.10299"><ele>222.03</ele></trkpt>
    <trkpt lat="37.74918" lon="-122.10294"><ele>222.24</ele></trkpt>
    <trkpt lat="37.749120000000005" lon="-122.10291000000001"><ele>222.38000000000002</ele></trkpt>
    <trkpt lat="37.74882" lon="-122.10308"><ele>224.31</ele></trkpt>
    <trkpt lat="37.74844" lon="-122.10326"><ele>228.18</ele></trkpt>
    <trkpt lat="37.74806" lon="-122.10339"><ele>231.08</ele></trkpt>
    <trkpt lat="37.74795" lon="-122.10340000000001"><ele>231.35000000000002</ele></trkpt>
    <trkpt lat="37.74781" lon="-122.10335"><ele>232.29000000000002</ele></trkpt>
    <trkpt lat="37.7477" lon="-122.10317"><ele>233.75</ele></trkpt>
    <trkpt lat="37.74761" lon="-122.10308"><ele>234.01000000000002</ele></trkpt>
    <trkpt lat="37.747420000000005" lon="-122.10294"><ele>234.59</ele></trkpt>
    <trkpt lat="37.747170000000004" lon="-122.10285"><ele>234.28</ele></trkpt>
    <trkpt lat="37.746990000000004" lon="-122.10285"><ele>235.59</ele></trkpt>
    <trkpt lat="37.74689" lon="-122.10289000000002"><ele>236.71000000000004</ele></trkpt>
    <trkpt lat="37.746750000000006" lon="-122.10295"><ele>239.89000000000001</ele></trkpt>
    <trkpt lat="37.74667" lon="-122.10309000000001"><ele>241.05</ele></trkpt>
    <trkpt lat="37.746660000000006" lon="-122.10325000000002"><ele>241.97000000000003</ele></trkpt>
    <trkpt lat="37.74674" lon="-122.10352"><ele>241.3</ele></trkpt>
    <trkpt lat="37.74673000000001" lon="-122.10365000000002"><ele>240.39000000000001</ele></trkpt>
    <trkpt lat="37.74669" lon="-122.10374000000002"><ele>239.83</ele></trkpt>
    <trkpt lat="37.7466" lon="-122.10379"><ele>238.04000000000002</ele></trkpt>
    <trkpt lat="37.746340000000004" lon="-122.10375"><ele>235.96000000000004</ele></trkpt>
    <trkpt lat="37.746210000000005" lon="-122.10366"><ele>233.78</ele></trkpt>
    <trkpt lat="37.74595" lon="-122.10343"><ele>228.10000000000002</ele></trkpt>
    <trkpt lat="37.745850000000004" lon="-122.10336000000001"><ele>227.34</ele></trkpt>
    <trkpt lat="37.745740000000005" lon="-122.10336000000001"><ele>225.3</ele></trkpt>
    <trkpt lat="37.74564" lon="-122.10343"><ele>224.10000000000002</ele></trkpt>
    <trkpt lat="37.7456" lon="-122.10349000000001"><ele>223.04000000000002</ele></trkpt>
    <trkpt lat="37.74546" lon="-122.10406"><ele>220.67</ele></trkpt>
    <trkpt lat="37.74532" lon="-122.10433"><ele>221.45000000000002</ele></trkpt>
    <trkpt lat="37.745160000000006" lon="-122.1046"><ele>223.37</ele></trkpt>
    <trkpt lat="37.7451" lon="-122.10467000000001"><ele>223.31</ele></trkpt>
    <trkpt lat="37.74508" lon="-122.10469"><ele>222.96</ele></trkpt>
    <trkpt lat="37.745000000000005" lon="-122.10478"><ele>222.62</ele></trkpt>
    <trkpt lat="37.744780000000006" lon="-122.10495000000002"><ele>220.54000000000002</ele></trkpt>
    <trkpt lat="37.74445" lon="-122.10523"><ele>217.39000000000001</ele></trkpt>
    <trkpt lat="37.74434" lon="-122.10527"><ele>215.50000000000003</ele></trkpt>
    <trkpt lat="37.744200000000006" lon="-122.10527"><ele>214.72000000000003</ele></trkpt>
    <trkpt lat="37.74414" lon="-122.10522000000002"><ele>213.89000000000001</ele></trkpt>
    <trkpt lat="37.74409" lon="-122.10514"><ele>212.57</ele></trkpt>
    <trkpt lat="37.744040000000005" lon="-122.10496"><ele>211.42000000000002</ele></trkpt>
    <trkpt lat="37.74403" lon="-122.10464"><ele>210.4</ele></trkpt>
    <trkpt lat="37.74398" lon="-122.10443000000001"><ele>210.76000000000002</ele></trkpt>
    <trkpt lat="37.743660000000006" lon="-122.10411"><ele>212.51</ele></trkpt>
    <trkpt lat="37.7436" lon="-122.10397"><ele>213.00000000000003</ele></trkpt>
    <trkpt lat="37.743570000000005" lon="-122.1037"><ele>214.52</ele></trkpt>
    <trkpt lat="37.743500000000004" lon="-122.10357"><ele>214.96</ele></trkpt>
    <trkpt lat="37.74344" lon="-122.10356000000002"><ele>214.97000000000003</ele></trkpt>
    <trkpt lat="37.74334" lon="-122.10357"><ele>214.96</ele></trkpt>
    <trkpt lat="37.74307" lon="-122.1037"><ele>215.3</ele></trkpt>
    <trkpt lat="37.743" lon="-122.10375"><ele>215.3</ele></trkpt>
    <trkpt lat="37.74288" lon="-122.10389"><ele>216.12</ele></trkpt>
    <trkpt lat="37.742760000000004" lon="-122.10397"><ele>216.12</ele></trkpt>
    <trkpt lat="37.74246" lon="-122.10397"><ele>216.81000000000003</ele></trkpt>
    <trkpt lat="37.7424" lon="-122.10393"><ele>217.46</ele></trkpt>
    <trkpt lat="37.742360000000005" lon="-122.10366"><ele>217.51</ele></trkpt>
    <trkpt lat="37.74239" lon="-122.10331000000001"><ele>215.37</ele></trkpt>
    <trkpt lat="37.742340000000006" lon="-122.10308"><ele>213.57</ele></trkpt>
    <trkpt lat="37.74226" lon="-122.10294"><ele>213.18</ele></trkpt>
    <trkpt lat="37.74208" lon="-122.10272"><ele>213.35</ele></trkpt>
    <trkpt lat="37.742020000000004" lon="-122.10254"><ele>213.89000000000001</ele></trkpt>
    <trkpt lat="37.74201" lon="-122.1024"><ele>214.14000000000001</ele></trkpt>
    <trkpt lat="37.74203" lon="-122.10209"><ele>214.33</ele></trkpt>
    <trkpt lat="37.742000000000004" lon="-122.10187"><ele>213.91000000000003</ele></trkpt>
    <trkpt lat="37.74188" lon="-122.10169"><ele>213.86</ele></trkpt>
    <trkpt lat="37.74145" lon="-122.10165"><ele>216.23</ele></trkpt>
    <trkpt lat="37.74136" lon="-122.10152000000001"><ele>216.68</ele></trkpt>
    <trkpt lat="37.741350000000004" lon="-122.10138"><ele>217.49</ele></trkpt>
    <trkpt lat="37.741400000000006" lon="-122.10116000000001"><ele>218.31</ele></trkpt>
    <trkpt lat="37.7417" lon="-122.10048"><ele>224.93</ele></trkpt>
    <trkpt lat="37.741760000000006" lon="-122.10026"><ele>226.54000000000002</ele></trkpt>
    <trkpt lat="37.74177" lon="-122.09999"><ele>228.41000000000003</ele></trkpt>
    <trkpt lat="37.74166" lon="-122.09914"><ele>236.36</ele></trkpt>
    <trkpt lat="37.741670000000006" lon="-122.099"><ele>237.04000000000002</ele></trkpt>
    <trkpt lat="37.74181" lon="-122.09864"><ele>238.13</ele></trkpt>
    <trkpt lat="37.74185000000001" lon="-122.09846000000002"><ele>238.39000000000001</ele></trkpt>
    <trkpt lat="37.74188" lon="-122.09735"><ele>244.39000000000001</ele></trkpt>
    <trkpt lat="37.74181" lon="-122.09713"><ele>245.45000000000002</ele></trkpt>
    <trkpt lat="37.74175" lon="-122.09703"><ele>245.69000000000003</ele></trkpt>
    <trkpt lat="37.741260000000004" lon="-122.09655000000001"><ele>245.26000000000002</ele></trkpt>
    <trkpt lat="37.74116" lon="-122.09642000000001"><ele>245.31000000000003</ele></trkpt>
    <trkpt lat="37.7411" lon="-122.09632"><ele>245.31000000000003</ele></trkpt>
    <trkpt lat="37.74098" lon="-122.09569"><ele>245.44000000000003</ele></trkpt>
    <trkpt lat="37.74081" lon="-122.09512000000001"><ele>247.74</ele></trkpt>
    <trkpt lat="37.7408" lon="-122.09498"><ele>249.53000000000003</ele></trkpt>
    <trkpt lat="37.74083" lon="-122.09446000000001"><ele>255.02</ele></trkpt>
    <trkpt lat="37.740770000000005" lon="-122.09417"><ele>255.17000000000002</ele></trkpt>
    <trkpt lat="37.740747115806556" lon="-122.0941273328863"><ele>255.2515579922285</ele></trkpt>
    <trkpt lat="37.74065" lon="-122.09395"><ele>255.22</ele></trkpt>
    <trkpt lat="37.740050000000004" lon="-122.09341"><ele>252.67</ele></trkpt>
    <trkpt lat="37.73991" lon="-122.09323"><ele>252.9</ele></trkpt>
    <trkpt lat="37.73975" lon="-122.09306000000001"><ele>253.47000000000003</ele></trkpt>
    <trkpt lat="37.7396" lon="-122.09296"><ele>253.29000000000002</ele></trkpt>
    <trkpt lat="37.73942" lon="-122.09274"><ele>252.92000000000002</ele></trkpt>
    <trkpt lat="37.73931" lon="-122.09265"><ele>252.10000000000005</ele></trkpt>
    <trkpt lat="37.73921" lon="-122.0926"><ele>251.92000000000002</ele></trkpt>
    <trkpt lat="37.73921" lon="-122.09270000000001"><ele>251.34</ele></trkpt>
    <trkpt lat="37.739360000000005" lon="-122.09340000000002"><ele>244.57</ele></trkpt>
    <trkpt lat="37.73933" lon="-122.09363"><ele>242.55</ele></trkpt>
    <trkpt lat="37.73928" lon="-122.09373000000001"><ele>238.8</ele></trkpt>
    <trkpt lat="37.73919" lon="-122.09381"><ele>238.8</ele></trkpt>
    <trkpt lat="37.73893" lon="-122.09385"><ele>234.08</ele></trkpt>
    <trkpt lat="37.73884" lon="-122.09394"><ele>232.93000000000004</ele></trkpt>
    <trkpt lat="37.738780000000006" lon="-122.09404"><ele>231.92000000000002</ele></trkpt>
    <trkpt lat="37.73872" lon="-122.09431000000001"><ele>229.56</ele></trkpt>
    <trkpt lat="37.738640000000004" lon="-122.09443000000002"><ele>227.49</ele></trkpt>
    <trkpt lat="37.738530000000004" lon="-122.09444"><ele>227.0</ele></trkpt>
    <trkpt lat="37.738350000000004" lon="-122.09439"><ele>225.33</ele></trkpt>
    <trkpt lat="37.738200000000006" lon="-122.09439"><ele>224.02</ele></trkpt>
    <trkpt lat="37.738110000000006" lon="-122.09448"><ele>222.82000000000002</ele></trkpt>
    <trkpt lat="37.73798" lon="-122.09465000000002"><ele>222.31</ele></trkpt>
    <trkpt lat="37.737860000000005" lon="-122.09471"><ele>221.76000000000002</ele></trkpt>
    <trkpt lat="37.73725" lon="-122.09493"><ele>219.72000000000003</ele></trkpt>
    <trkpt lat="37.736920000000005" lon="-122.09493"><ele>217.12</ele></trkpt>
    <trkpt lat="37.73671" lon="-122.09498"><ele>216.10000000000002</ele></trkpt>
    <trkpt lat="37.736700000000006" lon="-122.09493"><ele>216.16000000000003</ele></trkpt>
    <trkpt lat="37.73650000000001" lon="-122.09479"><ele>216.66000000000003</ele></trkpt>
    <trkpt lat="37.736320000000006" lon="-122.09461"><ele>217.48</ele></trkpt>
    <trkpt lat="37.73624" lon="-122.09448"><ele>217.73</ele></trkpt>
    <trkpt lat="37.736090000000004" lon="-122.09391000000001"><ele>218.41000000000003</ele></trkpt>
    <trkpt lat="37.73592" lon="-122.09345"><ele>220.84</ele></trkpt>
    <trkpt lat="37.73584" lon="-122.09331000000002"><ele>221.46</ele></trkpt>
    <trkpt lat="37.7357" lon="-122.09309"><ele>220.49</ele></trkpt>
    <trkpt lat="37.735420000000005" lon="-122.09273"><ele>216.78000000000003</ele></trkpt>
    <trkpt lat="37.73507" lon="-122.09239000000001"><ele>214.81000000000003</ele></trkpt>
    <trkpt lat="37.7349" lon="-122.09206"><ele>210.55</ele></trkpt>
    <trkpt lat="37.73467" lon="-122.09175"><ele>208.32</ele></trkpt>
    <trkpt lat="37.734320000000004" lon="-122.09122"><ele>199.11</ele></trkpt>
    <trkpt lat="37.73427" lon="-122.09112"><ele>198.3</ele></trkpt>
    <trkpt lat="37.734190000000005" lon="-122.09063"><ele>190.92000000000002</ele></trkpt>
    <trkpt lat="37.734140000000004" lon="-122.0905"><ele>186.12</ele></trkpt>
    <trkpt lat="37.733990000000006" lon="-122.09023"><ele>182.24</ele></trkpt>
    <trkpt lat="37.733920000000005" lon="-122.09014"><ele>182.24</ele></trkpt>
    <trkpt lat="37.733470000000004" lon="-122.08969"><ele>171.07000000000002</ele></trkpt>
    <trkpt lat="37.73315" lon="-122.08947"><ele>168.83</ele></trkpt>
    <trkpt lat="37.733070000000005" lon="-122.08938"><ele>167.92000000000002</ele></trkpt>
    <trkpt lat="37.73277" lon="-122.08883000000002"><ele>163.19</ele></trkpt>
    <trkpt lat="37.732760000000006" lon="-122.08878000000001"><ele>162.84</ele></trkpt>
    <trkpt lat="37.73275" lon="-122.0887"><ele>162.13000000000002</ele></trkpt>
    <trkpt lat="37.73274" lon="-122.08835"><ele>158.04000000000002</ele></trkpt>
    <trkpt lat="37.732690000000005" lon="-122.08822"><ele>155.96</ele></trkpt>
    <trkpt lat="37.732600000000005" lon="-122.08808"><ele>154.7</ele></trkpt>
    <trkpt lat="37.73205" lon="-122.0875"><ele>139.47</ele></trkpt>
    <trkpt lat="37.731680000000004" lon="-122.08723"><ele>127.47</ele></trkpt>
    <trkpt lat="37.731460000000006" lon="-122.08719"><ele>123.35000000000001</ele></trkpt>
    <trkpt lat="37.731370000000005" lon="-122.08727"><ele>122.38000000000001</ele></trkpt>
    <trkpt lat="37.73131" lon="-122.08737"><ele>120.55</ele></trkpt>
    <trkpt lat="37.73134" lon="-122.08778000000001"><ele>115.65</ele></trkpt>
    <trkpt lat="37.731230000000004" lon="-122.08821"><ele>111.12</ele></trkpt>
    <trkpt lat="37.73118" lon="-122.08894000000001"><ele>100.59000000000002</ele></trkpt>
    <trkpt lat="37.7312" lon="-122.08907"><ele>99.49000000000001</ele></trkpt>
    <trkpt lat="37.731350000000006" lon="-122.08933"><ele>97.55000000000001</ele></trkpt>
    <trkpt lat="37.73145" lon="-122.08964000000002"><ele>99.69000000000001</ele></trkpt>
    <trkpt lat="37.7316" lon="-122.08982"><ele>100.64</ele></trkpt>
    <trkpt lat="37.73165" lon="-122.08996"><ele>99.76</ele></trkpt>
    <trkpt lat="37.73167" lon="-122.09018"><ele>96.89</ele></trkpt>
    <trkpt lat="37.731660000000005" lon="-122.09054"><ele>88.35000000000001</ele></trkpt>
    <trkpt lat="37.73158" lon="-122.09094"><ele>87.13000000000001</ele></trkpt>
    <trkpt lat="37.731080000000006" lon="-122.09171"><ele>76.4</ele></trkpt>
    <trkpt lat="37.73086" lon="-122.09196000000001"><ele>72.35000000000001</ele></trkpt>
    <trkpt lat="37.73053" lon="-122.09184"><ele>71.72</ele></trkpt>
    <trkpt lat="37.730430000000005" lon="-122.09185000000001"><ele>71.60000000000001</ele></trkpt>
    <trkpt lat="37.73026" lon="-122.09202"><ele>71.46000000000001</ele></trkpt>
    <trkpt lat="37.73012000000001" lon="-122.09224"><ele>71.81000000000002</ele></trkpt>
    <trkpt lat="37.72963" lon="-122.09273"><ele>76.32000000000001</ele></trkpt>
    <trkpt lat="37.729580000000006" lon="-122.09266000000001"><ele>76.96</ele></trkpt>
    <trkpt lat="37.72934" lon="-122.09206"><ele>80.53999999999999</ele></trkpt>
    <trkpt lat="37.729150000000004" lon="-122.09175"><ele>80.58000000000001</ele></trkpt>
    <trkpt lat="37.72887" lon="-122.09099"><ele>79.26</ele></trkpt>
    <trkpt lat="37.728730000000006" lon="-122.09037000000001"><ele>77.58000000000001</ele></trkpt>
    <trkpt lat="37.728730000000006" lon="-122.08992"><ele>77.80000000000001</ele></trkpt>
    <trkpt lat="37.72865" lon="-122.08956"><ele>79.14</ele></trkpt>
    <trkpt lat="37.72863" lon="-122.0892"><ele>78.99000000000001</ele></trkpt>
    <trkpt lat="37.728530000000006" lon="-122.08853"><ele>77.84</ele></trkpt>
    <trkpt lat="37.72845" lon="-122.08834000000002"><ele>77.29</ele></trkpt>
    <trkpt lat="37.72822" lon="-122.08798000000002"><ele>76.63</ele></trkpt>
    <trkpt lat="37.728010000000005" lon="-122.08754"><ele>77.71</ele></trkpt>
    <trkpt lat="37.727940000000004" lon="-122.08745"><ele>78.34</ele></trkpt>
    <trkpt lat="37.727850000000004" lon="-122.08736"><ele>79.34</ele></trkpt>
    <trkpt lat="37.72778" lon="-122.08736"><ele>80.78</ele></trkpt>
    <trkpt lat="37.72771" lon="-122.08741"><ele>82.64</ele></trkpt>
    <trkpt lat="37.727590000000006" lon="-122.08758000000002"><ele>88.09</ele></trkpt>
    <trkpt lat="37.7274" lon="-122.08772"><ele>91.89000000000001</ele></trkpt>
    <trkpt lat="37.72724" lon="-122.08781"><ele>94.46</ele></trkpt>
    <trkpt lat="37.72681" lon="-122.0879"><ele>105.41</ele></trkpt>
    <trkpt lat="37.72663" lon="-122.08794"><ele>105.39</ele></trkpt>
    <trkpt lat="37.72654" lon="-122.08800000000001"><ele>109.04</ele></trkpt>
    <trkpt lat="37.72645" lon="-122.08809000000001"><ele>112.52000000000001</ele></trkpt>
    <trkpt lat="37.72636" lon="-122.08825000000002"><ele>115.77000000000001</ele></trkpt>
    <trkpt lat="37.72628" lon="-122.08851000000001"><ele>118.74000000000001</ele></trkpt>
    <trkpt lat="37.72626" lon="-122.08855000000001"><ele>118.78</ele></trkpt>
    <trkpt lat="37.72621" lon="-122.08875"><ele>121.42000000000002</ele></trkpt>
    <trkpt lat="37.72616" lon="-122.08885000000001"><ele>122.02</ele></trkpt>
    <trkpt lat="37.72605" lon="-122.08894000000001"><ele>124.05000000000001</ele></trkpt>
    <trkpt lat="37.725820000000006" lon="-122.08906"><ele>127.97</ele></trkpt>
    <trkpt lat="37.72538" lon="-122.08938"><ele>136.08</ele></trkpt>
    <trkpt lat="37.72514" lon="-122.08965"><ele>140.45000000000002</ele></trkpt>
    <trkpt lat="37.72507" lon="-122.08966000000001"><ele>141.4</ele></trkpt>
    <trkpt lat="37.72524000000001" lon="-122.08929"><ele>140.98000000000002</ele></trkpt>
    <trkpt lat="37.725280000000005" lon="-122.08907"><ele>140.49</ele></trkpt>
    <trkpt lat="37.72522" lon="-122.08839"><ele>139.34</ele></trkpt>
    <trkpt lat="37.72527" lon="-122.08768"><ele>145.01</ele></trkpt>
    <trkpt lat="37.72525868978167" lon="-122.08742006856924"><ele>148.95</ele></trkpt>
    <trkpt lat="37.725165" lon="-122.087244"><ele>151.0672249916376</ele></trkpt>
    <trkpt lat="37.72511" lon="-122.087173"><ele>150.6958209174523</ele></trkpt>
    <trkpt lat="37.724083" lon="-122.086233"><ele>155.98876769623652</ele></trkpt>
    <trkpt lat="37.723955" lon="-122.086071"><ele>156.02470617344045</ele></trkpt>
    <trkpt lat="37.723909" lon="-122.085946"><ele>155.28552891874548</ele></trkpt>
    <trkpt lat="37.723794" lon="-122.085415"><ele>153.9263645987708</ele></trkpt>
    <trkpt lat="37.723637" lon="-122.084803"><ele>148.5513703992462</ele></trkpt>
    <trkpt lat="37.723524" lon="-122.084271"><ele>148.38905257700785</ele></trkpt>
    <trkpt lat="37.7234" lon="-122.083791"><ele>147.25771891903565</ele></trkpt>
    <trkpt lat="37.723281" lon="-122.083406"><ele>146.21728533443635</ele></trkpt>
    <trkpt lat="37.723245" lon="-122.083182"><ele>145.45827963888723</ele></trkpt>
    <trkpt lat="37.723154" lon="-122.082993"><ele>144.83137627686114</ele></trkpt>
    <trkpt lat="37.72304" lon="-122.082879"><ele>143.90269299697894</ele></trkpt>
    <trkpt lat="37.722899" lon="-122.082837"><ele>142.24627403098123</ele></trkpt>
    <trkpt lat="37.722426" lon="-122.082834"><ele>136.14070573877513</ele></trkpt>
    <trkpt lat="37.722109" lon="-122.082735"><ele>139.8405092756601</ele></trkpt>
    <trkpt lat="37.721967" lon="-122.08271"><ele>139.9201448880516</ele></trkpt>
    <trkpt lat="37.721685" lon="-122.082787"><ele>139.1588943901513</ele></trkpt>
    <trkpt lat="37.721576" lon="-122.082793"><ele>138.38884986514245</ele></trkpt>
    <trkpt lat="37.721471" lon="-122.082763"><ele>138.57683619028694</ele></trkpt>
    <trkpt lat="37.72141" lon="-122.082713"><ele>139.060315836022</ele></trkpt>
    <trkpt lat="37.721349" lon="-122.0826"><ele>140.53865685975725</ele></trkpt>
    <trkpt lat="37.721122" lon="-122.081923"><ele>150.1294766088141</ele></trkpt>
    <trkpt lat="37.720915" lon="-122.081139"><ele>144.5445523508997</ele></trkpt>
    <trkpt lat="37.720509" lon="-122.079812"><ele>140.90753426115856</ele></trkpt>
    <trkpt lat="37.720248" lon="-122.078877"><ele>138.21691021267597</ele></trkpt>
    <trkpt lat="37.719745" lon="-122.077345"><ele>132.2601452026978</ele></trkpt>
    <trkpt lat="37.719275" lon="-122.075784"><ele>127.52636313629246</ele></trkpt>
    <trkpt lat="37.718855" lon="-122.074377"><ele>120.45915339675665</ele></trkpt>
    <trkpt lat="37.718846" lon="-122.074326"><ele>120.18419704780688</ele></trkpt>
    <trkpt lat="37.718855" lon="-122.074268"><ele>119.27689692114268</ele></trkpt>
    <trkpt lat="37.718879" lon="-122.074236"><ele>118.70154383690787</ele></trkpt>
    <trkpt lat="37.718923" lon="-122.074216"><ele>117.73957863623203</ele></trkpt>
    <trkpt lat="37.718959" lon="-122.074216"><ele>117.01841703004077</ele></trkpt>
    <trkpt lat="37.718989" lon="-122.074226"><ele>116.44057959626967</ele></trkpt>
    <trkpt lat="37.71902" lon="-122.074236"><ele>115.81309976104595</ele></trkpt>
    <trkpt lat="37.719058" lon="-122.074261"><ele>115.21463042742904</ele></trkpt>
    <trkpt lat="37.719096" lon="-122.074291"><ele>114.73228990119883</ele></trkpt>
    <trkpt lat="37.719129" lon="-122.07432"><ele>114.47402343779282</ele></trkpt>
    <trkpt lat="37.719414" lon="-122.07466"><ele>115.0764120050402</ele></trkpt>
    <trkpt lat="37.719921" lon="-122.075188"><ele>116.42324980559098</ele></trkpt>
    <trkpt lat="37.720012" lon="-122.075273"><ele>116.20123815785172</ele></trkpt>
    <trkpt lat="37.720243" lon="-122.07549"><ele>113.76803332648379</ele></trkpt>
    <trkpt lat="37.720435" lon="-122.075624"><ele>113.31175078357384</ele></trkpt>
    <trkpt lat="37.720711" lon="-122.075738"><ele>110.80837494351351</ele></trkpt>
    <trkpt lat="37.720768" lon="-122.075796"><ele>109.77577142597205</ele></trkpt>
    <trkpt lat="37.720834" lon="-122.075905"><ele>108.59726908661509</ele></trkpt>
    <trkpt lat="37.72086" lon="-122.075991"><ele>107.8274112587451</ele></trkpt>
    <trkpt lat="37.720838" lon="-122.076124"><ele>106.1283429459017</ele></trkpt>
    <trkpt lat="37.720744" lon="-122.076215"><ele>103.52125841409345</ele></trkpt>
    <trkpt lat="37.720567" lon="-122.076215"><ele>102.62186834913989</ele></trkpt>
    <trkpt lat="37.720532" lon="-122.076284"><ele>103.16714258576573</ele></trkpt>
    <trkpt lat="37.720604" lon="-122.076394"><ele>102.23421043385221</ele></trkpt>
    <trkpt lat="37.720754" lon="-122.076512"><ele>97.85289532105485</ele></trkpt>
    <trkpt lat="37.720881" lon="-122.076602"><ele>94.85782896096566</ele></trkpt>
    <trkpt lat="37.721057" lon="-122.076658"><ele>90.34444500603463</ele></trkpt>
    <trkpt lat="37.721234" lon="-122.076603"><ele>87.68771353102882</ele></trkpt>
    <trkpt lat="37.721465" lon="-122.076558"><ele>85.93083422225322</ele></trkpt>
    <trkpt lat="37.721491" lon="-122.076605"><ele>86.01453748930663</ele></trkpt>
    <trkpt lat="37.72155" lon="-122.076685"><ele>86.25058267912972</ele></trkpt>
    <trkpt lat="37.721642" lon="-122.076743"><ele>85.91717972574052</ele></trkpt>
    <trkpt lat="37.72171" lon="-122.076762"><ele>85.11336450966297</ele></trkpt>
    <trkpt lat="37.721791" lon="-122.076784"><ele>84.8101556025912</ele></trkpt>
    <trkpt lat="37.721906" lon="-122.076881"><ele>84.35150826421958</ele></trkpt>
    <trkpt lat="37.721975" lon="-122.077037"><ele>83.69229626211828</ele></trkpt>
    <trkpt lat="37.722041" lon="-122.077207"><ele>83.09460424896301</ele></trkpt>
    <trkpt lat="37.722399" lon="-122.077695"><ele>80.81896207615041</ele></trkpt>
    <trkpt lat="37.722685" lon="-122.078023"><ele>79.93051616697792</ele></trkpt>
    <trkpt lat="37.723147" lon="-122.078586"><ele>78.16746494864667</ele></trkpt>
    <trkpt lat="37.723325" lon="-122.078772"><ele>77.46301892511848</ele></trkpt>
    <trkpt lat="37.723405" lon="-122.078845"><ele>77.36959292526909</ele></trkpt>
    <trkpt lat="37.72352645302864" lon="-122.07895872634026"><ele>77.69000000000001</ele></trkpt>
    <trkpt lat="37.723910000000004" lon="-122.07936000000001"><ele>75.4</ele></trkpt>
    <trkpt lat="37.7244" lon="-122.0798"><ele>75.29</ele></trkpt>
    <trkpt lat="37.724500000000006" lon="-122.07985000000001"><ele>75.4</ele></trkpt>
    <trkpt lat="37.724630000000005" lon="-122.08002"><ele>75.26</ele></trkpt>
    <trkpt lat="37.724830000000004" lon="-122.08013000000001"><ele>75.48</ele></trkpt>
    <trkpt lat="37.724990000000005" lon="-122.08018000000001"><ele>75.28</ele></trkpt>
    <trkpt lat="37.725420000676806" lon="-122.08057499772312"><ele>73.99</ele></trkpt>
    <trkpt lat="37.72585" lon="-122.08097000000001"><ele>74.06</ele></trkpt>
    <trkpt lat="37.72612" lon="-122.08113000000002"><ele>74.03000000000002</ele></trkpt>
    <trkpt lat="37.726560000000006" lon="-122.08132"><ele>74.79</ele></trkpt>
    <trkpt lat="37.72708" lon="-122.08148000000001"><ele>75.57000000000001</ele></trkpt>
    <trkpt lat="37.72721000000001" lon="-122.08154"><ele>76.25000000000001</ele></trkpt>
    <trkpt lat="37.727230000000006" lon="-122.08163"><ele>77.08000000000001</ele></trkpt>
    <trkpt lat="37.72721000000001" lon="-122.08172"><ele>77.59</ele></trkpt>
    <trkpt lat="37.72704" lon="-122.0819"><ele>80.56</ele></trkpt>
    <trkpt lat="37.72692" lon="-122.08207000000002"><ele>81.60000000000001</ele></trkpt>
    <trkpt lat="37.72679" lon="-122.08235"><ele>83.41000000000001</ele></trkpt>
    <trkpt lat="37.726690000000005" lon="-122.08263000000001"><ele>86.49000000000001</ele></trkpt>
    <trkpt lat="37.72666" lon="-122.08281000000001"><ele>88.93</ele></trkpt>
    <trkpt lat="37.72668" lon="-122.08306"><ele>90.56</ele></trkpt>
    <trkpt lat="37.72675" lon="-122.08330000000001"><ele>92.41000000000001</ele></trkpt>
    <trkpt lat="37.72684" lon="-122.08347"><ele>93.30000000000001</ele></trkpt>
    <trkpt lat="37.7269" lon="-122.08351"><ele>93.30000000000001</ele></trkpt>
    <trkpt lat="37.72704" lon="-122.08356"><ele>94.00000000000001</ele></trkpt>
    <trkpt lat="37.72729" lon="-122.08357000000001"><ele>97.62</ele></trkpt>
    <trkpt lat="37.7274" lon="-122.08356"><ele>97.62</ele></trkpt>
    <trkpt lat="37.72757" lon="-122.08347"><ele>98.52000000000001</ele></trkpt>
    <trkpt lat="37.72769" lon="-122.08337000000002"><ele>101.15</ele></trkpt>
    <trkpt lat="37.727970000000006" lon="-122.08301000000002"><ele>105.76</ele></trkpt>
    <trkpt lat="37.72805" lon="-122.08293"><ele>105.76</ele></trkpt>
    <trkpt lat="37.728190000000005" lon="-122.08284"><ele>108.64000000000001</ele></trkpt>
    <trkpt lat="37.728300000000004" lon="-122.08284"><ele>110.24000000000001</ele></trkpt>
    <trkpt lat="37.72836" lon="-122.08288"><ele>110.24000000000001</ele></trkpt>
    <trkpt lat="37.728440000000006" lon="-122.08298"><ele>111.62</ele></trkpt>
    <trkpt lat="37.728750000000005" lon="-122.08373000000002"><ele>120.26</ele></trkpt>
    <trkpt lat="37.72887" lon="-122.08388000000001"><ele>122.04</ele></trkpt>
    <trkpt lat="37.729000000000006" lon="-122.084"><ele>123.64000000000001</ele></trkpt>
    <trkpt lat="37.7291" lon="-122.08405"><ele>124.97000000000001</ele></trkpt>
    <trkpt lat="37.72921" lon="-122.08406000000001"><ele>125.62</ele></trkpt>
    <trkpt lat="37.72934" lon="-122.08414"><ele>126.62</ele></trkpt>
    <trkpt lat="37.72963" lon="-122.08442000000001"><ele>128.21</ele></trkpt>
    <trkpt lat="37.72975" lon="-122.08451000000001"><ele>129.45000000000002</ele></trkpt>
    <trkpt lat="37.7299" lon="-122.08454"><ele>129.93</ele></trkpt>
    <trkpt lat="37.73015" lon="-122.08451000000001"><ele>131.01999999999998</ele></trkpt>
    <trkpt lat="37.73026" lon="-122.08455000000001"><ele>132.01000000000002</ele></trkpt>
    <trkpt lat="37.730380000000004" lon="-122.08464000000001"><ele>132.32000000000002</ele></trkpt>
    <trkpt lat="37.730610000000006" lon="-122.0849"><ele>135.09</ele></trkpt>
    <trkpt lat="37.73078" lon="-122.08498000000002"><ele>135.86</ele></trkpt>
    <trkpt lat="37.731190000000005" lon="-122.08499"><ele>137.78</ele></trkpt>
    <trkpt lat="37.73114" lon="-122.08498000000002"><ele>137.55</ele></trkpt>
    <trkpt lat="37.73158" lon="-122.08499"><ele>140.54</ele></trkpt>
    <trkpt lat="37.73172" lon="-122.08498000000002"><ele>141.84000000000003</ele></trkpt>
    <trkpt lat="37.731820000000006" lon="-122.08494"><ele>141.84000000000003</ele></trkpt>
    <trkpt lat="37.732040000000005" lon="-122.08477"><ele>144.65</ele></trkpt>
    <trkpt lat="37.73228" lon="-122.08463"><ele>147.68</ele></trkpt>
    <trkpt lat="37.73275" lon="-122.08464000000001"><ele>152.91000000000003</ele></trkpt>
    <trkpt lat="37.73286" lon="-122.08467000000002"><ele>154.68</ele></trkpt>
    <trkpt lat="37.73349" lon="-122.0849"><ele>160.63000000000002</ele></trkpt>
    <trkpt lat="37.73377" lon="-122.08499"><ele>165.39000000000001</ele></trkpt>
    <trkpt lat="37.73384" lon="-122.08499"><ele>166.35000000000002</ele></trkpt>
    <trkpt lat="37.733940000000004" lon="-122.08494"><ele>167.72</ele></trkpt>
    <trkpt lat="37.734" lon="-122.0849"><ele>167.72</ele></trkpt>
    <trkpt lat="37.73415" lon="-122.08463"><ele>170.82000000000002</ele></trkpt>
    <trkpt lat="37.73427" lon="-122.0845"><ele>171.83</ele></trkpt>
    <trkpt lat="37.734370000000006" lon="-122.08445"><ele>173.69</ele></trkpt>
    <trkpt lat="37.73469" lon="-122.08441"><ele>177.15</ele></trkpt>
    <trkpt lat="37.734730000000006" lon="-122.08432"><ele>177.99</ele></trkpt>
    <trkpt lat="37.734820000000006" lon="-122.08401"><ele>181.19000000000003</ele></trkpt>
    <trkpt lat="37.73492" lon="-122.08388000000001"><ele>181.19000000000003</ele></trkpt>
    <trkpt lat="37.735130000000005" lon="-122.08382"><ele>184.46</ele></trkpt>
    <trkpt lat="37.73523" lon="-122.08382"><ele>184.84</ele></trkpt>
    <trkpt lat="37.7353" lon="-122.08391"><ele>185.19000000000003</ele></trkpt>
    <trkpt lat="37.73532" lon="-122.084"><ele>185.55</ele></trkpt>
    <trkpt lat="37.73534" lon="-122.08436"><ele>186.41000000000003</ele></trkpt>
    <trkpt lat="37.73539" lon="-122.08459"><ele>187.95</ele></trkpt>
    <trkpt lat="37.73552" lon="-122.08508"><ele>189.97000000000003</ele></trkpt>
    <trkpt lat="37.73565" lon="-122.0854"><ele>192.41000000000003</ele></trkpt>
    <trkpt lat="37.73606001163814" lon="-122.08622998161216"><ele>202.27</ele></trkpt>
    <trkpt lat="37.736470017456895" lon="-122.0870599724172"><ele>212.12000000000003</ele></trkpt>
    <trkpt lat="37.736880017456144" lon="-122.08788997241527"><ele>219.19000000000003</ele></trkpt>
    <trkpt lat="37.73729001163571" lon="-122.08871998160645"><ele>222.12</ele></trkpt>
    <trkpt lat="37.737700000000004" lon="-122.08955000000002"><ele>223.54000000000002</ele></trkpt>
    <trkpt lat="37.73801" lon="-122.09009"><ele>226.94000000000003</ele></trkpt>
    <trkpt lat="37.738310000000006" lon="-122.09054"><ele>232.18</ele></trkpt>
    <trkpt lat="37.73856" lon="-122.09089000000002"><ele>235.46000000000004</ele></trkpt>
    <trkpt lat="37.7387" lon="-122.09112"><ele>239.45000000000002</ele></trkpt>
    <trkpt lat="37.738780000000006" lon="-122.09135"><ele>242.01000000000002</ele></trkpt>
    <trkpt lat="37.73895" lon="-122.09210000000002"><ele>248.19000000000003</ele></trkpt>
    <trkpt lat="37.73901" lon="-122.09225"><ele>248.58</ele></trkpt>
    <trkpt lat="37.73921" lon="-122.0926"><ele>251.92000000000002</ele></trkpt>
    <trkpt lat="37.73931" lon="-122.09265"><ele>252.10000000000005</ele></trkpt>
    <trkpt lat="37.73942" lon="-122.09274"><ele>252.92000000000002</ele></trkpt>
    <trkpt lat="37.7396" lon="-122.09296"><ele>253.29000000000002</ele></trkpt>
    <trkpt lat="37.73975" lon="-122.09306000000001"><ele>253.47000000000003</ele></trkpt>
    <trkpt lat="37.73991" lon="-122.09323"><ele>252.9</ele></trkpt>
    <trkpt lat="37.740050000000004" lon="-122.09341"><ele>252.67</ele></trkpt>
    <trkpt lat="37.74065" lon="-122.09395"><ele>255.22</ele></trkpt>
    <trkpt lat="37.740747115806556" lon="-122.0941273328863"><ele>255.2515579922285</ele></trkpt>
    <trkpt lat="37.74107" lon="-122.09399"><ele>256.71</ele></trkpt>
    <trkpt lat="37.741400000000006" lon="-122.09377"><ele>261.92</ele></trkpt>
    <trkpt lat="37.741760000000006" lon="-122.09359"><ele>265.13000000000005</ele></trkpt>
    <trkpt lat="37.742000000000004" lon="-122.09351000000001"><ele>266.41</ele></trkpt>
    <trkpt lat="37.74246" lon="-122.09341"><ele>270.43</ele></trkpt>
    <trkpt lat="37.74262" lon="-122.09341"><ele>272.45000000000005</ele></trkpt>
    <trkpt lat="37.742720000000006" lon="-122.09345"><ele>275.05</ele></trkpt>
    <trkpt lat="37.74279000000001" lon="-122.09354"><ele>275.76</ele></trkpt>
    <trkpt lat="37.742740000000005" lon="-122.09366000000001"><ele>277.51000000000005</ele></trkpt>
    <trkpt lat="37.74259" lon="-122.09381"><ele>280.24000000000007</ele></trkpt>
    <trkpt lat="37.7426" lon="-122.0939"><ele>280.24000000000007</ele></trkpt>
    <trkpt lat="37.74273" lon="-122.09398000000002"><ele>283.44</ele></trkpt>
    <trkpt lat="37.7428" lon="-122.09412"><ele>285.15000000000003</ele></trkpt>
    <trkpt lat="37.74289" lon="-122.09416000000002"><ele>285.07000000000005</ele></trkpt>
    <trkpt lat="37.74336" lon="-122.09417"><ele>280.36</ele></trkpt>
    <trkpt lat="37.74349" lon="-122.09410000000001"><ele>279.83000000000004</ele></trkpt>
    <trkpt lat="37.743640000000006" lon="-122.09398000000002"><ele>280.43</ele></trkpt>
    <trkpt lat="37.743930000000006" lon="-122.09408"><ele>286.04</ele></trkpt>
    <trkpt lat="37.74403" lon="-122.09403"><ele>287.49</ele></trkpt>
    <trkpt lat="37.74414" lon="-122.0939"><ele>289.82</ele></trkpt>
    <trkpt lat="37.744200000000006" lon="-122.09385"><ele>289.82</ele></trkpt>
    <trkpt lat="37.74428" lon="-122.09385"><ele>290.45000000000005</ele></trkpt>
    <trkpt lat="37.74443" lon="-122.09398000000002"><ele>293.71000000000004</ele></trkpt>
    <trkpt lat="37.74452" lon="-122.09417"><ele>294.98</ele></trkpt>
    <trkpt lat="37.74457" lon="-122.09465000000002"><ele>293.83000000000004</ele></trkpt>
    <trkpt lat="37.7447" lon="-122.09510000000002"><ele>293.41</ele></trkpt>
    <trkpt lat="37.744730000000004" lon="-122.09513000000001"><ele>293.42</ele></trkpt>
    <trkpt lat="37.744890000000005" lon="-122.09530000000001"><ele>294.71000000000004</ele></trkpt>
    <trkpt lat="37.74551" lon="-122.09565"><ele>304.05</ele></trkpt>
    <trkpt lat="37.74573" lon="-122.09587"><ele>303.99</ele></trkpt>
    <trkpt lat="37.746120000000005" lon="-122.09614"><ele>304.83000000000004</ele></trkpt>
    <trkpt lat="37.74626000000001" lon="-122.09633000000001"><ele>307.20000000000005</ele></trkpt>
    <trkpt lat="37.746300000000005" lon="-122.09659"><ele>308.72</ele></trkpt>
    <trkpt lat="37.74625" lon="-122.0969"><ele>307.45</ele></trkpt>
    <trkpt lat="37.74626000000001" lon="-122.09699"><ele>306.42</ele></trkpt>
    <trkpt lat="37.74629" lon="-122.09703"><ele>306.42</ele></trkpt>
    <trkpt lat="37.74633" lon="-122.09703"><ele>305.75</ele></trkpt>
    <trkpt lat="37.746390000000005" lon="-122.09699"><ele>304.98</ele></trkpt>
    <trkpt lat="37.746570000000006" lon="-122.09681"><ele>300.54</ele></trkpt>
    <trkpt lat="37.74671" lon="-122.09677"><ele>298.27000000000004</ele></trkpt>
    <trkpt lat="37.74685" lon="-122.09685"><ele>296.21000000000004</ele></trkpt>
    <trkpt lat="37.74691" lon="-122.0969"><ele>296.21000000000004</ele></trkpt>
    <trkpt lat="37.74703" lon="-122.09712"><ele>291.90000000000003</ele></trkpt>
    <trkpt lat="37.74734" lon="-122.09757"><ele>291.88</ele></trkpt>
    <trkpt lat="37.74748" lon="-122.09771"><ele>294.58</ele></trkpt>
    <trkpt lat="37.747580000000006" lon="-122.09775"><ele>295.71000000000004</ele></trkpt>
    <trkpt lat="37.747730000000004" lon="-122.09775"><ele>295.56000000000006</ele></trkpt>
    <trkpt lat="37.74786" lon="-122.0977"><ele>294.82</ele></trkpt>
    <trkpt lat="37.74799" lon="-122.09758000000001"><ele>293.64</ele></trkpt>
    <trkpt lat="37.74815" lon="-122.09739"><ele>291.63</ele></trkpt>
    <trkpt lat="37.74828" lon="-122.0973"><ele>290.07000000000005</ele></trkpt>
    <trkpt lat="37.74846" lon="-122.09731000000001"><ele>288.74</ele></trkpt>
    <trkpt lat="37.748630000000006" lon="-122.09736000000001"><ele>289.22</ele></trkpt>
    <trkpt lat="37.74873" lon="-122.09744"><ele>290.13</ele></trkpt>
    <trkpt lat="37.74922" lon="-122.09797"><ele>298.84000000000003</ele></trkpt>
    <trkpt lat="37.74954" lon="-122.09829"><ele>302.34</ele></trkpt>
    <trkpt lat="37.74969" lon="-122.09848000000001"><ele>301.57</ele></trkpt>
    <trkpt lat="37.75012" lon="-122.09923"><ele>297.66</ele></trkpt>
    <trkpt lat="37.750370000000004" lon="-122.09958"><ele>297.53000000000003</ele></trkpt>
    <trkpt lat="37.750510000000006" lon="-122.09963"><ele>296.48</ele></trkpt>
    <trkpt lat="37.750620000000005" lon="-122.09963"><ele>295.05</ele></trkpt>
    <trkpt lat="37.75076" lon="-122.09968"><ele>293.01000000000005</ele></trkpt>
    <trkpt lat="37.75122" lon="-122.10007000000002"><ele>285.85</ele></trkpt>
    <trkpt lat="37.751870000000004" lon="-122.10066"><ele>298.52</ele></trkpt>
    <trkpt lat="37.75209" lon="-122.10094000000001"><ele>298.89000000000004</ele></trkpt>
    <trkpt lat="37.75224" lon="-122.10110000000002"><ele>298.56000000000006</ele></trkpt>
    <trkpt lat="37.75244" lon="-122.1012"><ele>296.77000000000004</ele></trkpt>
    <trkpt lat="37.75262" lon="-122.1012"><ele>294.26</ele></trkpt>
    <trkpt lat="37.752790000000005" lon="-122.10124"><ele>291.65000000000003</ele></trkpt>
    <trkpt lat="37.753040000000006" lon="-122.10146"><ele>288.85</ele></trkpt>
    <trkpt lat="37.753150000000005" lon="-122.10159000000002"><ele>288.3</ele></trkpt>
    <trkpt lat="37.753240000000005" lon="-122.10173"><ele>287.90000000000003</ele></trkpt>
    <trkpt lat="37.753370000000004" lon="-122.10201"><ele>287.5</ele></trkpt>
    <trkpt lat="37.753490000000006" lon="-122.10214"><ele>286.43</ele></trkpt>
    <trkpt lat="37.753640000000004" lon="-122.10213000000002"><ele>286.43</ele></trkpt>
    <trkpt lat="37.75405000000001" lon="-122.10227"><ele>286.72</ele></trkpt>
    <trkpt lat="37.754160000000006" lon="-122.10226000000002"><ele>286.93</ele></trkpt>
    <trkpt lat="37.754220000000004" lon="-122.10223"><ele>286.93</ele></trkpt>
    <trkpt lat="37.75439" lon="-122.10228000000001"><ele>287.90000000000003</ele></trkpt>
    <trkpt lat="37.75451" lon="-122.10223"><ele>288.81</ele></trkpt>
    <trkpt lat="37.75461" lon="-122.10227"><ele>288.81</ele></trkpt>
    <trkpt lat="37.75509" lon="-122.10263"><ele>291.55</ele></trkpt>
    <trkpt lat="37.755190000000006" lon="-122.10272"><ele>290.38</ele></trkpt>
    <trkpt lat="37.755370000000006" lon="-122.10308"><ele>285.83000000000004</ele></trkpt>
    <trkpt lat="37.75564" lon="-122.10322000000001"><ele>284.5</ele></trkpt>
    <trkpt lat="37.755970000000005" lon="-122.10349000000001"><ele>286.72</ele></trkpt>
    <trkpt lat="37.75609" lon="-122.10361"><ele>286.90999999999997</ele></trkpt>
    <trkpt lat="37.75632" lon="-122.10375"><ele>287.56000000000006</ele></trkpt>
    <trkpt lat="37.75677" lon="-122.10411"><ele>285.06</ele></trkpt>
    <trkpt lat="37.75723" lon="-122.10433"><ele>281.68000000000006</ele></trkpt>
    <trkpt lat="37.757600000000004" lon="-122.10442"><ele>278.14</ele></trkpt>
    <trkpt lat="37.75802" lon="-122.10429"><ele>272.71</ele></trkpt>
    <trkpt lat="37.758230000000005" lon="-122.10437"><ele>270.03000000000003</ele></trkpt>
    <trkpt lat="37.758590000000005" lon="-122.10465"><ele>265.68</ele></trkpt>
    <trkpt lat="37.75869" lon="-122.10470000000001"><ele>264.34000000000003</ele></trkpt>
    <trkpt lat="37.758790000000005" lon="-122.10492"><ele>262.31000000000006</ele></trkpt>
    <trkpt lat="37.75907" lon="-122.105"><ele>261.53999999999996</ele></trkpt>
    <trkpt lat="37.7592" lon="-122.10520000000001"><ele>261.76000000000005</ele></trkpt>
    <trkpt lat="37.75927" lon="-122.10537000000001"><ele>261.88</ele></trkpt>
    <trkpt lat="37.759510000000006" lon="-122.10560000000001"><ele>262.61</ele></trkpt>
    <trkpt lat="37.75997" lon="-122.10612"><ele>268.61</ele></trkpt>
    <trkpt lat="37.76046000051629" lon="-122.10650499736329"><ele>270.97</ele></trkpt>
    <trkpt lat="37.76095" lon="-122.10689"><ele>271.09</ele></trkpt>
    <trkpt lat="37.761100000000006" lon="-122.10692000000002"><ele>270.0</ele></trkpt>
    <trkpt lat="37.76147" lon="-122.10719000000002"><ele>264.8</ele></trkpt>
    <trkpt lat="37.761900000000004" lon="-122.10761000000001"><ele>262.67</ele></trkpt>
    <trkpt lat="37.76202" lon="-122.10782"><ele>262.98</ele></trkpt>
    <trkpt lat="37.762350000000005" lon="-122.10819000000001"><ele>258.15000000000003</ele></trkpt>
    <trkpt lat="37.762620000000005" lon="-122.10846000000001"><ele>255.95000000000002</ele></trkpt>
    <trkpt lat="37.76288" lon="-122.10863"><ele>258.34000000000003</ele></trkpt>
    <trkpt lat="37.76297" lon="-122.10872"><ele>260.62</ele></trkpt>
    <trkpt lat="37.76312" lon="-122.10934"><ele>266.85</ele></trkpt>
    <trkpt lat="37.763180000000006" lon="-122.10939"><ele>267.82</ele></trkpt>
    <trkpt lat="37.763250000000006" lon="-122.10939"><ele>267.52</ele></trkpt>
    <trkpt lat="37.76328" lon="-122.10938000000002"><ele>268.84</ele></trkpt>
    <trkpt lat="37.76342" lon="-122.10909000000001"><ele>270.91</ele></trkpt>
    <trkpt lat="37.763470000000005" lon="-122.10903"><ele>271.24</ele></trkpt>
    <trkpt lat="37.76357" lon="-122.10898000000002"><ele>271.31</ele></trkpt>
    <trkpt lat="37.763670000000005" lon="-122.10898000000002"><ele>271.38</ele></trkpt>
    <trkpt lat="37.76377" lon="-122.10903"><ele>271.78000000000003</ele></trkpt>
    <trkpt lat="37.763830000000006" lon="-122.10908"><ele>272.03000000000003</ele></trkpt>
    <trkpt lat="37.763920000000006" lon="-122.10922000000001"><ele>273.07000000000005</ele></trkpt>
    <trkpt lat="37.76406" lon="-122.1097"><ele>278.32</ele></trkpt>
    <trkpt lat="37.764120000000005" lon="-122.10983000000002"><ele>279.85</ele></trkpt>
    <trkpt lat="37.76417" lon="-122.10988"><ele>279.94</ele></trkpt>
    <trkpt lat="37.76427" lon="-122.10988"><ele>279.13000000000005</ele></trkpt>
    <trkpt lat="37.76464" lon="-122.10957"><ele>273.65</ele></trkpt>
    <trkpt lat="37.7648" lon="-122.10939"><ele>271.5</ele></trkpt>
    <trkpt lat="37.765" lon="-122.10929000000002"><ele>268.31000000000006</ele></trkpt>
    <trkpt lat="37.76516" lon="-122.10931000000001"><ele>263.05</ele></trkpt>
    <trkpt lat="37.76525" lon="-122.10947000000002"><ele>261.40000000000003</ele></trkpt>
    <trkpt lat="37.765260000000005" lon="-122.10952"><ele>261.40000000000003</ele></trkpt>
    <trkpt lat="37.76523" lon="-122.11033"><ele>251.16</ele></trkpt>
    <trkpt lat="37.765260000000005" lon="-122.11055"><ele>247.93</ele></trkpt>
    <trkpt lat="37.76531000000001" lon="-122.11064"><ele>246.22000000000003</ele></trkpt>
    <trkpt lat="37.76538" lon="-122.11068000000002"><ele>246.22000000000003</ele></trkpt>
    <trkpt lat="37.76549" lon="-122.11069"><ele>244.67000000000002</ele></trkpt>
    <trkpt lat="37.76572" lon="-122.11070000000001"><ele>242.96</ele></trkpt>
    <trkpt lat="37.76574" lon="-122.11078"><ele>242.96</ele></trkpt>
    <trkpt lat="37.76563" lon="-122.11096"><ele>241.86</ele></trkpt>
    <trkpt lat="37.765240000000006" lon="-122.11105"><ele>236.90000000000003</ele></trkpt>
    <trkpt lat="37.765150000000006" lon="-122.11115000000001"><ele>236.07000000000002</ele></trkpt>
    <trkpt lat="37.765170000000005" lon="-122.11113000000002"><ele>236.07000000000002</ele></trkpt>
    <trkpt lat="37.76509" lon="-122.11131"><ele>234.70000000000002</ele></trkpt>
    <trkpt lat="37.765010000000004" lon="-122.11163"><ele>233.19</ele></trkpt>
    <trkpt lat="37.76464" lon="-122.11252"><ele>227.65</ele></trkpt>
    <trkpt lat="37.7646" lon="-122.11275"><ele>225.74</ele></trkpt>
    <trkpt lat="37.76462" lon="-122.11284"><ele>225.29000000000002</ele></trkpt>
    <trkpt lat="37.76465" lon="-122.11288"><ele>225.29000000000002</ele></trkpt>
    <trkpt lat="37.764920000000004" lon="-122.11297"><ele>222.54000000000002</ele></trkpt>
    <trkpt lat="37.76509" lon="-122.11298000000001"><ele>222.57000000000002</ele></trkpt>
    <trkpt lat="37.76512" lon="-122.11307000000001"><ele>222.57000000000002</ele></trkpt>
    <trkpt lat="37.76509" lon="-122.11311"><ele>222.52</ele></trkpt>
    <trkpt lat="37.76465" lon="-122.11328"><ele>218.83</ele></trkpt>
    <trkpt lat="37.764450000000004" lon="-122.11342"><ele>217.57000000000002</ele></trkpt>
    <trkpt lat="37.76427" lon="-122.11346"><ele>218.15</ele></trkpt>
    <trkpt lat="37.76418" lon="-122.11355"><ele>219.01000000000002</ele></trkpt>
    <trkpt lat="37.76411" lon="-122.11364"><ele>219.24</ele></trkpt>
    <trkpt lat="37.763980000000004" lon="-122.11397000000001"><ele>220.18</ele></trkpt>
    <trkpt lat="37.76379" lon="-122.11418"><ele>219.66000000000003</ele></trkpt>
    <trkpt lat="37.76366" lon="-122.1144"><ele>218.79000000000002</ele></trkpt>
    <trkpt lat="37.763600000000004" lon="-122.11458"><ele>217.97000000000003</ele></trkpt>
    <trkpt lat="37.76359" lon="-122.1149"><ele>215.10000000000002</ele></trkpt>
    <trkpt lat="37.763650000000005" lon="-122.11534"><ele>212.93</ele></trkpt>
    <trkpt lat="37.763760000000005" lon="-122.11548"><ele>210.65</ele></trkpt>
    <trkpt lat="37.76393" lon="-122.11548"><ele>209.06000000000003</ele></trkpt>
    <trkpt lat="37.764070000000004" lon="-122.11543"><ele>208.35</ele></trkpt>
    <trkpt lat="37.76418" lon="-122.11543"><ele>208.45000000000002</ele></trkpt>
    <trkpt lat="37.76426" lon="-122.11552"><ele>208.85</ele></trkpt>
    <trkpt lat="37.76428000000001" lon="-122.11589000000001"><ele>210.58</ele></trkpt>
    <trkpt lat="37.76433" lon="-122.11611"><ele>216.44000000000003</ele></trkpt>
    <trkpt lat="37.764390000000006" lon="-122.11628"><ele>216.44000000000003</ele></trkpt>
    <trkpt lat="37.76449" lon="-122.11642"><ele>217.78000000000003</ele></trkpt>
    <trkpt lat="37.764950000000006" lon="-122.11665"><ele>220.43</ele></trkpt>
    <trkpt lat="37.765130000000006" lon="-122.11679000000001"><ele>219.63000000000002</ele></trkpt>
    <trkpt lat="37.76527" lon="-122.11687"><ele>217.72000000000003</ele></trkpt>
    <trkpt lat="37.76545" lon="-122.11687"><ele>216.54</ele></trkpt>
    <trkpt lat="37.765620000000006" lon="-122.11682"><ele>212.33</ele></trkpt>
    <trkpt lat="37.765980000000006" lon="-122.1166"><ele>207.64000000000001</ele></trkpt>
    <trkpt lat="37.766020000000005" lon="-122.1166"><ele>207.64000000000001</ele></trkpt>
    <trkpt lat="37.76608" lon="-122.11664"><ele>206.13</ele></trkpt>
    <trkpt lat="37.76612" lon="-122.11670000000001"><ele>204.51000000000002</ele></trkpt>
    <trkpt lat="37.76615" lon="-122.11688000000001"><ele>204.51000000000002</ele></trkpt>
    <trkpt lat="37.766190003025464" lon="-122.11772499972764"><ele>188.75000000000003</ele></trkpt>
    <trkpt lat="37.76623" lon="-122.11857"><ele>173.67000000000002</ele></trkpt>
    <trkpt lat="37.76628" lon="-122.11875"><ele>171.78</ele></trkpt>
    <trkpt lat="37.76635" lon="-122.11892000000002"><ele>168.88</ele></trkpt>
    <trkpt lat="37.76646" lon="-122.1191"><ele>165.91</ele></trkpt>
    <trkpt lat="37.766560000000005" lon="-122.11921000000001"><ele>163.09</ele></trkpt>
    <trkpt lat="37.766870000000004" lon="-122.11923000000002"><ele>162.33</ele></trkpt>
    <trkpt lat="37.76708" lon="-122.11915"><ele>161.81</ele></trkpt>
    <trkpt lat="37.76722" lon="-122.11916000000001"><ele>161.76000000000002</ele></trkpt>
    <trkpt lat="37.767520000000005" lon="-122.11937"><ele>162.22</ele></trkpt>
    <trkpt lat="37.76764" lon="-122.11955"><ele>163.19</ele></trkpt>
    <trkpt lat="37.7678" lon="-122.12002000000001"><ele>164.32000000000002</ele></trkpt>
    <trkpt lat="37.767880000000005" lon="-122.12017000000002"><ele>164.62</ele></trkpt>
    <trkpt lat="37.76793" lon="-122.12026000000002"><ele>164.77</ele></trkpt>
    <trkpt lat="37.76812" lon="-122.12045"><ele>164.82000000000002</ele></trkpt>
    <trkpt lat="37.7683" lon="-122.12063"><ele>164.58</ele></trkpt>
    <trkpt lat="37.76843" lon="-122.12071000000002"><ele>164.06</ele></trkpt>
    <trkpt lat="37.76874" lon="-122.12102000000002"><ele>163.13000000000002</ele></trkpt>
    <trkpt lat="37.768950000000004" lon="-122.12120000000002"><ele>162.78</ele></trkpt>
    <trkpt lat="37.76908" lon="-122.12129000000002"><ele>162.9</ele></trkpt>
    <trkpt lat="37.769220000000004" lon="-122.12134"><ele>163.12</ele></trkpt>
    <trkpt lat="37.769470000000005" lon="-122.12140000000001"><ele>163.93</ele></trkpt>
    <trkpt lat="37.76968" lon="-122.12157"><ele>164.33</ele></trkpt>
    <trkpt lat="37.769890000000004" lon="-122.12184"><ele>164.79000000000002</ele></trkpt>
    <trkpt lat="37.770070000000004" lon="-122.12197"><ele>165.58</ele></trkpt>
    <trkpt lat="37.77035" lon="-122.1221"><ele>168.46000000000004</ele></trkpt>
    <trkpt lat="37.770570000000006" lon="-122.12224"><ele>170.37</ele></trkpt>
    <trkpt lat="37.77112" lon="-122.12246"><ele>173.62000000000003</ele></trkpt>
    <trkpt lat="37.77127" lon="-122.12246"><ele>176.84000000000003</ele></trkpt>
    <trkpt lat="37.77138" lon="-122.12243000000001"><ele>176.84000000000003</ele></trkpt>
    <trkpt lat="37.771480000000004" lon="-122.12237"><ele>177.3</ele></trkpt>
    <trkpt lat="37.77174" lon="-122.12215"><ele>180.51</ele></trkpt>
    <trkpt lat="37.77185" lon="-122.1221"><ele>183.23</ele></trkpt>
    <trkpt lat="37.77203" lon="-122.12207000000001"><ele>184.86</ele></trkpt>
    <trkpt lat="37.772200000000005" lon="-122.12201"><ele>186.04000000000002</ele></trkpt>
    <trkpt lat="37.77253" lon="-122.12180000000001"><ele>187.07000000000002</ele></trkpt>
    <trkpt lat="37.77264" lon="-122.12180000000001"><ele>186.78</ele></trkpt>
    <trkpt lat="37.77273" lon="-122.12188"><ele>186.39000000000001</ele></trkpt>
    <trkpt lat="37.77277" lon="-122.12201"><ele>185.93</ele></trkpt>
    <trkpt lat="37.77277" lon="-122.12255"><ele>184.76</ele></trkpt>
    <trkpt lat="37.77281" lon="-122.12273"><ele>185.10000000000002</ele></trkpt>
    <trkpt lat="37.77286" lon="-122.12279000000001"><ele>185.2</ele></trkpt>
    <trkpt lat="37.773250000000004" lon="-122.12304"><ele>185.00000000000003</ele></trkpt>
    <trkpt lat="37.773520000000005" lon="-122.12327"><ele>184.39000000000001</ele></trkpt>
    <trkpt lat="37.77362" lon="-122.12331"><ele>184.45</ele></trkpt>
    <trkpt lat="37.77376" lon="-122.12336"><ele>184.73</ele></trkpt>
    <trkpt lat="37.77405" lon="-122.12335000000002"><ele>184.59</ele></trkpt>
    <trkpt lat="37.77412" lon="-122.12337000000001"><ele>184.45</ele></trkpt>
    <trkpt lat="37.774370000000005" lon="-122.12385"><ele>182.61</ele></trkpt>
    <trkpt lat="37.77463" lon="-122.12425"><ele>179.55</ele></trkpt>
    <trkpt lat="37.77474" lon="-122.12434"><ele>179.38</ele></trkpt>
    <trkpt lat="37.77531500050605" lon="-122.12467499741311"><ele>181.47000000000003</ele></trkpt>
    <trkpt lat="37.775890000000004" lon="-122.12501"><ele>182.58</ele></trkpt>
    <trkpt lat="37.776680000000006" lon="-122.12541000000002"><ele>184.66000000000003</ele></trkpt>
    <trkpt lat="37.77676" lon="-122.12551"><ele>184.64000000000001</ele></trkpt>
    <trkpt lat="37.776810000000005" lon="-122.12566000000001"><ele>184.50000000000003</ele></trkpt>
    <trkpt lat="37.77721500077258" lon="-122.1261199982929"><ele>185.12</ele></trkpt>
    <trkpt lat="37.777620970748615" lon="-122.1265207992233"><ele>185.58</ele></trkpt>
    <trkpt lat="37.77751082734157" lon="-122.12703343714276"><ele>185.35000000000002</ele></trkpt>
    <trkpt lat="37.777550000000005" lon="-122.12745000000001"><ele>186.87</ele></trkpt>
    <trkpt lat="37.77799500119058" lon="-122.12796499683792"><ele>191.08</ele></trkpt>
    <trkpt lat="37.77854756444441" lon="-122.12873473824891"><ele>193</ele></trkpt>
    <trkpt lat="37.779163129796615" lon="-122.12900604450695"><ele>193.89000000000001</ele></trkpt>
    <trkpt lat="37.77968636091903" lon="-122.12943261564041"><ele>197.42000000000002</ele></trkpt>
    <trkpt lat="37.779723535422804" lon="-122.12971132858064"><ele>197.42000000000002</ele></trkpt>
    <trkpt lat="37.77975321457862" lon="-122.12968618286806"><ele>197.42000000000002</ele></trkpt>
    <trkpt lat="37.779723535422804" lon="-122.12971132858064"><ele>197.42000000000002</ele></trkpt>
    <trkpt lat="37.77975552413925" lon="-122.12990810449972"><ele>197.42000000000002</ele></trkpt>
    <trkpt lat="37.77958" lon="-122.13021"><ele>200.53</ele></trkpt>
    <trkpt lat="37.77951" lon="-122.13052"><ele>202.71000000000004</ele></trkpt>
    <trkpt lat="37.779536170952156" lon="-122.13079182654938"><ele>205.53</ele></trkpt>
    <trkpt lat="37.77955593945404" lon="-122.1309919192434"><ele>209.25</ele></trkpt>
    <trkpt lat="37.779602889625025" lon="-122.13111385072878"><ele>212.73</ele></trkpt>
    <trkpt lat="37.779699260934436" lon="-122.13132332276761"><ele>216.29</ele></trkpt>
    <trkpt lat="37.77966466612001" lon="-122.13171412881007"><ele>218.2</ele></trkpt>
    <trkpt lat="37.779720180331196" lon="-122.13262173811799"><ele>226.38000000000002</ele></trkpt>
    <trkpt lat="37.77937" lon="-122.13352"><ele>222.15</ele></trkpt>
    <trkpt lat="37.77944" lon="-122.13428"><ele>242.27</ele></trkpt>
    <trkpt lat="37.779520000000005" lon="-122.13464"><ele>248.68</ele></trkpt>
    <trkpt lat="37.779500000000006" lon="-122.13514"><ele>255.20000000000005</ele></trkpt>
    <trkpt lat="37.77976" lon="-122.13472000000002"><ele>260.14000000000004</ele></trkpt>
    <trkpt lat="37.77985" lon="-122.13423000000002"><ele>267.23</ele></trkpt>
    <trkpt lat="37.77991" lon="-122.13406"><ele>267.23</ele></trkpt>
    <trkpt lat="37.78007" lon="-122.13397"><ele>270.17</ele></trkpt>
    <trkpt lat="37.78022" lon="-122.13392"><ele>272.85</ele></trkpt>
    <trkpt lat="37.78032" lon="-122.13392"><ele>273.5</ele></trkpt>
    <trkpt lat="37.78043" lon="-122.13396000000002"><ele>275.99</ele></trkpt>
    <trkpt lat="37.78049" lon="-122.13401"><ele>275.99</ele></trkpt>
    <trkpt lat="37.78056" lon="-122.1341"><ele>275.99</ele></trkpt>
    <trkpt lat="37.78058" lon="-122.13424"><ele>279.25</ele></trkpt>
    <trkpt lat="37.780330000000006" lon="-122.13468"><ele>284.94</ele></trkpt>
    <trkpt lat="37.78032" lon="-122.13477"><ele>287.05</ele></trkpt>
    <trkpt lat="37.78036" lon="-122.13486"><ele>287.05</ele></trkpt>
    <trkpt lat="37.78052" lon="-122.13495"><ele>289.99</ele></trkpt>
    <trkpt lat="37.78061" lon="-122.13509"><ele>291.22</ele></trkpt>
    <trkpt lat="37.78063" lon="-122.13522"><ele>291.82</ele></trkpt>
    <trkpt lat="37.78061" lon="-122.13536"><ele>292.78000000000003</ele></trkpt>
    <trkpt lat="37.780530000000006" lon="-122.13562"><ele>293.8</ele></trkpt>
    <trkpt lat="37.78054" lon="-122.13571"><ele>294.11</ele></trkpt>
    <trkpt lat="37.78058" lon="-122.13585"><ele>294.85</ele></trkpt>
    <trkpt lat="37.7807" lon="-122.13607"><ele>297.3</ele></trkpt>
    <trkpt lat="37.78078" lon="-122.13639"><ele>298.54</ele></trkpt>
    <trkpt lat="37.78085" lon="-122.13648"><ele>299.09000000000003</ele></trkpt>
    <trkpt lat="37.78112" lon="-122.13674"><ele>302.20000000000005</ele></trkpt>
    <trkpt lat="37.78135" lon="-122.13684"><ele>306.91</ele></trkpt>
    <trkpt lat="37.78148" lon="-122.13719"><ele>308.05</ele></trkpt>
    <trkpt lat="37.781690000000005" lon="-122.13743000000001"><ele>308.96</ele></trkpt>
    <trkpt lat="37.78188" lon="-122.13755"><ele>310.20000000000005</ele></trkpt>
    <trkpt lat="37.781960000000005" lon="-122.13764"><ele>310.81</ele></trkpt>
    <trkpt lat="37.78201" lon="-122.13782"><ele>311.66</ele></trkpt>
    <trkpt lat="37.782050000000005" lon="-122.13813"><ele>311.08000000000004</ele></trkpt>
    <trkpt lat="37.7821" lon="-122.13827"><ele>310.89</ele></trkpt>
    <trkpt lat="37.782270000000004" lon="-122.13836"><ele>311.24</ele></trkpt>
    <trkpt lat="37.78248" lon="-122.13853"><ele>313.13</ele></trkpt>
    <trkpt lat="37.782590000000006" lon="-122.13854"><ele>314.07</ele></trkpt>
    <trkpt lat="37.782830000000004" lon="-122.13846000000001"><ele>317.04</ele></trkpt>
    <trkpt lat="37.78291" lon="-122.13850000000001"><ele>317.62</ele></trkpt>
    <trkpt lat="37.78294" lon="-122.13851000000001"><ele>318.03000000000003</ele></trkpt>
    <trkpt lat="37.78318" lon="-122.13858"><ele>319.1</ele></trkpt>
    <trkpt lat="37.783280000000005" lon="-122.13859000000001"><ele>319.8</ele></trkpt>
    <trkpt lat="37.78343" lon="-122.13854"><ele>322.15000000000003</ele></trkpt>
    <trkpt lat="37.783530000000006" lon="-122.13854"><ele>322.59000000000003</ele></trkpt>
    <trkpt lat="37.78367" lon="-122.13862"><ele>323.64000000000004</ele></trkpt>
    <trkpt lat="37.783710000000006" lon="-122.13871"><ele>324.09999999999997</ele></trkpt>
    <trkpt lat="37.78372" lon="-122.1388"><ele>324.23</ele></trkpt>
    <trkpt lat="37.78372" lon="-122.13889"><ele>324.26000000000005</ele></trkpt>
    <trkpt lat="37.78367" lon="-122.13911000000002"><ele>323.20000000000005</ele></trkpt>
    <trkpt lat="37.783680000000004" lon="-122.13922000000001"><ele>323.20000000000005</ele></trkpt>
    <trkpt lat="37.78372" lon="-122.1393"><ele>323.20000000000005</ele></trkpt>
    <trkpt lat="37.78388" lon="-122.13949000000001"><ele>322.0</ele></trkpt>
    <trkpt lat="37.783950000000004" lon="-122.13961"><ele>321.02000000000004</ele></trkpt>
    <trkpt lat="37.78399" lon="-122.13979"><ele>319.95</ele></trkpt>
    <trkpt lat="37.784020000000005" lon="-122.14006"><ele>319.33</ele></trkpt>
    <trkpt lat="37.78407" lon="-122.14016000000001"><ele>319.26000000000005</ele></trkpt>
    <trkpt lat="37.78414" lon="-122.14019"><ele>319.57</ele></trkpt>
    <trkpt lat="37.784240000000004" lon="-122.14015"><ele>320.24</ele></trkpt>
    <trkpt lat="37.78457" lon="-122.13974"><ele>326.29</ele></trkpt>
    <trkpt lat="37.784670000000006" lon="-122.1397"><ele>328.04</ele></trkpt>
    <trkpt lat="37.784780000000005" lon="-122.13969000000002"><ele>329.3</ele></trkpt>
    <trkpt lat="37.784890000000004" lon="-122.1397"><ele>330.74</ele></trkpt>
    <trkpt lat="37.78495" lon="-122.13975"><ele>331.53000000000003</ele></trkpt>
    <trkpt lat="37.78502" lon="-122.13988"><ele>333.99</ele></trkpt>
    <trkpt lat="37.785050000000005" lon="-122.14042"><ele>340.64000000000004</ele></trkpt>
    <trkpt lat="37.78508" lon="-122.14055"><ele>340.64000000000004</ele></trkpt>
    <trkpt lat="37.78515" lon="-122.14065000000001"><ele>343.96000000000004</ele></trkpt>
    <trkpt lat="37.78530000000001" lon="-122.14077"><ele>344.86000000000007</ele></trkpt>
    <trkpt lat="37.785360000000004" lon="-122.14091"><ele>345.41</ele></trkpt>
    <trkpt lat="37.785360000000004" lon="-122.14131"><ele>339.64000000000004</ele></trkpt>
    <trkpt lat="37.785410000000006" lon="-122.14149"><ele>338.01000000000005</ele></trkpt>
    <trkpt lat="37.7858" lon="-122.14203"><ele>340.22</ele></trkpt>
    <trkpt lat="37.78634" lon="-122.14254000000001"><ele>353.16</ele></trkpt>
    <trkpt lat="37.786280000000005" lon="-122.14262000000001"><ele>353.11</ele></trkpt>
    <trkpt lat="37.7862" lon="-122.14262000000001"><ele>353.11</ele></trkpt>
    <trkpt lat="37.78539" lon="-122.14281000000001"><ele>339.6</ele></trkpt>
    <trkpt lat="37.78528" lon="-122.14256"><ele>339.15</ele></trkpt>
    <trkpt lat="37.785180000000004" lon="-122.14240000000001"><ele>338.81</ele></trkpt>
    <trkpt lat="37.785120000000006" lon="-122.14247"><ele>338.67</ele></trkpt>
    <trkpt lat="37.7852" lon="-122.14261"><ele>338.71</ele></trkpt>
    <trkpt lat="37.785320000000006" lon="-122.14292"><ele>338.94</ele></trkpt>
    <trkpt lat="37.785340000000005" lon="-122.14306"><ele>338.83000000000004</ele></trkpt>
    <trkpt lat="37.78531" lon="-122.14317000000001"><ele>338.61</ele></trkpt>
    <trkpt lat="37.78535" lon="-122.14333"><ele>338.23</ele></trkpt>
    <trkpt lat="37.78528" lon="-122.14351"><ele>338.12</ele></trkpt>
    <trkpt lat="37.78529" lon="-122.14364"><ele>337.97</ele></trkpt>
    <trkpt lat="37.785050000000005" lon="-122.14427"><ele>337.23</ele></trkpt>
    <trkpt lat="37.785030000000006" lon="-122.14485"><ele>338.43</ele></trkpt>
    <trkpt lat="37.78506" lon="-122.14507"><ele>338.94</ele></trkpt>
    <trkpt lat="37.78517" lon="-122.14534"><ele>339.5</ele></trkpt>
    <trkpt lat="37.78530000000001" lon="-122.14551000000002"><ele>339.2</ele></trkpt>
    <trkpt lat="37.7854" lon="-122.14561"><ele>338.75000000000006</ele></trkpt>
    <trkpt lat="37.78564" lon="-122.14575"><ele>337.16</ele></trkpt>
    <trkpt lat="37.785920000000004" lon="-122.14605000000002"><ele>335.95000000000005</ele></trkpt>
    <trkpt lat="37.78607" lon="-122.14635000000001"><ele>336.1</ele></trkpt>
    <trkpt lat="37.786170000000006" lon="-122.14673"><ele>337.23</ele></trkpt>
    <trkpt lat="37.786260000000006" lon="-122.14727"><ele>336.95000000000005</ele></trkpt>
    <trkpt lat="37.78640000162767" lon="-122.1478899988401"><ele>336.69000000000005</ele></trkpt>
    <trkpt lat="37.78654" lon="-122.14851000000002"><ele>336.14000000000004</ele></trkpt>
    <trkpt lat="37.78680000000001" lon="-122.14901"><ele>335.85</ele></trkpt>
    <trkpt lat="37.78692" lon="-122.14915"><ele>336.44</ele></trkpt>
    <trkpt lat="37.78726" lon="-122.14946"><ele>340.40000000000003</ele></trkpt>
    <trkpt lat="37.78746" lon="-122.14954000000002"><ele>341.94</ele></trkpt>
    <trkpt lat="37.78745" lon="-122.14959"><ele>341.94</ele></trkpt>
    <trkpt lat="37.78781" lon="-122.14968"><ele>344.28000000000003</ele></trkpt>
    <trkpt lat="37.788320000000006" lon="-122.14969"><ele>347.2</ele></trkpt>
    <trkpt lat="37.78871" lon="-122.14968"><ele>346.0</ele></trkpt>
    <trkpt lat="37.788790000000006" lon="-122.14973"><ele>346.0</ele></trkpt>
    <trkpt lat="37.78896" lon="-122.14973"><ele>345.47</ele></trkpt>
    <trkpt lat="37.789100000000005" lon="-122.14980000000001"><ele>345.59</ele></trkpt>
    <trkpt lat="37.78914847549713" lon="-122.14984069452004"><ele>345.87</ele></trkpt>
    <trkpt lat="37.789181886545634" lon="-122.14989335655159"><ele>345.48</ele></trkpt>
    <trkpt lat="37.78925" lon="-122.14991"><ele>345.47</ele></trkpt>
    <trkpt lat="37.78936" lon="-122.15001000000001"><ele>346.09</ele></trkpt>
    <trkpt lat="37.78943" lon="-122.15013"><ele>346.54</ele></trkpt>
    <trkpt lat="37.78963" lon="-122.15067"><ele>349.74000000000007</ele></trkpt>
    <trkpt lat="37.789950000000005" lon="-122.1512"><ele>348.21000000000004</ele></trkpt>
    <trkpt lat="37.790020000000005" lon="-122.15125"><ele>347.87</ele></trkpt>
    <trkpt lat="37.79017" lon="-122.15138"><ele>347.75</ele></trkpt>
    <trkpt lat="37.790580000000006" lon="-122.15156"><ele>349.68000000000006</ele></trkpt>
    <trkpt lat="37.79081" lon="-122.1517"><ele>352.07000000000005</ele></trkpt>
    <trkpt lat="37.790940000000006" lon="-122.15179"><ele>353.93</ele></trkpt>
    <trkpt lat="37.79112000000001" lon="-122.15201"><ele>355.27000000000004</ele></trkpt>
    <trkpt lat="37.79122" lon="-122.15219"><ele>356.7</ele></trkpt>
    <trkpt lat="37.79135030748789" lon="-122.1525186090124"><ele>358.99759290639844</ele></trkpt>
    <trkpt lat="37.791560000000004" lon="-122.15295"><ele>361.00000000000006</ele></trkpt>
    <trkpt lat="37.79190000094634" lon="-122.15337499827314"><ele>362.31</ele></trkpt>
    <trkpt lat="37.79224" lon="-122.1538"><ele>362.69</ele></trkpt>
    <trkpt lat="37.79238" lon="-122.15403"><ele>362.12000000000006</ele></trkpt>
    <trkpt lat="37.792480000000005" lon="-122.15433000000002"><ele>361.82000000000005</ele></trkpt>
    <trkpt lat="37.79252" lon="-122.15468000000001"><ele>361.46</ele></trkpt>
    <trkpt lat="37.792530000000006" lon="-122.15528"><ele>360.04</ele></trkpt>
    <trkpt lat="37.79229" lon="-122.15617"><ele>356.48</ele></trkpt>
    <trkpt lat="37.79227" lon="-122.15671"><ele>354.29</ele></trkpt>
    <trkpt lat="37.79238" lon="-122.15716"><ele>352.22</ele></trkpt>
    <trkpt lat="37.792410000000004" lon="-122.15719000000001"><ele>352.22</ele></trkpt>
    <trkpt lat="37.792500000000004" lon="-122.15738"><ele>349.76</ele></trkpt>
    <trkpt lat="37.792820000000006" lon="-122.15788"><ele>345.99</ele></trkpt>
    <trkpt lat="37.79314" lon="-122.15802000000001"><ele>343.85</ele></trkpt>
    <trkpt lat="37.79332" lon="-122.15807000000001"><ele>343.53</ele></trkpt>
    <trkpt lat="37.793890000000005" lon="-122.15818000000002"><ele>342.99</ele></trkpt>
    <trkpt lat="37.794000000000004" lon="-122.15823"><ele>342.74</ele></trkpt>
    <trkpt lat="37.794160000000005" lon="-122.15837"><ele>341.88</ele></trkpt>
    <trkpt lat="37.7943" lon="-122.15842"><ele>340.58000000000004</ele></trkpt>
    <trkpt lat="37.794630000000005" lon="-122.15874000000001"><ele>338.47</ele></trkpt>
    <trkpt lat="37.79478" lon="-122.159"><ele>337.72</ele></trkpt>
    <trkpt lat="37.79496" lon="-122.15935"><ele>336.5</ele></trkpt>
    <trkpt lat="37.79505" lon="-122.15968000000001"><ele>336.41</ele></trkpt>
    <trkpt lat="37.79516" lon="-122.15989"><ele>336.33</ele></trkpt>
    <trkpt lat="37.795280000000005" lon="-122.16021"><ele>335.9200000000001</ele></trkpt>
    <trkpt lat="37.79552" lon="-122.16105"><ele>333.21</ele></trkpt>
    <trkpt lat="37.795750000000005" lon="-122.16168"><ele>335.23</ele></trkpt>
    <trkpt lat="37.795970000000004" lon="-122.16205000000001"><ele>336.31000000000006</ele></trkpt>
    <trkpt lat="37.79606487603972" lon="-122.1621989165032"><ele>336.31000000000006</ele></trkpt>
    <trkpt lat="37.796181366485314" lon="-122.16232954255727"><ele>336.12</ele></trkpt>
    <trkpt lat="37.79663117554196" lon="-122.16283779180611"><ele>335.75000000000006</ele></trkpt>
    <trkpt lat="37.79713605998846" lon="-122.16336056246303"><ele>335.1</ele></trkpt>
    <trkpt lat="37.797583568321556" lon="-122.1638528381644"><ele>334.89</ele></trkpt>
    <trkpt lat="37.797834035633414" lon="-122.16418167560991"><ele>334.91</ele></trkpt>
    <trkpt lat="37.79801303760189" lon="-122.16440385313892"><ele>335.15</ele></trkpt>
    <trkpt lat="37.79815418205767" lon="-122.16455925396255"><ele>334.93</ele></trkpt>
    <trkpt lat="37.798271221335455" lon="-122.16439631923316"><ele>336.00595180792646</ele></trkpt>
    <trkpt lat="37.7983219074915" lon="-122.1642173221708"><ele>339.86000000000007</ele></trkpt>
    <trkpt lat="37.79797000000001" lon="-122.16359000000001"><ele>337.08000000000004</ele></trkpt>
    <trkpt lat="37.797580000742464" lon="-122.163184997913"><ele>337.18</ele></trkpt>
    <trkpt lat="37.79719" lon="-122.16278000000001"><ele>337.17</ele></trkpt>
    <trkpt lat="37.7971" lon="-122.16257000000002"><ele>337.22</ele></trkpt>
    <trkpt lat="37.79715" lon="-122.16226"><ele>337.13000000000005</ele></trkpt>
    <trkpt lat="37.79750000000001" lon="-122.16207000000001"><ele>337.3</ele></trkpt>
    <trkpt lat="37.798" lon="-122.16255000000001"><ele>337.66</ele></trkpt>
  </trkseg></trk>
</gpx>
