<?xml version="1.0" encoding="UTF-8"?>
<gpx version="1.1" creator="ultrainfo" xmlns="http://www.topografix.com/GPX/1/1">
  <metadata><name>Coyote Two Moon 100 - organizer CalTopo 100M line with station markers; waypoint elevations from the turn-by-turn</name></metadata>
  <wpt lat="34.436890" lon="-119.136650"><ele>479.8</ele><name>Start &amp; Finish</name></wpt>
  <wpt lat="34.500350" lon="-119.120010"><ele>1607.2</ele><name>Aid Station #1 TopaTopa  (ElderCamp)</name></wpt>
  <wpt lat="34.533730" lon="-119.182200"><ele>1041.2</ele><name>AID Station #2 Rose Vally</name></wpt>
  <wpt lat="34.461660" lon="-119.183340"><ele>417.6</ele><name>Aid Station #3 Thacher Creek Trailhead</name></wpt>
  <wpt lat="34.505300" lon="-119.171420"><ele>1474.3</ele><name>Unmanned Water Station</name></wpt>
  <wpt lat="34.505530" lon="-119.233830"><ele>1160.4</ele><name>Aid Station #4 Top Gridlry</name></wpt>
  <wpt lat="34.469000" lon="-119.223720"><ele>381.9</ele><name>Aid Station #5 Bottom Gridley</name></wpt>
  <wpt lat="34.478620" lon="-119.290880"><ele>268.5</ele><name>Aid Station #6  Cozy Dell</name></wpt>
  <trk><name>Coyote Two Moon 100</name><trkseg>
    <trkpt lat="34.436770" lon="-119.137990"></trkpt>
    <trkpt lat="34.436451" lon="-119.137346"></trkpt>
    <trkpt lat="34.436451" lon="-119.137328"></trkpt>
    <trkpt lat="34.439090" lon="-119.137290"></trkpt>
    <trkpt lat="34.439990" lon="-119.137248"></trkpt>
    <trkpt lat="34.439990" lon="-119.137248"></trkpt>
    <trkpt lat="34.440950" lon="-119.137202"></trkpt>
    <trkpt lat="34.440950" lon="-119.137202"></trkpt>
    <trkpt lat="34.441000" lon="-119.137200"></trkpt>
    <trkpt lat="34.441150" lon="-119.137140"></trkpt>
    <trkpt lat="34.441252" lon="-119.137075"></trkpt>
    <trkpt lat="34.441252" lon="-119.137075"></trkpt>
    <trkpt lat="34.441610" lon="-119.136850"></trkpt>
    <trkpt lat="34.441750" lon="-119.136820"></trkpt>
    <trkpt lat="34.442050" lon="-119.136840"></trkpt>
    <trkpt lat="34.442116" lon="-119.136813"></trkpt>
    <trkpt lat="34.442129" lon="-119.136807"></trkpt>
    <trkpt lat="34.442340" lon="-119.136720"></trkpt>
    <trkpt lat="34.442448" lon="-119.136646"></trkpt>
    <trkpt lat="34.442448" lon="-119.136646"></trkpt>
    <trkpt lat="34.442630" lon="-119.136520"></trkpt>
    <trkpt lat="34.442797" lon="-119.136373"></trkpt>
    <trkpt lat="34.442790" lon="-119.136379"></trkpt>
    <trkpt lat="34.442800" lon="-119.136370"></trkpt>
    <trkpt lat="34.443340" lon="-119.135740"></trkpt>
    <trkpt lat="34.443350" lon="-119.135730"></trkpt>
    <trkpt lat="34.443640" lon="-119.135310"></trkpt>
    <trkpt lat="34.443750" lon="-119.135200"></trkpt>
    <trkpt lat="34.443830" lon="-119.135150"></trkpt>
    <trkpt lat="34.444270" lon="-119.135020"></trkpt>
    <trkpt lat="34.444540" lon="-119.134850"></trkpt>
    <trkpt lat="34.444848" lon="-119.134732"></trkpt>
    <trkpt lat="34.444848" lon="-119.134732"></trkpt>
    <trkpt lat="34.444930" lon="-119.134700"></trkpt>
    <trkpt lat="34.445230" lon="-119.134650"></trkpt>
    <trkpt lat="34.445400" lon="-119.134560"></trkpt>
    <trkpt lat="34.445660" lon="-119.134530"></trkpt>
    <trkpt lat="34.445860" lon="-119.134460"></trkpt>
    <trkpt lat="34.446330" lon="-119.134140"></trkpt>
    <trkpt lat="34.447240" lon="-119.133820"></trkpt>
    <trkpt lat="34.447750" lon="-119.133770"></trkpt>
    <trkpt lat="34.447750" lon="-119.133770"></trkpt>
    <trkpt lat="34.448190" lon="-119.133790"></trkpt>
    <trkpt lat="34.448390" lon="-119.133870"></trkpt>
    <trkpt lat="34.448690" lon="-119.133880"></trkpt>
    <trkpt lat="34.448870" lon="-119.133930"></trkpt>
    <trkpt lat="34.449000" lon="-119.134040"></trkpt>
    <trkpt lat="34.449270" lon="-119.134150"></trkpt>
    <trkpt lat="34.449610" lon="-119.134180"></trkpt>
    <trkpt lat="34.449610" lon="-119.134180"></trkpt>
    <trkpt lat="34.449770" lon="-119.134240"></trkpt>
    <trkpt lat="34.450090" lon="-119.134460"></trkpt>
    <trkpt lat="34.450610" lon="-119.134690"></trkpt>
    <trkpt lat="34.450820" lon="-119.134830"></trkpt>
    <trkpt lat="34.451080" lon="-119.135080"></trkpt>
    <trkpt lat="34.451640" lon="-119.135290"></trkpt>
    <trkpt lat="34.451770" lon="-119.135410"></trkpt>
    <trkpt lat="34.452040" lon="-119.135740"></trkpt>
    <trkpt lat="34.452040" lon="-119.135740"></trkpt>
    <trkpt lat="34.452220" lon="-119.135980"></trkpt>
    <trkpt lat="34.452220" lon="-119.135980"></trkpt>
    <trkpt lat="34.452400" lon="-119.136150"></trkpt>
    <trkpt lat="34.452560" lon="-119.136230"></trkpt>
    <trkpt lat="34.452750" lon="-119.136250"></trkpt>
    <trkpt lat="34.452890" lon="-119.136320"></trkpt>
    <trkpt lat="34.453370" lon="-119.136400"></trkpt>
    <trkpt lat="34.453510" lon="-119.136370"></trkpt>
    <trkpt lat="34.453550" lon="-119.136330"></trkpt>
    <trkpt lat="34.453610" lon="-119.136200"></trkpt>
    <trkpt lat="34.453600" lon="-119.136050"></trkpt>
    <trkpt lat="34.453570" lon="-119.136010"></trkpt>
    <trkpt lat="34.453380" lon="-119.135920"></trkpt>
    <trkpt lat="34.453300" lon="-119.135740"></trkpt>
    <trkpt lat="34.453300" lon="-119.135740"></trkpt>
    <trkpt lat="34.453260" lon="-119.135000"></trkpt>
    <trkpt lat="34.453310" lon="-119.134780"></trkpt>
    <trkpt lat="34.453410" lon="-119.134560"></trkpt>
    <trkpt lat="34.453540" lon="-119.134390"></trkpt>
    <trkpt lat="34.453910" lon="-119.134020"></trkpt>
    <trkpt lat="34.454450" lon="-119.133620"></trkpt>
    <trkpt lat="34.454600" lon="-119.133410"></trkpt>
    <trkpt lat="34.454860" lon="-119.132820"></trkpt>
    <trkpt lat="34.455090" lon="-119.132470"></trkpt>
    <trkpt lat="34.455590" lon="-119.131980"></trkpt>
    <trkpt lat="34.455940" lon="-119.131730"></trkpt>
    <trkpt lat="34.456520" lon="-119.131470"></trkpt>
    <trkpt lat="34.456920" lon="-119.131340"></trkpt>
    <trkpt lat="34.457270" lon="-119.131350"></trkpt>
    <trkpt lat="34.457620" lon="-119.131510"></trkpt>
    <trkpt lat="34.457850" lon="-119.131540"></trkpt>
    <trkpt lat="34.458250" lon="-119.131410"></trkpt>
    <trkpt lat="34.458310" lon="-119.131350"></trkpt>
    <trkpt lat="34.458460" lon="-119.131120"></trkpt>
    <trkpt lat="34.458610" lon="-119.131040"></trkpt>
    <trkpt lat="34.459150" lon="-119.131020"></trkpt>
    <trkpt lat="34.459480" lon="-119.130900"></trkpt>
    <trkpt lat="34.459750" lon="-119.130840"></trkpt>
    <trkpt lat="34.460250" lon="-119.130880"></trkpt>
    <trkpt lat="34.460850" lon="-119.130660"></trkpt>
    <trkpt lat="34.461070" lon="-119.130620"></trkpt>
    <trkpt lat="34.461560" lon="-119.130620"></trkpt>
    <trkpt lat="34.462290" lon="-119.130510"></trkpt>
    <trkpt lat="34.462470" lon="-119.130430"></trkpt>
    <trkpt lat="34.462730" lon="-119.130160"></trkpt>
    <trkpt lat="34.462900" lon="-119.130070"></trkpt>
    <trkpt lat="34.463020" lon="-119.130070"></trkpt>
    <trkpt lat="34.463680" lon="-119.130200"></trkpt>
    <trkpt lat="34.463790" lon="-119.130180"></trkpt>
    <trkpt lat="34.463890" lon="-119.130120"></trkpt>
    <trkpt lat="34.464000" lon="-119.129960"></trkpt>
    <trkpt lat="34.464170" lon="-119.129510"></trkpt>
    <trkpt lat="34.464360" lon="-119.129470"></trkpt>
    <trkpt lat="34.464360" lon="-119.129470"></trkpt>
    <trkpt lat="34.464460" lon="-119.129460"></trkpt>
    <trkpt lat="34.464460" lon="-119.129460"></trkpt>
    <trkpt lat="34.464680" lon="-119.129440"></trkpt>
    <trkpt lat="34.464780" lon="-119.129400"></trkpt>
    <trkpt lat="34.464890" lon="-119.129270"></trkpt>
    <trkpt lat="34.464950" lon="-119.129100"></trkpt>
    <trkpt lat="34.465020" lon="-119.128360"></trkpt>
    <trkpt lat="34.465020" lon="-119.127680"></trkpt>
    <trkpt lat="34.465050" lon="-119.127450"></trkpt>
    <trkpt lat="34.465160" lon="-119.127030"></trkpt>
    <trkpt lat="34.465260" lon="-119.126840"></trkpt>
    <trkpt lat="34.465444" lon="-119.126656"></trkpt>
    <trkpt lat="34.465444" lon="-119.126656"></trkpt>
    <trkpt lat="34.465560" lon="-119.126540"></trkpt>
    <trkpt lat="34.465710" lon="-119.126350"></trkpt>
    <trkpt lat="34.465970" lon="-119.126220"></trkpt>
    <trkpt lat="34.466100" lon="-119.126220"></trkpt>
    <trkpt lat="34.466390" lon="-119.126310"></trkpt>
    <trkpt lat="34.466740" lon="-119.126280"></trkpt>
    <trkpt lat="34.466950" lon="-119.126330"></trkpt>
    <trkpt lat="34.467090" lon="-119.126290"></trkpt>
    <trkpt lat="34.467270" lon="-119.126150"></trkpt>
    <trkpt lat="34.467550" lon="-119.125880"></trkpt>
    <trkpt lat="34.467670" lon="-119.125680"></trkpt>
    <trkpt lat="34.467990" lon="-119.125460"></trkpt>
    <trkpt lat="34.468320" lon="-119.125070"></trkpt>
    <trkpt lat="34.468780" lon="-119.124750"></trkpt>
    <trkpt lat="34.468860" lon="-119.124660"></trkpt>
    <trkpt lat="34.469130" lon="-119.123660"></trkpt>
    <trkpt lat="34.469200" lon="-119.123540"></trkpt>
    <trkpt lat="34.469320" lon="-119.123510"></trkpt>
    <trkpt lat="34.469380" lon="-119.123560"></trkpt>
    <trkpt lat="34.469430" lon="-119.123680"></trkpt>
    <trkpt lat="34.469430" lon="-119.123800"></trkpt>
    <trkpt lat="34.469120" lon="-119.125020"></trkpt>
    <trkpt lat="34.469070" lon="-119.125370"></trkpt>
    <trkpt lat="34.468900" lon="-119.125640"></trkpt>
    <trkpt lat="34.468840" lon="-119.125830"></trkpt>
    <trkpt lat="34.468700" lon="-119.126080"></trkpt>
    <trkpt lat="34.468640" lon="-119.126240"></trkpt>
    <trkpt lat="34.468620" lon="-119.126520"></trkpt>
    <trkpt lat="34.468570" lon="-119.126590"></trkpt>
    <trkpt lat="34.468390" lon="-119.126670"></trkpt>
    <trkpt lat="34.468140" lon="-119.126860"></trkpt>
    <trkpt lat="34.467530" lon="-119.127070"></trkpt>
    <trkpt lat="34.467200" lon="-119.127340"></trkpt>
    <trkpt lat="34.467210" lon="-119.127430"></trkpt>
    <trkpt lat="34.467440" lon="-119.127790"></trkpt>
    <trkpt lat="34.467510" lon="-119.127820"></trkpt>
    <trkpt lat="34.467560" lon="-119.127750"></trkpt>
    <trkpt lat="34.467570" lon="-119.127550"></trkpt>
    <trkpt lat="34.467620" lon="-119.127380"></trkpt>
    <trkpt lat="34.467680" lon="-119.127330"></trkpt>
    <trkpt lat="34.468000" lon="-119.127310"></trkpt>
    <trkpt lat="34.468110" lon="-119.127280"></trkpt>
    <trkpt lat="34.468320" lon="-119.127310"></trkpt>
    <trkpt lat="34.468560" lon="-119.127210"></trkpt>
    <trkpt lat="34.468690" lon="-119.127260"></trkpt>
    <trkpt lat="34.468900" lon="-119.127200"></trkpt>
    <trkpt lat="34.469100" lon="-119.127210"></trkpt>
    <trkpt lat="34.469220" lon="-119.127050"></trkpt>
    <trkpt lat="34.469290" lon="-119.126880"></trkpt>
    <trkpt lat="34.469290" lon="-119.126780"></trkpt>
    <trkpt lat="34.469260" lon="-119.126580"></trkpt>
    <trkpt lat="34.469270" lon="-119.126510"></trkpt>
    <trkpt lat="34.469310" lon="-119.126460"></trkpt>
    <trkpt lat="34.469470" lon="-119.126440"></trkpt>
    <trkpt lat="34.469600" lon="-119.126370"></trkpt>
    <trkpt lat="34.469810" lon="-119.126090"></trkpt>
    <trkpt lat="34.469840" lon="-119.126040"></trkpt>
    <trkpt lat="34.469860" lon="-119.125650"></trkpt>
    <trkpt lat="34.469940" lon="-119.125510"></trkpt>
    <trkpt lat="34.470000" lon="-119.125470"></trkpt>
    <trkpt lat="34.470060" lon="-119.125490"></trkpt>
    <trkpt lat="34.470340" lon="-119.125700"></trkpt>
    <trkpt lat="34.470340" lon="-119.125700"></trkpt>
    <trkpt lat="34.470480" lon="-119.125840"></trkpt>
    <trkpt lat="34.470630" lon="-119.125920"></trkpt>
    <trkpt lat="34.471120" lon="-119.126310"></trkpt>
    <trkpt lat="34.471420" lon="-119.126320"></trkpt>
    <trkpt lat="34.471470" lon="-119.126300"></trkpt>
    <trkpt lat="34.471520" lon="-119.126210"></trkpt>
    <trkpt lat="34.471560" lon="-119.125770"></trkpt>
    <trkpt lat="34.471590" lon="-119.125610"></trkpt>
    <trkpt lat="34.471690" lon="-119.125330"></trkpt>
    <trkpt lat="34.471820" lon="-119.125110"></trkpt>
    <trkpt lat="34.471990" lon="-119.125060"></trkpt>
    <trkpt lat="34.472110" lon="-119.125080"></trkpt>
    <trkpt lat="34.472300" lon="-119.125220"></trkpt>
    <trkpt lat="34.472560" lon="-119.125340"></trkpt>
    <trkpt lat="34.472690" lon="-119.125530"></trkpt>
    <trkpt lat="34.472780" lon="-119.125580"></trkpt>
    <trkpt lat="34.473040" lon="-119.125490"></trkpt>
    <trkpt lat="34.473230" lon="-119.125540"></trkpt>
    <trkpt lat="34.473260" lon="-119.125570"></trkpt>
    <trkpt lat="34.473400" lon="-119.125880"></trkpt>
    <trkpt lat="34.473430" lon="-119.125900"></trkpt>
    <trkpt lat="34.473560" lon="-119.125870"></trkpt>
    <trkpt lat="34.473800" lon="-119.125570"></trkpt>
    <trkpt lat="34.473850" lon="-119.125560"></trkpt>
    <trkpt lat="34.474070" lon="-119.125770"></trkpt>
    <trkpt lat="34.474450" lon="-119.125830"></trkpt>
    <trkpt lat="34.474610" lon="-119.126080"></trkpt>
    <trkpt lat="34.474690" lon="-119.126070"></trkpt>
    <trkpt lat="34.474850" lon="-119.125890"></trkpt>
    <trkpt lat="34.475080" lon="-119.125760"></trkpt>
    <trkpt lat="34.475490" lon="-119.125800"></trkpt>
    <trkpt lat="34.475860" lon="-119.125700"></trkpt>
    <trkpt lat="34.475940" lon="-119.125730"></trkpt>
    <trkpt lat="34.476140" lon="-119.125890"></trkpt>
    <trkpt lat="34.476250" lon="-119.126070"></trkpt>
    <trkpt lat="34.476320" lon="-119.126080"></trkpt>
    <trkpt lat="34.476520" lon="-119.125920"></trkpt>
    <trkpt lat="34.476770" lon="-119.125990"></trkpt>
    <trkpt lat="34.476810" lon="-119.125930"></trkpt>
    <trkpt lat="34.476830" lon="-119.125700"></trkpt>
    <trkpt lat="34.476930" lon="-119.125600"></trkpt>
    <trkpt lat="34.477270" lon="-119.125530"></trkpt>
    <trkpt lat="34.477470" lon="-119.125410"></trkpt>
    <trkpt lat="34.477970" lon="-119.125320"></trkpt>
    <trkpt lat="34.478620" lon="-119.125080"></trkpt>
    <trkpt lat="34.478870" lon="-119.124920"></trkpt>
    <trkpt lat="34.478920" lon="-119.124930"></trkpt>
    <trkpt lat="34.478920" lon="-119.124930"></trkpt>
    <trkpt lat="34.479070" lon="-119.124860"></trkpt>
    <trkpt lat="34.479470" lon="-119.124920"></trkpt>
    <trkpt lat="34.480010" lon="-119.125280"></trkpt>
    <trkpt lat="34.480190" lon="-119.125570"></trkpt>
    <trkpt lat="34.480470" lon="-119.125810"></trkpt>
    <trkpt lat="34.480460" lon="-119.125860"></trkpt>
    <trkpt lat="34.480430" lon="-119.125890"></trkpt>
    <trkpt lat="34.480220" lon="-119.125780"></trkpt>
    <trkpt lat="34.479800" lon="-119.125370"></trkpt>
    <trkpt lat="34.479640" lon="-119.125250"></trkpt>
    <trkpt lat="34.479360" lon="-119.125260"></trkpt>
    <trkpt lat="34.479200" lon="-119.125350"></trkpt>
    <trkpt lat="34.479490" lon="-119.125430"></trkpt>
    <trkpt lat="34.479850" lon="-119.125670"></trkpt>
    <trkpt lat="34.479910" lon="-119.125740"></trkpt>
    <trkpt lat="34.479950" lon="-119.125940"></trkpt>
    <trkpt lat="34.480030" lon="-119.125960"></trkpt>
    <trkpt lat="34.480590" lon="-119.126380"></trkpt>
    <trkpt lat="34.480800" lon="-119.126380"></trkpt>
    <trkpt lat="34.480950" lon="-119.126430"></trkpt>
    <trkpt lat="34.481010" lon="-119.126490"></trkpt>
    <trkpt lat="34.481140" lon="-119.126530"></trkpt>
    <trkpt lat="34.481230" lon="-119.126820"></trkpt>
    <trkpt lat="34.481260" lon="-119.126860"></trkpt>
    <trkpt lat="34.481400" lon="-119.126750"></trkpt>
    <trkpt lat="34.481480" lon="-119.126630"></trkpt>
    <trkpt lat="34.481610" lon="-119.126570"></trkpt>
    <trkpt lat="34.481800" lon="-119.126590"></trkpt>
    <trkpt lat="34.481950" lon="-119.126540"></trkpt>
    <trkpt lat="34.482070" lon="-119.126540"></trkpt>
    <trkpt lat="34.482350" lon="-119.126600"></trkpt>
    <trkpt lat="34.482900" lon="-119.126980"></trkpt>
    <trkpt lat="34.483300" lon="-119.127130"></trkpt>
    <trkpt lat="34.483440" lon="-119.127260"></trkpt>
    <trkpt lat="34.483750" lon="-119.127120"></trkpt>
    <trkpt lat="34.483820" lon="-119.127240"></trkpt>
    <trkpt lat="34.483850" lon="-119.127240"></trkpt>
    <trkpt lat="34.483960" lon="-119.127180"></trkpt>
    <trkpt lat="34.484160" lon="-119.127130"></trkpt>
    <trkpt lat="34.484240" lon="-119.127060"></trkpt>
    <trkpt lat="34.484330" lon="-119.127120"></trkpt>
    <trkpt lat="34.484450" lon="-119.126990"></trkpt>
    <trkpt lat="34.484530" lon="-119.126950"></trkpt>
    <trkpt lat="34.484510" lon="-119.126820"></trkpt>
    <trkpt lat="34.484240" lon="-119.126510"></trkpt>
    <trkpt lat="34.484070" lon="-119.126370"></trkpt>
    <trkpt lat="34.483920" lon="-119.126190"></trkpt>
    <trkpt lat="34.483920" lon="-119.126100"></trkpt>
    <trkpt lat="34.484060" lon="-119.125790"></trkpt>
    <trkpt lat="34.484080" lon="-119.125610"></trkpt>
    <trkpt lat="34.484140" lon="-119.125510"></trkpt>
    <trkpt lat="34.484210" lon="-119.125480"></trkpt>
    <trkpt lat="34.484290" lon="-119.125500"></trkpt>
    <trkpt lat="34.484530" lon="-119.125620"></trkpt>
    <trkpt lat="34.484750" lon="-119.125640"></trkpt>
    <trkpt lat="34.484820" lon="-119.125620"></trkpt>
    <trkpt lat="34.484900" lon="-119.125540"></trkpt>
    <trkpt lat="34.485150" lon="-119.125410"></trkpt>
    <trkpt lat="34.485270" lon="-119.125300"></trkpt>
    <trkpt lat="34.485390" lon="-119.125270"></trkpt>
    <trkpt lat="34.485610" lon="-119.125300"></trkpt>
    <trkpt lat="34.485620" lon="-119.125010"></trkpt>
    <trkpt lat="34.486050" lon="-119.124750"></trkpt>
    <trkpt lat="34.486280" lon="-119.124680"></trkpt>
    <trkpt lat="34.486630" lon="-119.124340"></trkpt>
    <trkpt lat="34.486640" lon="-119.124250"></trkpt>
    <trkpt lat="34.486600" lon="-119.124130"></trkpt>
    <trkpt lat="34.486620" lon="-119.124040"></trkpt>
    <trkpt lat="34.486700" lon="-119.123920"></trkpt>
    <trkpt lat="34.486790" lon="-119.123950"></trkpt>
    <trkpt lat="34.486820" lon="-119.123800"></trkpt>
    <trkpt lat="34.486940" lon="-119.123620"></trkpt>
    <trkpt lat="34.486970" lon="-119.123500"></trkpt>
    <trkpt lat="34.487130" lon="-119.123240"></trkpt>
    <trkpt lat="34.487230" lon="-119.122830"></trkpt>
    <trkpt lat="34.487480" lon="-119.122380"></trkpt>
    <trkpt lat="34.487510" lon="-119.122380"></trkpt>
    <trkpt lat="34.487530" lon="-119.122410"></trkpt>
    <trkpt lat="34.487520" lon="-119.122790"></trkpt>
    <trkpt lat="34.487850" lon="-119.123290"></trkpt>
    <trkpt lat="34.487950" lon="-119.123710"></trkpt>
    <trkpt lat="34.488150" lon="-119.123920"></trkpt>
    <trkpt lat="34.488340" lon="-119.123980"></trkpt>
    <trkpt lat="34.488450" lon="-119.124050"></trkpt>
    <trkpt lat="34.488450" lon="-119.124050"></trkpt>
    <trkpt lat="34.488680" lon="-119.124210"></trkpt>
    <trkpt lat="34.488770" lon="-119.124240"></trkpt>
    <trkpt lat="34.488790" lon="-119.124620"></trkpt>
    <trkpt lat="34.488850" lon="-119.124750"></trkpt>
    <trkpt lat="34.489020" lon="-119.124840"></trkpt>
    <trkpt lat="34.489030" lon="-119.124950"></trkpt>
    <trkpt lat="34.489060" lon="-119.124940"></trkpt>
    <trkpt lat="34.489160" lon="-119.124800"></trkpt>
    <trkpt lat="34.489060" lon="-119.124700"></trkpt>
    <trkpt lat="34.489040" lon="-119.124530"></trkpt>
    <trkpt lat="34.489100" lon="-119.124460"></trkpt>
    <trkpt lat="34.489460" lon="-119.124220"></trkpt>
    <trkpt lat="34.489440" lon="-119.124170"></trkpt>
    <trkpt lat="34.489220" lon="-119.124020"></trkpt>
    <trkpt lat="34.489240" lon="-119.123890"></trkpt>
    <trkpt lat="34.489170" lon="-119.123520"></trkpt>
    <trkpt lat="34.489280" lon="-119.123210"></trkpt>
    <trkpt lat="34.489380" lon="-119.123050"></trkpt>
    <trkpt lat="34.489420" lon="-119.123040"></trkpt>
    <trkpt lat="34.489420" lon="-119.123210"></trkpt>
    <trkpt lat="34.489470" lon="-119.123400"></trkpt>
    <trkpt lat="34.489590" lon="-119.123570"></trkpt>
    <trkpt lat="34.489700" lon="-119.123670"></trkpt>
    <trkpt lat="34.490050" lon="-119.123700"></trkpt>
    <trkpt lat="34.490180" lon="-119.123770"></trkpt>
    <trkpt lat="34.490240" lon="-119.123870"></trkpt>
    <trkpt lat="34.490190" lon="-119.123950"></trkpt>
    <trkpt lat="34.490200" lon="-119.124060"></trkpt>
    <trkpt lat="34.490540" lon="-119.124450"></trkpt>
    <trkpt lat="34.490570" lon="-119.124580"></trkpt>
    <trkpt lat="34.490640" lon="-119.124730"></trkpt>
    <trkpt lat="34.490850" lon="-119.124970"></trkpt>
    <trkpt lat="34.491000" lon="-119.125070"></trkpt>
    <trkpt lat="34.491310" lon="-119.125070"></trkpt>
    <trkpt lat="34.491420" lon="-119.124980"></trkpt>
    <trkpt lat="34.491650" lon="-119.124720"></trkpt>
    <trkpt lat="34.491880" lon="-119.124270"></trkpt>
    <trkpt lat="34.491980" lon="-119.123980"></trkpt>
    <trkpt lat="34.492280" lon="-119.123520"></trkpt>
    <trkpt lat="34.492330" lon="-119.123470"></trkpt>
    <trkpt lat="34.492400" lon="-119.123460"></trkpt>
    <trkpt lat="34.492710" lon="-119.123530"></trkpt>
    <trkpt lat="34.492740" lon="-119.123510"></trkpt>
    <trkpt lat="34.492660" lon="-119.123180"></trkpt>
    <trkpt lat="34.492710" lon="-119.123030"></trkpt>
    <trkpt lat="34.492810" lon="-119.122910"></trkpt>
    <trkpt lat="34.492860" lon="-119.122860"></trkpt>
    <trkpt lat="34.492990" lon="-119.122820"></trkpt>
    <trkpt lat="34.493330" lon="-119.122570"></trkpt>
    <trkpt lat="34.493610" lon="-119.122450"></trkpt>
    <trkpt lat="34.493500" lon="-119.122980"></trkpt>
    <trkpt lat="34.493500" lon="-119.123180"></trkpt>
    <trkpt lat="34.493410" lon="-119.123470"></trkpt>
    <trkpt lat="34.493410" lon="-119.123560"></trkpt>
    <trkpt lat="34.493460" lon="-119.123680"></trkpt>
    <trkpt lat="34.493540" lon="-119.123650"></trkpt>
    <trkpt lat="34.493600" lon="-119.123440"></trkpt>
    <trkpt lat="34.493670" lon="-119.123330"></trkpt>
    <trkpt lat="34.493820" lon="-119.123130"></trkpt>
    <trkpt lat="34.493910" lon="-119.123080"></trkpt>
    <trkpt lat="34.494010" lon="-119.123060"></trkpt>
    <trkpt lat="34.494070" lon="-119.123080"></trkpt>
    <trkpt lat="34.494150" lon="-119.123170"></trkpt>
    <trkpt lat="34.494180" lon="-119.123250"></trkpt>
    <trkpt lat="34.494180" lon="-119.123370"></trkpt>
    <trkpt lat="34.494210" lon="-119.123430"></trkpt>
    <trkpt lat="34.494250" lon="-119.123440"></trkpt>
    <trkpt lat="34.494480" lon="-119.123260"></trkpt>
    <trkpt lat="34.494650" lon="-119.123270"></trkpt>
    <trkpt lat="34.494930" lon="-119.123050"></trkpt>
    <trkpt lat="34.495080" lon="-119.122880"></trkpt>
    <trkpt lat="34.495240" lon="-119.122830"></trkpt>
    <trkpt lat="34.495300" lon="-119.122730"></trkpt>
    <trkpt lat="34.495460" lon="-119.122750"></trkpt>
    <trkpt lat="34.495590" lon="-119.122630"></trkpt>
    <trkpt lat="34.495650" lon="-119.122620"></trkpt>
    <trkpt lat="34.495700" lon="-119.122680"></trkpt>
    <trkpt lat="34.495740" lon="-119.122860"></trkpt>
    <trkpt lat="34.495790" lon="-119.122930"></trkpt>
    <trkpt lat="34.495780" lon="-119.123120"></trkpt>
    <trkpt lat="34.495810" lon="-119.123190"></trkpt>
    <trkpt lat="34.495900" lon="-119.123230"></trkpt>
    <trkpt lat="34.495970" lon="-119.123340"></trkpt>
    <trkpt lat="34.496430" lon="-119.123590"></trkpt>
    <trkpt lat="34.496550" lon="-119.123590"></trkpt>
    <trkpt lat="34.496880" lon="-119.123480"></trkpt>
    <trkpt lat="34.497020" lon="-119.123400"></trkpt>
    <trkpt lat="34.497210" lon="-119.123600"></trkpt>
    <trkpt lat="34.497240" lon="-119.123580"></trkpt>
    <trkpt lat="34.497320" lon="-119.123300"></trkpt>
    <trkpt lat="34.497350" lon="-119.123310"></trkpt>
    <trkpt lat="34.497420" lon="-119.123410"></trkpt>
    <trkpt lat="34.497505" lon="-119.123475"></trkpt>
    <trkpt lat="34.497585" lon="-119.123700"></trkpt>
    <trkpt lat="34.497630" lon="-119.123950"></trkpt>
    <trkpt lat="34.497840" lon="-119.124460"></trkpt>
    <trkpt lat="34.497880" lon="-119.124510"></trkpt>
    <trkpt lat="34.498050" lon="-119.124560"></trkpt>
    <trkpt lat="34.498210" lon="-119.124560"></trkpt>
    <trkpt lat="34.498260" lon="-119.124530"></trkpt>
    <trkpt lat="34.498600" lon="-119.124080"></trkpt>
    <trkpt lat="34.498620" lon="-119.124020"></trkpt>
    <trkpt lat="34.498640" lon="-119.123730"></trkpt>
    <trkpt lat="34.498860" lon="-119.123340"></trkpt>
    <trkpt lat="34.498840" lon="-119.123040"></trkpt>
    <trkpt lat="34.498850" lon="-119.122950"></trkpt>
    <trkpt lat="34.498890" lon="-119.122840"></trkpt>
    <trkpt lat="34.499080" lon="-119.122950"></trkpt>
    <trkpt lat="34.499400" lon="-119.122970"></trkpt>
    <trkpt lat="34.499780" lon="-119.123110"></trkpt>
    <trkpt lat="34.500070" lon="-119.123090"></trkpt>
    <trkpt lat="34.500100" lon="-119.123040"></trkpt>
    <trkpt lat="34.499850" lon="-119.122830"></trkpt>
    <trkpt lat="34.499820" lon="-119.122570"></trkpt>
    <trkpt lat="34.499840" lon="-119.122540"></trkpt>
    <trkpt lat="34.500080" lon="-119.122490"></trkpt>
    <trkpt lat="34.500370" lon="-119.122470"></trkpt>
    <trkpt lat="34.500470" lon="-119.122300"></trkpt>
    <trkpt lat="34.500560" lon="-119.122250"></trkpt>
    <trkpt lat="34.500560" lon="-119.122250"></trkpt>
    <trkpt lat="34.500120" lon="-119.121540"></trkpt>
    <trkpt lat="34.500050" lon="-119.121390"></trkpt>
    <trkpt lat="34.499940" lon="-119.121060"></trkpt>
    <trkpt lat="34.499940" lon="-119.120960"></trkpt>
    <trkpt lat="34.499990" lon="-119.120830"></trkpt>
    <trkpt lat="34.500220" lon="-119.120560"></trkpt>
    <trkpt lat="34.500270" lon="-119.120360"></trkpt>
    <trkpt lat="34.500320" lon="-119.119940"></trkpt>
    <trkpt lat="34.500190" lon="-119.119620"></trkpt>
    <trkpt lat="34.500180" lon="-119.119500"></trkpt>
    <trkpt lat="34.500220" lon="-119.119290"></trkpt>
    <trkpt lat="34.500210" lon="-119.119150"></trkpt>
    <trkpt lat="34.500020" lon="-119.118750"></trkpt>
    <trkpt lat="34.500060" lon="-119.118640"></trkpt>
    <trkpt lat="34.500140" lon="-119.118590"></trkpt>
    <trkpt lat="34.500450" lon="-119.118520"></trkpt>
    <trkpt lat="34.500580" lon="-119.118470"></trkpt>
    <trkpt lat="34.500930" lon="-119.118470"></trkpt>
    <trkpt lat="34.501020" lon="-119.118500"></trkpt>
    <trkpt lat="34.501100" lon="-119.118480"></trkpt>
    <trkpt lat="34.501130" lon="-119.118450"></trkpt>
    <trkpt lat="34.501130" lon="-119.118390"></trkpt>
    <trkpt lat="34.501120" lon="-119.118350"></trkpt>
    <trkpt lat="34.501070" lon="-119.118320"></trkpt>
    <trkpt lat="34.500890" lon="-119.118290"></trkpt>
    <trkpt lat="34.500820" lon="-119.118250"></trkpt>
    <trkpt lat="34.500350" lon="-119.117840"></trkpt>
    <trkpt lat="34.499970" lon="-119.117640"></trkpt>
    <trkpt lat="34.499730" lon="-119.117460"></trkpt>
    <trkpt lat="34.499585" lon="-119.117388"></trkpt>
    <trkpt lat="34.499591" lon="-119.117390"></trkpt>
    <trkpt lat="34.499430" lon="-119.117310"></trkpt>
    <trkpt lat="34.499400" lon="-119.117260"></trkpt>
    <trkpt lat="34.499450" lon="-119.116390"></trkpt>
    <trkpt lat="34.499544" lon="-119.116296"></trkpt>
    <trkpt lat="34.499540" lon="-119.116290"></trkpt>
    <trkpt lat="34.499320" lon="-119.115810"></trkpt>
    <trkpt lat="34.499240" lon="-119.115720"></trkpt>
    <trkpt lat="34.499240" lon="-119.115720"></trkpt>
    <trkpt lat="34.499240" lon="-119.115440"></trkpt>
    <trkpt lat="34.499270" lon="-119.115310"></trkpt>
    <trkpt lat="34.499370" lon="-119.115050"></trkpt>
    <trkpt lat="34.499370" lon="-119.114860"></trkpt>
    <trkpt lat="34.499280" lon="-119.114930"></trkpt>
    <trkpt lat="34.499228" lon="-119.114957"></trkpt>
    <trkpt lat="34.499226" lon="-119.114958"></trkpt>
    <trkpt lat="34.498930" lon="-119.115110"></trkpt>
    <trkpt lat="34.498810" lon="-119.115140"></trkpt>
    <trkpt lat="34.498810" lon="-119.115140"></trkpt>
    <trkpt lat="34.498810" lon="-119.115080"></trkpt>
    <trkpt lat="34.499010" lon="-119.114680"></trkpt>
    <trkpt lat="34.499060" lon="-119.114470"></trkpt>
    <trkpt lat="34.499050" lon="-119.114280"></trkpt>
    <trkpt lat="34.499010" lon="-119.114230"></trkpt>
    <trkpt lat="34.498950" lon="-119.114250"></trkpt>
    <trkpt lat="34.498900" lon="-119.114300"></trkpt>
    <trkpt lat="34.498830" lon="-119.114290"></trkpt>
    <trkpt lat="34.498790" lon="-119.114220"></trkpt>
    <trkpt lat="34.498750" lon="-119.114200"></trkpt>
    <trkpt lat="34.498750" lon="-119.114200"></trkpt>
    <trkpt lat="34.499006" lon="-119.113962"></trkpt>
    <trkpt lat="34.499013" lon="-119.113955"></trkpt>
    <trkpt lat="34.499040" lon="-119.113930"></trkpt>
    <trkpt lat="34.499040" lon="-119.113900"></trkpt>
    <trkpt lat="34.498810" lon="-119.113850"></trkpt>
    <trkpt lat="34.498730" lon="-119.113900"></trkpt>
    <trkpt lat="34.498680" lon="-119.113890"></trkpt>
    <trkpt lat="34.498750" lon="-119.113770"></trkpt>
    <trkpt lat="34.498750" lon="-119.113770"></trkpt>
    <trkpt lat="34.498810" lon="-119.113710"></trkpt>
    <trkpt lat="34.499050" lon="-119.113640"></trkpt>
    <trkpt lat="34.499129" lon="-119.113635"></trkpt>
    <trkpt lat="34.499148" lon="-119.113633"></trkpt>
    <trkpt lat="34.499200" lon="-119.113630"></trkpt>
    <trkpt lat="34.499230" lon="-119.113600"></trkpt>
    <trkpt lat="34.498900" lon="-119.113480"></trkpt>
    <trkpt lat="34.498770" lon="-119.113400"></trkpt>
    <trkpt lat="34.498660" lon="-119.113390"></trkpt>
    <trkpt lat="34.498560" lon="-119.113440"></trkpt>
    <trkpt lat="34.498490" lon="-119.113440"></trkpt>
    <trkpt lat="34.498492" lon="-119.113437"></trkpt>
    <trkpt lat="34.498492" lon="-119.113437"></trkpt>
    <trkpt lat="34.498640" lon="-119.113250"></trkpt>
    <trkpt lat="34.498730" lon="-119.113210"></trkpt>
    <trkpt lat="34.498874" lon="-119.113210"></trkpt>
    <trkpt lat="34.498882" lon="-119.113210"></trkpt>
    <trkpt lat="34.498910" lon="-119.113210"></trkpt>
    <trkpt lat="34.498960" lon="-119.113160"></trkpt>
    <trkpt lat="34.498530" lon="-119.113010"></trkpt>
    <trkpt lat="34.498620" lon="-119.112850"></trkpt>
    <trkpt lat="34.498540" lon="-119.112760"></trkpt>
    <trkpt lat="34.498540" lon="-119.112760"></trkpt>
    <trkpt lat="34.498540" lon="-119.112760"></trkpt>
    <trkpt lat="34.498730" lon="-119.112400"></trkpt>
    <trkpt lat="34.498810" lon="-119.112080"></trkpt>
    <trkpt lat="34.498860" lon="-119.112040"></trkpt>
    <trkpt lat="34.498900" lon="-119.111960"></trkpt>
    <trkpt lat="34.498790" lon="-119.111750"></trkpt>
    <trkpt lat="34.498770" lon="-119.111610"></trkpt>
    <trkpt lat="34.499080" lon="-119.111550"></trkpt>
    <trkpt lat="34.499200" lon="-119.111280"></trkpt>
    <trkpt lat="34.499220" lon="-119.111180"></trkpt>
    <trkpt lat="34.499160" lon="-119.110950"></trkpt>
    <trkpt lat="34.499180" lon="-119.110860"></trkpt>
    <trkpt lat="34.499240" lon="-119.110790"></trkpt>
    <trkpt lat="34.499140" lon="-119.110580"></trkpt>
    <trkpt lat="34.499030" lon="-119.110060"></trkpt>
    <trkpt lat="34.499120" lon="-119.109790"></trkpt>
    <trkpt lat="34.499110" lon="-119.109710"></trkpt>
    <trkpt lat="34.499020" lon="-119.109530"></trkpt>
    <trkpt lat="34.498920" lon="-119.109430"></trkpt>
    <trkpt lat="34.498750" lon="-119.109070"></trkpt>
    <trkpt lat="34.498610" lon="-119.108630"></trkpt>
    <trkpt lat="34.498470" lon="-119.108450"></trkpt>
    <trkpt lat="34.498470" lon="-119.108340"></trkpt>
    <trkpt lat="34.498470" lon="-119.108340"></trkpt>
    <trkpt lat="34.498470" lon="-119.108340"></trkpt>
    <trkpt lat="34.498420" lon="-119.108330"></trkpt>
    <trkpt lat="34.498290" lon="-119.108200"></trkpt>
    <trkpt lat="34.498190" lon="-119.108220"></trkpt>
    <trkpt lat="34.498000" lon="-119.108200"></trkpt>
    <trkpt lat="34.497880" lon="-119.108140"></trkpt>
    <trkpt lat="34.497810" lon="-119.108060"></trkpt>
    <trkpt lat="34.497630" lon="-119.108040"></trkpt>
    <trkpt lat="34.497530" lon="-119.107910"></trkpt>
    <trkpt lat="34.497480" lon="-119.107710"></trkpt>
    <trkpt lat="34.497400" lon="-119.107670"></trkpt>
    <trkpt lat="34.497327" lon="-119.107552"></trkpt>
    <trkpt lat="34.497342" lon="-119.107576"></trkpt>
    <trkpt lat="34.497320" lon="-119.107540"></trkpt>
    <trkpt lat="34.497250" lon="-119.107500"></trkpt>
    <trkpt lat="34.497250" lon="-119.107500"></trkpt>
    <trkpt lat="34.497310" lon="-119.107400"></trkpt>
    <trkpt lat="34.497410" lon="-119.107360"></trkpt>
    <trkpt lat="34.497730" lon="-119.107070"></trkpt>
    <trkpt lat="34.498060" lon="-119.107030"></trkpt>
    <trkpt lat="34.498720" lon="-119.106600"></trkpt>
    <trkpt lat="34.499000" lon="-119.106530"></trkpt>
    <trkpt lat="34.499110" lon="-119.106460"></trkpt>
    <trkpt lat="34.499110" lon="-119.106460"></trkpt>
    <trkpt lat="34.499110" lon="-119.106460"></trkpt>
    <trkpt lat="34.499170" lon="-119.106360"></trkpt>
    <trkpt lat="34.499190" lon="-119.106230"></trkpt>
    <trkpt lat="34.499200" lon="-119.105960"></trkpt>
    <trkpt lat="34.499270" lon="-119.105650"></trkpt>
    <trkpt lat="34.499280" lon="-119.105380"></trkpt>
    <trkpt lat="34.499370" lon="-119.104890"></trkpt>
    <trkpt lat="34.499410" lon="-119.104790"></trkpt>
    <trkpt lat="34.499460" lon="-119.104690"></trkpt>
    <trkpt lat="34.499620" lon="-119.104550"></trkpt>
    <trkpt lat="34.499940" lon="-119.104370"></trkpt>
    <trkpt lat="34.500420" lon="-119.104030"></trkpt>
    <trkpt lat="34.500630" lon="-119.103840"></trkpt>
    <trkpt lat="34.500740" lon="-119.103780"></trkpt>
    <trkpt lat="34.500850" lon="-119.103790"></trkpt>
    <trkpt lat="34.501040" lon="-119.103940"></trkpt>
    <trkpt lat="34.501250" lon="-119.104220"></trkpt>
    <trkpt lat="34.501320" lon="-119.104250"></trkpt>
    <trkpt lat="34.501630" lon="-119.104240"></trkpt>
    <trkpt lat="34.501990" lon="-119.104460"></trkpt>
    <trkpt lat="34.502040" lon="-119.104460"></trkpt>
    <trkpt lat="34.502110" lon="-119.104390"></trkpt>
    <trkpt lat="34.502270" lon="-119.104040"></trkpt>
    <trkpt lat="34.502380" lon="-119.103640"></trkpt>
    <trkpt lat="34.502660" lon="-119.103160"></trkpt>
    <trkpt lat="34.502830" lon="-119.103070"></trkpt>
    <trkpt lat="34.502940" lon="-119.102970"></trkpt>
    <trkpt lat="34.503090" lon="-119.102680"></trkpt>
    <trkpt lat="34.503240" lon="-119.102160"></trkpt>
    <trkpt lat="34.503350" lon="-119.101320"></trkpt>
    <trkpt lat="34.503480" lon="-119.100890"></trkpt>
    <trkpt lat="34.503530" lon="-119.100560"></trkpt>
    <trkpt lat="34.503560" lon="-119.099720"></trkpt>
    <trkpt lat="34.503590" lon="-119.099600"></trkpt>
    <trkpt lat="34.503618" lon="-119.099578"></trkpt>
    <trkpt lat="34.503619" lon="-119.099577"></trkpt>
    <trkpt lat="34.503640" lon="-119.099560"></trkpt>
    <trkpt lat="34.503680" lon="-119.099590"></trkpt>
    <trkpt lat="34.503770" lon="-119.099950"></trkpt>
    <trkpt lat="34.503990" lon="-119.100290"></trkpt>
    <trkpt lat="34.504080" lon="-119.100650"></trkpt>
    <trkpt lat="34.504070" lon="-119.100740"></trkpt>
    <trkpt lat="34.504200" lon="-119.101220"></trkpt>
    <trkpt lat="34.504340" lon="-119.101450"></trkpt>
    <trkpt lat="34.504430" lon="-119.101560"></trkpt>
    <trkpt lat="34.504540" lon="-119.101630"></trkpt>
    <trkpt lat="34.504680" lon="-119.101900"></trkpt>
    <trkpt lat="34.504730" lon="-119.102290"></trkpt>
    <trkpt lat="34.504770" lon="-119.102390"></trkpt>
    <trkpt lat="34.504840" lon="-119.102480"></trkpt>
    <trkpt lat="34.505270" lon="-119.102760"></trkpt>
    <trkpt lat="34.505340" lon="-119.102860"></trkpt>
    <trkpt lat="34.505340" lon="-119.102860"></trkpt>
    <trkpt lat="34.504970" lon="-119.103120"></trkpt>
    <trkpt lat="34.504810" lon="-119.103310"></trkpt>
    <trkpt lat="34.504510" lon="-119.103950"></trkpt>
    <trkpt lat="34.504480" lon="-119.104280"></trkpt>
    <trkpt lat="34.504490" lon="-119.104500"></trkpt>
    <trkpt lat="34.504460" lon="-119.104580"></trkpt>
    <trkpt lat="34.504290" lon="-119.104780"></trkpt>
    <trkpt lat="34.504180" lon="-119.104990"></trkpt>
    <trkpt lat="34.504170" lon="-119.105170"></trkpt>
    <trkpt lat="34.504230" lon="-119.105480"></trkpt>
    <trkpt lat="34.504190" lon="-119.105560"></trkpt>
    <trkpt lat="34.504110" lon="-119.105590"></trkpt>
    <trkpt lat="34.504040" lon="-119.105750"></trkpt>
    <trkpt lat="34.504040" lon="-119.105920"></trkpt>
    <trkpt lat="34.504120" lon="-119.106230"></trkpt>
    <trkpt lat="34.504100" lon="-119.106310"></trkpt>
    <trkpt lat="34.504070" lon="-119.106340"></trkpt>
    <trkpt lat="34.503900" lon="-119.106330"></trkpt>
    <trkpt lat="34.503720" lon="-119.106560"></trkpt>
    <trkpt lat="34.503640" lon="-119.106530"></trkpt>
    <trkpt lat="34.503440" lon="-119.106360"></trkpt>
    <trkpt lat="34.503320" lon="-119.106360"></trkpt>
    <trkpt lat="34.502940" lon="-119.106680"></trkpt>
    <trkpt lat="34.502180" lon="-119.107140"></trkpt>
    <trkpt lat="34.502030" lon="-119.107160"></trkpt>
    <trkpt lat="34.501520" lon="-119.107340"></trkpt>
    <trkpt lat="34.501290" lon="-119.107360"></trkpt>
    <trkpt lat="34.501020" lon="-119.107340"></trkpt>
    <trkpt lat="34.500920" lon="-119.107470"></trkpt>
    <trkpt lat="34.500920" lon="-119.107590"></trkpt>
    <trkpt lat="34.500990" lon="-119.107810"></trkpt>
    <trkpt lat="34.501050" lon="-119.108000"></trkpt>
    <trkpt lat="34.501200" lon="-119.108270"></trkpt>
    <trkpt lat="34.501330" lon="-119.108650"></trkpt>
    <trkpt lat="34.501330" lon="-119.108980"></trkpt>
    <trkpt lat="34.501370" lon="-119.109070"></trkpt>
    <trkpt lat="34.501380" lon="-119.109250"></trkpt>
    <trkpt lat="34.501650" lon="-119.109830"></trkpt>
    <trkpt lat="34.501650" lon="-119.109950"></trkpt>
    <trkpt lat="34.501440" lon="-119.110230"></trkpt>
    <trkpt lat="34.501440" lon="-119.110400"></trkpt>
    <trkpt lat="34.501510" lon="-119.110790"></trkpt>
    <trkpt lat="34.501510" lon="-119.111120"></trkpt>
    <trkpt lat="34.501620" lon="-119.111360"></trkpt>
    <trkpt lat="34.501595" lon="-119.111497"></trkpt>
    <trkpt lat="34.501584" lon="-119.111553"></trkpt>
    <trkpt lat="34.501570" lon="-119.111630"></trkpt>
    <trkpt lat="34.501580" lon="-119.111950"></trkpt>
    <trkpt lat="34.501500" lon="-119.112150"></trkpt>
    <trkpt lat="34.501490" lon="-119.112270"></trkpt>
    <trkpt lat="34.501600" lon="-119.112540"></trkpt>
    <trkpt lat="34.501610" lon="-119.112600"></trkpt>
    <trkpt lat="34.501570" lon="-119.112670"></trkpt>
    <trkpt lat="34.501390" lon="-119.112770"></trkpt>
    <trkpt lat="34.501200" lon="-119.112980"></trkpt>
    <trkpt lat="34.500960" lon="-119.113360"></trkpt>
    <trkpt lat="34.500600" lon="-119.113770"></trkpt>
    <trkpt lat="34.500600" lon="-119.113770"></trkpt>
    <trkpt lat="34.500540" lon="-119.113890"></trkpt>
    <trkpt lat="34.500540" lon="-119.114070"></trkpt>
    <trkpt lat="34.500440" lon="-119.114160"></trkpt>
    <trkpt lat="34.500230" lon="-119.114230"></trkpt>
    <trkpt lat="34.500010" lon="-119.114350"></trkpt>
    <trkpt lat="34.499960" lon="-119.114460"></trkpt>
    <trkpt lat="34.499950" lon="-119.114610"></trkpt>
    <trkpt lat="34.499950" lon="-119.114610"></trkpt>
    <trkpt lat="34.499980" lon="-119.114910"></trkpt>
    <trkpt lat="34.499966" lon="-119.114924"></trkpt>
    <trkpt lat="34.499966" lon="-119.114924"></trkpt>
    <trkpt lat="34.499940" lon="-119.114950"></trkpt>
    <trkpt lat="34.499790" lon="-119.114930"></trkpt>
    <trkpt lat="34.499730" lon="-119.114990"></trkpt>
    <trkpt lat="34.499490" lon="-119.115580"></trkpt>
    <trkpt lat="34.499480" lon="-119.115760"></trkpt>
    <trkpt lat="34.499610" lon="-119.116170"></trkpt>
    <trkpt lat="34.499610" lon="-119.116230"></trkpt>
    <trkpt lat="34.499544" lon="-119.116296"></trkpt>
    <trkpt lat="34.499544" lon="-119.116296"></trkpt>
    <trkpt lat="34.499450" lon="-119.116390"></trkpt>
    <trkpt lat="34.499400" lon="-119.117260"></trkpt>
    <trkpt lat="34.499430" lon="-119.117310"></trkpt>
    <trkpt lat="34.499730" lon="-119.117460"></trkpt>
    <trkpt lat="34.499970" lon="-119.117640"></trkpt>
    <trkpt lat="34.500350" lon="-119.117840"></trkpt>
    <trkpt lat="34.500820" lon="-119.118250"></trkpt>
    <trkpt lat="34.500890" lon="-119.118290"></trkpt>
    <trkpt lat="34.501070" lon="-119.118320"></trkpt>
    <trkpt lat="34.501120" lon="-119.118350"></trkpt>
    <trkpt lat="34.501130" lon="-119.118390"></trkpt>
    <trkpt lat="34.501130" lon="-119.118450"></trkpt>
    <trkpt lat="34.501100" lon="-119.118480"></trkpt>
    <trkpt lat="34.501020" lon="-119.118500"></trkpt>
    <trkpt lat="34.500930" lon="-119.118470"></trkpt>
    <trkpt lat="34.500580" lon="-119.118470"></trkpt>
    <trkpt lat="34.500450" lon="-119.118520"></trkpt>
    <trkpt lat="34.500140" lon="-119.118590"></trkpt>
    <trkpt lat="34.500060" lon="-119.118640"></trkpt>
    <trkpt lat="34.500020" lon="-119.118750"></trkpt>
    <trkpt lat="34.500210" lon="-119.119150"></trkpt>
    <trkpt lat="34.500220" lon="-119.119290"></trkpt>
    <trkpt lat="34.500180" lon="-119.119500"></trkpt>
    <trkpt lat="34.500190" lon="-119.119620"></trkpt>
    <trkpt lat="34.500320" lon="-119.119940"></trkpt>
    <trkpt lat="34.500270" lon="-119.120360"></trkpt>
    <trkpt lat="34.500220" lon="-119.120560"></trkpt>
    <trkpt lat="34.499990" lon="-119.120830"></trkpt>
    <trkpt lat="34.499940" lon="-119.120960"></trkpt>
    <trkpt lat="34.499940" lon="-119.121060"></trkpt>
    <trkpt lat="34.500050" lon="-119.121390"></trkpt>
    <trkpt lat="34.500120" lon="-119.121540"></trkpt>
    <trkpt lat="34.500560" lon="-119.122250"></trkpt>
    <trkpt lat="34.500560" lon="-119.122250"></trkpt>
    <trkpt lat="34.500650" lon="-119.122390"></trkpt>
    <trkpt lat="34.500900" lon="-119.122600"></trkpt>
    <trkpt lat="34.501350" lon="-119.122780"></trkpt>
    <trkpt lat="34.501450" lon="-119.122860"></trkpt>
    <trkpt lat="34.501550" lon="-119.123110"></trkpt>
    <trkpt lat="34.501560" lon="-119.123570"></trkpt>
    <trkpt lat="34.501370" lon="-119.124030"></trkpt>
    <trkpt lat="34.501220" lon="-119.124770"></trkpt>
    <trkpt lat="34.501180" lon="-119.125120"></trkpt>
    <trkpt lat="34.501090" lon="-119.125370"></trkpt>
    <trkpt lat="34.501000" lon="-119.125520"></trkpt>
    <trkpt lat="34.500860" lon="-119.125920"></trkpt>
    <trkpt lat="34.500760" lon="-119.126570"></trkpt>
    <trkpt lat="34.500650" lon="-119.126930"></trkpt>
    <trkpt lat="34.500320" lon="-119.127350"></trkpt>
    <trkpt lat="34.500180" lon="-119.127680"></trkpt>
    <trkpt lat="34.499970" lon="-119.127860"></trkpt>
    <trkpt lat="34.499790" lon="-119.128120"></trkpt>
    <trkpt lat="34.499550" lon="-119.129270"></trkpt>
    <trkpt lat="34.499550" lon="-119.129270"></trkpt>
    <trkpt lat="34.499720" lon="-119.129270"></trkpt>
    <trkpt lat="34.499760" lon="-119.129290"></trkpt>
    <trkpt lat="34.499820" lon="-119.129580"></trkpt>
    <trkpt lat="34.499870" lon="-119.129700"></trkpt>
    <trkpt lat="34.500160" lon="-119.130090"></trkpt>
    <trkpt lat="34.500570" lon="-119.130140"></trkpt>
    <trkpt lat="34.500780" lon="-119.130240"></trkpt>
    <trkpt lat="34.501020" lon="-119.130280"></trkpt>
    <trkpt lat="34.501120" lon="-119.130390"></trkpt>
    <trkpt lat="34.501190" lon="-119.130510"></trkpt>
    <trkpt lat="34.501270" lon="-119.130840"></trkpt>
    <trkpt lat="34.501410" lon="-119.130920"></trkpt>
    <trkpt lat="34.501500" lon="-119.131060"></trkpt>
    <trkpt lat="34.501470" lon="-119.131750"></trkpt>
    <trkpt lat="34.501400" lon="-119.132200"></trkpt>
    <trkpt lat="34.501470" lon="-119.132580"></trkpt>
    <trkpt lat="34.501660" lon="-119.132660"></trkpt>
    <trkpt lat="34.501940" lon="-119.133210"></trkpt>
    <trkpt lat="34.501990" lon="-119.133240"></trkpt>
    <trkpt lat="34.502050" lon="-119.133210"></trkpt>
    <trkpt lat="34.502160" lon="-119.133240"></trkpt>
    <trkpt lat="34.502200" lon="-119.133290"></trkpt>
    <trkpt lat="34.502270" lon="-119.133310"></trkpt>
    <trkpt lat="34.502380" lon="-119.133310"></trkpt>
    <trkpt lat="34.502480" lon="-119.133270"></trkpt>
    <trkpt lat="34.502870" lon="-119.133420"></trkpt>
    <trkpt lat="34.503090" lon="-119.133580"></trkpt>
    <trkpt lat="34.503650" lon="-119.133860"></trkpt>
    <trkpt lat="34.504090" lon="-119.134330"></trkpt>
    <trkpt lat="34.504130" lon="-119.134370"></trkpt>
    <trkpt lat="34.504230" lon="-119.134370"></trkpt>
    <trkpt lat="34.504270" lon="-119.134430"></trkpt>
    <trkpt lat="34.504280" lon="-119.134580"></trkpt>
    <trkpt lat="34.504340" lon="-119.134740"></trkpt>
    <trkpt lat="34.504420" lon="-119.134750"></trkpt>
    <trkpt lat="34.504480" lon="-119.134700"></trkpt>
    <trkpt lat="34.504630" lon="-119.134650"></trkpt>
    <trkpt lat="34.505080" lon="-119.134660"></trkpt>
    <trkpt lat="34.505170" lon="-119.134690"></trkpt>
    <trkpt lat="34.505350" lon="-119.134800"></trkpt>
    <trkpt lat="34.505390" lon="-119.134860"></trkpt>
    <trkpt lat="34.505440" lon="-119.135150"></trkpt>
    <trkpt lat="34.505560" lon="-119.135170"></trkpt>
    <trkpt lat="34.505670" lon="-119.135330"></trkpt>
    <trkpt lat="34.505730" lon="-119.135330"></trkpt>
    <trkpt lat="34.505780" lon="-119.135170"></trkpt>
    <trkpt lat="34.505900" lon="-119.134990"></trkpt>
    <trkpt lat="34.505980" lon="-119.134770"></trkpt>
    <trkpt lat="34.506260" lon="-119.134650"></trkpt>
    <trkpt lat="34.506410" lon="-119.134650"></trkpt>
    <trkpt lat="34.506490" lon="-119.134470"></trkpt>
    <trkpt lat="34.506560" lon="-119.134400"></trkpt>
    <trkpt lat="34.506560" lon="-119.134400"></trkpt>
    <trkpt lat="34.506690" lon="-119.134280"></trkpt>
    <trkpt lat="34.506820" lon="-119.134280"></trkpt>
    <trkpt lat="34.507020" lon="-119.134110"></trkpt>
    <trkpt lat="34.507210" lon="-119.134010"></trkpt>
    <trkpt lat="34.507430" lon="-119.133960"></trkpt>
    <trkpt lat="34.507520" lon="-119.134000"></trkpt>
    <trkpt lat="34.507810" lon="-119.133970"></trkpt>
    <trkpt lat="34.507840" lon="-119.133940"></trkpt>
    <trkpt lat="34.507870" lon="-119.133760"></trkpt>
    <trkpt lat="34.507980" lon="-119.133440"></trkpt>
    <trkpt lat="34.508110" lon="-119.133240"></trkpt>
    <trkpt lat="34.508260" lon="-119.133090"></trkpt>
    <trkpt lat="34.508440" lon="-119.133080"></trkpt>
    <trkpt lat="34.508820" lon="-119.133310"></trkpt>
    <trkpt lat="34.509190" lon="-119.133440"></trkpt>
    <trkpt lat="34.509240" lon="-119.133500"></trkpt>
    <trkpt lat="34.509370" lon="-119.133750"></trkpt>
    <trkpt lat="34.509470" lon="-119.133860"></trkpt>
    <trkpt lat="34.510020" lon="-119.134090"></trkpt>
    <trkpt lat="34.510200" lon="-119.134070"></trkpt>
    <trkpt lat="34.510270" lon="-119.134010"></trkpt>
    <trkpt lat="34.510320" lon="-119.134010"></trkpt>
    <trkpt lat="34.510360" lon="-119.134050"></trkpt>
    <trkpt lat="34.510350" lon="-119.134130"></trkpt>
    <trkpt lat="34.510250" lon="-119.134230"></trkpt>
    <trkpt lat="34.510130" lon="-119.134470"></trkpt>
    <trkpt lat="34.510130" lon="-119.134660"></trkpt>
    <trkpt lat="34.510050" lon="-119.134830"></trkpt>
    <trkpt lat="34.510030" lon="-119.135060"></trkpt>
    <trkpt lat="34.510170" lon="-119.135270"></trkpt>
    <trkpt lat="34.510140" lon="-119.135350"></trkpt>
    <trkpt lat="34.509980" lon="-119.135610"></trkpt>
    <trkpt lat="34.509980" lon="-119.135740"></trkpt>
    <trkpt lat="34.509980" lon="-119.135740"></trkpt>
    <trkpt lat="34.510010" lon="-119.135790"></trkpt>
    <trkpt lat="34.510150" lon="-119.135840"></trkpt>
    <trkpt lat="34.510190" lon="-119.135900"></trkpt>
    <trkpt lat="34.510240" lon="-119.136250"></trkpt>
    <trkpt lat="34.510280" lon="-119.136340"></trkpt>
    <trkpt lat="34.510380" lon="-119.136370"></trkpt>
    <trkpt lat="34.510500" lon="-119.136320"></trkpt>
    <trkpt lat="34.510760" lon="-119.136300"></trkpt>
    <trkpt lat="34.510830" lon="-119.136250"></trkpt>
    <trkpt lat="34.511060" lon="-119.136270"></trkpt>
    <trkpt lat="34.511290" lon="-119.136150"></trkpt>
    <trkpt lat="34.511390" lon="-119.136150"></trkpt>
    <trkpt lat="34.511440" lon="-119.136260"></trkpt>
    <trkpt lat="34.511440" lon="-119.136330"></trkpt>
    <trkpt lat="34.511500" lon="-119.136590"></trkpt>
    <trkpt lat="34.511590" lon="-119.136850"></trkpt>
    <trkpt lat="34.511730" lon="-119.136830"></trkpt>
    <trkpt lat="34.511810" lon="-119.136660"></trkpt>
    <trkpt lat="34.512000" lon="-119.136600"></trkpt>
    <trkpt lat="34.512110" lon="-119.136690"></trkpt>
    <trkpt lat="34.512200" lon="-119.136830"></trkpt>
    <trkpt lat="34.512330" lon="-119.136980"></trkpt>
    <trkpt lat="34.512460" lon="-119.136890"></trkpt>
    <trkpt lat="34.512590" lon="-119.136910"></trkpt>
    <trkpt lat="34.512720" lon="-119.137060"></trkpt>
    <trkpt lat="34.512920" lon="-119.137200"></trkpt>
    <trkpt lat="34.513030" lon="-119.137190"></trkpt>
    <trkpt lat="34.513210" lon="-119.137280"></trkpt>
    <trkpt lat="34.513410" lon="-119.137330"></trkpt>
    <trkpt lat="34.513600" lon="-119.137310"></trkpt>
    <trkpt lat="34.513730" lon="-119.137260"></trkpt>
    <trkpt lat="34.513990" lon="-119.136960"></trkpt>
    <trkpt lat="34.514280" lon="-119.137080"></trkpt>
    <trkpt lat="34.514420" lon="-119.137090"></trkpt>
    <trkpt lat="34.514330" lon="-119.137650"></trkpt>
    <trkpt lat="34.514260" lon="-119.137850"></trkpt>
    <trkpt lat="34.513910" lon="-119.138410"></trkpt>
    <trkpt lat="34.513870" lon="-119.138540"></trkpt>
    <trkpt lat="34.513870" lon="-119.138620"></trkpt>
    <trkpt lat="34.513940" lon="-119.138720"></trkpt>
    <trkpt lat="34.514290" lon="-119.138930"></trkpt>
    <trkpt lat="34.514380" lon="-119.138940"></trkpt>
    <trkpt lat="34.514520" lon="-119.138840"></trkpt>
    <trkpt lat="34.514620" lon="-119.138880"></trkpt>
    <trkpt lat="34.514700" lon="-119.138990"></trkpt>
    <trkpt lat="34.514810" lon="-119.139060"></trkpt>
    <trkpt lat="34.515170" lon="-119.139130"></trkpt>
    <trkpt lat="34.515280" lon="-119.139140"></trkpt>
    <trkpt lat="34.515430" lon="-119.139100"></trkpt>
    <trkpt lat="34.515550" lon="-119.139130"></trkpt>
    <trkpt lat="34.515620" lon="-119.139000"></trkpt>
    <trkpt lat="34.515710" lon="-119.138920"></trkpt>
    <trkpt lat="34.515950" lon="-119.139050"></trkpt>
    <trkpt lat="34.516140" lon="-119.139160"></trkpt>
    <trkpt lat="34.516210" lon="-119.139250"></trkpt>
    <trkpt lat="34.516220" lon="-119.139400"></trkpt>
    <trkpt lat="34.516120" lon="-119.139680"></trkpt>
    <trkpt lat="34.516120" lon="-119.139830"></trkpt>
    <trkpt lat="34.516500" lon="-119.140390"></trkpt>
    <trkpt lat="34.516840" lon="-119.140710"></trkpt>
    <trkpt lat="34.517010" lon="-119.140760"></trkpt>
    <trkpt lat="34.517370" lon="-119.140690"></trkpt>
    <trkpt lat="34.517420" lon="-119.140730"></trkpt>
    <trkpt lat="34.517470" lon="-119.140850"></trkpt>
    <trkpt lat="34.517480" lon="-119.141040"></trkpt>
    <trkpt lat="34.517510" lon="-119.141070"></trkpt>
    <trkpt lat="34.517540" lon="-119.141080"></trkpt>
    <trkpt lat="34.517700" lon="-119.140960"></trkpt>
    <trkpt lat="34.517760" lon="-119.140960"></trkpt>
    <trkpt lat="34.517820" lon="-119.141010"></trkpt>
    <trkpt lat="34.517840" lon="-119.141160"></trkpt>
    <trkpt lat="34.517950" lon="-119.141390"></trkpt>
    <trkpt lat="34.517950" lon="-119.141540"></trkpt>
    <trkpt lat="34.517980" lon="-119.141600"></trkpt>
    <trkpt lat="34.517900" lon="-119.141850"></trkpt>
    <trkpt lat="34.517910" lon="-119.141900"></trkpt>
    <trkpt lat="34.517940" lon="-119.141990"></trkpt>
    <trkpt lat="34.518050" lon="-119.142040"></trkpt>
    <trkpt lat="34.518100" lon="-119.142130"></trkpt>
    <trkpt lat="34.518050" lon="-119.142200"></trkpt>
    <trkpt lat="34.518050" lon="-119.142290"></trkpt>
    <trkpt lat="34.517990" lon="-119.142380"></trkpt>
    <trkpt lat="34.517990" lon="-119.142450"></trkpt>
    <trkpt lat="34.518080" lon="-119.142590"></trkpt>
    <trkpt lat="34.518090" lon="-119.142640"></trkpt>
    <trkpt lat="34.518030" lon="-119.142860"></trkpt>
    <trkpt lat="34.518100" lon="-119.143190"></trkpt>
    <trkpt lat="34.518080" lon="-119.143370"></trkpt>
    <trkpt lat="34.518110" lon="-119.143500"></trkpt>
    <trkpt lat="34.518100" lon="-119.143580"></trkpt>
    <trkpt lat="34.518220" lon="-119.143990"></trkpt>
    <trkpt lat="34.518180" lon="-119.144100"></trkpt>
    <trkpt lat="34.518200" lon="-119.144210"></trkpt>
    <trkpt lat="34.518290" lon="-119.144340"></trkpt>
    <trkpt lat="34.518330" lon="-119.144490"></trkpt>
    <trkpt lat="34.518500" lon="-119.144560"></trkpt>
    <trkpt lat="34.518510" lon="-119.144970"></trkpt>
    <trkpt lat="34.518560" lon="-119.145070"></trkpt>
    <trkpt lat="34.518590" lon="-119.146030"></trkpt>
    <trkpt lat="34.518500" lon="-119.146330"></trkpt>
    <trkpt lat="34.518510" lon="-119.146560"></trkpt>
    <trkpt lat="34.518460" lon="-119.146920"></trkpt>
    <trkpt lat="34.518490" lon="-119.147350"></trkpt>
    <trkpt lat="34.518530" lon="-119.147460"></trkpt>
    <trkpt lat="34.518570" lon="-119.147490"></trkpt>
    <trkpt lat="34.518640" lon="-119.147480"></trkpt>
    <trkpt lat="34.518660" lon="-119.147360"></trkpt>
    <trkpt lat="34.518770" lon="-119.147240"></trkpt>
    <trkpt lat="34.519040" lon="-119.147170"></trkpt>
    <trkpt lat="34.519270" lon="-119.147020"></trkpt>
    <trkpt lat="34.519340" lon="-119.147020"></trkpt>
    <trkpt lat="34.519390" lon="-119.147050"></trkpt>
    <trkpt lat="34.519470" lon="-119.147030"></trkpt>
    <trkpt lat="34.519640" lon="-119.147090"></trkpt>
    <trkpt lat="34.519750" lon="-119.147170"></trkpt>
    <trkpt lat="34.519830" lon="-119.147190"></trkpt>
    <trkpt lat="34.520010" lon="-119.146920"></trkpt>
    <trkpt lat="34.520050" lon="-119.146480"></trkpt>
    <trkpt lat="34.520250" lon="-119.146430"></trkpt>
    <trkpt lat="34.520350" lon="-119.146220"></trkpt>
    <trkpt lat="34.520430" lon="-119.146150"></trkpt>
    <trkpt lat="34.520740" lon="-119.146310"></trkpt>
    <trkpt lat="34.520830" lon="-119.146470"></trkpt>
    <trkpt lat="34.521040" lon="-119.146560"></trkpt>
    <trkpt lat="34.521270" lon="-119.146810"></trkpt>
    <trkpt lat="34.521430" lon="-119.146930"></trkpt>
    <trkpt lat="34.521520" lon="-119.147060"></trkpt>
    <trkpt lat="34.521600" lon="-119.147260"></trkpt>
    <trkpt lat="34.521670" lon="-119.147280"></trkpt>
    <trkpt lat="34.521730" lon="-119.147230"></trkpt>
    <trkpt lat="34.521930" lon="-119.146950"></trkpt>
    <trkpt lat="34.522020" lon="-119.146930"></trkpt>
    <trkpt lat="34.522310" lon="-119.146980"></trkpt>
    <trkpt lat="34.522380" lon="-119.147040"></trkpt>
    <trkpt lat="34.522500" lon="-119.147070"></trkpt>
    <trkpt lat="34.522590" lon="-119.147000"></trkpt>
    <trkpt lat="34.522570" lon="-119.146930"></trkpt>
    <trkpt lat="34.522590" lon="-119.146830"></trkpt>
    <trkpt lat="34.522510" lon="-119.146500"></trkpt>
    <trkpt lat="34.522450" lon="-119.146090"></trkpt>
    <trkpt lat="34.522410" lon="-119.145970"></trkpt>
    <trkpt lat="34.522400" lon="-119.145840"></trkpt>
    <trkpt lat="34.522440" lon="-119.145620"></trkpt>
    <trkpt lat="34.522540" lon="-119.145740"></trkpt>
    <trkpt lat="34.522660" lon="-119.145820"></trkpt>
    <trkpt lat="34.522920" lon="-119.145940"></trkpt>
    <trkpt lat="34.523230" lon="-119.145980"></trkpt>
    <trkpt lat="34.523320" lon="-119.146050"></trkpt>
    <trkpt lat="34.523470" lon="-119.145860"></trkpt>
    <trkpt lat="34.523620" lon="-119.145810"></trkpt>
    <trkpt lat="34.523710" lon="-119.146220"></trkpt>
    <trkpt lat="34.523820" lon="-119.146330"></trkpt>
    <trkpt lat="34.524030" lon="-119.146470"></trkpt>
    <trkpt lat="34.524130" lon="-119.146480"></trkpt>
    <trkpt lat="34.524220" lon="-119.146380"></trkpt>
    <trkpt lat="34.524380" lon="-119.146300"></trkpt>
    <trkpt lat="34.524420" lon="-119.146420"></trkpt>
    <trkpt lat="34.524480" lon="-119.146490"></trkpt>
    <trkpt lat="34.524510" lon="-119.146680"></trkpt>
    <trkpt lat="34.524660" lon="-119.146750"></trkpt>
    <trkpt lat="34.524660" lon="-119.146750"></trkpt>
    <trkpt lat="34.524970" lon="-119.147050"></trkpt>
    <trkpt lat="34.525110" lon="-119.147090"></trkpt>
    <trkpt lat="34.525250" lon="-119.147070"></trkpt>
    <trkpt lat="34.525380" lon="-119.147000"></trkpt>
    <trkpt lat="34.525570" lon="-119.146820"></trkpt>
    <trkpt lat="34.525710" lon="-119.146560"></trkpt>
    <trkpt lat="34.525790" lon="-119.146500"></trkpt>
    <trkpt lat="34.525850" lon="-119.146500"></trkpt>
    <trkpt lat="34.525890" lon="-119.146540"></trkpt>
    <trkpt lat="34.526080" lon="-119.146500"></trkpt>
    <trkpt lat="34.526240" lon="-119.146750"></trkpt>
    <trkpt lat="34.526320" lon="-119.146780"></trkpt>
    <trkpt lat="34.526650" lon="-119.146620"></trkpt>
    <trkpt lat="34.526720" lon="-119.146640"></trkpt>
    <trkpt lat="34.526740" lon="-119.146710"></trkpt>
    <trkpt lat="34.526920" lon="-119.146910"></trkpt>
    <trkpt lat="34.527100" lon="-119.147330"></trkpt>
    <trkpt lat="34.527180" lon="-119.147430"></trkpt>
    <trkpt lat="34.527270" lon="-119.147410"></trkpt>
    <trkpt lat="34.527450" lon="-119.147170"></trkpt>
    <trkpt lat="34.527590" lon="-119.147050"></trkpt>
    <trkpt lat="34.527790" lon="-119.147360"></trkpt>
    <trkpt lat="34.527960" lon="-119.147480"></trkpt>
    <trkpt lat="34.528010" lon="-119.147540"></trkpt>
    <trkpt lat="34.528030" lon="-119.147670"></trkpt>
    <trkpt lat="34.528240" lon="-119.148230"></trkpt>
    <trkpt lat="34.528280" lon="-119.148600"></trkpt>
    <trkpt lat="34.528910" lon="-119.149520"></trkpt>
    <trkpt lat="34.528970" lon="-119.149710"></trkpt>
    <trkpt lat="34.529050" lon="-119.150300"></trkpt>
    <trkpt lat="34.529030" lon="-119.150630"></trkpt>
    <trkpt lat="34.529080" lon="-119.150850"></trkpt>
    <trkpt lat="34.529200" lon="-119.150950"></trkpt>
    <trkpt lat="34.529560" lon="-119.150820"></trkpt>
    <trkpt lat="34.529780" lon="-119.150790"></trkpt>
    <trkpt lat="34.529970" lon="-119.150840"></trkpt>
    <trkpt lat="34.530140" lon="-119.150940"></trkpt>
    <trkpt lat="34.530158" lon="-119.150961"></trkpt>
    <trkpt lat="34.530172" lon="-119.150976"></trkpt>
    <trkpt lat="34.530210" lon="-119.151020"></trkpt>
    <trkpt lat="34.530460" lon="-119.150900"></trkpt>
    <trkpt lat="34.530460" lon="-119.150900"></trkpt>
    <trkpt lat="34.530460" lon="-119.150900"></trkpt>
    <trkpt lat="34.530560" lon="-119.150990"></trkpt>
    <trkpt lat="34.530770" lon="-119.151400"></trkpt>
    <trkpt lat="34.530940" lon="-119.151650"></trkpt>
    <trkpt lat="34.531157" lon="-119.152182"></trkpt>
    <trkpt lat="34.531157" lon="-119.152182"></trkpt>
    <trkpt lat="34.531320" lon="-119.152580"></trkpt>
    <trkpt lat="34.531380" lon="-119.152760"></trkpt>
    <trkpt lat="34.531400" lon="-119.152900"></trkpt>
    <trkpt lat="34.531400" lon="-119.152900"></trkpt>
    <trkpt lat="34.531400" lon="-119.152900"></trkpt>
    <trkpt lat="34.531580" lon="-119.153240"></trkpt>
    <trkpt lat="34.531610" lon="-119.153350"></trkpt>
    <trkpt lat="34.531550" lon="-119.153980"></trkpt>
    <trkpt lat="34.531660" lon="-119.154280"></trkpt>
    <trkpt lat="34.532060" lon="-119.154560"></trkpt>
    <trkpt lat="34.532510" lon="-119.155120"></trkpt>
    <trkpt lat="34.532790" lon="-119.155330"></trkpt>
    <trkpt lat="34.533210" lon="-119.155920"></trkpt>
    <trkpt lat="34.533350" lon="-119.156360"></trkpt>
    <trkpt lat="34.533280" lon="-119.156410"></trkpt>
    <trkpt lat="34.533250" lon="-119.156500"></trkpt>
    <trkpt lat="34.533310" lon="-119.156830"></trkpt>
    <trkpt lat="34.533240" lon="-119.157000"></trkpt>
    <trkpt lat="34.533280" lon="-119.157490"></trkpt>
    <trkpt lat="34.533270" lon="-119.157610"></trkpt>
    <trkpt lat="34.533310" lon="-119.157690"></trkpt>
    <trkpt lat="34.533420" lon="-119.157710"></trkpt>
    <trkpt lat="34.533420" lon="-119.157710"></trkpt>
    <trkpt lat="34.533890" lon="-119.157950"></trkpt>
    <trkpt lat="34.534160" lon="-119.158410"></trkpt>
    <trkpt lat="34.534400" lon="-119.158910"></trkpt>
    <trkpt lat="34.534490" lon="-119.159020"></trkpt>
    <trkpt lat="34.534613" lon="-119.159055"></trkpt>
    <trkpt lat="34.534610" lon="-119.159050"></trkpt>
    <trkpt lat="34.534740" lon="-119.159280"></trkpt>
    <trkpt lat="34.534710" lon="-119.159470"></trkpt>
    <trkpt lat="34.534780" lon="-119.159770"></trkpt>
    <trkpt lat="34.534750" lon="-119.159810"></trkpt>
    <trkpt lat="34.534660" lon="-119.159860"></trkpt>
    <trkpt lat="34.534550" lon="-119.159810"></trkpt>
    <trkpt lat="34.534470" lon="-119.159830"></trkpt>
    <trkpt lat="34.534350" lon="-119.159880"></trkpt>
    <trkpt lat="34.534250" lon="-119.159970"></trkpt>
    <trkpt lat="34.534240" lon="-119.160020"></trkpt>
    <trkpt lat="34.534270" lon="-119.160160"></trkpt>
    <trkpt lat="34.534080" lon="-119.160580"></trkpt>
    <trkpt lat="34.534070" lon="-119.160690"></trkpt>
    <trkpt lat="34.534190" lon="-119.161200"></trkpt>
    <trkpt lat="34.534100" lon="-119.161560"></trkpt>
    <trkpt lat="34.534020" lon="-119.161720"></trkpt>
    <trkpt lat="34.534030" lon="-119.161800"></trkpt>
    <trkpt lat="34.534060" lon="-119.161890"></trkpt>
    <trkpt lat="34.534120" lon="-119.161980"></trkpt>
    <trkpt lat="34.534220" lon="-119.162050"></trkpt>
    <trkpt lat="34.534280" lon="-119.162190"></trkpt>
    <trkpt lat="34.534390" lon="-119.162320"></trkpt>
    <trkpt lat="34.534460" lon="-119.162550"></trkpt>
    <trkpt lat="34.534610" lon="-119.162730"></trkpt>
    <trkpt lat="34.534520" lon="-119.162870"></trkpt>
    <trkpt lat="34.534410" lon="-119.162920"></trkpt>
    <trkpt lat="34.534240" lon="-119.162810"></trkpt>
    <trkpt lat="34.534160" lon="-119.162790"></trkpt>
    <trkpt lat="34.534020" lon="-119.162840"></trkpt>
    <trkpt lat="34.533940" lon="-119.162980"></trkpt>
    <trkpt lat="34.533920" lon="-119.163090"></trkpt>
    <trkpt lat="34.533930" lon="-119.163310"></trkpt>
    <trkpt lat="34.534070" lon="-119.163650"></trkpt>
    <trkpt lat="34.534140" lon="-119.164000"></trkpt>
    <trkpt lat="34.534260" lon="-119.164310"></trkpt>
    <trkpt lat="34.534360" lon="-119.164800"></trkpt>
    <trkpt lat="34.534340" lon="-119.165290"></trkpt>
    <trkpt lat="34.534050" lon="-119.165550"></trkpt>
    <trkpt lat="34.533780" lon="-119.166060"></trkpt>
    <trkpt lat="34.533770" lon="-119.166210"></trkpt>
    <trkpt lat="34.533810" lon="-119.166380"></trkpt>
    <trkpt lat="34.533910" lon="-119.166540"></trkpt>
    <trkpt lat="34.534000" lon="-119.166820"></trkpt>
    <trkpt lat="34.534170" lon="-119.167160"></trkpt>
    <trkpt lat="34.534160" lon="-119.167360"></trkpt>
    <trkpt lat="34.534100" lon="-119.167470"></trkpt>
    <trkpt lat="34.533920" lon="-119.167730"></trkpt>
    <trkpt lat="34.533900" lon="-119.167960"></trkpt>
    <trkpt lat="34.533790" lon="-119.168410"></trkpt>
    <trkpt lat="34.533740" lon="-119.168540"></trkpt>
    <trkpt lat="34.533540" lon="-119.168820"></trkpt>
    <trkpt lat="34.533360" lon="-119.169010"></trkpt>
    <trkpt lat="34.533300" lon="-119.169120"></trkpt>
    <trkpt lat="34.533050" lon="-119.169300"></trkpt>
    <trkpt lat="34.532890" lon="-119.169450"></trkpt>
    <trkpt lat="34.532600" lon="-119.169650"></trkpt>
    <trkpt lat="34.532510" lon="-119.169760"></trkpt>
    <trkpt lat="34.532430" lon="-119.169960"></trkpt>
    <trkpt lat="34.531950" lon="-119.170160"></trkpt>
    <trkpt lat="34.531800" lon="-119.170390"></trkpt>
    <trkpt lat="34.531710" lon="-119.170670"></trkpt>
    <trkpt lat="34.531580" lon="-119.170790"></trkpt>
    <trkpt lat="34.531660" lon="-119.171210"></trkpt>
    <trkpt lat="34.531600" lon="-119.171400"></trkpt>
    <trkpt lat="34.531580" lon="-119.171640"></trkpt>
    <trkpt lat="34.531500" lon="-119.171760"></trkpt>
    <trkpt lat="34.531500" lon="-119.171820"></trkpt>
    <trkpt lat="34.531580" lon="-119.172040"></trkpt>
    <trkpt lat="34.531610" lon="-119.172160"></trkpt>
    <trkpt lat="34.531600" lon="-119.172300"></trkpt>
    <trkpt lat="34.531530" lon="-119.172730"></trkpt>
    <trkpt lat="34.531400" lon="-119.172960"></trkpt>
    <trkpt lat="34.531450" lon="-119.173310"></trkpt>
    <trkpt lat="34.531420" lon="-119.173570"></trkpt>
    <trkpt lat="34.531330" lon="-119.173700"></trkpt>
    <trkpt lat="34.531350" lon="-119.174010"></trkpt>
    <trkpt lat="34.531400" lon="-119.174040"></trkpt>
    <trkpt lat="34.531420" lon="-119.174140"></trkpt>
    <trkpt lat="34.531460" lon="-119.174150"></trkpt>
    <trkpt lat="34.531470" lon="-119.174190"></trkpt>
    <trkpt lat="34.531480" lon="-119.174340"></trkpt>
    <trkpt lat="34.531440" lon="-119.174390"></trkpt>
    <trkpt lat="34.531630" lon="-119.174600"></trkpt>
    <trkpt lat="34.531700" lon="-119.174950"></trkpt>
    <trkpt lat="34.531800" lon="-119.175060"></trkpt>
    <trkpt lat="34.531950" lon="-119.176020"></trkpt>
    <trkpt lat="34.532140" lon="-119.176160"></trkpt>
    <trkpt lat="34.532260" lon="-119.176330"></trkpt>
    <trkpt lat="34.532280" lon="-119.176520"></trkpt>
    <trkpt lat="34.532350" lon="-119.176560"></trkpt>
    <trkpt lat="34.532400" lon="-119.176700"></trkpt>
    <trkpt lat="34.532460" lon="-119.176780"></trkpt>
    <trkpt lat="34.532610" lon="-119.176850"></trkpt>
    <trkpt lat="34.532650" lon="-119.176980"></trkpt>
    <trkpt lat="34.532760" lon="-119.177180"></trkpt>
    <trkpt lat="34.532870" lon="-119.177490"></trkpt>
    <trkpt lat="34.532880" lon="-119.177790"></trkpt>
    <trkpt lat="34.532800" lon="-119.178030"></trkpt>
    <trkpt lat="34.532720" lon="-119.178180"></trkpt>
    <trkpt lat="34.532850" lon="-119.178590"></trkpt>
    <trkpt lat="34.532920" lon="-119.178710"></trkpt>
    <trkpt lat="34.532950" lon="-119.178920"></trkpt>
    <trkpt lat="34.532900" lon="-119.179050"></trkpt>
    <trkpt lat="34.532860" lon="-119.179350"></trkpt>
    <trkpt lat="34.532780" lon="-119.179420"></trkpt>
    <trkpt lat="34.532720" lon="-119.179550"></trkpt>
    <trkpt lat="34.532750" lon="-119.179690"></trkpt>
    <trkpt lat="34.532750" lon="-119.179690"></trkpt>
    <trkpt lat="34.532810" lon="-119.179820"></trkpt>
    <trkpt lat="34.532950" lon="-119.179990"></trkpt>
    <trkpt lat="34.532950" lon="-119.179990"></trkpt>
    <trkpt lat="34.532950" lon="-119.179990"></trkpt>
    <trkpt lat="34.533140" lon="-119.180040"></trkpt>
    <trkpt lat="34.533190" lon="-119.180120"></trkpt>
    <trkpt lat="34.533380" lon="-119.180510"></trkpt>
    <trkpt lat="34.533440" lon="-119.180810"></trkpt>
    <trkpt lat="34.533450" lon="-119.180920"></trkpt>
    <trkpt lat="34.533500" lon="-119.181070"></trkpt>
    <trkpt lat="34.533718" lon="-119.181350"></trkpt>
    <trkpt lat="34.533718" lon="-119.181350"></trkpt>
    <trkpt lat="34.533850" lon="-119.181520"></trkpt>
    <trkpt lat="34.533850" lon="-119.181520"></trkpt>
    <trkpt lat="34.533850" lon="-119.181520"></trkpt>
    <trkpt lat="34.533850" lon="-119.181700"></trkpt>
    <trkpt lat="34.533790" lon="-119.181800"></trkpt>
    <trkpt lat="34.533650" lon="-119.181920"></trkpt>
    <trkpt lat="34.533550" lon="-119.182160"></trkpt>
    <trkpt lat="34.533551" lon="-119.182170"></trkpt>
    <trkpt lat="34.533520" lon="-119.182170"></trkpt>
    <trkpt lat="34.533060" lon="-119.182330"></trkpt>
    <trkpt lat="34.532850" lon="-119.182370"></trkpt>
    <trkpt lat="34.532850" lon="-119.182370"></trkpt>
    <trkpt lat="34.532710" lon="-119.182370"></trkpt>
    <trkpt lat="34.532710" lon="-119.182370"></trkpt>
    <trkpt lat="34.532500" lon="-119.182390"></trkpt>
    <trkpt lat="34.532374" lon="-119.182449"></trkpt>
    <trkpt lat="34.533463" lon="-119.182343"></trkpt>
    <trkpt lat="34.533782" lon="-119.181871"></trkpt>
    <trkpt lat="34.533757" lon="-119.181829"></trkpt>
    <trkpt lat="34.533790" lon="-119.181800"></trkpt>
    <trkpt lat="34.533850" lon="-119.181700"></trkpt>
    <trkpt lat="34.533850" lon="-119.181520"></trkpt>
    <trkpt lat="34.533850" lon="-119.181520"></trkpt>
    <trkpt lat="34.533850" lon="-119.181520"></trkpt>
    <trkpt lat="34.533718" lon="-119.181350"></trkpt>
    <trkpt lat="34.533718" lon="-119.181350"></trkpt>
    <trkpt lat="34.533500" lon="-119.181070"></trkpt>
    <trkpt lat="34.533450" lon="-119.180920"></trkpt>
    <trkpt lat="34.533440" lon="-119.180810"></trkpt>
    <trkpt lat="34.533380" lon="-119.180510"></trkpt>
    <trkpt lat="34.533190" lon="-119.180120"></trkpt>
    <trkpt lat="34.533140" lon="-119.180040"></trkpt>
    <trkpt lat="34.532950" lon="-119.179990"></trkpt>
    <trkpt lat="34.532950" lon="-119.179990"></trkpt>
    <trkpt lat="34.532950" lon="-119.179990"></trkpt>
    <trkpt lat="34.532810" lon="-119.179820"></trkpt>
    <trkpt lat="34.532750" lon="-119.179690"></trkpt>
    <trkpt lat="34.532750" lon="-119.179690"></trkpt>
    <trkpt lat="34.532720" lon="-119.179550"></trkpt>
    <trkpt lat="34.532780" lon="-119.179420"></trkpt>
    <trkpt lat="34.532860" lon="-119.179350"></trkpt>
    <trkpt lat="34.532900" lon="-119.179050"></trkpt>
    <trkpt lat="34.532950" lon="-119.178920"></trkpt>
    <trkpt lat="34.532925" lon="-119.178744"></trkpt>
    <trkpt lat="34.532930" lon="-119.178778"></trkpt>
    <trkpt lat="34.532920" lon="-119.178710"></trkpt>
    <trkpt lat="34.532850" lon="-119.178590"></trkpt>
    <trkpt lat="34.532720" lon="-119.178180"></trkpt>
    <trkpt lat="34.532800" lon="-119.178030"></trkpt>
    <trkpt lat="34.532880" lon="-119.177790"></trkpt>
    <trkpt lat="34.532870" lon="-119.177490"></trkpt>
    <trkpt lat="34.532760" lon="-119.177180"></trkpt>
    <trkpt lat="34.532650" lon="-119.176980"></trkpt>
    <trkpt lat="34.532610" lon="-119.176850"></trkpt>
    <trkpt lat="34.532460" lon="-119.176780"></trkpt>
    <trkpt lat="34.532400" lon="-119.176700"></trkpt>
    <trkpt lat="34.532350" lon="-119.176560"></trkpt>
    <trkpt lat="34.532280" lon="-119.176520"></trkpt>
    <trkpt lat="34.532260" lon="-119.176330"></trkpt>
    <trkpt lat="34.532140" lon="-119.176160"></trkpt>
    <trkpt lat="34.531950" lon="-119.176020"></trkpt>
    <trkpt lat="34.531800" lon="-119.175060"></trkpt>
    <trkpt lat="34.531700" lon="-119.174950"></trkpt>
    <trkpt lat="34.531630" lon="-119.174600"></trkpt>
    <trkpt lat="34.531440" lon="-119.174390"></trkpt>
    <trkpt lat="34.531480" lon="-119.174340"></trkpt>
    <trkpt lat="34.531470" lon="-119.174190"></trkpt>
    <trkpt lat="34.531460" lon="-119.174150"></trkpt>
    <trkpt lat="34.531420" lon="-119.174140"></trkpt>
    <trkpt lat="34.531400" lon="-119.174040"></trkpt>
    <trkpt lat="34.531350" lon="-119.174010"></trkpt>
    <trkpt lat="34.531330" lon="-119.173700"></trkpt>
    <trkpt lat="34.531420" lon="-119.173570"></trkpt>
    <trkpt lat="34.531450" lon="-119.173310"></trkpt>
    <trkpt lat="34.531400" lon="-119.172960"></trkpt>
    <trkpt lat="34.531530" lon="-119.172730"></trkpt>
    <trkpt lat="34.531600" lon="-119.172300"></trkpt>
    <trkpt lat="34.531610" lon="-119.172160"></trkpt>
    <trkpt lat="34.531580" lon="-119.172040"></trkpt>
    <trkpt lat="34.531500" lon="-119.171820"></trkpt>
    <trkpt lat="34.531500" lon="-119.171760"></trkpt>
    <trkpt lat="34.531580" lon="-119.171640"></trkpt>
    <trkpt lat="34.531600" lon="-119.171400"></trkpt>
    <trkpt lat="34.531660" lon="-119.171210"></trkpt>
    <trkpt lat="34.531580" lon="-119.170790"></trkpt>
    <trkpt lat="34.531710" lon="-119.170670"></trkpt>
    <trkpt lat="34.531800" lon="-119.170390"></trkpt>
    <trkpt lat="34.531950" lon="-119.170160"></trkpt>
    <trkpt lat="34.532430" lon="-119.169960"></trkpt>
    <trkpt lat="34.532510" lon="-119.169760"></trkpt>
    <trkpt lat="34.532600" lon="-119.169650"></trkpt>
    <trkpt lat="34.532890" lon="-119.169450"></trkpt>
    <trkpt lat="34.533050" lon="-119.169300"></trkpt>
    <trkpt lat="34.533300" lon="-119.169120"></trkpt>
    <trkpt lat="34.533360" lon="-119.169010"></trkpt>
    <trkpt lat="34.533540" lon="-119.168820"></trkpt>
    <trkpt lat="34.533740" lon="-119.168540"></trkpt>
    <trkpt lat="34.533790" lon="-119.168410"></trkpt>
    <trkpt lat="34.533900" lon="-119.167960"></trkpt>
    <trkpt lat="34.533920" lon="-119.167730"></trkpt>
    <trkpt lat="34.534100" lon="-119.167470"></trkpt>
    <trkpt lat="34.534160" lon="-119.167360"></trkpt>
    <trkpt lat="34.534170" lon="-119.167160"></trkpt>
    <trkpt lat="34.534000" lon="-119.166820"></trkpt>
    <trkpt lat="34.533910" lon="-119.166540"></trkpt>
    <trkpt lat="34.533810" lon="-119.166380"></trkpt>
    <trkpt lat="34.533770" lon="-119.166210"></trkpt>
    <trkpt lat="34.533780" lon="-119.166060"></trkpt>
    <trkpt lat="34.534050" lon="-119.165550"></trkpt>
    <trkpt lat="34.534340" lon="-119.165290"></trkpt>
    <trkpt lat="34.534360" lon="-119.164800"></trkpt>
    <trkpt lat="34.534260" lon="-119.164310"></trkpt>
    <trkpt lat="34.534140" lon="-119.164000"></trkpt>
    <trkpt lat="34.534070" lon="-119.163650"></trkpt>
    <trkpt lat="34.533930" lon="-119.163310"></trkpt>
    <trkpt lat="34.533920" lon="-119.163090"></trkpt>
    <trkpt lat="34.533940" lon="-119.162980"></trkpt>
    <trkpt lat="34.534020" lon="-119.162840"></trkpt>
    <trkpt lat="34.534160" lon="-119.162790"></trkpt>
    <trkpt lat="34.534240" lon="-119.162810"></trkpt>
    <trkpt lat="34.534410" lon="-119.162920"></trkpt>
    <trkpt lat="34.534520" lon="-119.162870"></trkpt>
    <trkpt lat="34.534610" lon="-119.162730"></trkpt>
    <trkpt lat="34.534460" lon="-119.162550"></trkpt>
    <trkpt lat="34.534390" lon="-119.162320"></trkpt>
    <trkpt lat="34.534280" lon="-119.162190"></trkpt>
    <trkpt lat="34.534220" lon="-119.162050"></trkpt>
    <trkpt lat="34.534120" lon="-119.161980"></trkpt>
    <trkpt lat="34.534060" lon="-119.161890"></trkpt>
    <trkpt lat="34.534030" lon="-119.161800"></trkpt>
    <trkpt lat="34.534020" lon="-119.161720"></trkpt>
    <trkpt lat="34.534100" lon="-119.161560"></trkpt>
    <trkpt lat="34.534190" lon="-119.161200"></trkpt>
    <trkpt lat="34.534070" lon="-119.160690"></trkpt>
    <trkpt lat="34.534080" lon="-119.160580"></trkpt>
    <trkpt lat="34.534270" lon="-119.160160"></trkpt>
    <trkpt lat="34.534240" lon="-119.160020"></trkpt>
    <trkpt lat="34.534250" lon="-119.159970"></trkpt>
    <trkpt lat="34.534350" lon="-119.159880"></trkpt>
    <trkpt lat="34.534470" lon="-119.159830"></trkpt>
    <trkpt lat="34.534550" lon="-119.159810"></trkpt>
    <trkpt lat="34.534660" lon="-119.159860"></trkpt>
    <trkpt lat="34.534750" lon="-119.159810"></trkpt>
    <trkpt lat="34.534780" lon="-119.159770"></trkpt>
    <trkpt lat="34.534710" lon="-119.159470"></trkpt>
    <trkpt lat="34.534740" lon="-119.159280"></trkpt>
    <trkpt lat="34.534610" lon="-119.159050"></trkpt>
    <trkpt lat="34.534613" lon="-119.159055"></trkpt>
    <trkpt lat="34.534490" lon="-119.159020"></trkpt>
    <trkpt lat="34.534400" lon="-119.158910"></trkpt>
    <trkpt lat="34.534160" lon="-119.158410"></trkpt>
    <trkpt lat="34.533890" lon="-119.157950"></trkpt>
    <trkpt lat="34.533420" lon="-119.157710"></trkpt>
    <trkpt lat="34.533420" lon="-119.157710"></trkpt>
    <trkpt lat="34.533310" lon="-119.157690"></trkpt>
    <trkpt lat="34.533270" lon="-119.157610"></trkpt>
    <trkpt lat="34.533280" lon="-119.157490"></trkpt>
    <trkpt lat="34.533240" lon="-119.157000"></trkpt>
    <trkpt lat="34.533310" lon="-119.156830"></trkpt>
    <trkpt lat="34.533250" lon="-119.156500"></trkpt>
    <trkpt lat="34.533280" lon="-119.156410"></trkpt>
    <trkpt lat="34.533350" lon="-119.156360"></trkpt>
    <trkpt lat="34.533210" lon="-119.155920"></trkpt>
    <trkpt lat="34.532790" lon="-119.155330"></trkpt>
    <trkpt lat="34.532510" lon="-119.155120"></trkpt>
    <trkpt lat="34.532060" lon="-119.154560"></trkpt>
    <trkpt lat="34.531660" lon="-119.154280"></trkpt>
    <trkpt lat="34.531550" lon="-119.153980"></trkpt>
    <trkpt lat="34.531610" lon="-119.153350"></trkpt>
    <trkpt lat="34.531580" lon="-119.153240"></trkpt>
    <trkpt lat="34.531400" lon="-119.152900"></trkpt>
    <trkpt lat="34.531400" lon="-119.152900"></trkpt>
    <trkpt lat="34.531400" lon="-119.152900"></trkpt>
    <trkpt lat="34.531380" lon="-119.152760"></trkpt>
    <trkpt lat="34.531320" lon="-119.152580"></trkpt>
    <trkpt lat="34.531157" lon="-119.152182"></trkpt>
    <trkpt lat="34.531157" lon="-119.152182"></trkpt>
    <trkpt lat="34.530940" lon="-119.151650"></trkpt>
    <trkpt lat="34.530770" lon="-119.151400"></trkpt>
    <trkpt lat="34.530560" lon="-119.150990"></trkpt>
    <trkpt lat="34.530460" lon="-119.150900"></trkpt>
    <trkpt lat="34.530460" lon="-119.150900"></trkpt>
    <trkpt lat="34.530460" lon="-119.150900"></trkpt>
    <trkpt lat="34.530210" lon="-119.151020"></trkpt>
    <trkpt lat="34.530172" lon="-119.150976"></trkpt>
    <trkpt lat="34.530158" lon="-119.150961"></trkpt>
    <trkpt lat="34.530140" lon="-119.150940"></trkpt>
    <trkpt lat="34.529970" lon="-119.150840"></trkpt>
    <trkpt lat="34.529780" lon="-119.150790"></trkpt>
    <trkpt lat="34.529560" lon="-119.150820"></trkpt>
    <trkpt lat="34.529200" lon="-119.150950"></trkpt>
    <trkpt lat="34.529080" lon="-119.150850"></trkpt>
    <trkpt lat="34.529030" lon="-119.150630"></trkpt>
    <trkpt lat="34.529050" lon="-119.150300"></trkpt>
    <trkpt lat="34.528970" lon="-119.149710"></trkpt>
    <trkpt lat="34.528910" lon="-119.149520"></trkpt>
    <trkpt lat="34.528280" lon="-119.148600"></trkpt>
    <trkpt lat="34.528240" lon="-119.148230"></trkpt>
    <trkpt lat="34.528030" lon="-119.147670"></trkpt>
    <trkpt lat="34.528010" lon="-119.147540"></trkpt>
    <trkpt lat="34.527960" lon="-119.147480"></trkpt>
    <trkpt lat="34.527790" lon="-119.147360"></trkpt>
    <trkpt lat="34.527590" lon="-119.147050"></trkpt>
    <trkpt lat="34.527450" lon="-119.147170"></trkpt>
    <trkpt lat="34.527270" lon="-119.147410"></trkpt>
    <trkpt lat="34.527180" lon="-119.147430"></trkpt>
    <trkpt lat="34.527100" lon="-119.147330"></trkpt>
    <trkpt lat="34.526920" lon="-119.146910"></trkpt>
    <trkpt lat="34.526740" lon="-119.146710"></trkpt>
    <trkpt lat="34.526720" lon="-119.146640"></trkpt>
    <trkpt lat="34.526650" lon="-119.146620"></trkpt>
    <trkpt lat="34.526320" lon="-119.146780"></trkpt>
    <trkpt lat="34.526240" lon="-119.146750"></trkpt>
    <trkpt lat="34.526080" lon="-119.146500"></trkpt>
    <trkpt lat="34.525890" lon="-119.146540"></trkpt>
    <trkpt lat="34.525850" lon="-119.146500"></trkpt>
    <trkpt lat="34.525790" lon="-119.146500"></trkpt>
    <trkpt lat="34.525710" lon="-119.146560"></trkpt>
    <trkpt lat="34.525570" lon="-119.146820"></trkpt>
    <trkpt lat="34.525380" lon="-119.147000"></trkpt>
    <trkpt lat="34.525250" lon="-119.147070"></trkpt>
    <trkpt lat="34.525110" lon="-119.147090"></trkpt>
    <trkpt lat="34.524970" lon="-119.147050"></trkpt>
    <trkpt lat="34.524660" lon="-119.146750"></trkpt>
    <trkpt lat="34.524660" lon="-119.146750"></trkpt>
    <trkpt lat="34.524510" lon="-119.146680"></trkpt>
    <trkpt lat="34.524480" lon="-119.146490"></trkpt>
    <trkpt lat="34.524420" lon="-119.146420"></trkpt>
    <trkpt lat="34.524380" lon="-119.146300"></trkpt>
    <trkpt lat="34.524220" lon="-119.146380"></trkpt>
    <trkpt lat="34.524130" lon="-119.146480"></trkpt>
    <trkpt lat="34.524030" lon="-119.146470"></trkpt>
    <trkpt lat="34.523820" lon="-119.146330"></trkpt>
    <trkpt lat="34.523710" lon="-119.146220"></trkpt>
    <trkpt lat="34.523620" lon="-119.145810"></trkpt>
    <trkpt lat="34.523470" lon="-119.145860"></trkpt>
    <trkpt lat="34.523320" lon="-119.146050"></trkpt>
    <trkpt lat="34.523230" lon="-119.145980"></trkpt>
    <trkpt lat="34.522920" lon="-119.145940"></trkpt>
    <trkpt lat="34.522660" lon="-119.145820"></trkpt>
    <trkpt lat="34.522540" lon="-119.145740"></trkpt>
    <trkpt lat="34.522440" lon="-119.145620"></trkpt>
    <trkpt lat="34.522400" lon="-119.145840"></trkpt>
    <trkpt lat="34.522410" lon="-119.145970"></trkpt>
    <trkpt lat="34.522450" lon="-119.146090"></trkpt>
    <trkpt lat="34.522510" lon="-119.146500"></trkpt>
    <trkpt lat="34.522590" lon="-119.146830"></trkpt>
    <trkpt lat="34.522570" lon="-119.146930"></trkpt>
    <trkpt lat="34.522590" lon="-119.147000"></trkpt>
    <trkpt lat="34.522500" lon="-119.147070"></trkpt>
    <trkpt lat="34.522380" lon="-119.147040"></trkpt>
    <trkpt lat="34.522310" lon="-119.146980"></trkpt>
    <trkpt lat="34.522020" lon="-119.146930"></trkpt>
    <trkpt lat="34.521930" lon="-119.146950"></trkpt>
    <trkpt lat="34.521730" lon="-119.147230"></trkpt>
    <trkpt lat="34.521670" lon="-119.147280"></trkpt>
    <trkpt lat="34.521600" lon="-119.147260"></trkpt>
    <trkpt lat="34.521520" lon="-119.147060"></trkpt>
    <trkpt lat="34.521430" lon="-119.146930"></trkpt>
    <trkpt lat="34.521270" lon="-119.146810"></trkpt>
    <trkpt lat="34.521040" lon="-119.146560"></trkpt>
    <trkpt lat="34.520830" lon="-119.146470"></trkpt>
    <trkpt lat="34.520740" lon="-119.146310"></trkpt>
    <trkpt lat="34.520430" lon="-119.146150"></trkpt>
    <trkpt lat="34.520350" lon="-119.146220"></trkpt>
    <trkpt lat="34.520250" lon="-119.146430"></trkpt>
    <trkpt lat="34.520050" lon="-119.146480"></trkpt>
    <trkpt lat="34.520010" lon="-119.146920"></trkpt>
    <trkpt lat="34.519830" lon="-119.147190"></trkpt>
    <trkpt lat="34.519750" lon="-119.147170"></trkpt>
    <trkpt lat="34.519640" lon="-119.147090"></trkpt>
    <trkpt lat="34.519470" lon="-119.147030"></trkpt>
    <trkpt lat="34.519390" lon="-119.147050"></trkpt>
    <trkpt lat="34.519340" lon="-119.147020"></trkpt>
    <trkpt lat="34.519270" lon="-119.147020"></trkpt>
    <trkpt lat="34.519040" lon="-119.147170"></trkpt>
    <trkpt lat="34.518770" lon="-119.147240"></trkpt>
    <trkpt lat="34.518660" lon="-119.147360"></trkpt>
    <trkpt lat="34.518640" lon="-119.147480"></trkpt>
    <trkpt lat="34.518570" lon="-119.147490"></trkpt>
    <trkpt lat="34.518530" lon="-119.147460"></trkpt>
    <trkpt lat="34.518490" lon="-119.147350"></trkpt>
    <trkpt lat="34.518460" lon="-119.146920"></trkpt>
    <trkpt lat="34.518510" lon="-119.146560"></trkpt>
    <trkpt lat="34.518500" lon="-119.146330"></trkpt>
    <trkpt lat="34.518590" lon="-119.146030"></trkpt>
    <trkpt lat="34.518560" lon="-119.145070"></trkpt>
    <trkpt lat="34.518510" lon="-119.144970"></trkpt>
    <trkpt lat="34.518500" lon="-119.144560"></trkpt>
    <trkpt lat="34.518330" lon="-119.144490"></trkpt>
    <trkpt lat="34.518290" lon="-119.144340"></trkpt>
    <trkpt lat="34.518200" lon="-119.144210"></trkpt>
    <trkpt lat="34.518180" lon="-119.144100"></trkpt>
    <trkpt lat="34.518220" lon="-119.143990"></trkpt>
    <trkpt lat="34.518100" lon="-119.143580"></trkpt>
    <trkpt lat="34.518110" lon="-119.143500"></trkpt>
    <trkpt lat="34.518080" lon="-119.143370"></trkpt>
    <trkpt lat="34.518100" lon="-119.143190"></trkpt>
    <trkpt lat="34.518030" lon="-119.142860"></trkpt>
    <trkpt lat="34.518090" lon="-119.142640"></trkpt>
    <trkpt lat="34.518080" lon="-119.142590"></trkpt>
    <trkpt lat="34.517990" lon="-119.142450"></trkpt>
    <trkpt lat="34.517990" lon="-119.142380"></trkpt>
    <trkpt lat="34.518050" lon="-119.142290"></trkpt>
    <trkpt lat="34.518050" lon="-119.142200"></trkpt>
    <trkpt lat="34.518100" lon="-119.142130"></trkpt>
    <trkpt lat="34.518050" lon="-119.142040"></trkpt>
    <trkpt lat="34.517940" lon="-119.141990"></trkpt>
    <trkpt lat="34.517910" lon="-119.141900"></trkpt>
    <trkpt lat="34.517900" lon="-119.141850"></trkpt>
    <trkpt lat="34.517980" lon="-119.141600"></trkpt>
    <trkpt lat="34.517950" lon="-119.141540"></trkpt>
    <trkpt lat="34.517950" lon="-119.141390"></trkpt>
    <trkpt lat="34.517840" lon="-119.141160"></trkpt>
    <trkpt lat="34.517820" lon="-119.141010"></trkpt>
    <trkpt lat="34.517760" lon="-119.140960"></trkpt>
    <trkpt lat="34.517700" lon="-119.140960"></trkpt>
    <trkpt lat="34.517540" lon="-119.141080"></trkpt>
    <trkpt lat="34.517510" lon="-119.141070"></trkpt>
    <trkpt lat="34.517480" lon="-119.141040"></trkpt>
    <trkpt lat="34.517470" lon="-119.140850"></trkpt>
    <trkpt lat="34.517420" lon="-119.140730"></trkpt>
    <trkpt lat="34.517370" lon="-119.140690"></trkpt>
    <trkpt lat="34.517010" lon="-119.140760"></trkpt>
    <trkpt lat="34.516840" lon="-119.140710"></trkpt>
    <trkpt lat="34.516500" lon="-119.140390"></trkpt>
    <trkpt lat="34.516120" lon="-119.139830"></trkpt>
    <trkpt lat="34.516120" lon="-119.139680"></trkpt>
    <trkpt lat="34.516220" lon="-119.139400"></trkpt>
    <trkpt lat="34.516210" lon="-119.139250"></trkpt>
    <trkpt lat="34.516140" lon="-119.139160"></trkpt>
    <trkpt lat="34.515950" lon="-119.139050"></trkpt>
    <trkpt lat="34.515710" lon="-119.138920"></trkpt>
    <trkpt lat="34.515620" lon="-119.139000"></trkpt>
    <trkpt lat="34.515550" lon="-119.139130"></trkpt>
    <trkpt lat="34.515430" lon="-119.139100"></trkpt>
    <trkpt lat="34.515280" lon="-119.139140"></trkpt>
    <trkpt lat="34.515170" lon="-119.139130"></trkpt>
    <trkpt lat="34.514810" lon="-119.139060"></trkpt>
    <trkpt lat="34.514700" lon="-119.138990"></trkpt>
    <trkpt lat="34.514620" lon="-119.138880"></trkpt>
    <trkpt lat="34.514520" lon="-119.138840"></trkpt>
    <trkpt lat="34.514380" lon="-119.138940"></trkpt>
    <trkpt lat="34.514290" lon="-119.138930"></trkpt>
    <trkpt lat="34.513940" lon="-119.138720"></trkpt>
    <trkpt lat="34.513870" lon="-119.138620"></trkpt>
    <trkpt lat="34.513870" lon="-119.138540"></trkpt>
    <trkpt lat="34.513910" lon="-119.138410"></trkpt>
    <trkpt lat="34.514260" lon="-119.137850"></trkpt>
    <trkpt lat="34.514330" lon="-119.137650"></trkpt>
    <trkpt lat="34.514420" lon="-119.137090"></trkpt>
    <trkpt lat="34.514280" lon="-119.137080"></trkpt>
    <trkpt lat="34.513990" lon="-119.136960"></trkpt>
    <trkpt lat="34.513730" lon="-119.137260"></trkpt>
    <trkpt lat="34.513600" lon="-119.137310"></trkpt>
    <trkpt lat="34.513410" lon="-119.137330"></trkpt>
    <trkpt lat="34.513210" lon="-119.137280"></trkpt>
    <trkpt lat="34.513030" lon="-119.137190"></trkpt>
    <trkpt lat="34.512920" lon="-119.137200"></trkpt>
    <trkpt lat="34.512720" lon="-119.137060"></trkpt>
    <trkpt lat="34.512590" lon="-119.136910"></trkpt>
    <trkpt lat="34.512460" lon="-119.136890"></trkpt>
    <trkpt lat="34.512330" lon="-119.136980"></trkpt>
    <trkpt lat="34.512200" lon="-119.136830"></trkpt>
    <trkpt lat="34.512110" lon="-119.136690"></trkpt>
    <trkpt lat="34.512000" lon="-119.136600"></trkpt>
    <trkpt lat="34.511810" lon="-119.136660"></trkpt>
    <trkpt lat="34.511730" lon="-119.136830"></trkpt>
    <trkpt lat="34.511590" lon="-119.136850"></trkpt>
    <trkpt lat="34.511500" lon="-119.136590"></trkpt>
    <trkpt lat="34.511440" lon="-119.136330"></trkpt>
    <trkpt lat="34.511440" lon="-119.136260"></trkpt>
    <trkpt lat="34.511390" lon="-119.136150"></trkpt>
    <trkpt lat="34.511290" lon="-119.136150"></trkpt>
    <trkpt lat="34.511060" lon="-119.136270"></trkpt>
    <trkpt lat="34.510830" lon="-119.136250"></trkpt>
    <trkpt lat="34.510760" lon="-119.136300"></trkpt>
    <trkpt lat="34.510500" lon="-119.136320"></trkpt>
    <trkpt lat="34.510380" lon="-119.136370"></trkpt>
    <trkpt lat="34.510280" lon="-119.136340"></trkpt>
    <trkpt lat="34.510240" lon="-119.136250"></trkpt>
    <trkpt lat="34.510190" lon="-119.135900"></trkpt>
    <trkpt lat="34.510150" lon="-119.135840"></trkpt>
    <trkpt lat="34.510010" lon="-119.135790"></trkpt>
    <trkpt lat="34.509980" lon="-119.135740"></trkpt>
    <trkpt lat="34.509980" lon="-119.135740"></trkpt>
    <trkpt lat="34.509980" lon="-119.135610"></trkpt>
    <trkpt lat="34.510140" lon="-119.135350"></trkpt>
    <trkpt lat="34.510170" lon="-119.135270"></trkpt>
    <trkpt lat="34.510030" lon="-119.135060"></trkpt>
    <trkpt lat="34.510050" lon="-119.134830"></trkpt>
    <trkpt lat="34.510130" lon="-119.134660"></trkpt>
    <trkpt lat="34.510130" lon="-119.134470"></trkpt>
    <trkpt lat="34.510250" lon="-119.134230"></trkpt>
    <trkpt lat="34.510350" lon="-119.134130"></trkpt>
    <trkpt lat="34.510360" lon="-119.134050"></trkpt>
    <trkpt lat="34.510320" lon="-119.134010"></trkpt>
    <trkpt lat="34.510270" lon="-119.134010"></trkpt>
    <trkpt lat="34.510200" lon="-119.134070"></trkpt>
    <trkpt lat="34.510020" lon="-119.134090"></trkpt>
    <trkpt lat="34.509470" lon="-119.133860"></trkpt>
    <trkpt lat="34.509370" lon="-119.133750"></trkpt>
    <trkpt lat="34.509240" lon="-119.133500"></trkpt>
    <trkpt lat="34.509190" lon="-119.133440"></trkpt>
    <trkpt lat="34.508820" lon="-119.133310"></trkpt>
    <trkpt lat="34.508440" lon="-119.133080"></trkpt>
    <trkpt lat="34.508260" lon="-119.133090"></trkpt>
    <trkpt lat="34.508110" lon="-119.133240"></trkpt>
    <trkpt lat="34.507980" lon="-119.133440"></trkpt>
    <trkpt lat="34.507870" lon="-119.133760"></trkpt>
    <trkpt lat="34.507840" lon="-119.133940"></trkpt>
    <trkpt lat="34.507810" lon="-119.133970"></trkpt>
    <trkpt lat="34.507520" lon="-119.134000"></trkpt>
    <trkpt lat="34.507430" lon="-119.133960"></trkpt>
    <trkpt lat="34.507210" lon="-119.134010"></trkpt>
    <trkpt lat="34.507020" lon="-119.134110"></trkpt>
    <trkpt lat="34.506820" lon="-119.134280"></trkpt>
    <trkpt lat="34.506690" lon="-119.134280"></trkpt>
    <trkpt lat="34.506560" lon="-119.134400"></trkpt>
    <trkpt lat="34.506560" lon="-119.134400"></trkpt>
    <trkpt lat="34.506490" lon="-119.134470"></trkpt>
    <trkpt lat="34.506410" lon="-119.134650"></trkpt>
    <trkpt lat="34.506260" lon="-119.134650"></trkpt>
    <trkpt lat="34.505980" lon="-119.134770"></trkpt>
    <trkpt lat="34.505900" lon="-119.134990"></trkpt>
    <trkpt lat="34.505780" lon="-119.135170"></trkpt>
    <trkpt lat="34.505730" lon="-119.135330"></trkpt>
    <trkpt lat="34.505670" lon="-119.135330"></trkpt>
    <trkpt lat="34.505560" lon="-119.135170"></trkpt>
    <trkpt lat="34.505440" lon="-119.135150"></trkpt>
    <trkpt lat="34.505390" lon="-119.134860"></trkpt>
    <trkpt lat="34.505350" lon="-119.134800"></trkpt>
    <trkpt lat="34.505170" lon="-119.134690"></trkpt>
    <trkpt lat="34.505080" lon="-119.134660"></trkpt>
    <trkpt lat="34.504630" lon="-119.134650"></trkpt>
    <trkpt lat="34.504480" lon="-119.134700"></trkpt>
    <trkpt lat="34.504420" lon="-119.134750"></trkpt>
    <trkpt lat="34.504340" lon="-119.134740"></trkpt>
    <trkpt lat="34.504280" lon="-119.134580"></trkpt>
    <trkpt lat="34.504270" lon="-119.134430"></trkpt>
    <trkpt lat="34.504230" lon="-119.134370"></trkpt>
    <trkpt lat="34.504130" lon="-119.134370"></trkpt>
    <trkpt lat="34.504090" lon="-119.134330"></trkpt>
    <trkpt lat="34.503650" lon="-119.133860"></trkpt>
    <trkpt lat="34.503090" lon="-119.133580"></trkpt>
    <trkpt lat="34.502870" lon="-119.133420"></trkpt>
    <trkpt lat="34.502480" lon="-119.133270"></trkpt>
    <trkpt lat="34.502380" lon="-119.133310"></trkpt>
    <trkpt lat="34.502270" lon="-119.133310"></trkpt>
    <trkpt lat="34.502200" lon="-119.133290"></trkpt>
    <trkpt lat="34.502160" lon="-119.133240"></trkpt>
    <trkpt lat="34.502050" lon="-119.133210"></trkpt>
    <trkpt lat="34.501990" lon="-119.133240"></trkpt>
    <trkpt lat="34.501940" lon="-119.133210"></trkpt>
    <trkpt lat="34.501660" lon="-119.132660"></trkpt>
    <trkpt lat="34.501470" lon="-119.132580"></trkpt>
    <trkpt lat="34.501400" lon="-119.132200"></trkpt>
    <trkpt lat="34.501470" lon="-119.131750"></trkpt>
    <trkpt lat="34.501500" lon="-119.131060"></trkpt>
    <trkpt lat="34.501410" lon="-119.130920"></trkpt>
    <trkpt lat="34.501270" lon="-119.130840"></trkpt>
    <trkpt lat="34.501190" lon="-119.130510"></trkpt>
    <trkpt lat="34.501120" lon="-119.130390"></trkpt>
    <trkpt lat="34.501020" lon="-119.130280"></trkpt>
    <trkpt lat="34.500780" lon="-119.130240"></trkpt>
    <trkpt lat="34.500570" lon="-119.130140"></trkpt>
    <trkpt lat="34.500160" lon="-119.130090"></trkpt>
    <trkpt lat="34.499870" lon="-119.129700"></trkpt>
    <trkpt lat="34.499820" lon="-119.129580"></trkpt>
    <trkpt lat="34.499760" lon="-119.129290"></trkpt>
    <trkpt lat="34.499720" lon="-119.129270"></trkpt>
    <trkpt lat="34.499550" lon="-119.129270"></trkpt>
    <trkpt lat="34.499550" lon="-119.129270"></trkpt>
    <trkpt lat="34.499790" lon="-119.128120"></trkpt>
    <trkpt lat="34.499970" lon="-119.127860"></trkpt>
    <trkpt lat="34.500180" lon="-119.127680"></trkpt>
    <trkpt lat="34.500320" lon="-119.127350"></trkpt>
    <trkpt lat="34.500650" lon="-119.126930"></trkpt>
    <trkpt lat="34.500760" lon="-119.126570"></trkpt>
    <trkpt lat="34.500860" lon="-119.125920"></trkpt>
    <trkpt lat="34.501000" lon="-119.125520"></trkpt>
    <trkpt lat="34.501090" lon="-119.125370"></trkpt>
    <trkpt lat="34.501180" lon="-119.125120"></trkpt>
    <trkpt lat="34.501220" lon="-119.124770"></trkpt>
    <trkpt lat="34.501370" lon="-119.124030"></trkpt>
    <trkpt lat="34.501560" lon="-119.123570"></trkpt>
    <trkpt lat="34.501550" lon="-119.123110"></trkpt>
    <trkpt lat="34.501450" lon="-119.122860"></trkpt>
    <trkpt lat="34.501389" lon="-119.122812"></trkpt>
    <trkpt lat="34.501481" lon="-119.122937"></trkpt>
    <trkpt lat="34.501450" lon="-119.122860"></trkpt>
    <trkpt lat="34.501350" lon="-119.122780"></trkpt>
    <trkpt lat="34.500900" lon="-119.122600"></trkpt>
    <trkpt lat="34.500650" lon="-119.122390"></trkpt>
    <trkpt lat="34.500560" lon="-119.122250"></trkpt>
    <trkpt lat="34.500560" lon="-119.122250"></trkpt>
    <trkpt lat="34.500120" lon="-119.121540"></trkpt>
    <trkpt lat="34.500050" lon="-119.121390"></trkpt>
    <trkpt lat="34.499940" lon="-119.121060"></trkpt>
    <trkpt lat="34.499940" lon="-119.120960"></trkpt>
    <trkpt lat="34.499990" lon="-119.120830"></trkpt>
    <trkpt lat="34.500220" lon="-119.120560"></trkpt>
    <trkpt lat="34.500270" lon="-119.120360"></trkpt>
    <trkpt lat="34.500320" lon="-119.119940"></trkpt>
    <trkpt lat="34.500215" lon="-119.119681"></trkpt>
    <trkpt lat="34.500246" lon="-119.119758"></trkpt>
    <trkpt lat="34.500320" lon="-119.119940"></trkpt>
    <trkpt lat="34.500270" lon="-119.120360"></trkpt>
    <trkpt lat="34.500220" lon="-119.120560"></trkpt>
    <trkpt lat="34.499990" lon="-119.120830"></trkpt>
    <trkpt lat="34.499940" lon="-119.120960"></trkpt>
    <trkpt lat="34.499940" lon="-119.121060"></trkpt>
    <trkpt lat="34.500050" lon="-119.121390"></trkpt>
    <trkpt lat="34.500120" lon="-119.121540"></trkpt>
    <trkpt lat="34.500560" lon="-119.122250"></trkpt>
    <trkpt lat="34.500560" lon="-119.122250"></trkpt>
    <trkpt lat="34.500470" lon="-119.122300"></trkpt>
    <trkpt lat="34.500370" lon="-119.122470"></trkpt>
    <trkpt lat="34.500080" lon="-119.122490"></trkpt>
    <trkpt lat="34.499840" lon="-119.122540"></trkpt>
    <trkpt lat="34.499820" lon="-119.122570"></trkpt>
    <trkpt lat="34.499850" lon="-119.122830"></trkpt>
    <trkpt lat="34.500100" lon="-119.123040"></trkpt>
    <trkpt lat="34.500070" lon="-119.123090"></trkpt>
    <trkpt lat="34.499780" lon="-119.123110"></trkpt>
    <trkpt lat="34.499400" lon="-119.122970"></trkpt>
    <trkpt lat="34.499080" lon="-119.122950"></trkpt>
    <trkpt lat="34.498890" lon="-119.122840"></trkpt>
    <trkpt lat="34.498850" lon="-119.122950"></trkpt>
    <trkpt lat="34.498840" lon="-119.123040"></trkpt>
    <trkpt lat="34.498860" lon="-119.123340"></trkpt>
    <trkpt lat="34.498640" lon="-119.123730"></trkpt>
    <trkpt lat="34.498620" lon="-119.124020"></trkpt>
    <trkpt lat="34.498600" lon="-119.124080"></trkpt>
    <trkpt lat="34.498260" lon="-119.124530"></trkpt>
    <trkpt lat="34.498210" lon="-119.124560"></trkpt>
    <trkpt lat="34.498050" lon="-119.124560"></trkpt>
    <trkpt lat="34.497880" lon="-119.124510"></trkpt>
    <trkpt lat="34.497840" lon="-119.124460"></trkpt>
    <trkpt lat="34.497630" lon="-119.123950"></trkpt>
    <trkpt lat="34.497550" lon="-119.123510"></trkpt>
    <trkpt lat="34.497420" lon="-119.123410"></trkpt>
    <trkpt lat="34.497350" lon="-119.123310"></trkpt>
    <trkpt lat="34.497320" lon="-119.123300"></trkpt>
    <trkpt lat="34.497240" lon="-119.123580"></trkpt>
    <trkpt lat="34.497210" lon="-119.123600"></trkpt>
    <trkpt lat="34.497020" lon="-119.123400"></trkpt>
    <trkpt lat="34.496880" lon="-119.123480"></trkpt>
    <trkpt lat="34.496550" lon="-119.123590"></trkpt>
    <trkpt lat="34.496430" lon="-119.123590"></trkpt>
    <trkpt lat="34.495970" lon="-119.123340"></trkpt>
    <trkpt lat="34.495900" lon="-119.123230"></trkpt>
    <trkpt lat="34.495810" lon="-119.123190"></trkpt>
    <trkpt lat="34.495780" lon="-119.123120"></trkpt>
    <trkpt lat="34.495790" lon="-119.122930"></trkpt>
    <trkpt lat="34.495740" lon="-119.122860"></trkpt>
    <trkpt lat="34.495700" lon="-119.122680"></trkpt>
    <trkpt lat="34.495650" lon="-119.122620"></trkpt>
    <trkpt lat="34.495590" lon="-119.122630"></trkpt>
    <trkpt lat="34.495460" lon="-119.122750"></trkpt>
    <trkpt lat="34.495300" lon="-119.122730"></trkpt>
    <trkpt lat="34.495240" lon="-119.122830"></trkpt>
    <trkpt lat="34.495080" lon="-119.122880"></trkpt>
    <trkpt lat="34.494930" lon="-119.123050"></trkpt>
    <trkpt lat="34.494650" lon="-119.123270"></trkpt>
    <trkpt lat="34.494480" lon="-119.123260"></trkpt>
    <trkpt lat="34.494250" lon="-119.123440"></trkpt>
    <trkpt lat="34.494210" lon="-119.123430"></trkpt>
    <trkpt lat="34.494180" lon="-119.123370"></trkpt>
    <trkpt lat="34.494180" lon="-119.123250"></trkpt>
    <trkpt lat="34.494150" lon="-119.123170"></trkpt>
    <trkpt lat="34.494070" lon="-119.123080"></trkpt>
    <trkpt lat="34.494010" lon="-119.123060"></trkpt>
    <trkpt lat="34.493910" lon="-119.123080"></trkpt>
    <trkpt lat="34.493820" lon="-119.123130"></trkpt>
    <trkpt lat="34.493670" lon="-119.123330"></trkpt>
    <trkpt lat="34.493600" lon="-119.123440"></trkpt>
    <trkpt lat="34.493540" lon="-119.123650"></trkpt>
    <trkpt lat="34.493460" lon="-119.123680"></trkpt>
    <trkpt lat="34.493410" lon="-119.123560"></trkpt>
    <trkpt lat="34.493410" lon="-119.123470"></trkpt>
    <trkpt lat="34.493500" lon="-119.123180"></trkpt>
    <trkpt lat="34.493500" lon="-119.122980"></trkpt>
    <trkpt lat="34.493610" lon="-119.122450"></trkpt>
    <trkpt lat="34.493330" lon="-119.122570"></trkpt>
    <trkpt lat="34.492990" lon="-119.122820"></trkpt>
    <trkpt lat="34.492860" lon="-119.122860"></trkpt>
    <trkpt lat="34.492810" lon="-119.122910"></trkpt>
    <trkpt lat="34.492710" lon="-119.123030"></trkpt>
    <trkpt lat="34.492660" lon="-119.123180"></trkpt>
    <trkpt lat="34.492740" lon="-119.123510"></trkpt>
    <trkpt lat="34.492710" lon="-119.123530"></trkpt>
    <trkpt lat="34.492400" lon="-119.123460"></trkpt>
    <trkpt lat="34.492330" lon="-119.123470"></trkpt>
    <trkpt lat="34.492280" lon="-119.123520"></trkpt>
    <trkpt lat="34.491980" lon="-119.123980"></trkpt>
    <trkpt lat="34.491880" lon="-119.124270"></trkpt>
    <trkpt lat="34.491650" lon="-119.124720"></trkpt>
    <trkpt lat="34.491420" lon="-119.124980"></trkpt>
    <trkpt lat="34.491310" lon="-119.125070"></trkpt>
    <trkpt lat="34.491000" lon="-119.125070"></trkpt>
    <trkpt lat="34.490850" lon="-119.124970"></trkpt>
    <trkpt lat="34.490640" lon="-119.124730"></trkpt>
    <trkpt lat="34.490570" lon="-119.124580"></trkpt>
    <trkpt lat="34.490540" lon="-119.124450"></trkpt>
    <trkpt lat="34.490200" lon="-119.124060"></trkpt>
    <trkpt lat="34.490190" lon="-119.123950"></trkpt>
    <trkpt lat="34.490240" lon="-119.123870"></trkpt>
    <trkpt lat="34.490180" lon="-119.123770"></trkpt>
    <trkpt lat="34.490050" lon="-119.123700"></trkpt>
    <trkpt lat="34.489700" lon="-119.123670"></trkpt>
    <trkpt lat="34.489590" lon="-119.123570"></trkpt>
    <trkpt lat="34.489470" lon="-119.123400"></trkpt>
    <trkpt lat="34.489420" lon="-119.123210"></trkpt>
    <trkpt lat="34.489420" lon="-119.123040"></trkpt>
    <trkpt lat="34.489380" lon="-119.123050"></trkpt>
    <trkpt lat="34.489280" lon="-119.123210"></trkpt>
    <trkpt lat="34.489170" lon="-119.123520"></trkpt>
    <trkpt lat="34.489240" lon="-119.123890"></trkpt>
    <trkpt lat="34.489220" lon="-119.124020"></trkpt>
    <trkpt lat="34.489440" lon="-119.124170"></trkpt>
    <trkpt lat="34.489460" lon="-119.124220"></trkpt>
    <trkpt lat="34.489100" lon="-119.124460"></trkpt>
    <trkpt lat="34.489040" lon="-119.124530"></trkpt>
    <trkpt lat="34.489060" lon="-119.124700"></trkpt>
    <trkpt lat="34.489160" lon="-119.124800"></trkpt>
    <trkpt lat="34.489060" lon="-119.124940"></trkpt>
    <trkpt lat="34.489030" lon="-119.124950"></trkpt>
    <trkpt lat="34.489020" lon="-119.124840"></trkpt>
    <trkpt lat="34.488850" lon="-119.124750"></trkpt>
    <trkpt lat="34.488790" lon="-119.124620"></trkpt>
    <trkpt lat="34.488770" lon="-119.124240"></trkpt>
    <trkpt lat="34.488680" lon="-119.124210"></trkpt>
    <trkpt lat="34.488450" lon="-119.124050"></trkpt>
    <trkpt lat="34.488450" lon="-119.124050"></trkpt>
    <trkpt lat="34.488340" lon="-119.123980"></trkpt>
    <trkpt lat="34.488150" lon="-119.123920"></trkpt>
    <trkpt lat="34.487950" lon="-119.123710"></trkpt>
    <trkpt lat="34.487850" lon="-119.123290"></trkpt>
    <trkpt lat="34.487520" lon="-119.122790"></trkpt>
    <trkpt lat="34.487530" lon="-119.122410"></trkpt>
    <trkpt lat="34.487510" lon="-119.122380"></trkpt>
    <trkpt lat="34.487480" lon="-119.122380"></trkpt>
    <trkpt lat="34.487230" lon="-119.122830"></trkpt>
    <trkpt lat="34.487130" lon="-119.123240"></trkpt>
    <trkpt lat="34.486970" lon="-119.123500"></trkpt>
    <trkpt lat="34.486940" lon="-119.123620"></trkpt>
    <trkpt lat="34.486820" lon="-119.123800"></trkpt>
    <trkpt lat="34.486790" lon="-119.123950"></trkpt>
    <trkpt lat="34.486700" lon="-119.123920"></trkpt>
    <trkpt lat="34.486620" lon="-119.124040"></trkpt>
    <trkpt lat="34.486600" lon="-119.124130"></trkpt>
    <trkpt lat="34.486640" lon="-119.124250"></trkpt>
    <trkpt lat="34.486630" lon="-119.124340"></trkpt>
    <trkpt lat="34.486280" lon="-119.124680"></trkpt>
    <trkpt lat="34.486050" lon="-119.124750"></trkpt>
    <trkpt lat="34.485620" lon="-119.125010"></trkpt>
    <trkpt lat="34.485610" lon="-119.125300"></trkpt>
    <trkpt lat="34.485390" lon="-119.125270"></trkpt>
    <trkpt lat="34.485270" lon="-119.125300"></trkpt>
    <trkpt lat="34.485150" lon="-119.125410"></trkpt>
    <trkpt lat="34.484900" lon="-119.125540"></trkpt>
    <trkpt lat="34.484820" lon="-119.125620"></trkpt>
    <trkpt lat="34.484750" lon="-119.125640"></trkpt>
    <trkpt lat="34.484530" lon="-119.125620"></trkpt>
    <trkpt lat="34.484290" lon="-119.125500"></trkpt>
    <trkpt lat="34.484210" lon="-119.125480"></trkpt>
    <trkpt lat="34.484140" lon="-119.125510"></trkpt>
    <trkpt lat="34.484080" lon="-119.125610"></trkpt>
    <trkpt lat="34.484060" lon="-119.125790"></trkpt>
    <trkpt lat="34.483920" lon="-119.126100"></trkpt>
    <trkpt lat="34.483920" lon="-119.126190"></trkpt>
    <trkpt lat="34.484070" lon="-119.126370"></trkpt>
    <trkpt lat="34.484240" lon="-119.126510"></trkpt>
    <trkpt lat="34.484510" lon="-119.126820"></trkpt>
    <trkpt lat="34.484530" lon="-119.126950"></trkpt>
    <trkpt lat="34.484450" lon="-119.126990"></trkpt>
    <trkpt lat="34.484330" lon="-119.127120"></trkpt>
    <trkpt lat="34.484240" lon="-119.127060"></trkpt>
    <trkpt lat="34.484160" lon="-119.127130"></trkpt>
    <trkpt lat="34.483960" lon="-119.127180"></trkpt>
    <trkpt lat="34.483850" lon="-119.127240"></trkpt>
    <trkpt lat="34.483820" lon="-119.127240"></trkpt>
    <trkpt lat="34.483750" lon="-119.127120"></trkpt>
    <trkpt lat="34.483440" lon="-119.127260"></trkpt>
    <trkpt lat="34.483300" lon="-119.127130"></trkpt>
    <trkpt lat="34.482900" lon="-119.126980"></trkpt>
    <trkpt lat="34.482350" lon="-119.126600"></trkpt>
    <trkpt lat="34.482070" lon="-119.126540"></trkpt>
    <trkpt lat="34.481950" lon="-119.126540"></trkpt>
    <trkpt lat="34.481800" lon="-119.126590"></trkpt>
    <trkpt lat="34.481610" lon="-119.126570"></trkpt>
    <trkpt lat="34.481480" lon="-119.126630"></trkpt>
    <trkpt lat="34.481400" lon="-119.126750"></trkpt>
    <trkpt lat="34.481260" lon="-119.126860"></trkpt>
    <trkpt lat="34.481230" lon="-119.126820"></trkpt>
    <trkpt lat="34.481140" lon="-119.126530"></trkpt>
    <trkpt lat="34.481010" lon="-119.126490"></trkpt>
    <trkpt lat="34.480950" lon="-119.126430"></trkpt>
    <trkpt lat="34.480800" lon="-119.126380"></trkpt>
    <trkpt lat="34.480590" lon="-119.126380"></trkpt>
    <trkpt lat="34.480030" lon="-119.125960"></trkpt>
    <trkpt lat="34.479950" lon="-119.125940"></trkpt>
    <trkpt lat="34.479910" lon="-119.125740"></trkpt>
    <trkpt lat="34.479850" lon="-119.125670"></trkpt>
    <trkpt lat="34.479490" lon="-119.125430"></trkpt>
    <trkpt lat="34.479200" lon="-119.125350"></trkpt>
    <trkpt lat="34.479360" lon="-119.125260"></trkpt>
    <trkpt lat="34.479640" lon="-119.125250"></trkpt>
    <trkpt lat="34.479800" lon="-119.125370"></trkpt>
    <trkpt lat="34.480220" lon="-119.125780"></trkpt>
    <trkpt lat="34.480430" lon="-119.125890"></trkpt>
    <trkpt lat="34.480460" lon="-119.125860"></trkpt>
    <trkpt lat="34.480470" lon="-119.125810"></trkpt>
    <trkpt lat="34.480190" lon="-119.125570"></trkpt>
    <trkpt lat="34.480010" lon="-119.125280"></trkpt>
    <trkpt lat="34.479470" lon="-119.124920"></trkpt>
    <trkpt lat="34.479070" lon="-119.124860"></trkpt>
    <trkpt lat="34.478920" lon="-119.124930"></trkpt>
    <trkpt lat="34.478920" lon="-119.124930"></trkpt>
    <trkpt lat="34.478930" lon="-119.124980"></trkpt>
    <trkpt lat="34.478900" lon="-119.125060"></trkpt>
    <trkpt lat="34.478330" lon="-119.125330"></trkpt>
    <trkpt lat="34.478070" lon="-119.125520"></trkpt>
    <trkpt lat="34.478000" lon="-119.125590"></trkpt>
    <trkpt lat="34.477780" lon="-119.125990"></trkpt>
    <trkpt lat="34.477490" lon="-119.126350"></trkpt>
    <trkpt lat="34.477220" lon="-119.126530"></trkpt>
    <trkpt lat="34.477130" lon="-119.126690"></trkpt>
    <trkpt lat="34.477000" lon="-119.126780"></trkpt>
    <trkpt lat="34.476850" lon="-119.126830"></trkpt>
    <trkpt lat="34.476530" lon="-119.126810"></trkpt>
    <trkpt lat="34.476070" lon="-119.127030"></trkpt>
    <trkpt lat="34.475310" lon="-119.126900"></trkpt>
    <trkpt lat="34.475100" lon="-119.127080"></trkpt>
    <trkpt lat="34.475000" lon="-119.127220"></trkpt>
    <trkpt lat="34.474930" lon="-119.127270"></trkpt>
    <trkpt lat="34.474800" lon="-119.127310"></trkpt>
    <trkpt lat="34.474570" lon="-119.127600"></trkpt>
    <trkpt lat="34.474380" lon="-119.127760"></trkpt>
    <trkpt lat="34.474190" lon="-119.127990"></trkpt>
    <trkpt lat="34.474120" lon="-119.128030"></trkpt>
    <trkpt lat="34.473980" lon="-119.127990"></trkpt>
    <trkpt lat="34.473850" lon="-119.127900"></trkpt>
    <trkpt lat="34.473620" lon="-119.127480"></trkpt>
    <trkpt lat="34.473550" lon="-119.127450"></trkpt>
    <trkpt lat="34.473310" lon="-119.127480"></trkpt>
    <trkpt lat="34.473240" lon="-119.127550"></trkpt>
    <trkpt lat="34.473200" lon="-119.127840"></trkpt>
    <trkpt lat="34.473120" lon="-119.128020"></trkpt>
    <trkpt lat="34.473050" lon="-119.128120"></trkpt>
    <trkpt lat="34.472850" lon="-119.128290"></trkpt>
    <trkpt lat="34.472770" lon="-119.128410"></trkpt>
    <trkpt lat="34.472770" lon="-119.128540"></trkpt>
    <trkpt lat="34.472840" lon="-119.128710"></trkpt>
    <trkpt lat="34.472840" lon="-119.128860"></trkpt>
    <trkpt lat="34.472670" lon="-119.129230"></trkpt>
    <trkpt lat="34.472620" lon="-119.129670"></trkpt>
    <trkpt lat="34.472490" lon="-119.130080"></trkpt>
    <trkpt lat="34.472470" lon="-119.130240"></trkpt>
    <trkpt lat="34.472480" lon="-119.130530"></trkpt>
    <trkpt lat="34.472540" lon="-119.130790"></trkpt>
    <trkpt lat="34.472610" lon="-119.130970"></trkpt>
    <trkpt lat="34.472650" lon="-119.131030"></trkpt>
    <trkpt lat="34.472760" lon="-119.131100"></trkpt>
    <trkpt lat="34.472930" lon="-119.131160"></trkpt>
    <trkpt lat="34.473340" lon="-119.131010"></trkpt>
    <trkpt lat="34.473710" lon="-119.131140"></trkpt>
    <trkpt lat="34.473980" lon="-119.131160"></trkpt>
    <trkpt lat="34.474710" lon="-119.131530"></trkpt>
    <trkpt lat="34.474950" lon="-119.131770"></trkpt>
    <trkpt lat="34.475370" lon="-119.131910"></trkpt>
    <trkpt lat="34.475560" lon="-119.132010"></trkpt>
    <trkpt lat="34.475730" lon="-119.132170"></trkpt>
    <trkpt lat="34.475990" lon="-119.132540"></trkpt>
    <trkpt lat="34.476070" lon="-119.132830"></trkpt>
    <trkpt lat="34.476150" lon="-119.132960"></trkpt>
    <trkpt lat="34.476420" lon="-119.133170"></trkpt>
    <trkpt lat="34.476710" lon="-119.133550"></trkpt>
    <trkpt lat="34.477170" lon="-119.134020"></trkpt>
    <trkpt lat="34.477180" lon="-119.134100"></trkpt>
    <trkpt lat="34.477150" lon="-119.134240"></trkpt>
    <trkpt lat="34.477080" lon="-119.134300"></trkpt>
    <trkpt lat="34.477040" lon="-119.134300"></trkpt>
    <trkpt lat="34.476780" lon="-119.134210"></trkpt>
    <trkpt lat="34.476440" lon="-119.134310"></trkpt>
    <trkpt lat="34.476370" lon="-119.134450"></trkpt>
    <trkpt lat="34.476320" lon="-119.134790"></trkpt>
    <trkpt lat="34.476290" lon="-119.134880"></trkpt>
    <trkpt lat="34.476220" lon="-119.134930"></trkpt>
    <trkpt lat="34.475950" lon="-119.134990"></trkpt>
    <trkpt lat="34.475850" lon="-119.135080"></trkpt>
    <trkpt lat="34.475770" lon="-119.135240"></trkpt>
    <trkpt lat="34.475760" lon="-119.135380"></trkpt>
    <trkpt lat="34.475800" lon="-119.135510"></trkpt>
    <trkpt lat="34.475940" lon="-119.135740"></trkpt>
    <trkpt lat="34.475940" lon="-119.135740"></trkpt>
    <trkpt lat="34.476170" lon="-119.136120"></trkpt>
    <trkpt lat="34.476200" lon="-119.136250"></trkpt>
    <trkpt lat="34.476180" lon="-119.136380"></trkpt>
    <trkpt lat="34.476130" lon="-119.136460"></trkpt>
    <trkpt lat="34.475900" lon="-119.136420"></trkpt>
    <trkpt lat="34.475800" lon="-119.136470"></trkpt>
    <trkpt lat="34.475690" lon="-119.136650"></trkpt>
    <trkpt lat="34.475610" lon="-119.136960"></trkpt>
    <trkpt lat="34.475370" lon="-119.137130"></trkpt>
    <trkpt lat="34.475300" lon="-119.137240"></trkpt>
    <trkpt lat="34.475220" lon="-119.137450"></trkpt>
    <trkpt lat="34.475230" lon="-119.137700"></trkpt>
    <trkpt lat="34.475230" lon="-119.137710"></trkpt>
    <trkpt lat="34.475370" lon="-119.138050"></trkpt>
    <trkpt lat="34.475520" lon="-119.138210"></trkpt>
    <trkpt lat="34.475700" lon="-119.138560"></trkpt>
    <trkpt lat="34.475710" lon="-119.138700"></trkpt>
    <trkpt lat="34.475640" lon="-119.139140"></trkpt>
    <trkpt lat="34.475640" lon="-119.139270"></trkpt>
    <trkpt lat="34.475700" lon="-119.139430"></trkpt>
    <trkpt lat="34.476040" lon="-119.139870"></trkpt>
    <trkpt lat="34.476310" lon="-119.140140"></trkpt>
    <trkpt lat="34.476600" lon="-119.140350"></trkpt>
    <trkpt lat="34.476650" lon="-119.140460"></trkpt>
    <trkpt lat="34.476730" lon="-119.140760"></trkpt>
    <trkpt lat="34.476800" lon="-119.140880"></trkpt>
    <trkpt lat="34.477010" lon="-119.141040"></trkpt>
    <trkpt lat="34.477170" lon="-119.141230"></trkpt>
    <trkpt lat="34.477260" lon="-119.141270"></trkpt>
    <trkpt lat="34.477760" lon="-119.141160"></trkpt>
    <trkpt lat="34.478410" lon="-119.140940"></trkpt>
    <trkpt lat="34.478470" lon="-119.140940"></trkpt>
    <trkpt lat="34.478570" lon="-119.141000"></trkpt>
    <trkpt lat="34.478770" lon="-119.141250"></trkpt>
    <trkpt lat="34.478850" lon="-119.141270"></trkpt>
    <trkpt lat="34.478950" lon="-119.141240"></trkpt>
    <trkpt lat="34.479050" lon="-119.141250"></trkpt>
    <trkpt lat="34.479250" lon="-119.141420"></trkpt>
    <trkpt lat="34.479500" lon="-119.141520"></trkpt>
    <trkpt lat="34.479570" lon="-119.141580"></trkpt>
    <trkpt lat="34.479660" lon="-119.141740"></trkpt>
    <trkpt lat="34.479700" lon="-119.141940"></trkpt>
    <trkpt lat="34.479670" lon="-119.142050"></trkpt>
    <trkpt lat="34.479550" lon="-119.142130"></trkpt>
    <trkpt lat="34.479340" lon="-119.142070"></trkpt>
    <trkpt lat="34.479200" lon="-119.142110"></trkpt>
    <trkpt lat="34.479080" lon="-119.142210"></trkpt>
    <trkpt lat="34.479040" lon="-119.142380"></trkpt>
    <trkpt lat="34.479090" lon="-119.142580"></trkpt>
    <trkpt lat="34.479160" lon="-119.142670"></trkpt>
    <trkpt lat="34.479260" lon="-119.142730"></trkpt>
    <trkpt lat="34.479620" lon="-119.142800"></trkpt>
    <trkpt lat="34.479840" lon="-119.142770"></trkpt>
    <trkpt lat="34.480050" lon="-119.142600"></trkpt>
    <trkpt lat="34.480440" lon="-119.142480"></trkpt>
    <trkpt lat="34.480830" lon="-119.142260"></trkpt>
    <trkpt lat="34.480920" lon="-119.142190"></trkpt>
    <trkpt lat="34.480990" lon="-119.142000"></trkpt>
    <trkpt lat="34.480950" lon="-119.141820"></trkpt>
    <trkpt lat="34.480850" lon="-119.141700"></trkpt>
    <trkpt lat="34.480670" lon="-119.141570"></trkpt>
    <trkpt lat="34.480570" lon="-119.141360"></trkpt>
    <trkpt lat="34.480590" lon="-119.141220"></trkpt>
    <trkpt lat="34.480760" lon="-119.140900"></trkpt>
    <trkpt lat="34.480740" lon="-119.140740"></trkpt>
    <trkpt lat="34.480690" lon="-119.140690"></trkpt>
    <trkpt lat="34.480050" lon="-119.140540"></trkpt>
    <trkpt lat="34.479940" lon="-119.140440"></trkpt>
    <trkpt lat="34.479870" lon="-119.140330"></trkpt>
    <trkpt lat="34.479840" lon="-119.140240"></trkpt>
    <trkpt lat="34.479860" lon="-119.140070"></trkpt>
    <trkpt lat="34.479980" lon="-119.139920"></trkpt>
    <trkpt lat="34.480070" lon="-119.139880"></trkpt>
    <trkpt lat="34.480210" lon="-119.139910"></trkpt>
    <trkpt lat="34.480320" lon="-119.140020"></trkpt>
    <trkpt lat="34.480380" lon="-119.140120"></trkpt>
    <trkpt lat="34.480420" lon="-119.140290"></trkpt>
    <trkpt lat="34.480500" lon="-119.140380"></trkpt>
    <trkpt lat="34.480860" lon="-119.140470"></trkpt>
    <trkpt lat="34.481050" lon="-119.140620"></trkpt>
    <trkpt lat="34.481060" lon="-119.140710"></trkpt>
    <trkpt lat="34.481020" lon="-119.140920"></trkpt>
    <trkpt lat="34.481020" lon="-119.141060"></trkpt>
    <trkpt lat="34.481060" lon="-119.141220"></trkpt>
    <trkpt lat="34.481130" lon="-119.141320"></trkpt>
    <trkpt lat="34.481300" lon="-119.141420"></trkpt>
    <trkpt lat="34.482060" lon="-119.141610"></trkpt>
    <trkpt lat="34.482140" lon="-119.141720"></trkpt>
    <trkpt lat="34.482210" lon="-119.142010"></trkpt>
    <trkpt lat="34.482320" lon="-119.142120"></trkpt>
    <trkpt lat="34.482410" lon="-119.142130"></trkpt>
    <trkpt lat="34.482860" lon="-119.142060"></trkpt>
    <trkpt lat="34.482940" lon="-119.142080"></trkpt>
    <trkpt lat="34.483460" lon="-119.142400"></trkpt>
    <trkpt lat="34.483680" lon="-119.142430"></trkpt>
    <trkpt lat="34.483820" lon="-119.142390"></trkpt>
    <trkpt lat="34.484080" lon="-119.142250"></trkpt>
    <trkpt lat="34.484470" lon="-119.142360"></trkpt>
    <trkpt lat="34.484980" lon="-119.142200"></trkpt>
    <trkpt lat="34.485230" lon="-119.142060"></trkpt>
    <trkpt lat="34.485350" lon="-119.141950"></trkpt>
    <trkpt lat="34.485430" lon="-119.141940"></trkpt>
    <trkpt lat="34.485490" lon="-119.141990"></trkpt>
    <trkpt lat="34.485520" lon="-119.142090"></trkpt>
    <trkpt lat="34.485570" lon="-119.142440"></trkpt>
    <trkpt lat="34.485650" lon="-119.142600"></trkpt>
    <trkpt lat="34.486120" lon="-119.142890"></trkpt>
    <trkpt lat="34.486480" lon="-119.142920"></trkpt>
    <trkpt lat="34.486580" lon="-119.143060"></trkpt>
    <trkpt lat="34.486600" lon="-119.143140"></trkpt>
    <trkpt lat="34.486550" lon="-119.143250"></trkpt>
    <trkpt lat="34.485850" lon="-119.143570"></trkpt>
    <trkpt lat="34.485640" lon="-119.143760"></trkpt>
    <trkpt lat="34.485380" lon="-119.144060"></trkpt>
    <trkpt lat="34.485310" lon="-119.144210"></trkpt>
    <trkpt lat="34.485240" lon="-119.144490"></trkpt>
    <trkpt lat="34.485240" lon="-119.144630"></trkpt>
    <trkpt lat="34.485280" lon="-119.144750"></trkpt>
    <trkpt lat="34.485590" lon="-119.145030"></trkpt>
    <trkpt lat="34.485750" lon="-119.145260"></trkpt>
    <trkpt lat="34.485800" lon="-119.145290"></trkpt>
    <trkpt lat="34.485910" lon="-119.145290"></trkpt>
    <trkpt lat="34.486190" lon="-119.145200"></trkpt>
    <trkpt lat="34.486320" lon="-119.145250"></trkpt>
    <trkpt lat="34.486570" lon="-119.145650"></trkpt>
    <trkpt lat="34.486830" lon="-119.146220"></trkpt>
    <trkpt lat="34.486920" lon="-119.146310"></trkpt>
    <trkpt lat="34.487030" lon="-119.146330"></trkpt>
    <trkpt lat="34.487290" lon="-119.146200"></trkpt>
    <trkpt lat="34.487360" lon="-119.146190"></trkpt>
    <trkpt lat="34.487450" lon="-119.146230"></trkpt>
    <trkpt lat="34.487510" lon="-119.146310"></trkpt>
    <trkpt lat="34.487580" lon="-119.146480"></trkpt>
    <trkpt lat="34.487650" lon="-119.146940"></trkpt>
    <trkpt lat="34.487710" lon="-119.147070"></trkpt>
    <trkpt lat="34.487810" lon="-119.147150"></trkpt>
    <trkpt lat="34.488010" lon="-119.147220"></trkpt>
    <trkpt lat="34.488240" lon="-119.147350"></trkpt>
    <trkpt lat="34.488450" lon="-119.147600"></trkpt>
    <trkpt lat="34.488450" lon="-119.147600"></trkpt>
    <trkpt lat="34.488570" lon="-119.147750"></trkpt>
    <trkpt lat="34.488680" lon="-119.147790"></trkpt>
    <trkpt lat="34.489080" lon="-119.147720"></trkpt>
    <trkpt lat="34.489400" lon="-119.147830"></trkpt>
    <trkpt lat="34.489540" lon="-119.147810"></trkpt>
    <trkpt lat="34.490100" lon="-119.147350"></trkpt>
    <trkpt lat="34.490310" lon="-119.147120"></trkpt>
    <trkpt lat="34.491030" lon="-119.146680"></trkpt>
    <trkpt lat="34.491360" lon="-119.146320"></trkpt>
    <trkpt lat="34.491470" lon="-119.146280"></trkpt>
    <trkpt lat="34.491770" lon="-119.146280"></trkpt>
    <trkpt lat="34.491980" lon="-119.146210"></trkpt>
    <trkpt lat="34.492290" lon="-119.146000"></trkpt>
    <trkpt lat="34.492510" lon="-119.145780"></trkpt>
    <trkpt lat="34.492760" lon="-119.145670"></trkpt>
    <trkpt lat="34.493120" lon="-119.145260"></trkpt>
    <trkpt lat="34.493220" lon="-119.145190"></trkpt>
    <trkpt lat="34.493380" lon="-119.145130"></trkpt>
    <trkpt lat="34.493500" lon="-119.145130"></trkpt>
    <trkpt lat="34.494300" lon="-119.145190"></trkpt>
    <trkpt lat="34.494360" lon="-119.145280"></trkpt>
    <trkpt lat="34.494366" lon="-119.145496"></trkpt>
    <trkpt lat="34.494363" lon="-119.145505"></trkpt>
    <trkpt lat="34.494366" lon="-119.145518"></trkpt>
    <trkpt lat="34.494347" lon="-119.145514"></trkpt>
    <trkpt lat="34.494339" lon="-119.145529"></trkpt>
    <trkpt lat="34.494339" lon="-119.145529"></trkpt>
    <trkpt lat="34.494230" lon="-119.145730"></trkpt>
    <trkpt lat="34.494130" lon="-119.146320"></trkpt>
    <trkpt lat="34.494170" lon="-119.146600"></trkpt>
    <trkpt lat="34.494160" lon="-119.146700"></trkpt>
    <trkpt lat="34.494030" lon="-119.146920"></trkpt>
    <trkpt lat="34.493990" lon="-119.147070"></trkpt>
    <trkpt lat="34.494020" lon="-119.147450"></trkpt>
    <trkpt lat="34.494100" lon="-119.147780"></trkpt>
    <trkpt lat="34.494000" lon="-119.147770"></trkpt>
    <trkpt lat="34.493840" lon="-119.147710"></trkpt>
    <trkpt lat="34.493700" lon="-119.147560"></trkpt>
    <trkpt lat="34.493470" lon="-119.147410"></trkpt>
    <trkpt lat="34.493300" lon="-119.147430"></trkpt>
    <trkpt lat="34.493220" lon="-119.147540"></trkpt>
    <trkpt lat="34.493210" lon="-119.147610"></trkpt>
    <trkpt lat="34.493230" lon="-119.147770"></trkpt>
    <trkpt lat="34.493290" lon="-119.147880"></trkpt>
    <trkpt lat="34.493330" lon="-119.148050"></trkpt>
    <trkpt lat="34.493330" lon="-119.148300"></trkpt>
    <trkpt lat="34.493270" lon="-119.148440"></trkpt>
    <trkpt lat="34.493180" lon="-119.148490"></trkpt>
    <trkpt lat="34.492900" lon="-119.148460"></trkpt>
    <trkpt lat="34.492810" lon="-119.148500"></trkpt>
    <trkpt lat="34.492610" lon="-119.148800"></trkpt>
    <trkpt lat="34.491850" lon="-119.149610"></trkpt>
    <trkpt lat="34.491800" lon="-119.149940"></trkpt>
    <trkpt lat="34.491840" lon="-119.150240"></trkpt>
    <trkpt lat="34.491780" lon="-119.150530"></trkpt>
    <trkpt lat="34.491700" lon="-119.150770"></trkpt>
    <trkpt lat="34.491450" lon="-119.151290"></trkpt>
    <trkpt lat="34.491330" lon="-119.151650"></trkpt>
    <trkpt lat="34.491160" lon="-119.152000"></trkpt>
    <trkpt lat="34.490980" lon="-119.152480"></trkpt>
    <trkpt lat="34.490830" lon="-119.152780"></trkpt>
    <trkpt lat="34.490790" lon="-119.152830"></trkpt>
    <trkpt lat="34.490740" lon="-119.152960"></trkpt>
    <trkpt lat="34.490470" lon="-119.153370"></trkpt>
    <trkpt lat="34.490250" lon="-119.153800"></trkpt>
    <trkpt lat="34.490210" lon="-119.153780"></trkpt>
    <trkpt lat="34.490190" lon="-119.153710"></trkpt>
    <trkpt lat="34.490170" lon="-119.153420"></trkpt>
    <trkpt lat="34.490120" lon="-119.153190"></trkpt>
    <trkpt lat="34.490140" lon="-119.152910"></trkpt>
    <trkpt lat="34.490110" lon="-119.152870"></trkpt>
    <trkpt lat="34.490090" lon="-119.152890"></trkpt>
    <trkpt lat="34.490070" lon="-119.153050"></trkpt>
    <trkpt lat="34.489830" lon="-119.153640"></trkpt>
    <trkpt lat="34.489430" lon="-119.154390"></trkpt>
    <trkpt lat="34.489160" lon="-119.155190"></trkpt>
    <trkpt lat="34.489040" lon="-119.155230"></trkpt>
    <trkpt lat="34.488930" lon="-119.155190"></trkpt>
    <trkpt lat="34.488550" lon="-119.154920"></trkpt>
    <trkpt lat="34.488450" lon="-119.154950"></trkpt>
    <trkpt lat="34.488450" lon="-119.154950"></trkpt>
    <trkpt lat="34.488320" lon="-119.155050"></trkpt>
    <trkpt lat="34.488200" lon="-119.155250"></trkpt>
    <trkpt lat="34.488120" lon="-119.155530"></trkpt>
    <trkpt lat="34.488090" lon="-119.155890"></trkpt>
    <trkpt lat="34.488020" lon="-119.156180"></trkpt>
    <trkpt lat="34.487990" lon="-119.156580"></trkpt>
    <trkpt lat="34.488070" lon="-119.156960"></trkpt>
    <trkpt lat="34.488160" lon="-119.157100"></trkpt>
    <trkpt lat="34.488160" lon="-119.157130"></trkpt>
    <trkpt lat="34.488120" lon="-119.157140"></trkpt>
    <trkpt lat="34.487940" lon="-119.157050"></trkpt>
    <trkpt lat="34.487820" lon="-119.156940"></trkpt>
    <trkpt lat="34.487630" lon="-119.156570"></trkpt>
    <trkpt lat="34.487540" lon="-119.156450"></trkpt>
    <trkpt lat="34.487250" lon="-119.156240"></trkpt>
    <trkpt lat="34.487180" lon="-119.156140"></trkpt>
    <trkpt lat="34.487100" lon="-119.155920"></trkpt>
    <trkpt lat="34.487100" lon="-119.155850"></trkpt>
    <trkpt lat="34.487170" lon="-119.155730"></trkpt>
    <trkpt lat="34.487210" lon="-119.155390"></trkpt>
    <trkpt lat="34.487220" lon="-119.155240"></trkpt>
    <trkpt lat="34.487160" lon="-119.155150"></trkpt>
    <trkpt lat="34.487160" lon="-119.155270"></trkpt>
    <trkpt lat="34.487030" lon="-119.155440"></trkpt>
    <trkpt lat="34.487020" lon="-119.155580"></trkpt>
    <trkpt lat="34.486890" lon="-119.155600"></trkpt>
    <trkpt lat="34.486780" lon="-119.155680"></trkpt>
    <trkpt lat="34.486760" lon="-119.155760"></trkpt>
    <trkpt lat="34.486630" lon="-119.155960"></trkpt>
    <trkpt lat="34.486630" lon="-119.156050"></trkpt>
    <trkpt lat="34.486570" lon="-119.156150"></trkpt>
    <trkpt lat="34.486520" lon="-119.156370"></trkpt>
    <trkpt lat="34.486510" lon="-119.156630"></trkpt>
    <trkpt lat="34.486480" lon="-119.156720"></trkpt>
    <trkpt lat="34.486490" lon="-119.156870"></trkpt>
    <trkpt lat="34.486470" lon="-119.156950"></trkpt>
    <trkpt lat="34.486400" lon="-119.157040"></trkpt>
    <trkpt lat="34.486380" lon="-119.157160"></trkpt>
    <trkpt lat="34.486280" lon="-119.157330"></trkpt>
    <trkpt lat="34.485920" lon="-119.157710"></trkpt>
    <trkpt lat="34.485920" lon="-119.157710"></trkpt>
    <trkpt lat="34.485810" lon="-119.157840"></trkpt>
    <trkpt lat="34.485300" lon="-119.158190"></trkpt>
    <trkpt lat="34.485080" lon="-119.158400"></trkpt>
    <trkpt lat="34.484980" lon="-119.158420"></trkpt>
    <trkpt lat="34.484680" lon="-119.158660"></trkpt>
    <trkpt lat="34.484670" lon="-119.158720"></trkpt>
    <trkpt lat="34.484710" lon="-119.158760"></trkpt>
    <trkpt lat="34.484860" lon="-119.158820"></trkpt>
    <trkpt lat="34.484920" lon="-119.158960"></trkpt>
    <trkpt lat="34.484940" lon="-119.159200"></trkpt>
    <trkpt lat="34.484880" lon="-119.159180"></trkpt>
    <trkpt lat="34.484810" lon="-119.159080"></trkpt>
    <trkpt lat="34.484730" lon="-119.159080"></trkpt>
    <trkpt lat="34.484330" lon="-119.159230"></trkpt>
    <trkpt lat="34.484150" lon="-119.159270"></trkpt>
    <trkpt lat="34.483980" lon="-119.159400"></trkpt>
    <trkpt lat="34.483860" lon="-119.159610"></trkpt>
    <trkpt lat="34.483730" lon="-119.159920"></trkpt>
    <trkpt lat="34.483650" lon="-119.160010"></trkpt>
    <trkpt lat="34.483600" lon="-119.160140"></trkpt>
    <trkpt lat="34.483540" lon="-119.160170"></trkpt>
    <trkpt lat="34.483370" lon="-119.160320"></trkpt>
    <trkpt lat="34.483300" lon="-119.160590"></trkpt>
    <trkpt lat="34.483300" lon="-119.160870"></trkpt>
    <trkpt lat="34.483250" lon="-119.161160"></trkpt>
    <trkpt lat="34.483170" lon="-119.161240"></trkpt>
    <trkpt lat="34.482870" lon="-119.161720"></trkpt>
    <trkpt lat="34.482390" lon="-119.162090"></trkpt>
    <trkpt lat="34.482320" lon="-119.162100"></trkpt>
    <trkpt lat="34.482130" lon="-119.162190"></trkpt>
    <trkpt lat="34.481790" lon="-119.162250"></trkpt>
    <trkpt lat="34.481450" lon="-119.162690"></trkpt>
    <trkpt lat="34.481460" lon="-119.162780"></trkpt>
    <trkpt lat="34.481400" lon="-119.162980"></trkpt>
    <trkpt lat="34.481350" lon="-119.163030"></trkpt>
    <trkpt lat="34.481280" lon="-119.163060"></trkpt>
    <trkpt lat="34.481160" lon="-119.163020"></trkpt>
    <trkpt lat="34.480830" lon="-119.162730"></trkpt>
    <trkpt lat="34.480650" lon="-119.162680"></trkpt>
    <trkpt lat="34.480340" lon="-119.162730"></trkpt>
    <trkpt lat="34.480136" lon="-119.162824"></trkpt>
    <trkpt lat="34.480133" lon="-119.162825"></trkpt>
    <trkpt lat="34.479820" lon="-119.162970"></trkpt>
    <trkpt lat="34.479550" lon="-119.163050"></trkpt>
    <trkpt lat="34.479040" lon="-119.163010"></trkpt>
    <trkpt lat="34.478880" lon="-119.163060"></trkpt>
    <trkpt lat="34.478730" lon="-119.163160"></trkpt>
    <trkpt lat="34.478770" lon="-119.163370"></trkpt>
    <trkpt lat="34.478680" lon="-119.163350"></trkpt>
    <trkpt lat="34.478520" lon="-119.163160"></trkpt>
    <trkpt lat="34.478570" lon="-119.162810"></trkpt>
    <trkpt lat="34.478620" lon="-119.162670"></trkpt>
    <trkpt lat="34.478900" lon="-119.162520"></trkpt>
    <trkpt lat="34.478680" lon="-119.162520"></trkpt>
    <trkpt lat="34.478590" lon="-119.162480"></trkpt>
    <trkpt lat="34.478470" lon="-119.162600"></trkpt>
    <trkpt lat="34.478300" lon="-119.162650"></trkpt>
    <trkpt lat="34.478200" lon="-119.162780"></trkpt>
    <trkpt lat="34.478140" lon="-119.163010"></trkpt>
    <trkpt lat="34.478100" lon="-119.163350"></trkpt>
    <trkpt lat="34.478300" lon="-119.163660"></trkpt>
    <trkpt lat="34.478380" lon="-119.164010"></trkpt>
    <trkpt lat="34.478310" lon="-119.164280"></trkpt>
    <trkpt lat="34.478290" lon="-119.164530"></trkpt>
    <trkpt lat="34.478320" lon="-119.164620"></trkpt>
    <trkpt lat="34.478270" lon="-119.164720"></trkpt>
    <trkpt lat="34.478220" lon="-119.164670"></trkpt>
    <trkpt lat="34.478190" lon="-119.164460"></trkpt>
    <trkpt lat="34.478070" lon="-119.164270"></trkpt>
    <trkpt lat="34.478090" lon="-119.164080"></trkpt>
    <trkpt lat="34.477810" lon="-119.163880"></trkpt>
    <trkpt lat="34.477680" lon="-119.163730"></trkpt>
    <trkpt lat="34.477530" lon="-119.163670"></trkpt>
    <trkpt lat="34.477470" lon="-119.163620"></trkpt>
    <trkpt lat="34.477520" lon="-119.163320"></trkpt>
    <trkpt lat="34.477440" lon="-119.163200"></trkpt>
    <trkpt lat="34.477390" lon="-119.162890"></trkpt>
    <trkpt lat="34.477310" lon="-119.163190"></trkpt>
    <trkpt lat="34.477300" lon="-119.163380"></trkpt>
    <trkpt lat="34.477160" lon="-119.163660"></trkpt>
    <trkpt lat="34.477140" lon="-119.163850"></trkpt>
    <trkpt lat="34.477230" lon="-119.164050"></trkpt>
    <trkpt lat="34.477200" lon="-119.164210"></trkpt>
    <trkpt lat="34.477270" lon="-119.164380"></trkpt>
    <trkpt lat="34.477380" lon="-119.164520"></trkpt>
    <trkpt lat="34.477200" lon="-119.164880"></trkpt>
    <trkpt lat="34.477130" lon="-119.165130"></trkpt>
    <trkpt lat="34.477100" lon="-119.165290"></trkpt>
    <trkpt lat="34.477120" lon="-119.165540"></trkpt>
    <trkpt lat="34.477060" lon="-119.165780"></trkpt>
    <trkpt lat="34.477010" lon="-119.165860"></trkpt>
    <trkpt lat="34.476990" lon="-119.165990"></trkpt>
    <trkpt lat="34.477000" lon="-119.166100"></trkpt>
    <trkpt lat="34.476940" lon="-119.166440"></trkpt>
    <trkpt lat="34.476870" lon="-119.166740"></trkpt>
    <trkpt lat="34.476900" lon="-119.166830"></trkpt>
    <trkpt lat="34.476970" lon="-119.166850"></trkpt>
    <trkpt lat="34.477050" lon="-119.166960"></trkpt>
    <trkpt lat="34.477190" lon="-119.167020"></trkpt>
    <trkpt lat="34.477260" lon="-119.167150"></trkpt>
    <trkpt lat="34.477130" lon="-119.167050"></trkpt>
    <trkpt lat="34.476990" lon="-119.167070"></trkpt>
    <trkpt lat="34.476820" lon="-119.166990"></trkpt>
    <trkpt lat="34.476760" lon="-119.167020"></trkpt>
    <trkpt lat="34.476680" lon="-119.167000"></trkpt>
    <trkpt lat="34.476610" lon="-119.166910"></trkpt>
    <trkpt lat="34.476590" lon="-119.166830"></trkpt>
    <trkpt lat="34.476550" lon="-119.166840"></trkpt>
    <trkpt lat="34.476540" lon="-119.166890"></trkpt>
    <trkpt lat="34.476570" lon="-119.167070"></trkpt>
    <trkpt lat="34.476770" lon="-119.167260"></trkpt>
    <trkpt lat="34.476800" lon="-119.167390"></trkpt>
    <trkpt lat="34.476880" lon="-119.167460"></trkpt>
    <trkpt lat="34.476880" lon="-119.167570"></trkpt>
    <trkpt lat="34.476840" lon="-119.167600"></trkpt>
    <trkpt lat="34.476640" lon="-119.167480"></trkpt>
    <trkpt lat="34.476580" lon="-119.167410"></trkpt>
    <trkpt lat="34.476450" lon="-119.167410"></trkpt>
    <trkpt lat="34.476320" lon="-119.167350"></trkpt>
    <trkpt lat="34.476210" lon="-119.167160"></trkpt>
    <trkpt lat="34.476180" lon="-119.167150"></trkpt>
    <trkpt lat="34.476160" lon="-119.167180"></trkpt>
    <trkpt lat="34.476120" lon="-119.167850"></trkpt>
    <trkpt lat="34.476090" lon="-119.168920"></trkpt>
    <trkpt lat="34.476000" lon="-119.169260"></trkpt>
    <trkpt lat="34.476030" lon="-119.169420"></trkpt>
    <trkpt lat="34.476000" lon="-119.169590"></trkpt>
    <trkpt lat="34.475670" lon="-119.169810"></trkpt>
    <trkpt lat="34.475580" lon="-119.169900"></trkpt>
    <trkpt lat="34.475530" lon="-119.169990"></trkpt>
    <trkpt lat="34.475310" lon="-119.170070"></trkpt>
    <trkpt lat="34.475100" lon="-119.170090"></trkpt>
    <trkpt lat="34.474970" lon="-119.170170"></trkpt>
    <trkpt lat="34.474870" lon="-119.170270"></trkpt>
    <trkpt lat="34.474690" lon="-119.170310"></trkpt>
    <trkpt lat="34.474220" lon="-119.170220"></trkpt>
    <trkpt lat="34.474080" lon="-119.170300"></trkpt>
    <trkpt lat="34.474030" lon="-119.170440"></trkpt>
    <trkpt lat="34.473990" lon="-119.170440"></trkpt>
    <trkpt lat="34.473970" lon="-119.170240"></trkpt>
    <trkpt lat="34.473920" lon="-119.170210"></trkpt>
    <trkpt lat="34.473860" lon="-119.170250"></trkpt>
    <trkpt lat="34.473770" lon="-119.170560"></trkpt>
    <trkpt lat="34.473700" lon="-119.170550"></trkpt>
    <trkpt lat="34.473590" lon="-119.170620"></trkpt>
    <trkpt lat="34.473260" lon="-119.170730"></trkpt>
    <trkpt lat="34.473050" lon="-119.170870"></trkpt>
    <trkpt lat="34.472940" lon="-119.171010"></trkpt>
    <trkpt lat="34.472740" lon="-119.171150"></trkpt>
    <trkpt lat="34.471910" lon="-119.171480"></trkpt>
    <trkpt lat="34.471650" lon="-119.171470"></trkpt>
    <trkpt lat="34.471470" lon="-119.171530"></trkpt>
    <trkpt lat="34.471060" lon="-119.171590"></trkpt>
    <trkpt lat="34.470900" lon="-119.171580"></trkpt>
    <trkpt lat="34.470659" lon="-119.171498"></trkpt>
    <trkpt lat="34.470659" lon="-119.171498"></trkpt>
    <trkpt lat="34.470340" lon="-119.171390"></trkpt>
    <trkpt lat="34.470340" lon="-119.171390"></trkpt>
    <trkpt lat="34.470120" lon="-119.171340"></trkpt>
    <trkpt lat="34.469650" lon="-119.171370"></trkpt>
    <trkpt lat="34.469290" lon="-119.171290"></trkpt>
    <trkpt lat="34.469090" lon="-119.171380"></trkpt>
    <trkpt lat="34.469010" lon="-119.171510"></trkpt>
    <trkpt lat="34.468950" lon="-119.171750"></trkpt>
    <trkpt lat="34.468860" lon="-119.171930"></trkpt>
    <trkpt lat="34.468617" lon="-119.172144"></trkpt>
    <trkpt lat="34.468617" lon="-119.172144"></trkpt>
    <trkpt lat="34.468530" lon="-119.172220"></trkpt>
    <trkpt lat="34.468420" lon="-119.172600"></trkpt>
    <trkpt lat="34.468320" lon="-119.172800"></trkpt>
    <trkpt lat="34.468230" lon="-119.172910"></trkpt>
    <trkpt lat="34.467880" lon="-119.173200"></trkpt>
    <trkpt lat="34.467580" lon="-119.173330"></trkpt>
    <trkpt lat="34.467520" lon="-119.173310"></trkpt>
    <trkpt lat="34.467430" lon="-119.173330"></trkpt>
    <trkpt lat="34.467000" lon="-119.173560"></trkpt>
    <trkpt lat="34.467000" lon="-119.173560"></trkpt>
    <trkpt lat="34.466680" lon="-119.173940"></trkpt>
    <trkpt lat="34.466480" lon="-119.174220"></trkpt>
    <trkpt lat="34.466420" lon="-119.174420"></trkpt>
    <trkpt lat="34.466150" lon="-119.174770"></trkpt>
    <trkpt lat="34.465970" lon="-119.175080"></trkpt>
    <trkpt lat="34.465550" lon="-119.175700"></trkpt>
    <trkpt lat="34.465320" lon="-119.175870"></trkpt>
    <trkpt lat="34.465246" lon="-119.175965"></trkpt>
    <trkpt lat="34.465246" lon="-119.175965"></trkpt>
    <trkpt lat="34.465180" lon="-119.176050"></trkpt>
    <trkpt lat="34.464940" lon="-119.176590"></trkpt>
    <trkpt lat="34.464810" lon="-119.176740"></trkpt>
    <trkpt lat="34.464690" lon="-119.176960"></trkpt>
    <trkpt lat="34.464508" lon="-119.177133"></trkpt>
    <trkpt lat="34.464508" lon="-119.177133"></trkpt>
    <trkpt lat="34.464120" lon="-119.177500"></trkpt>
    <trkpt lat="34.463860" lon="-119.178040"></trkpt>
    <trkpt lat="34.463800" lon="-119.178100"></trkpt>
    <trkpt lat="34.463752" lon="-119.178116"></trkpt>
    <trkpt lat="34.463750" lon="-119.178110"></trkpt>
    <trkpt lat="34.463800" lon="-119.178300"></trkpt>
    <trkpt lat="34.464060" lon="-119.178510"></trkpt>
    <trkpt lat="34.463910" lon="-119.178770"></trkpt>
    <trkpt lat="34.463820" lon="-119.179070"></trkpt>
    <trkpt lat="34.463820" lon="-119.179130"></trkpt>
    <trkpt lat="34.463970" lon="-119.179120"></trkpt>
    <trkpt lat="34.463981" lon="-119.179140"></trkpt>
    <trkpt lat="34.463981" lon="-119.179140"></trkpt>
    <trkpt lat="34.464060" lon="-119.179280"></trkpt>
    <trkpt lat="34.464050" lon="-119.179380"></trkpt>
    <trkpt lat="34.463990" lon="-119.179540"></trkpt>
    <trkpt lat="34.463910" lon="-119.179610"></trkpt>
    <trkpt lat="34.463870" lon="-119.179690"></trkpt>
    <trkpt lat="34.463870" lon="-119.179690"></trkpt>
    <trkpt lat="34.463750" lon="-119.179860"></trkpt>
    <trkpt lat="34.463720" lon="-119.179940"></trkpt>
    <trkpt lat="34.463630" lon="-119.180050"></trkpt>
    <trkpt lat="34.463610" lon="-119.180110"></trkpt>
    <trkpt lat="34.463520" lon="-119.180160"></trkpt>
    <trkpt lat="34.463450" lon="-119.180260"></trkpt>
    <trkpt lat="34.463370" lon="-119.180420"></trkpt>
    <trkpt lat="34.463320" lon="-119.180460"></trkpt>
    <trkpt lat="34.463280" lon="-119.180460"></trkpt>
    <trkpt lat="34.463260" lon="-119.180510"></trkpt>
    <trkpt lat="34.462950" lon="-119.180790"></trkpt>
    <trkpt lat="34.462910" lon="-119.180880"></trkpt>
    <trkpt lat="34.462520" lon="-119.181290"></trkpt>
    <trkpt lat="34.462420" lon="-119.181540"></trkpt>
    <trkpt lat="34.462420" lon="-119.181590"></trkpt>
    <trkpt lat="34.462470" lon="-119.181620"></trkpt>
    <trkpt lat="34.462470" lon="-119.181760"></trkpt>
    <trkpt lat="34.462440" lon="-119.181880"></trkpt>
    <trkpt lat="34.462460" lon="-119.182030"></trkpt>
    <trkpt lat="34.462410" lon="-119.182130"></trkpt>
    <trkpt lat="34.462400" lon="-119.182320"></trkpt>
    <trkpt lat="34.462420" lon="-119.182410"></trkpt>
    <trkpt lat="34.462390" lon="-119.182620"></trkpt>
    <trkpt lat="34.462350" lon="-119.182710"></trkpt>
    <trkpt lat="34.462250" lon="-119.182720"></trkpt>
    <trkpt lat="34.462180" lon="-119.182790"></trkpt>
    <trkpt lat="34.462120" lon="-119.182950"></trkpt>
    <trkpt lat="34.462040" lon="-119.182970"></trkpt>
    <trkpt lat="34.461970" lon="-119.182940"></trkpt>
    <trkpt lat="34.461930" lon="-119.183010"></trkpt>
    <trkpt lat="34.461870" lon="-119.183070"></trkpt>
    <trkpt lat="34.461760" lon="-119.182970"></trkpt>
    <trkpt lat="34.461710" lon="-119.182990"></trkpt>
    <trkpt lat="34.461680" lon="-119.183180"></trkpt>
    <trkpt lat="34.461690" lon="-119.183280"></trkpt>
    <trkpt lat="34.461730" lon="-119.183390"></trkpt>
    <trkpt lat="34.461730" lon="-119.183387"></trkpt>
    <trkpt lat="34.461669" lon="-119.183388"></trkpt>
    <trkpt lat="34.461682" lon="-119.183388"></trkpt>
    <trkpt lat="34.461730" lon="-119.183387"></trkpt>
    <trkpt lat="34.461730" lon="-119.183390"></trkpt>
    <trkpt lat="34.461690" lon="-119.183280"></trkpt>
    <trkpt lat="34.461680" lon="-119.183180"></trkpt>
    <trkpt lat="34.461710" lon="-119.182990"></trkpt>
    <trkpt lat="34.461760" lon="-119.182970"></trkpt>
    <trkpt lat="34.461870" lon="-119.183070"></trkpt>
    <trkpt lat="34.461930" lon="-119.183010"></trkpt>
    <trkpt lat="34.461970" lon="-119.182940"></trkpt>
    <trkpt lat="34.462040" lon="-119.182970"></trkpt>
    <trkpt lat="34.462120" lon="-119.182950"></trkpt>
    <trkpt lat="34.462180" lon="-119.182790"></trkpt>
    <trkpt lat="34.462250" lon="-119.182720"></trkpt>
    <trkpt lat="34.462350" lon="-119.182710"></trkpt>
    <trkpt lat="34.462390" lon="-119.182620"></trkpt>
    <trkpt lat="34.462420" lon="-119.182410"></trkpt>
    <trkpt lat="34.462400" lon="-119.182320"></trkpt>
    <trkpt lat="34.462410" lon="-119.182130"></trkpt>
    <trkpt lat="34.462460" lon="-119.182030"></trkpt>
    <trkpt lat="34.462440" lon="-119.181880"></trkpt>
    <trkpt lat="34.462470" lon="-119.181760"></trkpt>
    <trkpt lat="34.462470" lon="-119.181620"></trkpt>
    <trkpt lat="34.462420" lon="-119.181590"></trkpt>
    <trkpt lat="34.462420" lon="-119.181540"></trkpt>
    <trkpt lat="34.462520" lon="-119.181290"></trkpt>
    <trkpt lat="34.462910" lon="-119.180880"></trkpt>
    <trkpt lat="34.462950" lon="-119.180790"></trkpt>
    <trkpt lat="34.463260" lon="-119.180510"></trkpt>
    <trkpt lat="34.463280" lon="-119.180460"></trkpt>
    <trkpt lat="34.463320" lon="-119.180460"></trkpt>
    <trkpt lat="34.463370" lon="-119.180420"></trkpt>
    <trkpt lat="34.463450" lon="-119.180260"></trkpt>
    <trkpt lat="34.463520" lon="-119.180160"></trkpt>
    <trkpt lat="34.463610" lon="-119.180110"></trkpt>
    <trkpt lat="34.463630" lon="-119.180050"></trkpt>
    <trkpt lat="34.463720" lon="-119.179940"></trkpt>
    <trkpt lat="34.463750" lon="-119.179860"></trkpt>
    <trkpt lat="34.463870" lon="-119.179690"></trkpt>
    <trkpt lat="34.463870" lon="-119.179690"></trkpt>
    <trkpt lat="34.463910" lon="-119.179610"></trkpt>
    <trkpt lat="34.463990" lon="-119.179540"></trkpt>
    <trkpt lat="34.464050" lon="-119.179380"></trkpt>
    <trkpt lat="34.464060" lon="-119.179280"></trkpt>
    <trkpt lat="34.463981" lon="-119.179140"></trkpt>
    <trkpt lat="34.463981" lon="-119.179140"></trkpt>
    <trkpt lat="34.463970" lon="-119.179120"></trkpt>
    <trkpt lat="34.463820" lon="-119.179130"></trkpt>
    <trkpt lat="34.463820" lon="-119.179070"></trkpt>
    <trkpt lat="34.463910" lon="-119.178770"></trkpt>
    <trkpt lat="34.464060" lon="-119.178510"></trkpt>
    <trkpt lat="34.463800" lon="-119.178300"></trkpt>
    <trkpt lat="34.463750" lon="-119.178110"></trkpt>
    <trkpt lat="34.463752" lon="-119.178116"></trkpt>
    <trkpt lat="34.463800" lon="-119.178100"></trkpt>
    <trkpt lat="34.463860" lon="-119.178040"></trkpt>
    <trkpt lat="34.464120" lon="-119.177500"></trkpt>
    <trkpt lat="34.464508" lon="-119.177133"></trkpt>
    <trkpt lat="34.464508" lon="-119.177133"></trkpt>
    <trkpt lat="34.464690" lon="-119.176960"></trkpt>
    <trkpt lat="34.464810" lon="-119.176740"></trkpt>
    <trkpt lat="34.464940" lon="-119.176590"></trkpt>
    <trkpt lat="34.465180" lon="-119.176050"></trkpt>
    <trkpt lat="34.465246" lon="-119.175965"></trkpt>
    <trkpt lat="34.465246" lon="-119.175965"></trkpt>
    <trkpt lat="34.465320" lon="-119.175870"></trkpt>
    <trkpt lat="34.465550" lon="-119.175700"></trkpt>
    <trkpt lat="34.465970" lon="-119.175080"></trkpt>
    <trkpt lat="34.466150" lon="-119.174770"></trkpt>
    <trkpt lat="34.466420" lon="-119.174420"></trkpt>
    <trkpt lat="34.466480" lon="-119.174220"></trkpt>
    <trkpt lat="34.466680" lon="-119.173940"></trkpt>
    <trkpt lat="34.467000" lon="-119.173560"></trkpt>
    <trkpt lat="34.467000" lon="-119.173560"></trkpt>
    <trkpt lat="34.467430" lon="-119.173330"></trkpt>
    <trkpt lat="34.467520" lon="-119.173310"></trkpt>
    <trkpt lat="34.467580" lon="-119.173330"></trkpt>
    <trkpt lat="34.467880" lon="-119.173200"></trkpt>
    <trkpt lat="34.468230" lon="-119.172910"></trkpt>
    <trkpt lat="34.468320" lon="-119.172800"></trkpt>
    <trkpt lat="34.468420" lon="-119.172600"></trkpt>
    <trkpt lat="34.468530" lon="-119.172220"></trkpt>
    <trkpt lat="34.468617" lon="-119.172144"></trkpt>
    <trkpt lat="34.468617" lon="-119.172144"></trkpt>
    <trkpt lat="34.468860" lon="-119.171930"></trkpt>
    <trkpt lat="34.468950" lon="-119.171750"></trkpt>
    <trkpt lat="34.469010" lon="-119.171510"></trkpt>
    <trkpt lat="34.469090" lon="-119.171380"></trkpt>
    <trkpt lat="34.469290" lon="-119.171290"></trkpt>
    <trkpt lat="34.469650" lon="-119.171370"></trkpt>
    <trkpt lat="34.470120" lon="-119.171340"></trkpt>
    <trkpt lat="34.470340" lon="-119.171390"></trkpt>
    <trkpt lat="34.470340" lon="-119.171390"></trkpt>
    <trkpt lat="34.470659" lon="-119.171498"></trkpt>
    <trkpt lat="34.470659" lon="-119.171498"></trkpt>
    <trkpt lat="34.470900" lon="-119.171580"></trkpt>
    <trkpt lat="34.471060" lon="-119.171590"></trkpt>
    <trkpt lat="34.471470" lon="-119.171530"></trkpt>
    <trkpt lat="34.471650" lon="-119.171470"></trkpt>
    <trkpt lat="34.471910" lon="-119.171480"></trkpt>
    <trkpt lat="34.472740" lon="-119.171150"></trkpt>
    <trkpt lat="34.472940" lon="-119.171010"></trkpt>
    <trkpt lat="34.473050" lon="-119.170870"></trkpt>
    <trkpt lat="34.473260" lon="-119.170730"></trkpt>
    <trkpt lat="34.473590" lon="-119.170620"></trkpt>
    <trkpt lat="34.473700" lon="-119.170550"></trkpt>
    <trkpt lat="34.473770" lon="-119.170560"></trkpt>
    <trkpt lat="34.473860" lon="-119.170250"></trkpt>
    <trkpt lat="34.473920" lon="-119.170210"></trkpt>
    <trkpt lat="34.473970" lon="-119.170240"></trkpt>
    <trkpt lat="34.473990" lon="-119.170440"></trkpt>
    <trkpt lat="34.474030" lon="-119.170440"></trkpt>
    <trkpt lat="34.474080" lon="-119.170300"></trkpt>
    <trkpt lat="34.474220" lon="-119.170220"></trkpt>
    <trkpt lat="34.474690" lon="-119.170310"></trkpt>
    <trkpt lat="34.474870" lon="-119.170270"></trkpt>
    <trkpt lat="34.474970" lon="-119.170170"></trkpt>
    <trkpt lat="34.475100" lon="-119.170090"></trkpt>
    <trkpt lat="34.475310" lon="-119.170070"></trkpt>
    <trkpt lat="34.475530" lon="-119.169990"></trkpt>
    <trkpt lat="34.475580" lon="-119.169900"></trkpt>
    <trkpt lat="34.475670" lon="-119.169810"></trkpt>
    <trkpt lat="34.476000" lon="-119.169590"></trkpt>
    <trkpt lat="34.476030" lon="-119.169420"></trkpt>
    <trkpt lat="34.476000" lon="-119.169260"></trkpt>
    <trkpt lat="34.476090" lon="-119.168920"></trkpt>
    <trkpt lat="34.476120" lon="-119.167850"></trkpt>
    <trkpt lat="34.476160" lon="-119.167180"></trkpt>
    <trkpt lat="34.476180" lon="-119.167150"></trkpt>
    <trkpt lat="34.476210" lon="-119.167160"></trkpt>
    <trkpt lat="34.476320" lon="-119.167350"></trkpt>
    <trkpt lat="34.476450" lon="-119.167410"></trkpt>
    <trkpt lat="34.476580" lon="-119.167410"></trkpt>
    <trkpt lat="34.476640" lon="-119.167480"></trkpt>
    <trkpt lat="34.476840" lon="-119.167600"></trkpt>
    <trkpt lat="34.476880" lon="-119.167570"></trkpt>
    <trkpt lat="34.476880" lon="-119.167460"></trkpt>
    <trkpt lat="34.476800" lon="-119.167390"></trkpt>
    <trkpt lat="34.476770" lon="-119.167260"></trkpt>
    <trkpt lat="34.476570" lon="-119.167070"></trkpt>
    <trkpt lat="34.476540" lon="-119.166890"></trkpt>
    <trkpt lat="34.476550" lon="-119.166840"></trkpt>
    <trkpt lat="34.476590" lon="-119.166830"></trkpt>
    <trkpt lat="34.476610" lon="-119.166910"></trkpt>
    <trkpt lat="34.476680" lon="-119.167000"></trkpt>
    <trkpt lat="34.476760" lon="-119.167020"></trkpt>
    <trkpt lat="34.476820" lon="-119.166990"></trkpt>
    <trkpt lat="34.476990" lon="-119.167070"></trkpt>
    <trkpt lat="34.477130" lon="-119.167050"></trkpt>
    <trkpt lat="34.477260" lon="-119.167150"></trkpt>
    <trkpt lat="34.477190" lon="-119.167020"></trkpt>
    <trkpt lat="34.477050" lon="-119.166960"></trkpt>
    <trkpt lat="34.476970" lon="-119.166850"></trkpt>
    <trkpt lat="34.476900" lon="-119.166830"></trkpt>
    <trkpt lat="34.476870" lon="-119.166740"></trkpt>
    <trkpt lat="34.476940" lon="-119.166440"></trkpt>
    <trkpt lat="34.477000" lon="-119.166100"></trkpt>
    <trkpt lat="34.476990" lon="-119.165990"></trkpt>
    <trkpt lat="34.477010" lon="-119.165860"></trkpt>
    <trkpt lat="34.477060" lon="-119.165780"></trkpt>
    <trkpt lat="34.477120" lon="-119.165540"></trkpt>
    <trkpt lat="34.477100" lon="-119.165290"></trkpt>
    <trkpt lat="34.477130" lon="-119.165130"></trkpt>
    <trkpt lat="34.477200" lon="-119.164880"></trkpt>
    <trkpt lat="34.477380" lon="-119.164520"></trkpt>
    <trkpt lat="34.477270" lon="-119.164380"></trkpt>
    <trkpt lat="34.477200" lon="-119.164210"></trkpt>
    <trkpt lat="34.477230" lon="-119.164050"></trkpt>
    <trkpt lat="34.477140" lon="-119.163850"></trkpt>
    <trkpt lat="34.477160" lon="-119.163660"></trkpt>
    <trkpt lat="34.477300" lon="-119.163380"></trkpt>
    <trkpt lat="34.477310" lon="-119.163190"></trkpt>
    <trkpt lat="34.477390" lon="-119.162890"></trkpt>
    <trkpt lat="34.477440" lon="-119.163200"></trkpt>
    <trkpt lat="34.477520" lon="-119.163320"></trkpt>
    <trkpt lat="34.477470" lon="-119.163620"></trkpt>
    <trkpt lat="34.477530" lon="-119.163670"></trkpt>
    <trkpt lat="34.477680" lon="-119.163730"></trkpt>
    <trkpt lat="34.477810" lon="-119.163880"></trkpt>
    <trkpt lat="34.478090" lon="-119.164080"></trkpt>
    <trkpt lat="34.478070" lon="-119.164270"></trkpt>
    <trkpt lat="34.478190" lon="-119.164460"></trkpt>
    <trkpt lat="34.478220" lon="-119.164670"></trkpt>
    <trkpt lat="34.478270" lon="-119.164720"></trkpt>
    <trkpt lat="34.478320" lon="-119.164620"></trkpt>
    <trkpt lat="34.478290" lon="-119.164530"></trkpt>
    <trkpt lat="34.478310" lon="-119.164280"></trkpt>
    <trkpt lat="34.478380" lon="-119.164010"></trkpt>
    <trkpt lat="34.478300" lon="-119.163660"></trkpt>
    <trkpt lat="34.478100" lon="-119.163350"></trkpt>
    <trkpt lat="34.478140" lon="-119.163010"></trkpt>
    <trkpt lat="34.478200" lon="-119.162780"></trkpt>
    <trkpt lat="34.478300" lon="-119.162650"></trkpt>
    <trkpt lat="34.478470" lon="-119.162600"></trkpt>
    <trkpt lat="34.478590" lon="-119.162480"></trkpt>
    <trkpt lat="34.478680" lon="-119.162520"></trkpt>
    <trkpt lat="34.478900" lon="-119.162520"></trkpt>
    <trkpt lat="34.478620" lon="-119.162670"></trkpt>
    <trkpt lat="34.478570" lon="-119.162810"></trkpt>
    <trkpt lat="34.478520" lon="-119.163160"></trkpt>
    <trkpt lat="34.478680" lon="-119.163350"></trkpt>
    <trkpt lat="34.478770" lon="-119.163370"></trkpt>
    <trkpt lat="34.478730" lon="-119.163160"></trkpt>
    <trkpt lat="34.478880" lon="-119.163060"></trkpt>
    <trkpt lat="34.479040" lon="-119.163010"></trkpt>
    <trkpt lat="34.479550" lon="-119.163050"></trkpt>
    <trkpt lat="34.479820" lon="-119.162970"></trkpt>
    <trkpt lat="34.480340" lon="-119.162730"></trkpt>
    <trkpt lat="34.480650" lon="-119.162680"></trkpt>
    <trkpt lat="34.480830" lon="-119.162730"></trkpt>
    <trkpt lat="34.481160" lon="-119.163020"></trkpt>
    <trkpt lat="34.481280" lon="-119.163060"></trkpt>
    <trkpt lat="34.481350" lon="-119.163030"></trkpt>
    <trkpt lat="34.481400" lon="-119.162980"></trkpt>
    <trkpt lat="34.481460" lon="-119.162780"></trkpt>
    <trkpt lat="34.481450" lon="-119.162690"></trkpt>
    <trkpt lat="34.481790" lon="-119.162250"></trkpt>
    <trkpt lat="34.482130" lon="-119.162190"></trkpt>
    <trkpt lat="34.482320" lon="-119.162100"></trkpt>
    <trkpt lat="34.482390" lon="-119.162090"></trkpt>
    <trkpt lat="34.482870" lon="-119.161720"></trkpt>
    <trkpt lat="34.483170" lon="-119.161240"></trkpt>
    <trkpt lat="34.483250" lon="-119.161160"></trkpt>
    <trkpt lat="34.483300" lon="-119.160870"></trkpt>
    <trkpt lat="34.483300" lon="-119.160590"></trkpt>
    <trkpt lat="34.483370" lon="-119.160320"></trkpt>
    <trkpt lat="34.483540" lon="-119.160170"></trkpt>
    <trkpt lat="34.483600" lon="-119.160140"></trkpt>
    <trkpt lat="34.483650" lon="-119.160010"></trkpt>
    <trkpt lat="34.483730" lon="-119.159920"></trkpt>
    <trkpt lat="34.483860" lon="-119.159610"></trkpt>
    <trkpt lat="34.483980" lon="-119.159400"></trkpt>
    <trkpt lat="34.484150" lon="-119.159270"></trkpt>
    <trkpt lat="34.484330" lon="-119.159230"></trkpt>
    <trkpt lat="34.484730" lon="-119.159080"></trkpt>
    <trkpt lat="34.484810" lon="-119.159080"></trkpt>
    <trkpt lat="34.484880" lon="-119.159180"></trkpt>
    <trkpt lat="34.484940" lon="-119.159200"></trkpt>
    <trkpt lat="34.484920" lon="-119.158960"></trkpt>
    <trkpt lat="34.484860" lon="-119.158820"></trkpt>
    <trkpt lat="34.484710" lon="-119.158760"></trkpt>
    <trkpt lat="34.484670" lon="-119.158720"></trkpt>
    <trkpt lat="34.484680" lon="-119.158660"></trkpt>
    <trkpt lat="34.484980" lon="-119.158420"></trkpt>
    <trkpt lat="34.485080" lon="-119.158400"></trkpt>
    <trkpt lat="34.485300" lon="-119.158190"></trkpt>
    <trkpt lat="34.485810" lon="-119.157840"></trkpt>
    <trkpt lat="34.485920" lon="-119.157710"></trkpt>
    <trkpt lat="34.485920" lon="-119.157710"></trkpt>
    <trkpt lat="34.486280" lon="-119.157330"></trkpt>
    <trkpt lat="34.486380" lon="-119.157160"></trkpt>
    <trkpt lat="34.486400" lon="-119.157040"></trkpt>
    <trkpt lat="34.486470" lon="-119.156950"></trkpt>
    <trkpt lat="34.486490" lon="-119.156870"></trkpt>
    <trkpt lat="34.486480" lon="-119.156720"></trkpt>
    <trkpt lat="34.486510" lon="-119.156630"></trkpt>
    <trkpt lat="34.486520" lon="-119.156370"></trkpt>
    <trkpt lat="34.486570" lon="-119.156150"></trkpt>
    <trkpt lat="34.486630" lon="-119.156050"></trkpt>
    <trkpt lat="34.486630" lon="-119.155960"></trkpt>
    <trkpt lat="34.486760" lon="-119.155760"></trkpt>
    <trkpt lat="34.486780" lon="-119.155680"></trkpt>
    <trkpt lat="34.486890" lon="-119.155600"></trkpt>
    <trkpt lat="34.487020" lon="-119.155580"></trkpt>
    <trkpt lat="34.487030" lon="-119.155440"></trkpt>
    <trkpt lat="34.487160" lon="-119.155270"></trkpt>
    <trkpt lat="34.487160" lon="-119.155150"></trkpt>
    <trkpt lat="34.487220" lon="-119.155240"></trkpt>
    <trkpt lat="34.487210" lon="-119.155390"></trkpt>
    <trkpt lat="34.487170" lon="-119.155730"></trkpt>
    <trkpt lat="34.487100" lon="-119.155850"></trkpt>
    <trkpt lat="34.487100" lon="-119.155920"></trkpt>
    <trkpt lat="34.487180" lon="-119.156140"></trkpt>
    <trkpt lat="34.487250" lon="-119.156240"></trkpt>
    <trkpt lat="34.487540" lon="-119.156450"></trkpt>
    <trkpt lat="34.487630" lon="-119.156570"></trkpt>
    <trkpt lat="34.487820" lon="-119.156940"></trkpt>
    <trkpt lat="34.487940" lon="-119.157050"></trkpt>
    <trkpt lat="34.488120" lon="-119.157140"></trkpt>
    <trkpt lat="34.488160" lon="-119.157130"></trkpt>
    <trkpt lat="34.488160" lon="-119.157100"></trkpt>
    <trkpt lat="34.488070" lon="-119.156960"></trkpt>
    <trkpt lat="34.487990" lon="-119.156580"></trkpt>
    <trkpt lat="34.488020" lon="-119.156180"></trkpt>
    <trkpt lat="34.488090" lon="-119.155890"></trkpt>
    <trkpt lat="34.488120" lon="-119.155530"></trkpt>
    <trkpt lat="34.488200" lon="-119.155250"></trkpt>
    <trkpt lat="34.488320" lon="-119.155050"></trkpt>
    <trkpt lat="34.488450" lon="-119.154950"></trkpt>
    <trkpt lat="34.488450" lon="-119.154950"></trkpt>
    <trkpt lat="34.488550" lon="-119.154920"></trkpt>
    <trkpt lat="34.488930" lon="-119.155190"></trkpt>
    <trkpt lat="34.489040" lon="-119.155230"></trkpt>
    <trkpt lat="34.489160" lon="-119.155190"></trkpt>
    <trkpt lat="34.489430" lon="-119.154390"></trkpt>
    <trkpt lat="34.489830" lon="-119.153640"></trkpt>
    <trkpt lat="34.490070" lon="-119.153050"></trkpt>
    <trkpt lat="34.490090" lon="-119.152890"></trkpt>
    <trkpt lat="34.490110" lon="-119.152870"></trkpt>
    <trkpt lat="34.490140" lon="-119.152910"></trkpt>
    <trkpt lat="34.490120" lon="-119.153190"></trkpt>
    <trkpt lat="34.490170" lon="-119.153420"></trkpt>
    <trkpt lat="34.490190" lon="-119.153710"></trkpt>
    <trkpt lat="34.490210" lon="-119.153780"></trkpt>
    <trkpt lat="34.490250" lon="-119.153800"></trkpt>
    <trkpt lat="34.490470" lon="-119.153370"></trkpt>
    <trkpt lat="34.490740" lon="-119.152960"></trkpt>
    <trkpt lat="34.490790" lon="-119.152830"></trkpt>
    <trkpt lat="34.490830" lon="-119.152780"></trkpt>
    <trkpt lat="34.490980" lon="-119.152480"></trkpt>
    <trkpt lat="34.491160" lon="-119.152000"></trkpt>
    <trkpt lat="34.491330" lon="-119.151650"></trkpt>
    <trkpt lat="34.491450" lon="-119.151290"></trkpt>
    <trkpt lat="34.491700" lon="-119.150770"></trkpt>
    <trkpt lat="34.491780" lon="-119.150530"></trkpt>
    <trkpt lat="34.491840" lon="-119.150240"></trkpt>
    <trkpt lat="34.491800" lon="-119.149940"></trkpt>
    <trkpt lat="34.491850" lon="-119.149610"></trkpt>
    <trkpt lat="34.492610" lon="-119.148800"></trkpt>
    <trkpt lat="34.492810" lon="-119.148500"></trkpt>
    <trkpt lat="34.492900" lon="-119.148460"></trkpt>
    <trkpt lat="34.493180" lon="-119.148490"></trkpt>
    <trkpt lat="34.493270" lon="-119.148440"></trkpt>
    <trkpt lat="34.493330" lon="-119.148300"></trkpt>
    <trkpt lat="34.493330" lon="-119.148050"></trkpt>
    <trkpt lat="34.493290" lon="-119.147880"></trkpt>
    <trkpt lat="34.493230" lon="-119.147770"></trkpt>
    <trkpt lat="34.493210" lon="-119.147610"></trkpt>
    <trkpt lat="34.493220" lon="-119.147540"></trkpt>
    <trkpt lat="34.493300" lon="-119.147430"></trkpt>
    <trkpt lat="34.493470" lon="-119.147410"></trkpt>
    <trkpt lat="34.493700" lon="-119.147560"></trkpt>
    <trkpt lat="34.493840" lon="-119.147710"></trkpt>
    <trkpt lat="34.494000" lon="-119.147770"></trkpt>
    <trkpt lat="34.494100" lon="-119.147780"></trkpt>
    <trkpt lat="34.494020" lon="-119.147450"></trkpt>
    <trkpt lat="34.493990" lon="-119.147070"></trkpt>
    <trkpt lat="34.494030" lon="-119.146920"></trkpt>
    <trkpt lat="34.494160" lon="-119.146700"></trkpt>
    <trkpt lat="34.494170" lon="-119.146600"></trkpt>
    <trkpt lat="34.494130" lon="-119.146320"></trkpt>
    <trkpt lat="34.494230" lon="-119.145730"></trkpt>
    <trkpt lat="34.494339" lon="-119.145529"></trkpt>
    <trkpt lat="34.494339" lon="-119.145529"></trkpt>
    <trkpt lat="34.494347" lon="-119.145514"></trkpt>
    <trkpt lat="34.494367" lon="-119.145538"></trkpt>
    <trkpt lat="34.494370" lon="-119.145660"></trkpt>
    <trkpt lat="34.494490" lon="-119.146050"></trkpt>
    <trkpt lat="34.494630" lon="-119.146660"></trkpt>
    <trkpt lat="34.494700" lon="-119.146790"></trkpt>
    <trkpt lat="34.494760" lon="-119.146840"></trkpt>
    <trkpt lat="34.495270" lon="-119.147060"></trkpt>
    <trkpt lat="34.495440" lon="-119.147090"></trkpt>
    <trkpt lat="34.495510" lon="-119.147160"></trkpt>
    <trkpt lat="34.495570" lon="-119.147360"></trkpt>
    <trkpt lat="34.495630" lon="-119.148010"></trkpt>
    <trkpt lat="34.495660" lon="-119.148120"></trkpt>
    <trkpt lat="34.495720" lon="-119.148220"></trkpt>
    <trkpt lat="34.495890" lon="-119.148330"></trkpt>
    <trkpt lat="34.496400" lon="-119.148450"></trkpt>
    <trkpt lat="34.496690" lon="-119.148500"></trkpt>
    <trkpt lat="34.497450" lon="-119.148500"></trkpt>
    <trkpt lat="34.497820" lon="-119.148580"></trkpt>
    <trkpt lat="34.498050" lon="-119.148690"></trkpt>
    <trkpt lat="34.498250" lon="-119.148830"></trkpt>
    <trkpt lat="34.498490" lon="-119.149070"></trkpt>
    <trkpt lat="34.498530" lon="-119.149170"></trkpt>
    <trkpt lat="34.498570" lon="-119.149430"></trkpt>
    <trkpt lat="34.498650" lon="-119.149680"></trkpt>
    <trkpt lat="34.498650" lon="-119.149830"></trkpt>
    <trkpt lat="34.498580" lon="-119.150090"></trkpt>
    <trkpt lat="34.498620" lon="-119.151240"></trkpt>
    <trkpt lat="34.498580" lon="-119.151710"></trkpt>
    <trkpt lat="34.498650" lon="-119.152240"></trkpt>
    <trkpt lat="34.498680" lon="-119.152350"></trkpt>
    <trkpt lat="34.498930" lon="-119.152780"></trkpt>
    <trkpt lat="34.499160" lon="-119.153090"></trkpt>
    <trkpt lat="34.499390" lon="-119.153330"></trkpt>
    <trkpt lat="34.499630" lon="-119.153540"></trkpt>
    <trkpt lat="34.499740" lon="-119.154060"></trkpt>
    <trkpt lat="34.499820" lon="-119.154260"></trkpt>
    <trkpt lat="34.500320" lon="-119.154650"></trkpt>
    <trkpt lat="34.500450" lon="-119.154830"></trkpt>
    <trkpt lat="34.500560" lon="-119.154930"></trkpt>
    <trkpt lat="34.500560" lon="-119.154930"></trkpt>
    <trkpt lat="34.500530" lon="-119.155010"></trkpt>
    <trkpt lat="34.500530" lon="-119.155060"></trkpt>
    <trkpt lat="34.500660" lon="-119.155270"></trkpt>
    <trkpt lat="34.500790" lon="-119.155370"></trkpt>
    <trkpt lat="34.501140" lon="-119.155480"></trkpt>
    <trkpt lat="34.501260" lon="-119.155490"></trkpt>
    <trkpt lat="34.501620" lon="-119.155320"></trkpt>
    <trkpt lat="34.501950" lon="-119.155300"></trkpt>
    <trkpt lat="34.502330" lon="-119.155420"></trkpt>
    <trkpt lat="34.502680" lon="-119.155490"></trkpt>
    <trkpt lat="34.503720" lon="-119.155910"></trkpt>
    <trkpt lat="34.504410" lon="-119.155820"></trkpt>
    <trkpt lat="34.504530" lon="-119.155860"></trkpt>
    <trkpt lat="34.504580" lon="-119.155990"></trkpt>
    <trkpt lat="34.504560" lon="-119.156160"></trkpt>
    <trkpt lat="34.504470" lon="-119.156230"></trkpt>
    <trkpt lat="34.504240" lon="-119.156310"></trkpt>
    <trkpt lat="34.504030" lon="-119.156450"></trkpt>
    <trkpt lat="34.503850" lon="-119.156800"></trkpt>
    <trkpt lat="34.503690" lon="-119.156960"></trkpt>
    <trkpt lat="34.503530" lon="-119.157290"></trkpt>
    <trkpt lat="34.503160" lon="-119.157710"></trkpt>
    <trkpt lat="34.503160" lon="-119.157710"></trkpt>
    <trkpt lat="34.502970" lon="-119.157960"></trkpt>
    <trkpt lat="34.502810" lon="-119.158120"></trkpt>
    <trkpt lat="34.502580" lon="-119.158280"></trkpt>
    <trkpt lat="34.502240" lon="-119.158690"></trkpt>
    <trkpt lat="34.501920" lon="-119.159210"></trkpt>
    <trkpt lat="34.501820" lon="-119.159440"></trkpt>
    <trkpt lat="34.501850" lon="-119.159660"></trkpt>
    <trkpt lat="34.501980" lon="-119.159780"></trkpt>
    <trkpt lat="34.502470" lon="-119.159870"></trkpt>
    <trkpt lat="34.502610" lon="-119.159940"></trkpt>
    <trkpt lat="34.502840" lon="-119.160150"></trkpt>
    <trkpt lat="34.503190" lon="-119.160300"></trkpt>
    <trkpt lat="34.503890" lon="-119.160390"></trkpt>
    <trkpt lat="34.503970" lon="-119.160490"></trkpt>
    <trkpt lat="34.504000" lon="-119.160610"></trkpt>
    <trkpt lat="34.503980" lon="-119.160750"></trkpt>
    <trkpt lat="34.503930" lon="-119.160820"></trkpt>
    <trkpt lat="34.503430" lon="-119.161080"></trkpt>
    <trkpt lat="34.503220" lon="-119.161420"></trkpt>
    <trkpt lat="34.503010" lon="-119.161680"></trkpt>
    <trkpt lat="34.502980" lon="-119.161790"></trkpt>
    <trkpt lat="34.503000" lon="-119.161920"></trkpt>
    <trkpt lat="34.503040" lon="-119.161980"></trkpt>
    <trkpt lat="34.503480" lon="-119.162320"></trkpt>
    <trkpt lat="34.503710" lon="-119.162680"></trkpt>
    <trkpt lat="34.503730" lon="-119.162800"></trkpt>
    <trkpt lat="34.503610" lon="-119.162970"></trkpt>
    <trkpt lat="34.503370" lon="-119.163050"></trkpt>
    <trkpt lat="34.503180" lon="-119.163250"></trkpt>
    <trkpt lat="34.502930" lon="-119.163390"></trkpt>
    <trkpt lat="34.502520" lon="-119.163940"></trkpt>
    <trkpt lat="34.502450" lon="-119.164070"></trkpt>
    <trkpt lat="34.502460" lon="-119.164190"></trkpt>
    <trkpt lat="34.502520" lon="-119.164300"></trkpt>
    <trkpt lat="34.502710" lon="-119.164440"></trkpt>
    <trkpt lat="34.503150" lon="-119.164720"></trkpt>
    <trkpt lat="34.503320" lon="-119.164860"></trkpt>
    <trkpt lat="34.503380" lon="-119.164980"></trkpt>
    <trkpt lat="34.503300" lon="-119.165520"></trkpt>
    <trkpt lat="34.503250" lon="-119.165630"></trkpt>
    <trkpt lat="34.502940" lon="-119.165930"></trkpt>
    <trkpt lat="34.502900" lon="-119.166020"></trkpt>
    <trkpt lat="34.502930" lon="-119.166190"></trkpt>
    <trkpt lat="34.503100" lon="-119.166450"></trkpt>
    <trkpt lat="34.503020" lon="-119.167020"></trkpt>
    <trkpt lat="34.503040" lon="-119.167150"></trkpt>
    <trkpt lat="34.503100" lon="-119.167280"></trkpt>
    <trkpt lat="34.503140" lon="-119.167820"></trkpt>
    <trkpt lat="34.503080" lon="-119.168130"></trkpt>
    <trkpt lat="34.502930" lon="-119.168290"></trkpt>
    <trkpt lat="34.502850" lon="-119.168460"></trkpt>
    <trkpt lat="34.502840" lon="-119.168600"></trkpt>
    <trkpt lat="34.502860" lon="-119.168660"></trkpt>
    <trkpt lat="34.503050" lon="-119.168960"></trkpt>
    <trkpt lat="34.503060" lon="-119.169240"></trkpt>
    <trkpt lat="34.503000" lon="-119.170020"></trkpt>
    <trkpt lat="34.502930" lon="-119.170390"></trkpt>
    <trkpt lat="34.502770" lon="-119.170800"></trkpt>
    <trkpt lat="34.502790" lon="-119.170910"></trkpt>
    <trkpt lat="34.502860" lon="-119.170990"></trkpt>
    <trkpt lat="34.503010" lon="-119.171040"></trkpt>
    <trkpt lat="34.503330" lon="-119.170940"></trkpt>
    <trkpt lat="34.503540" lon="-119.171000"></trkpt>
    <trkpt lat="34.503700" lon="-119.171120"></trkpt>
    <trkpt lat="34.503990" lon="-119.171410"></trkpt>
    <trkpt lat="34.504110" lon="-119.171490"></trkpt>
    <trkpt lat="34.504240" lon="-119.171480"></trkpt>
    <trkpt lat="34.504520" lon="-119.171380"></trkpt>
    <trkpt lat="34.504750" lon="-119.171550"></trkpt>
    <trkpt lat="34.504940" lon="-119.171570"></trkpt>
    <trkpt lat="34.505050" lon="-119.171550"></trkpt>
    <trkpt lat="34.505316" lon="-119.171290"></trkpt>
    <trkpt lat="34.505310" lon="-119.171280"></trkpt>
    <trkpt lat="34.505430" lon="-119.171330"></trkpt>
    <trkpt lat="34.505510" lon="-119.171300"></trkpt>
    <trkpt lat="34.505670" lon="-119.171350"></trkpt>
    <trkpt lat="34.505730" lon="-119.171280"></trkpt>
    <trkpt lat="34.505830" lon="-119.171280"></trkpt>
    <trkpt lat="34.505910" lon="-119.171350"></trkpt>
    <trkpt lat="34.506100" lon="-119.171370"></trkpt>
    <trkpt lat="34.506330" lon="-119.171200"></trkpt>
    <trkpt lat="34.506430" lon="-119.171310"></trkpt>
    <trkpt lat="34.506560" lon="-119.171330"></trkpt>
    <trkpt lat="34.506560" lon="-119.171330"></trkpt>
    <trkpt lat="34.506640" lon="-119.171310"></trkpt>
    <trkpt lat="34.506760" lon="-119.171370"></trkpt>
    <trkpt lat="34.506840" lon="-119.171450"></trkpt>
    <trkpt lat="34.506940" lon="-119.171460"></trkpt>
    <trkpt lat="34.507000" lon="-119.171560"></trkpt>
    <trkpt lat="34.507080" lon="-119.171570"></trkpt>
    <trkpt lat="34.507220" lon="-119.171470"></trkpt>
    <trkpt lat="34.507350" lon="-119.171470"></trkpt>
    <trkpt lat="34.507420" lon="-119.171560"></trkpt>
    <trkpt lat="34.507560" lon="-119.171610"></trkpt>
    <trkpt lat="34.507640" lon="-119.171530"></trkpt>
    <trkpt lat="34.507710" lon="-119.171360"></trkpt>
    <trkpt lat="34.507970" lon="-119.171110"></trkpt>
    <trkpt lat="34.508110" lon="-119.170910"></trkpt>
    <trkpt lat="34.508150" lon="-119.170770"></trkpt>
    <trkpt lat="34.508230" lon="-119.170690"></trkpt>
    <trkpt lat="34.508460" lon="-119.170110"></trkpt>
    <trkpt lat="34.508650" lon="-119.169960"></trkpt>
    <trkpt lat="34.508760" lon="-119.169920"></trkpt>
    <trkpt lat="34.508950" lon="-119.169780"></trkpt>
    <trkpt lat="34.509040" lon="-119.169640"></trkpt>
    <trkpt lat="34.509170" lon="-119.169620"></trkpt>
    <trkpt lat="34.509250" lon="-119.169510"></trkpt>
    <trkpt lat="34.509310" lon="-119.169360"></trkpt>
    <trkpt lat="34.509390" lon="-119.169280"></trkpt>
    <trkpt lat="34.509440" lon="-119.169140"></trkpt>
    <trkpt lat="34.509520" lon="-119.169070"></trkpt>
    <trkpt lat="34.509570" lon="-119.168960"></trkpt>
    <trkpt lat="34.509660" lon="-119.168840"></trkpt>
    <trkpt lat="34.509820" lon="-119.168840"></trkpt>
    <trkpt lat="34.510090" lon="-119.168470"></trkpt>
    <trkpt lat="34.510270" lon="-119.168360"></trkpt>
    <trkpt lat="34.510420" lon="-119.168130"></trkpt>
    <trkpt lat="34.510420" lon="-119.168130"></trkpt>
    <trkpt lat="34.510420" lon="-119.168130"></trkpt>
    <trkpt lat="34.510434" lon="-119.168101"></trkpt>
    <trkpt lat="34.510420" lon="-119.168130"></trkpt>
    <trkpt lat="34.510420" lon="-119.168130"></trkpt>
    <trkpt lat="34.510420" lon="-119.168130"></trkpt>
    <trkpt lat="34.510420" lon="-119.168130"></trkpt>
    <trkpt lat="34.510400" lon="-119.168340"></trkpt>
    <trkpt lat="34.510410" lon="-119.168450"></trkpt>
    <trkpt lat="34.510490" lon="-119.168470"></trkpt>
    <trkpt lat="34.510610" lon="-119.168420"></trkpt>
    <trkpt lat="34.510720" lon="-119.168460"></trkpt>
    <trkpt lat="34.510770" lon="-119.168580"></trkpt>
    <trkpt lat="34.510920" lon="-119.168620"></trkpt>
    <trkpt lat="34.511020" lon="-119.168740"></trkpt>
    <trkpt lat="34.511060" lon="-119.168920"></trkpt>
    <trkpt lat="34.511230" lon="-119.169070"></trkpt>
    <trkpt lat="34.511250" lon="-119.169190"></trkpt>
    <trkpt lat="34.511310" lon="-119.169270"></trkpt>
    <trkpt lat="34.511360" lon="-119.169500"></trkpt>
    <trkpt lat="34.511590" lon="-119.169870"></trkpt>
    <trkpt lat="34.511890" lon="-119.170190"></trkpt>
    <trkpt lat="34.511910" lon="-119.170350"></trkpt>
    <trkpt lat="34.511890" lon="-119.170740"></trkpt>
    <trkpt lat="34.511960" lon="-119.170820"></trkpt>
    <trkpt lat="34.512090" lon="-119.171090"></trkpt>
    <trkpt lat="34.512110" lon="-119.171310"></trkpt>
    <trkpt lat="34.512320" lon="-119.171820"></trkpt>
    <trkpt lat="34.512320" lon="-119.172500"></trkpt>
    <trkpt lat="34.512420" lon="-119.172570"></trkpt>
    <trkpt lat="34.512810" lon="-119.172540"></trkpt>
    <trkpt lat="34.513150" lon="-119.172550"></trkpt>
    <trkpt lat="34.513910" lon="-119.172660"></trkpt>
    <trkpt lat="34.514040" lon="-119.172810"></trkpt>
    <trkpt lat="34.514250" lon="-119.172840"></trkpt>
    <trkpt lat="34.514470" lon="-119.172970"></trkpt>
    <trkpt lat="34.514470" lon="-119.172970"></trkpt>
    <trkpt lat="34.514820" lon="-119.173240"></trkpt>
    <trkpt lat="34.514920" lon="-119.173450"></trkpt>
    <trkpt lat="34.515030" lon="-119.173740"></trkpt>
    <trkpt lat="34.515130" lon="-119.173880"></trkpt>
    <trkpt lat="34.515300" lon="-119.173990"></trkpt>
    <trkpt lat="34.515770" lon="-119.174170"></trkpt>
    <trkpt lat="34.516220" lon="-119.174240"></trkpt>
    <trkpt lat="34.516490" lon="-119.174350"></trkpt>
    <trkpt lat="34.516920" lon="-119.174610"></trkpt>
    <trkpt lat="34.517190" lon="-119.174920"></trkpt>
    <trkpt lat="34.517400" lon="-119.175020"></trkpt>
    <trkpt lat="34.517670" lon="-119.175030"></trkpt>
    <trkpt lat="34.517770" lon="-119.175080"></trkpt>
    <trkpt lat="34.517800" lon="-119.175140"></trkpt>
    <trkpt lat="34.517780" lon="-119.175280"></trkpt>
    <trkpt lat="34.517720" lon="-119.175510"></trkpt>
    <trkpt lat="34.517650" lon="-119.175660"></trkpt>
    <trkpt lat="34.517600" lon="-119.175890"></trkpt>
    <trkpt lat="34.517680" lon="-119.176420"></trkpt>
    <trkpt lat="34.517610" lon="-119.177030"></trkpt>
    <trkpt lat="34.517630" lon="-119.177290"></trkpt>
    <trkpt lat="34.517730" lon="-119.177500"></trkpt>
    <trkpt lat="34.517880" lon="-119.177740"></trkpt>
    <trkpt lat="34.518310" lon="-119.178200"></trkpt>
    <trkpt lat="34.518390" lon="-119.178320"></trkpt>
    <trkpt lat="34.518450" lon="-119.178450"></trkpt>
    <trkpt lat="34.518480" lon="-119.178580"></trkpt>
    <trkpt lat="34.518460" lon="-119.178680"></trkpt>
    <trkpt lat="34.518410" lon="-119.178790"></trkpt>
    <trkpt lat="34.518080" lon="-119.179260"></trkpt>
    <trkpt lat="34.518030" lon="-119.179440"></trkpt>
    <trkpt lat="34.518020" lon="-119.179690"></trkpt>
    <trkpt lat="34.518020" lon="-119.179690"></trkpt>
    <trkpt lat="34.517980" lon="-119.180020"></trkpt>
    <trkpt lat="34.517770" lon="-119.180450"></trkpt>
    <trkpt lat="34.517750" lon="-119.180590"></trkpt>
    <trkpt lat="34.517760" lon="-119.180780"></trkpt>
    <trkpt lat="34.517760" lon="-119.180780"></trkpt>
    <trkpt lat="34.517760" lon="-119.180780"></trkpt>
    <trkpt lat="34.517640" lon="-119.181300"></trkpt>
    <trkpt lat="34.517530" lon="-119.182050"></trkpt>
    <trkpt lat="34.517530" lon="-119.182190"></trkpt>
    <trkpt lat="34.517500" lon="-119.182410"></trkpt>
    <trkpt lat="34.517520" lon="-119.182720"></trkpt>
    <trkpt lat="34.517570" lon="-119.183080"></trkpt>
    <trkpt lat="34.517560" lon="-119.183370"></trkpt>
    <trkpt lat="34.517350" lon="-119.183700"></trkpt>
    <trkpt lat="34.517260" lon="-119.184020"></trkpt>
    <trkpt lat="34.517300" lon="-119.184340"></trkpt>
    <trkpt lat="34.517330" lon="-119.184900"></trkpt>
    <trkpt lat="34.517260" lon="-119.185350"></trkpt>
    <trkpt lat="34.517390" lon="-119.185670"></trkpt>
    <trkpt lat="34.517660" lon="-119.185970"></trkpt>
    <trkpt lat="34.517730" lon="-119.186280"></trkpt>
    <trkpt lat="34.517720" lon="-119.186650"></trkpt>
    <trkpt lat="34.517630" lon="-119.187010"></trkpt>
    <trkpt lat="34.517660" lon="-119.187330"></trkpt>
    <trkpt lat="34.517500" lon="-119.187820"></trkpt>
    <trkpt lat="34.517480" lon="-119.188070"></trkpt>
    <trkpt lat="34.517530" lon="-119.188280"></trkpt>
    <trkpt lat="34.517790" lon="-119.188810"></trkpt>
    <trkpt lat="34.518010" lon="-119.189370"></trkpt>
    <trkpt lat="34.518010" lon="-119.189370"></trkpt>
    <trkpt lat="34.518010" lon="-119.189370"></trkpt>
    <trkpt lat="34.518000" lon="-119.189840"></trkpt>
    <trkpt lat="34.517870" lon="-119.191110"></trkpt>
    <trkpt lat="34.517900" lon="-119.191910"></trkpt>
    <trkpt lat="34.517970" lon="-119.192200"></trkpt>
    <trkpt lat="34.518100" lon="-119.192550"></trkpt>
    <trkpt lat="34.518180" lon="-119.192920"></trkpt>
    <trkpt lat="34.518250" lon="-119.194410"></trkpt>
    <trkpt lat="34.518300" lon="-119.194600"></trkpt>
    <trkpt lat="34.518500" lon="-119.194920"></trkpt>
    <trkpt lat="34.518810" lon="-119.195480"></trkpt>
    <trkpt lat="34.518850" lon="-119.195840"></trkpt>
    <trkpt lat="34.519020" lon="-119.196370"></trkpt>
    <trkpt lat="34.518970" lon="-119.196790"></trkpt>
    <trkpt lat="34.518980" lon="-119.196890"></trkpt>
    <trkpt lat="34.519040" lon="-119.196950"></trkpt>
    <trkpt lat="34.519220" lon="-119.197010"></trkpt>
    <trkpt lat="34.519239" lon="-119.197041"></trkpt>
    <trkpt lat="34.519240" lon="-119.197040"></trkpt>
    <trkpt lat="34.519350" lon="-119.197000"></trkpt>
    <trkpt lat="34.520190" lon="-119.196960"></trkpt>
    <trkpt lat="34.520590" lon="-119.197030"></trkpt>
    <trkpt lat="34.520750" lon="-119.197110"></trkpt>
    <trkpt lat="34.520990" lon="-119.197500"></trkpt>
    <trkpt lat="34.521050" lon="-119.197520"></trkpt>
    <trkpt lat="34.521440" lon="-119.197130"></trkpt>
    <trkpt lat="34.521700" lon="-119.196920"></trkpt>
    <trkpt lat="34.521900" lon="-119.196810"></trkpt>
    <trkpt lat="34.522150" lon="-119.196740"></trkpt>
    <trkpt lat="34.522810" lon="-119.196660"></trkpt>
    <trkpt lat="34.522980" lon="-119.196570"></trkpt>
    <trkpt lat="34.523040" lon="-119.196530"></trkpt>
    <trkpt lat="34.523120" lon="-119.196410"></trkpt>
    <trkpt lat="34.523210" lon="-119.196210"></trkpt>
    <trkpt lat="34.523300" lon="-119.195820"></trkpt>
    <trkpt lat="34.523360" lon="-119.195780"></trkpt>
    <trkpt lat="34.523440" lon="-119.195800"></trkpt>
    <trkpt lat="34.523680" lon="-119.196140"></trkpt>
    <trkpt lat="34.523990" lon="-119.196450"></trkpt>
    <trkpt lat="34.524450" lon="-119.196690"></trkpt>
    <trkpt lat="34.524660" lon="-119.196830"></trkpt>
    <trkpt lat="34.524660" lon="-119.196830"></trkpt>
    <trkpt lat="34.525010" lon="-119.197080"></trkpt>
    <trkpt lat="34.525290" lon="-119.197380"></trkpt>
    <trkpt lat="34.525430" lon="-119.197430"></trkpt>
    <trkpt lat="34.525540" lon="-119.197420"></trkpt>
    <trkpt lat="34.526010" lon="-119.197120"></trkpt>
    <trkpt lat="34.526480" lon="-119.196920"></trkpt>
    <trkpt lat="34.526950" lon="-119.196840"></trkpt>
    <trkpt lat="34.527090" lon="-119.196870"></trkpt>
    <trkpt lat="34.527720" lon="-119.197560"></trkpt>
    <trkpt lat="34.528100" lon="-119.197880"></trkpt>
    <trkpt lat="34.528370" lon="-119.198270"></trkpt>
    <trkpt lat="34.528540" lon="-119.198350"></trkpt>
    <trkpt lat="34.528750" lon="-119.198320"></trkpt>
    <trkpt lat="34.529160" lon="-119.198140"></trkpt>
    <trkpt lat="34.529750" lon="-119.198090"></trkpt>
    <trkpt lat="34.529800" lon="-119.198050"></trkpt>
    <trkpt lat="34.529950" lon="-119.197820"></trkpt>
    <trkpt lat="34.530090" lon="-119.197740"></trkpt>
    <trkpt lat="34.530960" lon="-119.197650"></trkpt>
    <trkpt lat="34.531080" lon="-119.197520"></trkpt>
    <trkpt lat="34.531210" lon="-119.197230"></trkpt>
    <trkpt lat="34.531370" lon="-119.197030"></trkpt>
    <trkpt lat="34.531490" lon="-119.196670"></trkpt>
    <trkpt lat="34.531640" lon="-119.196450"></trkpt>
    <trkpt lat="34.531690" lon="-119.196280"></trkpt>
    <trkpt lat="34.531680" lon="-119.195500"></trkpt>
    <trkpt lat="34.531700" lon="-119.194580"></trkpt>
    <trkpt lat="34.531640" lon="-119.194110"></trkpt>
    <trkpt lat="34.531660" lon="-119.194000"></trkpt>
    <trkpt lat="34.531760" lon="-119.193790"></trkpt>
    <trkpt lat="34.531800" lon="-119.193650"></trkpt>
    <trkpt lat="34.531830" lon="-119.193350"></trkpt>
    <trkpt lat="34.531810" lon="-119.193010"></trkpt>
    <trkpt lat="34.531840" lon="-119.192880"></trkpt>
    <trkpt lat="34.532080" lon="-119.192540"></trkpt>
    <trkpt lat="34.532070" lon="-119.192410"></trkpt>
    <trkpt lat="34.531720" lon="-119.191960"></trkpt>
    <trkpt lat="34.531620" lon="-119.191720"></trkpt>
    <trkpt lat="34.531770" lon="-119.191510"></trkpt>
    <trkpt lat="34.531810" lon="-119.191240"></trkpt>
    <trkpt lat="34.531900" lon="-119.191070"></trkpt>
    <trkpt lat="34.532040" lon="-119.190980"></trkpt>
    <trkpt lat="34.532350" lon="-119.190930"></trkpt>
    <trkpt lat="34.532450" lon="-119.190840"></trkpt>
    <trkpt lat="34.532520" lon="-119.190710"></trkpt>
    <trkpt lat="34.532530" lon="-119.190430"></trkpt>
    <trkpt lat="34.532510" lon="-119.190340"></trkpt>
    <trkpt lat="34.532410" lon="-119.190090"></trkpt>
    <trkpt lat="34.532390" lon="-119.189890"></trkpt>
    <trkpt lat="34.532510" lon="-119.189240"></trkpt>
    <trkpt lat="34.532430" lon="-119.188900"></trkpt>
    <trkpt lat="34.532370" lon="-119.188860"></trkpt>
    <trkpt lat="34.532280" lon="-119.188880"></trkpt>
    <trkpt lat="34.532220" lon="-119.189000"></trkpt>
    <trkpt lat="34.532110" lon="-119.189350"></trkpt>
    <trkpt lat="34.532010" lon="-119.189530"></trkpt>
    <trkpt lat="34.531730" lon="-119.189770"></trkpt>
    <trkpt lat="34.531580" lon="-119.189970"></trkpt>
    <trkpt lat="34.531510" lon="-119.189990"></trkpt>
    <trkpt lat="34.531440" lon="-119.189960"></trkpt>
    <trkpt lat="34.531050" lon="-119.189330"></trkpt>
    <trkpt lat="34.530990" lon="-119.189110"></trkpt>
    <trkpt lat="34.531020" lon="-119.188960"></trkpt>
    <trkpt lat="34.531060" lon="-119.188920"></trkpt>
    <trkpt lat="34.531150" lon="-119.188880"></trkpt>
    <trkpt lat="34.531220" lon="-119.188890"></trkpt>
    <trkpt lat="34.531390" lon="-119.189010"></trkpt>
    <trkpt lat="34.531480" lon="-119.189040"></trkpt>
    <trkpt lat="34.531570" lon="-119.188980"></trkpt>
    <trkpt lat="34.531610" lon="-119.188910"></trkpt>
    <trkpt lat="34.531700" lon="-119.188520"></trkpt>
    <trkpt lat="34.531680" lon="-119.188100"></trkpt>
    <trkpt lat="34.531760" lon="-119.187810"></trkpt>
    <trkpt lat="34.531760" lon="-119.187650"></trkpt>
    <trkpt lat="34.531740" lon="-119.187580"></trkpt>
    <trkpt lat="34.531630" lon="-119.187450"></trkpt>
    <trkpt lat="34.531580" lon="-119.187340"></trkpt>
    <trkpt lat="34.531530" lon="-119.187120"></trkpt>
    <trkpt lat="34.531470" lon="-119.187010"></trkpt>
    <trkpt lat="34.531370" lon="-119.186950"></trkpt>
    <trkpt lat="34.531190" lon="-119.186950"></trkpt>
    <trkpt lat="34.531090" lon="-119.186900"></trkpt>
    <trkpt lat="34.530810" lon="-119.186490"></trkpt>
    <trkpt lat="34.530760" lon="-119.186300"></trkpt>
    <trkpt lat="34.530770" lon="-119.186210"></trkpt>
    <trkpt lat="34.530990" lon="-119.185740"></trkpt>
    <trkpt lat="34.531100" lon="-119.185390"></trkpt>
    <trkpt lat="34.531200" lon="-119.185180"></trkpt>
    <trkpt lat="34.531350" lon="-119.185050"></trkpt>
    <trkpt lat="34.531630" lon="-119.184880"></trkpt>
    <trkpt lat="34.531870" lon="-119.184690"></trkpt>
    <trkpt lat="34.531990" lon="-119.184630"></trkpt>
    <trkpt lat="34.532050" lon="-119.184550"></trkpt>
    <trkpt lat="34.532050" lon="-119.184178"></trkpt>
    <trkpt lat="34.532050" lon="-119.184307"></trkpt>
    <trkpt lat="34.532050" lon="-119.184120"></trkpt>
    <trkpt lat="34.532100" lon="-119.183710"></trkpt>
    <trkpt lat="34.532060" lon="-119.183480"></trkpt>
    <trkpt lat="34.532060" lon="-119.183480"></trkpt>
    <trkpt lat="34.531880" lon="-119.183330"></trkpt>
    <trkpt lat="34.531820" lon="-119.183200"></trkpt>
    <trkpt lat="34.531810" lon="-119.183010"></trkpt>
    <trkpt lat="34.531810" lon="-119.183010"></trkpt>
    <trkpt lat="34.531730" lon="-119.182960"></trkpt>
    <trkpt lat="34.531724" lon="-119.182850"></trkpt>
    <trkpt lat="34.531724" lon="-119.182850"></trkpt>
    <trkpt lat="34.531720" lon="-119.182790"></trkpt>
    <trkpt lat="34.531860" lon="-119.182570"></trkpt>
    <trkpt lat="34.532030" lon="-119.182490"></trkpt>
    <trkpt lat="34.532045" lon="-119.182489"></trkpt>
    <trkpt lat="34.532055" lon="-119.182488"></trkpt>
    <trkpt lat="34.532316" lon="-119.182471"></trkpt>
    <trkpt lat="34.532160" lon="-119.182837"></trkpt>
    <trkpt lat="34.531842" lon="-119.183287"></trkpt>
    <trkpt lat="34.531856" lon="-119.183278"></trkpt>
    <trkpt lat="34.531880" lon="-119.183330"></trkpt>
    <trkpt lat="34.532060" lon="-119.183480"></trkpt>
    <trkpt lat="34.532060" lon="-119.183480"></trkpt>
    <trkpt lat="34.532100" lon="-119.183710"></trkpt>
    <trkpt lat="34.532050" lon="-119.184120"></trkpt>
    <trkpt lat="34.532050" lon="-119.184550"></trkpt>
    <trkpt lat="34.531990" lon="-119.184630"></trkpt>
    <trkpt lat="34.531870" lon="-119.184690"></trkpt>
    <trkpt lat="34.531630" lon="-119.184880"></trkpt>
    <trkpt lat="34.531350" lon="-119.185050"></trkpt>
    <trkpt lat="34.531200" lon="-119.185180"></trkpt>
    <trkpt lat="34.531100" lon="-119.185390"></trkpt>
    <trkpt lat="34.530990" lon="-119.185740"></trkpt>
    <trkpt lat="34.530770" lon="-119.186210"></trkpt>
    <trkpt lat="34.530760" lon="-119.186300"></trkpt>
    <trkpt lat="34.530810" lon="-119.186490"></trkpt>
    <trkpt lat="34.531090" lon="-119.186900"></trkpt>
    <trkpt lat="34.531190" lon="-119.186950"></trkpt>
    <trkpt lat="34.531370" lon="-119.186950"></trkpt>
    <trkpt lat="34.531470" lon="-119.187010"></trkpt>
    <trkpt lat="34.531530" lon="-119.187120"></trkpt>
    <trkpt lat="34.531580" lon="-119.187340"></trkpt>
    <trkpt lat="34.531630" lon="-119.187450"></trkpt>
    <trkpt lat="34.531740" lon="-119.187580"></trkpt>
    <trkpt lat="34.531760" lon="-119.187650"></trkpt>
    <trkpt lat="34.531760" lon="-119.187810"></trkpt>
    <trkpt lat="34.531680" lon="-119.188100"></trkpt>
    <trkpt lat="34.531700" lon="-119.188520"></trkpt>
    <trkpt lat="34.531610" lon="-119.188910"></trkpt>
    <trkpt lat="34.531570" lon="-119.188980"></trkpt>
    <trkpt lat="34.531480" lon="-119.189040"></trkpt>
    <trkpt lat="34.531390" lon="-119.189010"></trkpt>
    <trkpt lat="34.531220" lon="-119.188890"></trkpt>
    <trkpt lat="34.531150" lon="-119.188880"></trkpt>
    <trkpt lat="34.531060" lon="-119.188920"></trkpt>
    <trkpt lat="34.531020" lon="-119.188960"></trkpt>
    <trkpt lat="34.530990" lon="-119.189110"></trkpt>
    <trkpt lat="34.531050" lon="-119.189330"></trkpt>
    <trkpt lat="34.531440" lon="-119.189960"></trkpt>
    <trkpt lat="34.531510" lon="-119.189990"></trkpt>
    <trkpt lat="34.531580" lon="-119.189970"></trkpt>
    <trkpt lat="34.531730" lon="-119.189770"></trkpt>
    <trkpt lat="34.532010" lon="-119.189530"></trkpt>
    <trkpt lat="34.532110" lon="-119.189350"></trkpt>
    <trkpt lat="34.532220" lon="-119.189000"></trkpt>
    <trkpt lat="34.532280" lon="-119.188880"></trkpt>
    <trkpt lat="34.532370" lon="-119.188860"></trkpt>
    <trkpt lat="34.532430" lon="-119.188900"></trkpt>
    <trkpt lat="34.532510" lon="-119.189240"></trkpt>
    <trkpt lat="34.532390" lon="-119.189890"></trkpt>
    <trkpt lat="34.532410" lon="-119.190090"></trkpt>
    <trkpt lat="34.532510" lon="-119.190340"></trkpt>
    <trkpt lat="34.532530" lon="-119.190430"></trkpt>
    <trkpt lat="34.532520" lon="-119.190710"></trkpt>
    <trkpt lat="34.532450" lon="-119.190840"></trkpt>
    <trkpt lat="34.532350" lon="-119.190930"></trkpt>
    <trkpt lat="34.532040" lon="-119.190980"></trkpt>
    <trkpt lat="34.531900" lon="-119.191070"></trkpt>
    <trkpt lat="34.531810" lon="-119.191240"></trkpt>
    <trkpt lat="34.531770" lon="-119.191510"></trkpt>
    <trkpt lat="34.531620" lon="-119.191720"></trkpt>
    <trkpt lat="34.531720" lon="-119.191960"></trkpt>
    <trkpt lat="34.532070" lon="-119.192410"></trkpt>
    <trkpt lat="34.532080" lon="-119.192540"></trkpt>
    <trkpt lat="34.531840" lon="-119.192880"></trkpt>
    <trkpt lat="34.531810" lon="-119.193010"></trkpt>
    <trkpt lat="34.531830" lon="-119.193350"></trkpt>
    <trkpt lat="34.531800" lon="-119.193650"></trkpt>
    <trkpt lat="34.531760" lon="-119.193790"></trkpt>
    <trkpt lat="34.531660" lon="-119.194000"></trkpt>
    <trkpt lat="34.531640" lon="-119.194110"></trkpt>
    <trkpt lat="34.531700" lon="-119.194580"></trkpt>
    <trkpt lat="34.531680" lon="-119.195500"></trkpt>
    <trkpt lat="34.531690" lon="-119.196280"></trkpt>
    <trkpt lat="34.531640" lon="-119.196450"></trkpt>
    <trkpt lat="34.531490" lon="-119.196670"></trkpt>
    <trkpt lat="34.531370" lon="-119.197030"></trkpt>
    <trkpt lat="34.531210" lon="-119.197230"></trkpt>
    <trkpt lat="34.531080" lon="-119.197520"></trkpt>
    <trkpt lat="34.530960" lon="-119.197650"></trkpt>
    <trkpt lat="34.530090" lon="-119.197740"></trkpt>
    <trkpt lat="34.529950" lon="-119.197820"></trkpt>
    <trkpt lat="34.529800" lon="-119.198050"></trkpt>
    <trkpt lat="34.529750" lon="-119.198090"></trkpt>
    <trkpt lat="34.529160" lon="-119.198140"></trkpt>
    <trkpt lat="34.528750" lon="-119.198320"></trkpt>
    <trkpt lat="34.528540" lon="-119.198350"></trkpt>
    <trkpt lat="34.528370" lon="-119.198270"></trkpt>
    <trkpt lat="34.528100" lon="-119.197880"></trkpt>
    <trkpt lat="34.527720" lon="-119.197560"></trkpt>
    <trkpt lat="34.527090" lon="-119.196870"></trkpt>
    <trkpt lat="34.526950" lon="-119.196840"></trkpt>
    <trkpt lat="34.526480" lon="-119.196920"></trkpt>
    <trkpt lat="34.526010" lon="-119.197120"></trkpt>
    <trkpt lat="34.525540" lon="-119.197420"></trkpt>
    <trkpt lat="34.525430" lon="-119.197430"></trkpt>
    <trkpt lat="34.525290" lon="-119.197380"></trkpt>
    <trkpt lat="34.525010" lon="-119.197080"></trkpt>
    <trkpt lat="34.524660" lon="-119.196830"></trkpt>
    <trkpt lat="34.524660" lon="-119.196830"></trkpt>
    <trkpt lat="34.524450" lon="-119.196690"></trkpt>
    <trkpt lat="34.523990" lon="-119.196450"></trkpt>
    <trkpt lat="34.523680" lon="-119.196140"></trkpt>
    <trkpt lat="34.523440" lon="-119.195800"></trkpt>
    <trkpt lat="34.523360" lon="-119.195780"></trkpt>
    <trkpt lat="34.523300" lon="-119.195820"></trkpt>
    <trkpt lat="34.523210" lon="-119.196210"></trkpt>
    <trkpt lat="34.523120" lon="-119.196410"></trkpt>
    <trkpt lat="34.523040" lon="-119.196530"></trkpt>
    <trkpt lat="34.522980" lon="-119.196570"></trkpt>
    <trkpt lat="34.522810" lon="-119.196660"></trkpt>
    <trkpt lat="34.522150" lon="-119.196740"></trkpt>
    <trkpt lat="34.521900" lon="-119.196810"></trkpt>
    <trkpt lat="34.521700" lon="-119.196920"></trkpt>
    <trkpt lat="34.521440" lon="-119.197130"></trkpt>
    <trkpt lat="34.521050" lon="-119.197520"></trkpt>
    <trkpt lat="34.520990" lon="-119.197500"></trkpt>
    <trkpt lat="34.520750" lon="-119.197110"></trkpt>
    <trkpt lat="34.520590" lon="-119.197030"></trkpt>
    <trkpt lat="34.520190" lon="-119.196960"></trkpt>
    <trkpt lat="34.519350" lon="-119.197000"></trkpt>
    <trkpt lat="34.519240" lon="-119.197040"></trkpt>
    <trkpt lat="34.519239" lon="-119.197041"></trkpt>
    <trkpt lat="34.519250" lon="-119.197060"></trkpt>
    <trkpt lat="34.519220" lon="-119.197140"></trkpt>
    <trkpt lat="34.518780" lon="-119.197650"></trkpt>
    <trkpt lat="34.518130" lon="-119.198510"></trkpt>
    <trkpt lat="34.517800" lon="-119.198870"></trkpt>
    <trkpt lat="34.517290" lon="-119.199880"></trkpt>
    <trkpt lat="34.517140" lon="-119.200330"></trkpt>
    <trkpt lat="34.516990" lon="-119.201160"></trkpt>
    <trkpt lat="34.516960" lon="-119.201450"></trkpt>
    <trkpt lat="34.516980" lon="-119.201660"></trkpt>
    <trkpt lat="34.516980" lon="-119.201660"></trkpt>
    <trkpt lat="34.516990" lon="-119.201840"></trkpt>
    <trkpt lat="34.516900" lon="-119.202270"></trkpt>
    <trkpt lat="34.516890" lon="-119.202600"></trkpt>
    <trkpt lat="34.517050" lon="-119.203670"></trkpt>
    <trkpt lat="34.517070" lon="-119.204150"></trkpt>
    <trkpt lat="34.517050" lon="-119.204610"></trkpt>
    <trkpt lat="34.516850" lon="-119.205220"></trkpt>
    <trkpt lat="34.516787" lon="-119.205483"></trkpt>
    <trkpt lat="34.516771" lon="-119.205553"></trkpt>
    <trkpt lat="34.516750" lon="-119.205640"></trkpt>
    <trkpt lat="34.516430" lon="-119.207360"></trkpt>
    <trkpt lat="34.516430" lon="-119.207540"></trkpt>
    <trkpt lat="34.516580" lon="-119.208240"></trkpt>
    <trkpt lat="34.516540" lon="-119.208360"></trkpt>
    <trkpt lat="34.516110" lon="-119.208930"></trkpt>
    <trkpt lat="34.515970" lon="-119.209420"></trkpt>
    <trkpt lat="34.515860" lon="-119.209640"></trkpt>
    <trkpt lat="34.515810" lon="-119.209890"></trkpt>
    <trkpt lat="34.515810" lon="-119.210420"></trkpt>
    <trkpt lat="34.515700" lon="-119.211110"></trkpt>
    <trkpt lat="34.515560" lon="-119.211530"></trkpt>
    <trkpt lat="34.515440" lon="-119.211700"></trkpt>
    <trkpt lat="34.515240" lon="-119.212240"></trkpt>
    <trkpt lat="34.515160" lon="-119.212570"></trkpt>
    <trkpt lat="34.515120" lon="-119.212770"></trkpt>
    <trkpt lat="34.515090" lon="-119.213700"></trkpt>
    <trkpt lat="34.515050" lon="-119.213920"></trkpt>
    <trkpt lat="34.514760" lon="-119.214630"></trkpt>
    <trkpt lat="34.514610" lon="-119.215190"></trkpt>
    <trkpt lat="34.514400" lon="-119.215790"></trkpt>
    <trkpt lat="34.514330" lon="-119.216070"></trkpt>
    <trkpt lat="34.514340" lon="-119.216200"></trkpt>
    <trkpt lat="34.514480" lon="-119.216570"></trkpt>
    <trkpt lat="34.514590" lon="-119.217210"></trkpt>
    <trkpt lat="34.514620" lon="-119.217490"></trkpt>
    <trkpt lat="34.514760" lon="-119.217870"></trkpt>
    <trkpt lat="34.514900" lon="-119.218070"></trkpt>
    <trkpt lat="34.514950" lon="-119.218190"></trkpt>
    <trkpt lat="34.515020" lon="-119.218400"></trkpt>
    <trkpt lat="34.515050" lon="-119.218630"></trkpt>
    <trkpt lat="34.514990" lon="-119.218730"></trkpt>
    <trkpt lat="34.514874" lon="-119.218781"></trkpt>
    <trkpt lat="34.514874" lon="-119.218781"></trkpt>
    <trkpt lat="34.514810" lon="-119.218810"></trkpt>
    <trkpt lat="34.514710" lon="-119.218840"></trkpt>
    <trkpt lat="34.514380" lon="-119.218830"></trkpt>
    <trkpt lat="34.514330" lon="-119.218860"></trkpt>
    <trkpt lat="34.514330" lon="-119.218940"></trkpt>
    <trkpt lat="34.514380" lon="-119.219170"></trkpt>
    <trkpt lat="34.514360" lon="-119.219460"></trkpt>
    <trkpt lat="34.514325" lon="-119.219494"></trkpt>
    <trkpt lat="34.514325" lon="-119.219494"></trkpt>
    <trkpt lat="34.514235" lon="-119.219582"></trkpt>
    <trkpt lat="34.514235" lon="-119.219582"></trkpt>
    <trkpt lat="34.513970" lon="-119.219840"></trkpt>
    <trkpt lat="34.513920" lon="-119.219920"></trkpt>
    <trkpt lat="34.513900" lon="-119.220010"></trkpt>
    <trkpt lat="34.513890" lon="-119.220320"></trkpt>
    <trkpt lat="34.513460" lon="-119.220810"></trkpt>
    <trkpt lat="34.513370" lon="-119.220960"></trkpt>
    <trkpt lat="34.513350" lon="-119.221300"></trkpt>
    <trkpt lat="34.513530" lon="-119.221540"></trkpt>
    <trkpt lat="34.513530" lon="-119.221581"></trkpt>
    <trkpt lat="34.513530" lon="-119.221581"></trkpt>
    <trkpt lat="34.513530" lon="-119.221660"></trkpt>
    <trkpt lat="34.513420" lon="-119.221790"></trkpt>
    <trkpt lat="34.513100" lon="-119.221940"></trkpt>
    <trkpt lat="34.513090" lon="-119.222050"></trkpt>
    <trkpt lat="34.513180" lon="-119.222230"></trkpt>
    <trkpt lat="34.513150" lon="-119.222330"></trkpt>
    <trkpt lat="34.513090" lon="-119.222430"></trkpt>
    <trkpt lat="34.512780" lon="-119.222740"></trkpt>
    <trkpt lat="34.512780" lon="-119.222820"></trkpt>
    <trkpt lat="34.512960" lon="-119.223080"></trkpt>
    <trkpt lat="34.512970" lon="-119.223160"></trkpt>
    <trkpt lat="34.512940" lon="-119.223200"></trkpt>
    <trkpt lat="34.512670" lon="-119.223270"></trkpt>
    <trkpt lat="34.512220" lon="-119.223630"></trkpt>
    <trkpt lat="34.512220" lon="-119.223630"></trkpt>
    <trkpt lat="34.512020" lon="-119.223840"></trkpt>
    <trkpt lat="34.511960" lon="-119.223970"></trkpt>
    <trkpt lat="34.511930" lon="-119.224810"></trkpt>
    <trkpt lat="34.511820" lon="-119.225280"></trkpt>
    <trkpt lat="34.511760" lon="-119.225360"></trkpt>
    <trkpt lat="34.511650" lon="-119.225410"></trkpt>
    <trkpt lat="34.511560" lon="-119.225510"></trkpt>
    <trkpt lat="34.511270" lon="-119.226230"></trkpt>
    <trkpt lat="34.511230" lon="-119.226280"></trkpt>
    <trkpt lat="34.511110" lon="-119.226330"></trkpt>
    <trkpt lat="34.511090" lon="-119.226360"></trkpt>
    <trkpt lat="34.511070" lon="-119.226670"></trkpt>
    <trkpt lat="34.510930" lon="-119.227090"></trkpt>
    <trkpt lat="34.510830" lon="-119.227230"></trkpt>
    <trkpt lat="34.510760" lon="-119.227240"></trkpt>
    <trkpt lat="34.510730" lon="-119.227210"></trkpt>
    <trkpt lat="34.510710" lon="-119.227170"></trkpt>
    <trkpt lat="34.510720" lon="-119.226790"></trkpt>
    <trkpt lat="34.510660" lon="-119.226600"></trkpt>
    <trkpt lat="34.510600" lon="-119.226540"></trkpt>
    <trkpt lat="34.510460" lon="-119.226530"></trkpt>
    <trkpt lat="34.510310" lon="-119.226640"></trkpt>
    <trkpt lat="34.510280" lon="-119.226690"></trkpt>
    <trkpt lat="34.510280" lon="-119.226790"></trkpt>
    <trkpt lat="34.510400" lon="-119.227070"></trkpt>
    <trkpt lat="34.510390" lon="-119.227250"></trkpt>
    <trkpt lat="34.510320" lon="-119.227430"></trkpt>
    <trkpt lat="34.510210" lon="-119.227600"></trkpt>
    <trkpt lat="34.510090" lon="-119.227950"></trkpt>
    <trkpt lat="34.509630" lon="-119.228830"></trkpt>
    <trkpt lat="34.509450" lon="-119.228980"></trkpt>
    <trkpt lat="34.509080" lon="-119.229110"></trkpt>
    <trkpt lat="34.508810" lon="-119.229260"></trkpt>
    <trkpt lat="34.508600" lon="-119.229520"></trkpt>
    <trkpt lat="34.508490" lon="-119.229600"></trkpt>
    <trkpt lat="34.508300" lon="-119.229600"></trkpt>
    <trkpt lat="34.507770" lon="-119.229430"></trkpt>
    <trkpt lat="34.507700" lon="-119.229440"></trkpt>
    <trkpt lat="34.507670" lon="-119.229480"></trkpt>
    <trkpt lat="34.507650" lon="-119.229580"></trkpt>
    <trkpt lat="34.507720" lon="-119.229850"></trkpt>
    <trkpt lat="34.507710" lon="-119.229960"></trkpt>
    <trkpt lat="34.507630" lon="-119.230130"></trkpt>
    <trkpt lat="34.507510" lon="-119.230340"></trkpt>
    <trkpt lat="34.507260" lon="-119.230630"></trkpt>
    <trkpt lat="34.507210" lon="-119.230790"></trkpt>
    <trkpt lat="34.506920" lon="-119.231050"></trkpt>
    <trkpt lat="34.506910" lon="-119.231140"></trkpt>
    <trkpt lat="34.506920" lon="-119.231370"></trkpt>
    <trkpt lat="34.507090" lon="-119.231920"></trkpt>
    <trkpt lat="34.507090" lon="-119.232190"></trkpt>
    <trkpt lat="34.507050" lon="-119.232320"></trkpt>
    <trkpt lat="34.506640" lon="-119.233050"></trkpt>
    <trkpt lat="34.506560" lon="-119.233140"></trkpt>
    <trkpt lat="34.506560" lon="-119.233140"></trkpt>
    <trkpt lat="34.506400" lon="-119.233210"></trkpt>
    <trkpt lat="34.505910" lon="-119.233260"></trkpt>
    <trkpt lat="34.505860" lon="-119.233280"></trkpt>
    <trkpt lat="34.505585" lon="-119.233825"></trkpt>
    <trkpt lat="34.505575" lon="-119.233850"></trkpt>
    <trkpt lat="34.505130" lon="-119.233850"></trkpt>
    <trkpt lat="34.505040" lon="-119.233910"></trkpt>
    <trkpt lat="34.504820" lon="-119.234390"></trkpt>
    <trkpt lat="34.504750" lon="-119.234350"></trkpt>
    <trkpt lat="34.504430" lon="-119.233990"></trkpt>
    <trkpt lat="34.504040" lon="-119.234050"></trkpt>
    <trkpt lat="34.503920" lon="-119.233760"></trkpt>
    <trkpt lat="34.503790" lon="-119.233630"></trkpt>
    <trkpt lat="34.503730" lon="-119.233470"></trkpt>
    <trkpt lat="34.503640" lon="-119.233390"></trkpt>
    <trkpt lat="34.503420" lon="-119.233050"></trkpt>
    <trkpt lat="34.503360" lon="-119.233090"></trkpt>
    <trkpt lat="34.503240" lon="-119.233520"></trkpt>
    <trkpt lat="34.503060" lon="-119.233790"></trkpt>
    <trkpt lat="34.503000" lon="-119.233820"></trkpt>
    <trkpt lat="34.502960" lon="-119.233890"></trkpt>
    <trkpt lat="34.502850" lon="-119.234280"></trkpt>
    <trkpt lat="34.502800" lon="-119.234120"></trkpt>
    <trkpt lat="34.502710" lon="-119.233930"></trkpt>
    <trkpt lat="34.502610" lon="-119.233890"></trkpt>
    <trkpt lat="34.502510" lon="-119.233930"></trkpt>
    <trkpt lat="34.502470" lon="-119.233900"></trkpt>
    <trkpt lat="34.502520" lon="-119.233770"></trkpt>
    <trkpt lat="34.502540" lon="-119.233660"></trkpt>
    <trkpt lat="34.502620" lon="-119.233590"></trkpt>
    <trkpt lat="34.502660" lon="-119.233440"></trkpt>
    <trkpt lat="34.502660" lon="-119.233290"></trkpt>
    <trkpt lat="34.502140" lon="-119.232280"></trkpt>
    <trkpt lat="34.501970" lon="-119.232160"></trkpt>
    <trkpt lat="34.501930" lon="-119.231900"></trkpt>
    <trkpt lat="34.501750" lon="-119.231400"></trkpt>
    <trkpt lat="34.501650" lon="-119.231390"></trkpt>
    <trkpt lat="34.501550" lon="-119.231420"></trkpt>
    <trkpt lat="34.501480" lon="-119.231390"></trkpt>
    <trkpt lat="34.501390" lon="-119.231130"></trkpt>
    <trkpt lat="34.501180" lon="-119.230760"></trkpt>
    <trkpt lat="34.500970" lon="-119.230600"></trkpt>
    <trkpt lat="34.500770" lon="-119.230020"></trkpt>
    <trkpt lat="34.500710" lon="-119.229920"></trkpt>
    <trkpt lat="34.500640" lon="-119.229850"></trkpt>
    <trkpt lat="34.500260" lon="-119.230110"></trkpt>
    <trkpt lat="34.500040" lon="-119.230150"></trkpt>
    <trkpt lat="34.499860" lon="-119.230220"></trkpt>
    <trkpt lat="34.499790" lon="-119.230160"></trkpt>
    <trkpt lat="34.499680" lon="-119.229920"></trkpt>
    <trkpt lat="34.499350" lon="-119.229410"></trkpt>
    <trkpt lat="34.499000" lon="-119.229080"></trkpt>
    <trkpt lat="34.498770" lon="-119.228990"></trkpt>
    <trkpt lat="34.498670" lon="-119.228980"></trkpt>
    <trkpt lat="34.498650" lon="-119.229060"></trkpt>
    <trkpt lat="34.498780" lon="-119.229300"></trkpt>
    <trkpt lat="34.498820" lon="-119.229420"></trkpt>
    <trkpt lat="34.498800" lon="-119.229720"></trkpt>
    <trkpt lat="34.498850" lon="-119.230050"></trkpt>
    <trkpt lat="34.498810" lon="-119.230190"></trkpt>
    <trkpt lat="34.498810" lon="-119.230550"></trkpt>
    <trkpt lat="34.498760" lon="-119.230560"></trkpt>
    <trkpt lat="34.498710" lon="-119.230460"></trkpt>
    <trkpt lat="34.498640" lon="-119.229950"></trkpt>
    <trkpt lat="34.498570" lon="-119.229770"></trkpt>
    <trkpt lat="34.498490" lon="-119.229660"></trkpt>
    <trkpt lat="34.498260" lon="-119.229490"></trkpt>
    <trkpt lat="34.497890" lon="-119.229270"></trkpt>
    <trkpt lat="34.497920" lon="-119.229360"></trkpt>
    <trkpt lat="34.498120" lon="-119.229530"></trkpt>
    <trkpt lat="34.498160" lon="-119.229630"></trkpt>
    <trkpt lat="34.498230" lon="-119.229730"></trkpt>
    <trkpt lat="34.498280" lon="-119.230010"></trkpt>
    <trkpt lat="34.498210" lon="-119.230460"></trkpt>
    <trkpt lat="34.498060" lon="-119.230460"></trkpt>
    <trkpt lat="34.498010" lon="-119.230590"></trkpt>
    <trkpt lat="34.497930" lon="-119.230660"></trkpt>
    <trkpt lat="34.497740" lon="-119.230680"></trkpt>
    <trkpt lat="34.497580" lon="-119.230750"></trkpt>
    <trkpt lat="34.497540" lon="-119.230830"></trkpt>
    <trkpt lat="34.497840" lon="-119.231430"></trkpt>
    <trkpt lat="34.497790" lon="-119.231450"></trkpt>
    <trkpt lat="34.497700" lon="-119.231400"></trkpt>
    <trkpt lat="34.497600" lon="-119.231420"></trkpt>
    <trkpt lat="34.497510" lon="-119.231410"></trkpt>
    <trkpt lat="34.497400" lon="-119.231480"></trkpt>
    <trkpt lat="34.497310" lon="-119.231460"></trkpt>
    <trkpt lat="34.497220" lon="-119.231480"></trkpt>
    <trkpt lat="34.497120" lon="-119.231440"></trkpt>
    <trkpt lat="34.497020" lon="-119.231460"></trkpt>
    <trkpt lat="34.496850" lon="-119.231400"></trkpt>
    <trkpt lat="34.496850" lon="-119.231340"></trkpt>
    <trkpt lat="34.497030" lon="-119.231340"></trkpt>
    <trkpt lat="34.497210" lon="-119.231300"></trkpt>
    <trkpt lat="34.497360" lon="-119.231320"></trkpt>
    <trkpt lat="34.497370" lon="-119.231260"></trkpt>
    <trkpt lat="34.497230" lon="-119.231150"></trkpt>
    <trkpt lat="34.497180" lon="-119.230970"></trkpt>
    <trkpt lat="34.497100" lon="-119.230910"></trkpt>
    <trkpt lat="34.497100" lon="-119.230810"></trkpt>
    <trkpt lat="34.496990" lon="-119.230460"></trkpt>
    <trkpt lat="34.497040" lon="-119.230340"></trkpt>
    <trkpt lat="34.497100" lon="-119.230290"></trkpt>
    <trkpt lat="34.497180" lon="-119.230230"></trkpt>
    <trkpt lat="34.497330" lon="-119.230220"></trkpt>
    <trkpt lat="34.497300" lon="-119.230140"></trkpt>
    <trkpt lat="34.497000" lon="-119.230010"></trkpt>
    <trkpt lat="34.496990" lon="-119.229930"></trkpt>
    <trkpt lat="34.497050" lon="-119.229710"></trkpt>
    <trkpt lat="34.496940" lon="-119.229370"></trkpt>
    <trkpt lat="34.496910" lon="-119.229150"></trkpt>
    <trkpt lat="34.496970" lon="-119.229090"></trkpt>
    <trkpt lat="34.496980" lon="-119.229030"></trkpt>
    <trkpt lat="34.496890" lon="-119.228910"></trkpt>
    <trkpt lat="34.496960" lon="-119.228680"></trkpt>
    <trkpt lat="34.496940" lon="-119.228570"></trkpt>
    <trkpt lat="34.496870" lon="-119.228480"></trkpt>
    <trkpt lat="34.496650" lon="-119.228290"></trkpt>
    <trkpt lat="34.496610" lon="-119.227980"></trkpt>
    <trkpt lat="34.496480" lon="-119.227830"></trkpt>
    <trkpt lat="34.496500" lon="-119.227620"></trkpt>
    <trkpt lat="34.496480" lon="-119.227480"></trkpt>
    <trkpt lat="34.496400" lon="-119.227370"></trkpt>
    <trkpt lat="34.496390" lon="-119.227250"></trkpt>
    <trkpt lat="34.496130" lon="-119.226870"></trkpt>
    <trkpt lat="34.496170" lon="-119.226780"></trkpt>
    <trkpt lat="34.496170" lon="-119.226670"></trkpt>
    <trkpt lat="34.496210" lon="-119.226560"></trkpt>
    <trkpt lat="34.496220" lon="-119.226470"></trkpt>
    <trkpt lat="34.496400" lon="-119.226330"></trkpt>
    <trkpt lat="34.496440" lon="-119.226260"></trkpt>
    <trkpt lat="34.496520" lon="-119.226230"></trkpt>
    <trkpt lat="34.496600" lon="-119.226250"></trkpt>
    <trkpt lat="34.496670" lon="-119.226240"></trkpt>
    <trkpt lat="34.496770" lon="-119.225860"></trkpt>
    <trkpt lat="34.496830" lon="-119.225770"></trkpt>
    <trkpt lat="34.496900" lon="-119.225770"></trkpt>
    <trkpt lat="34.497160" lon="-119.225850"></trkpt>
    <trkpt lat="34.497310" lon="-119.225910"></trkpt>
    <trkpt lat="34.497490" lon="-119.226050"></trkpt>
    <trkpt lat="34.497540" lon="-119.226030"></trkpt>
    <trkpt lat="34.497730" lon="-119.225840"></trkpt>
    <trkpt lat="34.497790" lon="-119.225700"></trkpt>
    <trkpt lat="34.497810" lon="-119.225280"></trkpt>
    <trkpt lat="34.497900" lon="-119.224940"></trkpt>
    <trkpt lat="34.497870" lon="-119.224840"></trkpt>
    <trkpt lat="34.497790" lon="-119.224760"></trkpt>
    <trkpt lat="34.497630" lon="-119.225470"></trkpt>
    <trkpt lat="34.497610" lon="-119.225520"></trkpt>
    <trkpt lat="34.497540" lon="-119.225580"></trkpt>
    <trkpt lat="34.497490" lon="-119.225550"></trkpt>
    <trkpt lat="34.497400" lon="-119.225430"></trkpt>
    <trkpt lat="34.497300" lon="-119.225350"></trkpt>
    <trkpt lat="34.497200" lon="-119.225080"></trkpt>
    <trkpt lat="34.497140" lon="-119.225010"></trkpt>
    <trkpt lat="34.496820" lon="-119.224860"></trkpt>
    <trkpt lat="34.496750" lon="-119.224880"></trkpt>
    <trkpt lat="34.496600" lon="-119.225090"></trkpt>
    <trkpt lat="34.496360" lon="-119.225270"></trkpt>
    <trkpt lat="34.496270" lon="-119.225290"></trkpt>
    <trkpt lat="34.496130" lon="-119.224880"></trkpt>
    <trkpt lat="34.495870" lon="-119.224740"></trkpt>
    <trkpt lat="34.495710" lon="-119.224680"></trkpt>
    <trkpt lat="34.495540" lon="-119.224500"></trkpt>
    <trkpt lat="34.495380" lon="-119.224490"></trkpt>
    <trkpt lat="34.495090" lon="-119.224680"></trkpt>
    <trkpt lat="34.495050" lon="-119.224610"></trkpt>
    <trkpt lat="34.495060" lon="-119.224490"></trkpt>
    <trkpt lat="34.495250" lon="-119.224350"></trkpt>
    <trkpt lat="34.495360" lon="-119.224110"></trkpt>
    <trkpt lat="34.495450" lon="-119.224020"></trkpt>
    <trkpt lat="34.495380" lon="-119.224000"></trkpt>
    <trkpt lat="34.495180" lon="-119.224230"></trkpt>
    <trkpt lat="34.495080" lon="-119.224250"></trkpt>
    <trkpt lat="34.494890" lon="-119.224220"></trkpt>
    <trkpt lat="34.494810" lon="-119.224280"></trkpt>
    <trkpt lat="34.494770" lon="-119.224420"></trkpt>
    <trkpt lat="34.494770" lon="-119.224890"></trkpt>
    <trkpt lat="34.494790" lon="-119.225050"></trkpt>
    <trkpt lat="34.494760" lon="-119.225060"></trkpt>
    <trkpt lat="34.494490" lon="-119.224290"></trkpt>
    <trkpt lat="34.494480" lon="-119.224130"></trkpt>
    <trkpt lat="34.494510" lon="-119.224030"></trkpt>
    <trkpt lat="34.494800" lon="-119.223730"></trkpt>
    <trkpt lat="34.494630" lon="-119.223760"></trkpt>
    <trkpt lat="34.494450" lon="-119.223930"></trkpt>
    <trkpt lat="34.494380" lon="-119.224120"></trkpt>
    <trkpt lat="34.494360" lon="-119.224240"></trkpt>
    <trkpt lat="34.494360" lon="-119.224550"></trkpt>
    <trkpt lat="34.494430" lon="-119.224820"></trkpt>
    <trkpt lat="34.494450" lon="-119.225070"></trkpt>
    <trkpt lat="34.494510" lon="-119.225440"></trkpt>
    <trkpt lat="34.494520" lon="-119.225650"></trkpt>
    <trkpt lat="34.494460" lon="-119.226050"></trkpt>
    <trkpt lat="34.494390" lon="-119.226320"></trkpt>
    <trkpt lat="34.494360" lon="-119.226390"></trkpt>
    <trkpt lat="34.494310" lon="-119.226430"></trkpt>
    <trkpt lat="34.494250" lon="-119.226390"></trkpt>
    <trkpt lat="34.494110" lon="-119.226030"></trkpt>
    <trkpt lat="34.493980" lon="-119.225590"></trkpt>
    <trkpt lat="34.493900" lon="-119.225460"></trkpt>
    <trkpt lat="34.493730" lon="-119.225260"></trkpt>
    <trkpt lat="34.493400" lon="-119.224650"></trkpt>
    <trkpt lat="34.493200" lon="-119.224470"></trkpt>
    <trkpt lat="34.493100" lon="-119.224250"></trkpt>
    <trkpt lat="34.492840" lon="-119.224010"></trkpt>
    <trkpt lat="34.492740" lon="-119.223830"></trkpt>
    <trkpt lat="34.492590" lon="-119.223630"></trkpt>
    <trkpt lat="34.492590" lon="-119.223630"></trkpt>
    <trkpt lat="34.492420" lon="-119.223420"></trkpt>
    <trkpt lat="34.492340" lon="-119.223360"></trkpt>
    <trkpt lat="34.492120" lon="-119.223280"></trkpt>
    <trkpt lat="34.491820" lon="-119.223050"></trkpt>
    <trkpt lat="34.491760" lon="-119.223050"></trkpt>
    <trkpt lat="34.491700" lon="-119.223120"></trkpt>
    <trkpt lat="34.491700" lon="-119.223630"></trkpt>
    <trkpt lat="34.491700" lon="-119.223630"></trkpt>
    <trkpt lat="34.491630" lon="-119.224040"></trkpt>
    <trkpt lat="34.491580" lon="-119.224190"></trkpt>
    <trkpt lat="34.491410" lon="-119.224550"></trkpt>
    <trkpt lat="34.491370" lon="-119.224600"></trkpt>
    <trkpt lat="34.491290" lon="-119.224610"></trkpt>
    <trkpt lat="34.491230" lon="-119.224560"></trkpt>
    <trkpt lat="34.491160" lon="-119.223770"></trkpt>
    <trkpt lat="34.491120" lon="-119.223630"></trkpt>
    <trkpt lat="34.491120" lon="-119.223630"></trkpt>
    <trkpt lat="34.490960" lon="-119.223020"></trkpt>
    <trkpt lat="34.490870" lon="-119.222800"></trkpt>
    <trkpt lat="34.490810" lon="-119.222750"></trkpt>
    <trkpt lat="34.490070" lon="-119.223050"></trkpt>
    <trkpt lat="34.489740" lon="-119.223220"></trkpt>
    <trkpt lat="34.489610" lon="-119.223350"></trkpt>
    <trkpt lat="34.489550" lon="-119.223370"></trkpt>
    <trkpt lat="34.489490" lon="-119.223280"></trkpt>
    <trkpt lat="34.489470" lon="-119.223200"></trkpt>
    <trkpt lat="34.489490" lon="-119.223120"></trkpt>
    <trkpt lat="34.489550" lon="-119.223030"></trkpt>
    <trkpt lat="34.489720" lon="-119.222870"></trkpt>
    <trkpt lat="34.489840" lon="-119.222670"></trkpt>
    <trkpt lat="34.490010" lon="-119.222540"></trkpt>
    <trkpt lat="34.490110" lon="-119.222380"></trkpt>
    <trkpt lat="34.490170" lon="-119.222230"></trkpt>
    <trkpt lat="34.490180" lon="-119.222120"></trkpt>
    <trkpt lat="34.490090" lon="-119.221950"></trkpt>
    <trkpt lat="34.489840" lon="-119.221820"></trkpt>
    <trkpt lat="34.489620" lon="-119.221650"></trkpt>
    <trkpt lat="34.489440" lon="-119.221280"></trkpt>
    <trkpt lat="34.489360" lon="-119.220880"></trkpt>
    <trkpt lat="34.489340" lon="-119.220530"></trkpt>
    <trkpt lat="34.489300" lon="-119.220370"></trkpt>
    <trkpt lat="34.489110" lon="-119.220180"></trkpt>
    <trkpt lat="34.489000" lon="-119.219990"></trkpt>
    <trkpt lat="34.488870" lon="-119.219880"></trkpt>
    <trkpt lat="34.488820" lon="-119.219800"></trkpt>
    <trkpt lat="34.488760" lon="-119.219520"></trkpt>
    <trkpt lat="34.488730" lon="-119.219430"></trkpt>
    <trkpt lat="34.488540" lon="-119.219220"></trkpt>
    <trkpt lat="34.488450" lon="-119.218880"></trkpt>
    <trkpt lat="34.488450" lon="-119.218880"></trkpt>
    <trkpt lat="34.488410" lon="-119.218550"></trkpt>
    <trkpt lat="34.488280" lon="-119.218230"></trkpt>
    <trkpt lat="34.488200" lon="-119.217840"></trkpt>
    <trkpt lat="34.488020" lon="-119.217570"></trkpt>
    <trkpt lat="34.487800" lon="-119.217380"></trkpt>
    <trkpt lat="34.487700" lon="-119.217260"></trkpt>
    <trkpt lat="34.487460" lon="-119.216710"></trkpt>
    <trkpt lat="34.487330" lon="-119.216470"></trkpt>
    <trkpt lat="34.487200" lon="-119.216040"></trkpt>
    <trkpt lat="34.487180" lon="-119.215820"></trkpt>
    <trkpt lat="34.487140" lon="-119.215730"></trkpt>
    <trkpt lat="34.486990" lon="-119.215590"></trkpt>
    <trkpt lat="34.486900" lon="-119.215030"></trkpt>
    <trkpt lat="34.486820" lon="-119.214730"></trkpt>
    <trkpt lat="34.486690" lon="-119.214460"></trkpt>
    <trkpt lat="34.486510" lon="-119.214200"></trkpt>
    <trkpt lat="34.486400" lon="-119.214080"></trkpt>
    <trkpt lat="34.486340" lon="-119.214050"></trkpt>
    <trkpt lat="34.486260" lon="-119.214070"></trkpt>
    <trkpt lat="34.485770" lon="-119.214380"></trkpt>
    <trkpt lat="34.485510" lon="-119.214410"></trkpt>
    <trkpt lat="34.485460" lon="-119.214460"></trkpt>
    <trkpt lat="34.485420" lon="-119.214610"></trkpt>
    <trkpt lat="34.485420" lon="-119.215100"></trkpt>
    <trkpt lat="34.485460" lon="-119.215500"></trkpt>
    <trkpt lat="34.485420" lon="-119.215570"></trkpt>
    <trkpt lat="34.485260" lon="-119.215560"></trkpt>
    <trkpt lat="34.485040" lon="-119.215590"></trkpt>
    <trkpt lat="34.484890" lon="-119.215540"></trkpt>
    <trkpt lat="34.484800" lon="-119.215540"></trkpt>
    <trkpt lat="34.484740" lon="-119.215590"></trkpt>
    <trkpt lat="34.484650" lon="-119.215870"></trkpt>
    <trkpt lat="34.484530" lon="-119.216090"></trkpt>
    <trkpt lat="34.484480" lon="-119.216140"></trkpt>
    <trkpt lat="34.484300" lon="-119.216190"></trkpt>
    <trkpt lat="34.484190" lon="-119.216330"></trkpt>
    <trkpt lat="34.484110" lon="-119.216380"></trkpt>
    <trkpt lat="34.483870" lon="-119.216270"></trkpt>
    <trkpt lat="34.483680" lon="-119.216120"></trkpt>
    <trkpt lat="34.483440" lon="-119.215630"></trkpt>
    <trkpt lat="34.483320" lon="-119.215450"></trkpt>
    <trkpt lat="34.483140" lon="-119.215280"></trkpt>
    <trkpt lat="34.482970" lon="-119.215000"></trkpt>
    <trkpt lat="34.482780" lon="-119.214910"></trkpt>
    <trkpt lat="34.482710" lon="-119.214920"></trkpt>
    <trkpt lat="34.482620" lon="-119.214980"></trkpt>
    <trkpt lat="34.482310" lon="-119.215540"></trkpt>
    <trkpt lat="34.482270" lon="-119.215660"></trkpt>
    <trkpt lat="34.482280" lon="-119.215800"></trkpt>
    <trkpt lat="34.482340" lon="-119.216030"></trkpt>
    <trkpt lat="34.482340" lon="-119.216130"></trkpt>
    <trkpt lat="34.482200" lon="-119.216340"></trkpt>
    <trkpt lat="34.482160" lon="-119.216550"></trkpt>
    <trkpt lat="34.482180" lon="-119.216630"></trkpt>
    <trkpt lat="34.482260" lon="-119.216790"></trkpt>
    <trkpt lat="34.482580" lon="-119.217000"></trkpt>
    <trkpt lat="34.482720" lon="-119.217250"></trkpt>
    <trkpt lat="34.482720" lon="-119.217340"></trkpt>
    <trkpt lat="34.482700" lon="-119.217420"></trkpt>
    <trkpt lat="34.482460" lon="-119.217640"></trkpt>
    <trkpt lat="34.482410" lon="-119.217790"></trkpt>
    <trkpt lat="34.482410" lon="-119.217910"></trkpt>
    <trkpt lat="34.482450" lon="-119.218030"></trkpt>
    <trkpt lat="34.482560" lon="-119.218240"></trkpt>
    <trkpt lat="34.482520" lon="-119.218700"></trkpt>
    <trkpt lat="34.482620" lon="-119.219080"></trkpt>
    <trkpt lat="34.482630" lon="-119.219160"></trkpt>
    <trkpt lat="34.482610" lon="-119.219220"></trkpt>
    <trkpt lat="34.482480" lon="-119.219220"></trkpt>
    <trkpt lat="34.482290" lon="-119.219090"></trkpt>
    <trkpt lat="34.482040" lon="-119.218620"></trkpt>
    <trkpt lat="34.481810" lon="-119.218360"></trkpt>
    <trkpt lat="34.481580" lon="-119.218000"></trkpt>
    <trkpt lat="34.481290" lon="-119.217700"></trkpt>
    <trkpt lat="34.481140" lon="-119.217500"></trkpt>
    <trkpt lat="34.481000" lon="-119.217390"></trkpt>
    <trkpt lat="34.480900" lon="-119.217350"></trkpt>
    <trkpt lat="34.480820" lon="-119.217350"></trkpt>
    <trkpt lat="34.480730" lon="-119.217410"></trkpt>
    <trkpt lat="34.480520" lon="-119.217880"></trkpt>
    <trkpt lat="34.480430" lon="-119.217960"></trkpt>
    <trkpt lat="34.480370" lon="-119.217940"></trkpt>
    <trkpt lat="34.480320" lon="-119.217880"></trkpt>
    <trkpt lat="34.480120" lon="-119.217460"></trkpt>
    <trkpt lat="34.479960" lon="-119.216930"></trkpt>
    <trkpt lat="34.479820" lon="-119.216710"></trkpt>
    <trkpt lat="34.479740" lon="-119.216670"></trkpt>
    <trkpt lat="34.479640" lon="-119.216720"></trkpt>
    <trkpt lat="34.479610" lon="-119.216780"></trkpt>
    <trkpt lat="34.479470" lon="-119.217230"></trkpt>
    <trkpt lat="34.479420" lon="-119.217540"></trkpt>
    <trkpt lat="34.479260" lon="-119.217880"></trkpt>
    <trkpt lat="34.479250" lon="-119.218410"></trkpt>
    <trkpt lat="34.479210" lon="-119.218490"></trkpt>
    <trkpt lat="34.479060" lon="-119.218620"></trkpt>
    <trkpt lat="34.478980" lon="-119.218610"></trkpt>
    <trkpt lat="34.478890" lon="-119.218510"></trkpt>
    <trkpt lat="34.478810" lon="-119.218470"></trkpt>
    <trkpt lat="34.478720" lon="-119.218520"></trkpt>
    <trkpt lat="34.478640" lon="-119.218720"></trkpt>
    <trkpt lat="34.478670" lon="-119.219030"></trkpt>
    <trkpt lat="34.478620" lon="-119.219110"></trkpt>
    <trkpt lat="34.478490" lon="-119.219150"></trkpt>
    <trkpt lat="34.478190" lon="-119.219130"></trkpt>
    <trkpt lat="34.478090" lon="-119.219180"></trkpt>
    <trkpt lat="34.477930" lon="-119.219330"></trkpt>
    <trkpt lat="34.477550" lon="-119.219260"></trkpt>
    <trkpt lat="34.477200" lon="-119.219310"></trkpt>
    <trkpt lat="34.477200" lon="-119.219310"></trkpt>
    <trkpt lat="34.477150" lon="-119.219540"></trkpt>
    <trkpt lat="34.476910" lon="-119.220050"></trkpt>
    <trkpt lat="34.476870" lon="-119.220270"></trkpt>
    <trkpt lat="34.476620" lon="-119.220500"></trkpt>
    <trkpt lat="34.476470" lon="-119.220580"></trkpt>
    <trkpt lat="34.476390" lon="-119.220660"></trkpt>
    <trkpt lat="34.476360" lon="-119.220770"></trkpt>
    <trkpt lat="34.476370" lon="-119.221040"></trkpt>
    <trkpt lat="34.476300" lon="-119.221440"></trkpt>
    <trkpt lat="34.476210" lon="-119.221520"></trkpt>
    <trkpt lat="34.476130" lon="-119.221500"></trkpt>
    <trkpt lat="34.476000" lon="-119.221380"></trkpt>
    <trkpt lat="34.475930" lon="-119.221360"></trkpt>
    <trkpt lat="34.475810" lon="-119.221400"></trkpt>
    <trkpt lat="34.475570" lon="-119.221590"></trkpt>
    <trkpt lat="34.475320" lon="-119.221720"></trkpt>
    <trkpt lat="34.475250" lon="-119.221810"></trkpt>
    <trkpt lat="34.475180" lon="-119.221940"></trkpt>
    <trkpt lat="34.475170" lon="-119.222040"></trkpt>
    <trkpt lat="34.475210" lon="-119.222180"></trkpt>
    <trkpt lat="34.475292" lon="-119.222298"></trkpt>
    <trkpt lat="34.475292" lon="-119.222298"></trkpt>
    <trkpt lat="34.475350" lon="-119.222380"></trkpt>
    <trkpt lat="34.475360" lon="-119.222440"></trkpt>
    <trkpt lat="34.475350" lon="-119.222500"></trkpt>
    <trkpt lat="34.475120" lon="-119.222580"></trkpt>
    <trkpt lat="34.475040" lon="-119.222630"></trkpt>
    <trkpt lat="34.474960" lon="-119.222750"></trkpt>
    <trkpt lat="34.474890" lon="-119.223020"></trkpt>
    <trkpt lat="34.474820" lon="-119.223150"></trkpt>
    <trkpt lat="34.474760" lon="-119.223190"></trkpt>
    <trkpt lat="34.474550" lon="-119.223200"></trkpt>
    <trkpt lat="34.474470" lon="-119.223270"></trkpt>
    <trkpt lat="34.474470" lon="-119.223270"></trkpt>
    <trkpt lat="34.474280" lon="-119.223360"></trkpt>
    <trkpt lat="34.474090" lon="-119.223630"></trkpt>
    <trkpt lat="34.474090" lon="-119.223630"></trkpt>
    <trkpt lat="34.474050" lon="-119.223690"></trkpt>
    <trkpt lat="34.473950" lon="-119.223720"></trkpt>
    <trkpt lat="34.473820" lon="-119.223680"></trkpt>
    <trkpt lat="34.473630" lon="-119.223690"></trkpt>
    <trkpt lat="34.473490" lon="-119.223730"></trkpt>
    <trkpt lat="34.473170" lon="-119.224020"></trkpt>
    <trkpt lat="34.472860" lon="-119.224120"></trkpt>
    <trkpt lat="34.472350" lon="-119.224160"></trkpt>
    <trkpt lat="34.472220" lon="-119.224140"></trkpt>
    <trkpt lat="34.472050" lon="-119.224070"></trkpt>
    <trkpt lat="34.471800" lon="-119.223910"></trkpt>
    <trkpt lat="34.471630" lon="-119.223870"></trkpt>
    <trkpt lat="34.471420" lon="-119.223880"></trkpt>
    <trkpt lat="34.471150" lon="-119.223840"></trkpt>
    <trkpt lat="34.470730" lon="-119.223960"></trkpt>
    <trkpt lat="34.470340" lon="-119.223950"></trkpt>
    <trkpt lat="34.470340" lon="-119.223950"></trkpt>
    <trkpt lat="34.469125" lon="-119.223971"></trkpt>
    <trkpt lat="34.469160" lon="-119.223912"></trkpt>
    <trkpt lat="34.469180" lon="-119.223930"></trkpt>
    <trkpt lat="34.469290" lon="-119.223970"></trkpt>
    <trkpt lat="34.469630" lon="-119.223940"></trkpt>
    <trkpt lat="34.469800" lon="-119.223970"></trkpt>
    <trkpt lat="34.470070" lon="-119.223930"></trkpt>
    <trkpt lat="34.470340" lon="-119.223950"></trkpt>
    <trkpt lat="34.470340" lon="-119.223950"></trkpt>
    <trkpt lat="34.470730" lon="-119.223960"></trkpt>
    <trkpt lat="34.470742" lon="-119.223956"></trkpt>
    <trkpt lat="34.470753" lon="-119.223953"></trkpt>
    <trkpt lat="34.471150" lon="-119.223840"></trkpt>
    <trkpt lat="34.471420" lon="-119.223880"></trkpt>
    <trkpt lat="34.471630" lon="-119.223870"></trkpt>
    <trkpt lat="34.471800" lon="-119.223910"></trkpt>
    <trkpt lat="34.472050" lon="-119.224070"></trkpt>
    <trkpt lat="34.472220" lon="-119.224140"></trkpt>
    <trkpt lat="34.472350" lon="-119.224160"></trkpt>
    <trkpt lat="34.472860" lon="-119.224120"></trkpt>
    <trkpt lat="34.473170" lon="-119.224020"></trkpt>
    <trkpt lat="34.473490" lon="-119.223730"></trkpt>
    <trkpt lat="34.473630" lon="-119.223690"></trkpt>
    <trkpt lat="34.473820" lon="-119.223680"></trkpt>
    <trkpt lat="34.473950" lon="-119.223720"></trkpt>
    <trkpt lat="34.474050" lon="-119.223690"></trkpt>
    <trkpt lat="34.474090" lon="-119.223630"></trkpt>
    <trkpt lat="34.474090" lon="-119.223630"></trkpt>
    <trkpt lat="34.474280" lon="-119.223360"></trkpt>
    <trkpt lat="34.474470" lon="-119.223270"></trkpt>
    <trkpt lat="34.474470" lon="-119.223270"></trkpt>
    <trkpt lat="34.474550" lon="-119.223200"></trkpt>
    <trkpt lat="34.474760" lon="-119.223190"></trkpt>
    <trkpt lat="34.474820" lon="-119.223150"></trkpt>
    <trkpt lat="34.474890" lon="-119.223020"></trkpt>
    <trkpt lat="34.474960" lon="-119.222750"></trkpt>
    <trkpt lat="34.475040" lon="-119.222630"></trkpt>
    <trkpt lat="34.475120" lon="-119.222580"></trkpt>
    <trkpt lat="34.475350" lon="-119.222500"></trkpt>
    <trkpt lat="34.475360" lon="-119.222440"></trkpt>
    <trkpt lat="34.475350" lon="-119.222380"></trkpt>
    <trkpt lat="34.475292" lon="-119.222298"></trkpt>
    <trkpt lat="34.475292" lon="-119.222298"></trkpt>
    <trkpt lat="34.475210" lon="-119.222180"></trkpt>
    <trkpt lat="34.475170" lon="-119.222040"></trkpt>
    <trkpt lat="34.475180" lon="-119.221940"></trkpt>
    <trkpt lat="34.475250" lon="-119.221810"></trkpt>
    <trkpt lat="34.475320" lon="-119.221720"></trkpt>
    <trkpt lat="34.475570" lon="-119.221590"></trkpt>
    <trkpt lat="34.475810" lon="-119.221400"></trkpt>
    <trkpt lat="34.475930" lon="-119.221360"></trkpt>
    <trkpt lat="34.476000" lon="-119.221380"></trkpt>
    <trkpt lat="34.476130" lon="-119.221500"></trkpt>
    <trkpt lat="34.476210" lon="-119.221520"></trkpt>
    <trkpt lat="34.476300" lon="-119.221440"></trkpt>
    <trkpt lat="34.476370" lon="-119.221040"></trkpt>
    <trkpt lat="34.476360" lon="-119.220770"></trkpt>
    <trkpt lat="34.476390" lon="-119.220660"></trkpt>
    <trkpt lat="34.476470" lon="-119.220580"></trkpt>
    <trkpt lat="34.476620" lon="-119.220500"></trkpt>
    <trkpt lat="34.476870" lon="-119.220270"></trkpt>
    <trkpt lat="34.476910" lon="-119.220050"></trkpt>
    <trkpt lat="34.477150" lon="-119.219540"></trkpt>
    <trkpt lat="34.477200" lon="-119.219310"></trkpt>
    <trkpt lat="34.477200" lon="-119.219310"></trkpt>
    <trkpt lat="34.477550" lon="-119.219260"></trkpt>
    <trkpt lat="34.477930" lon="-119.219330"></trkpt>
    <trkpt lat="34.478090" lon="-119.219180"></trkpt>
    <trkpt lat="34.478190" lon="-119.219130"></trkpt>
    <trkpt lat="34.478490" lon="-119.219150"></trkpt>
    <trkpt lat="34.478620" lon="-119.219110"></trkpt>
    <trkpt lat="34.478670" lon="-119.219030"></trkpt>
    <trkpt lat="34.478640" lon="-119.218720"></trkpt>
    <trkpt lat="34.478720" lon="-119.218520"></trkpt>
    <trkpt lat="34.478810" lon="-119.218470"></trkpt>
    <trkpt lat="34.478890" lon="-119.218510"></trkpt>
    <trkpt lat="34.478980" lon="-119.218610"></trkpt>
    <trkpt lat="34.479060" lon="-119.218620"></trkpt>
    <trkpt lat="34.479210" lon="-119.218490"></trkpt>
    <trkpt lat="34.479250" lon="-119.218410"></trkpt>
    <trkpt lat="34.479260" lon="-119.217880"></trkpt>
    <trkpt lat="34.479420" lon="-119.217540"></trkpt>
    <trkpt lat="34.479470" lon="-119.217230"></trkpt>
    <trkpt lat="34.479610" lon="-119.216780"></trkpt>
    <trkpt lat="34.479640" lon="-119.216720"></trkpt>
    <trkpt lat="34.479740" lon="-119.216670"></trkpt>
    <trkpt lat="34.479820" lon="-119.216710"></trkpt>
    <trkpt lat="34.479960" lon="-119.216930"></trkpt>
    <trkpt lat="34.480120" lon="-119.217460"></trkpt>
    <trkpt lat="34.480320" lon="-119.217880"></trkpt>
    <trkpt lat="34.480370" lon="-119.217940"></trkpt>
    <trkpt lat="34.480430" lon="-119.217960"></trkpt>
    <trkpt lat="34.480520" lon="-119.217880"></trkpt>
    <trkpt lat="34.480730" lon="-119.217410"></trkpt>
    <trkpt lat="34.480820" lon="-119.217350"></trkpt>
    <trkpt lat="34.480900" lon="-119.217350"></trkpt>
    <trkpt lat="34.481000" lon="-119.217390"></trkpt>
    <trkpt lat="34.481140" lon="-119.217500"></trkpt>
    <trkpt lat="34.481290" lon="-119.217700"></trkpt>
    <trkpt lat="34.481580" lon="-119.218000"></trkpt>
    <trkpt lat="34.481810" lon="-119.218360"></trkpt>
    <trkpt lat="34.482040" lon="-119.218620"></trkpt>
    <trkpt lat="34.482290" lon="-119.219090"></trkpt>
    <trkpt lat="34.482480" lon="-119.219220"></trkpt>
    <trkpt lat="34.482610" lon="-119.219220"></trkpt>
    <trkpt lat="34.482630" lon="-119.219160"></trkpt>
    <trkpt lat="34.482620" lon="-119.219080"></trkpt>
    <trkpt lat="34.482520" lon="-119.218700"></trkpt>
    <trkpt lat="34.482560" lon="-119.218240"></trkpt>
    <trkpt lat="34.482450" lon="-119.218030"></trkpt>
    <trkpt lat="34.482410" lon="-119.217910"></trkpt>
    <trkpt lat="34.482410" lon="-119.217790"></trkpt>
    <trkpt lat="34.482460" lon="-119.217640"></trkpt>
    <trkpt lat="34.482700" lon="-119.217420"></trkpt>
    <trkpt lat="34.482720" lon="-119.217340"></trkpt>
    <trkpt lat="34.482720" lon="-119.217250"></trkpt>
    <trkpt lat="34.482580" lon="-119.217000"></trkpt>
    <trkpt lat="34.482260" lon="-119.216790"></trkpt>
    <trkpt lat="34.482180" lon="-119.216630"></trkpt>
    <trkpt lat="34.482160" lon="-119.216550"></trkpt>
    <trkpt lat="34.482200" lon="-119.216340"></trkpt>
    <trkpt lat="34.482340" lon="-119.216130"></trkpt>
    <trkpt lat="34.482340" lon="-119.216030"></trkpt>
    <trkpt lat="34.482280" lon="-119.215800"></trkpt>
    <trkpt lat="34.482270" lon="-119.215660"></trkpt>
    <trkpt lat="34.482310" lon="-119.215540"></trkpt>
    <trkpt lat="34.482620" lon="-119.214980"></trkpt>
    <trkpt lat="34.482710" lon="-119.214920"></trkpt>
    <trkpt lat="34.482780" lon="-119.214910"></trkpt>
    <trkpt lat="34.482970" lon="-119.215000"></trkpt>
    <trkpt lat="34.483140" lon="-119.215280"></trkpt>
    <trkpt lat="34.483320" lon="-119.215450"></trkpt>
    <trkpt lat="34.483440" lon="-119.215630"></trkpt>
    <trkpt lat="34.483680" lon="-119.216120"></trkpt>
    <trkpt lat="34.483870" lon="-119.216270"></trkpt>
    <trkpt lat="34.484110" lon="-119.216380"></trkpt>
    <trkpt lat="34.484190" lon="-119.216330"></trkpt>
    <trkpt lat="34.484300" lon="-119.216190"></trkpt>
    <trkpt lat="34.484480" lon="-119.216140"></trkpt>
    <trkpt lat="34.484530" lon="-119.216090"></trkpt>
    <trkpt lat="34.484650" lon="-119.215870"></trkpt>
    <trkpt lat="34.484740" lon="-119.215590"></trkpt>
    <trkpt lat="34.484800" lon="-119.215540"></trkpt>
    <trkpt lat="34.484890" lon="-119.215540"></trkpt>
    <trkpt lat="34.485040" lon="-119.215590"></trkpt>
    <trkpt lat="34.485260" lon="-119.215560"></trkpt>
    <trkpt lat="34.485420" lon="-119.215570"></trkpt>
    <trkpt lat="34.485460" lon="-119.215500"></trkpt>
    <trkpt lat="34.485420" lon="-119.215100"></trkpt>
    <trkpt lat="34.485420" lon="-119.214610"></trkpt>
    <trkpt lat="34.485460" lon="-119.214460"></trkpt>
    <trkpt lat="34.485510" lon="-119.214410"></trkpt>
    <trkpt lat="34.485770" lon="-119.214380"></trkpt>
    <trkpt lat="34.486260" lon="-119.214070"></trkpt>
    <trkpt lat="34.486340" lon="-119.214050"></trkpt>
    <trkpt lat="34.486400" lon="-119.214080"></trkpt>
    <trkpt lat="34.486510" lon="-119.214200"></trkpt>
    <trkpt lat="34.486690" lon="-119.214460"></trkpt>
    <trkpt lat="34.486820" lon="-119.214730"></trkpt>
    <trkpt lat="34.486900" lon="-119.215030"></trkpt>
    <trkpt lat="34.486990" lon="-119.215590"></trkpt>
    <trkpt lat="34.487140" lon="-119.215730"></trkpt>
    <trkpt lat="34.487180" lon="-119.215820"></trkpt>
    <trkpt lat="34.487200" lon="-119.216040"></trkpt>
    <trkpt lat="34.487330" lon="-119.216470"></trkpt>
    <trkpt lat="34.487460" lon="-119.216710"></trkpt>
    <trkpt lat="34.487700" lon="-119.217260"></trkpt>
    <trkpt lat="34.487800" lon="-119.217380"></trkpt>
    <trkpt lat="34.488020" lon="-119.217570"></trkpt>
    <trkpt lat="34.488200" lon="-119.217840"></trkpt>
    <trkpt lat="34.488280" lon="-119.218230"></trkpt>
    <trkpt lat="34.488410" lon="-119.218550"></trkpt>
    <trkpt lat="34.488450" lon="-119.218880"></trkpt>
    <trkpt lat="34.488450" lon="-119.218880"></trkpt>
    <trkpt lat="34.488540" lon="-119.219220"></trkpt>
    <trkpt lat="34.488730" lon="-119.219430"></trkpt>
    <trkpt lat="34.488760" lon="-119.219520"></trkpt>
    <trkpt lat="34.488820" lon="-119.219800"></trkpt>
    <trkpt lat="34.488870" lon="-119.219880"></trkpt>
    <trkpt lat="34.489000" lon="-119.219990"></trkpt>
    <trkpt lat="34.489110" lon="-119.220180"></trkpt>
    <trkpt lat="34.489300" lon="-119.220370"></trkpt>
    <trkpt lat="34.489340" lon="-119.220530"></trkpt>
    <trkpt lat="34.489360" lon="-119.220880"></trkpt>
    <trkpt lat="34.489440" lon="-119.221280"></trkpt>
    <trkpt lat="34.489620" lon="-119.221650"></trkpt>
    <trkpt lat="34.489840" lon="-119.221820"></trkpt>
    <trkpt lat="34.490090" lon="-119.221950"></trkpt>
    <trkpt lat="34.490180" lon="-119.222120"></trkpt>
    <trkpt lat="34.490170" lon="-119.222230"></trkpt>
    <trkpt lat="34.490110" lon="-119.222380"></trkpt>
    <trkpt lat="34.490010" lon="-119.222540"></trkpt>
    <trkpt lat="34.489840" lon="-119.222670"></trkpt>
    <trkpt lat="34.489720" lon="-119.222870"></trkpt>
    <trkpt lat="34.489550" lon="-119.223030"></trkpt>
    <trkpt lat="34.489490" lon="-119.223120"></trkpt>
    <trkpt lat="34.489470" lon="-119.223200"></trkpt>
    <trkpt lat="34.489490" lon="-119.223280"></trkpt>
    <trkpt lat="34.489550" lon="-119.223370"></trkpt>
    <trkpt lat="34.489610" lon="-119.223350"></trkpt>
    <trkpt lat="34.489740" lon="-119.223220"></trkpt>
    <trkpt lat="34.490070" lon="-119.223050"></trkpt>
    <trkpt lat="34.490810" lon="-119.222750"></trkpt>
    <trkpt lat="34.490870" lon="-119.222800"></trkpt>
    <trkpt lat="34.490960" lon="-119.223020"></trkpt>
    <trkpt lat="34.491120" lon="-119.223630"></trkpt>
    <trkpt lat="34.491120" lon="-119.223630"></trkpt>
    <trkpt lat="34.491160" lon="-119.223770"></trkpt>
    <trkpt lat="34.491230" lon="-119.224560"></trkpt>
    <trkpt lat="34.491290" lon="-119.224610"></trkpt>
    <trkpt lat="34.491370" lon="-119.224600"></trkpt>
    <trkpt lat="34.491410" lon="-119.224550"></trkpt>
    <trkpt lat="34.491580" lon="-119.224190"></trkpt>
    <trkpt lat="34.491630" lon="-119.224040"></trkpt>
    <trkpt lat="34.491700" lon="-119.223630"></trkpt>
    <trkpt lat="34.491700" lon="-119.223630"></trkpt>
    <trkpt lat="34.491700" lon="-119.223120"></trkpt>
    <trkpt lat="34.491760" lon="-119.223050"></trkpt>
    <trkpt lat="34.491820" lon="-119.223050"></trkpt>
    <trkpt lat="34.492120" lon="-119.223280"></trkpt>
    <trkpt lat="34.492340" lon="-119.223360"></trkpt>
    <trkpt lat="34.492420" lon="-119.223420"></trkpt>
    <trkpt lat="34.492590" lon="-119.223630"></trkpt>
    <trkpt lat="34.492590" lon="-119.223630"></trkpt>
    <trkpt lat="34.492740" lon="-119.223830"></trkpt>
    <trkpt lat="34.492840" lon="-119.224010"></trkpt>
    <trkpt lat="34.493100" lon="-119.224250"></trkpt>
    <trkpt lat="34.493200" lon="-119.224470"></trkpt>
    <trkpt lat="34.493400" lon="-119.224650"></trkpt>
    <trkpt lat="34.493730" lon="-119.225260"></trkpt>
    <trkpt lat="34.493900" lon="-119.225460"></trkpt>
    <trkpt lat="34.493980" lon="-119.225590"></trkpt>
    <trkpt lat="34.494110" lon="-119.226030"></trkpt>
    <trkpt lat="34.494250" lon="-119.226390"></trkpt>
    <trkpt lat="34.494310" lon="-119.226430"></trkpt>
    <trkpt lat="34.494360" lon="-119.226390"></trkpt>
    <trkpt lat="34.494390" lon="-119.226320"></trkpt>
    <trkpt lat="34.494460" lon="-119.226050"></trkpt>
    <trkpt lat="34.494520" lon="-119.225650"></trkpt>
    <trkpt lat="34.494510" lon="-119.225440"></trkpt>
    <trkpt lat="34.494450" lon="-119.225070"></trkpt>
    <trkpt lat="34.494430" lon="-119.224820"></trkpt>
    <trkpt lat="34.494360" lon="-119.224550"></trkpt>
    <trkpt lat="34.494360" lon="-119.224240"></trkpt>
    <trkpt lat="34.494380" lon="-119.224120"></trkpt>
    <trkpt lat="34.494450" lon="-119.223930"></trkpt>
    <trkpt lat="34.494630" lon="-119.223760"></trkpt>
    <trkpt lat="34.494800" lon="-119.223730"></trkpt>
    <trkpt lat="34.494510" lon="-119.224030"></trkpt>
    <trkpt lat="34.494480" lon="-119.224130"></trkpt>
    <trkpt lat="34.494490" lon="-119.224290"></trkpt>
    <trkpt lat="34.494760" lon="-119.225060"></trkpt>
    <trkpt lat="34.494790" lon="-119.225050"></trkpt>
    <trkpt lat="34.494770" lon="-119.224890"></trkpt>
    <trkpt lat="34.494770" lon="-119.224420"></trkpt>
    <trkpt lat="34.494810" lon="-119.224280"></trkpt>
    <trkpt lat="34.494890" lon="-119.224220"></trkpt>
    <trkpt lat="34.495080" lon="-119.224250"></trkpt>
    <trkpt lat="34.495180" lon="-119.224230"></trkpt>
    <trkpt lat="34.495380" lon="-119.224000"></trkpt>
    <trkpt lat="34.495450" lon="-119.224020"></trkpt>
    <trkpt lat="34.495360" lon="-119.224110"></trkpt>
    <trkpt lat="34.495250" lon="-119.224350"></trkpt>
    <trkpt lat="34.495060" lon="-119.224490"></trkpt>
    <trkpt lat="34.495050" lon="-119.224610"></trkpt>
    <trkpt lat="34.495090" lon="-119.224680"></trkpt>
    <trkpt lat="34.495380" lon="-119.224490"></trkpt>
    <trkpt lat="34.495540" lon="-119.224500"></trkpt>
    <trkpt lat="34.495710" lon="-119.224680"></trkpt>
    <trkpt lat="34.495870" lon="-119.224740"></trkpt>
    <trkpt lat="34.496130" lon="-119.224880"></trkpt>
    <trkpt lat="34.496270" lon="-119.225290"></trkpt>
    <trkpt lat="34.496360" lon="-119.225270"></trkpt>
    <trkpt lat="34.496600" lon="-119.225090"></trkpt>
    <trkpt lat="34.496750" lon="-119.224880"></trkpt>
    <trkpt lat="34.496820" lon="-119.224860"></trkpt>
    <trkpt lat="34.497140" lon="-119.225010"></trkpt>
    <trkpt lat="34.497200" lon="-119.225080"></trkpt>
    <trkpt lat="34.497300" lon="-119.225350"></trkpt>
    <trkpt lat="34.497400" lon="-119.225430"></trkpt>
    <trkpt lat="34.497490" lon="-119.225550"></trkpt>
    <trkpt lat="34.497540" lon="-119.225580"></trkpt>
    <trkpt lat="34.497610" lon="-119.225520"></trkpt>
    <trkpt lat="34.497630" lon="-119.225470"></trkpt>
    <trkpt lat="34.497790" lon="-119.224760"></trkpt>
    <trkpt lat="34.497870" lon="-119.224840"></trkpt>
    <trkpt lat="34.497900" lon="-119.224940"></trkpt>
    <trkpt lat="34.497810" lon="-119.225280"></trkpt>
    <trkpt lat="34.497790" lon="-119.225700"></trkpt>
    <trkpt lat="34.497730" lon="-119.225840"></trkpt>
    <trkpt lat="34.497540" lon="-119.226030"></trkpt>
    <trkpt lat="34.497490" lon="-119.226050"></trkpt>
    <trkpt lat="34.497310" lon="-119.225910"></trkpt>
    <trkpt lat="34.497160" lon="-119.225850"></trkpt>
    <trkpt lat="34.496900" lon="-119.225770"></trkpt>
    <trkpt lat="34.496830" lon="-119.225770"></trkpt>
    <trkpt lat="34.496770" lon="-119.225860"></trkpt>
    <trkpt lat="34.496670" lon="-119.226240"></trkpt>
    <trkpt lat="34.496600" lon="-119.226250"></trkpt>
    <trkpt lat="34.496520" lon="-119.226230"></trkpt>
    <trkpt lat="34.496440" lon="-119.226260"></trkpt>
    <trkpt lat="34.496400" lon="-119.226330"></trkpt>
    <trkpt lat="34.496220" lon="-119.226470"></trkpt>
    <trkpt lat="34.496210" lon="-119.226560"></trkpt>
    <trkpt lat="34.496170" lon="-119.226670"></trkpt>
    <trkpt lat="34.496170" lon="-119.226780"></trkpt>
    <trkpt lat="34.496130" lon="-119.226870"></trkpt>
    <trkpt lat="34.496390" lon="-119.227250"></trkpt>
    <trkpt lat="34.496400" lon="-119.227370"></trkpt>
    <trkpt lat="34.496480" lon="-119.227480"></trkpt>
    <trkpt lat="34.496500" lon="-119.227620"></trkpt>
    <trkpt lat="34.496480" lon="-119.227830"></trkpt>
    <trkpt lat="34.496610" lon="-119.227980"></trkpt>
    <trkpt lat="34.496650" lon="-119.228290"></trkpt>
    <trkpt lat="34.496870" lon="-119.228480"></trkpt>
    <trkpt lat="34.496940" lon="-119.228570"></trkpt>
    <trkpt lat="34.496960" lon="-119.228680"></trkpt>
    <trkpt lat="34.496890" lon="-119.228910"></trkpt>
    <trkpt lat="34.496980" lon="-119.229030"></trkpt>
    <trkpt lat="34.496970" lon="-119.229090"></trkpt>
    <trkpt lat="34.496910" lon="-119.229150"></trkpt>
    <trkpt lat="34.496940" lon="-119.229370"></trkpt>
    <trkpt lat="34.497050" lon="-119.229710"></trkpt>
    <trkpt lat="34.496990" lon="-119.229930"></trkpt>
    <trkpt lat="34.497000" lon="-119.230010"></trkpt>
    <trkpt lat="34.497300" lon="-119.230140"></trkpt>
    <trkpt lat="34.497330" lon="-119.230220"></trkpt>
    <trkpt lat="34.497180" lon="-119.230230"></trkpt>
    <trkpt lat="34.497100" lon="-119.230290"></trkpt>
    <trkpt lat="34.497040" lon="-119.230340"></trkpt>
    <trkpt lat="34.496990" lon="-119.230460"></trkpt>
    <trkpt lat="34.497100" lon="-119.230810"></trkpt>
    <trkpt lat="34.497100" lon="-119.230910"></trkpt>
    <trkpt lat="34.497180" lon="-119.230970"></trkpt>
    <trkpt lat="34.497230" lon="-119.231150"></trkpt>
    <trkpt lat="34.497370" lon="-119.231260"></trkpt>
    <trkpt lat="34.497360" lon="-119.231320"></trkpt>
    <trkpt lat="34.497210" lon="-119.231300"></trkpt>
    <trkpt lat="34.497030" lon="-119.231340"></trkpt>
    <trkpt lat="34.496850" lon="-119.231340"></trkpt>
    <trkpt lat="34.496850" lon="-119.231400"></trkpt>
    <trkpt lat="34.497020" lon="-119.231460"></trkpt>
    <trkpt lat="34.497120" lon="-119.231440"></trkpt>
    <trkpt lat="34.497220" lon="-119.231480"></trkpt>
    <trkpt lat="34.497310" lon="-119.231460"></trkpt>
    <trkpt lat="34.497400" lon="-119.231480"></trkpt>
    <trkpt lat="34.497510" lon="-119.231410"></trkpt>
    <trkpt lat="34.497600" lon="-119.231420"></trkpt>
    <trkpt lat="34.497700" lon="-119.231400"></trkpt>
    <trkpt lat="34.497790" lon="-119.231450"></trkpt>
    <trkpt lat="34.497840" lon="-119.231430"></trkpt>
    <trkpt lat="34.497540" lon="-119.230830"></trkpt>
    <trkpt lat="34.497580" lon="-119.230750"></trkpt>
    <trkpt lat="34.497740" lon="-119.230680"></trkpt>
    <trkpt lat="34.497930" lon="-119.230660"></trkpt>
    <trkpt lat="34.498010" lon="-119.230590"></trkpt>
    <trkpt lat="34.498060" lon="-119.230460"></trkpt>
    <trkpt lat="34.498210" lon="-119.230460"></trkpt>
    <trkpt lat="34.498280" lon="-119.230010"></trkpt>
    <trkpt lat="34.498230" lon="-119.229730"></trkpt>
    <trkpt lat="34.498160" lon="-119.229630"></trkpt>
    <trkpt lat="34.498120" lon="-119.229530"></trkpt>
    <trkpt lat="34.497920" lon="-119.229360"></trkpt>
    <trkpt lat="34.497890" lon="-119.229270"></trkpt>
    <trkpt lat="34.498260" lon="-119.229490"></trkpt>
    <trkpt lat="34.498490" lon="-119.229660"></trkpt>
    <trkpt lat="34.498570" lon="-119.229770"></trkpt>
    <trkpt lat="34.498640" lon="-119.229950"></trkpt>
    <trkpt lat="34.498710" lon="-119.230460"></trkpt>
    <trkpt lat="34.498760" lon="-119.230560"></trkpt>
    <trkpt lat="34.498810" lon="-119.230550"></trkpt>
    <trkpt lat="34.498810" lon="-119.230190"></trkpt>
    <trkpt lat="34.498850" lon="-119.230050"></trkpt>
    <trkpt lat="34.498800" lon="-119.229720"></trkpt>
    <trkpt lat="34.498820" lon="-119.229420"></trkpt>
    <trkpt lat="34.498780" lon="-119.229300"></trkpt>
    <trkpt lat="34.498650" lon="-119.229060"></trkpt>
    <trkpt lat="34.498670" lon="-119.228980"></trkpt>
    <trkpt lat="34.498770" lon="-119.228990"></trkpt>
    <trkpt lat="34.499000" lon="-119.229080"></trkpt>
    <trkpt lat="34.499350" lon="-119.229410"></trkpt>
    <trkpt lat="34.499680" lon="-119.229920"></trkpt>
    <trkpt lat="34.499790" lon="-119.230160"></trkpt>
    <trkpt lat="34.499860" lon="-119.230220"></trkpt>
    <trkpt lat="34.500040" lon="-119.230150"></trkpt>
    <trkpt lat="34.500260" lon="-119.230110"></trkpt>
    <trkpt lat="34.500640" lon="-119.229850"></trkpt>
    <trkpt lat="34.500710" lon="-119.229920"></trkpt>
    <trkpt lat="34.500770" lon="-119.230020"></trkpt>
    <trkpt lat="34.500970" lon="-119.230600"></trkpt>
    <trkpt lat="34.501180" lon="-119.230760"></trkpt>
    <trkpt lat="34.501390" lon="-119.231130"></trkpt>
    <trkpt lat="34.501480" lon="-119.231390"></trkpt>
    <trkpt lat="34.501550" lon="-119.231420"></trkpt>
    <trkpt lat="34.501650" lon="-119.231390"></trkpt>
    <trkpt lat="34.501750" lon="-119.231400"></trkpt>
    <trkpt lat="34.501930" lon="-119.231900"></trkpt>
    <trkpt lat="34.501970" lon="-119.232160"></trkpt>
    <trkpt lat="34.502140" lon="-119.232280"></trkpt>
    <trkpt lat="34.502660" lon="-119.233290"></trkpt>
    <trkpt lat="34.502660" lon="-119.233440"></trkpt>
    <trkpt lat="34.502620" lon="-119.233590"></trkpt>
    <trkpt lat="34.502540" lon="-119.233660"></trkpt>
    <trkpt lat="34.502520" lon="-119.233770"></trkpt>
    <trkpt lat="34.502470" lon="-119.233900"></trkpt>
    <trkpt lat="34.502510" lon="-119.233930"></trkpt>
    <trkpt lat="34.502610" lon="-119.233890"></trkpt>
    <trkpt lat="34.502710" lon="-119.233930"></trkpt>
    <trkpt lat="34.502800" lon="-119.234120"></trkpt>
    <trkpt lat="34.502850" lon="-119.234280"></trkpt>
    <trkpt lat="34.502960" lon="-119.233890"></trkpt>
    <trkpt lat="34.503000" lon="-119.233820"></trkpt>
    <trkpt lat="34.503060" lon="-119.233790"></trkpt>
    <trkpt lat="34.503240" lon="-119.233520"></trkpt>
    <trkpt lat="34.503360" lon="-119.233090"></trkpt>
    <trkpt lat="34.503420" lon="-119.233050"></trkpt>
    <trkpt lat="34.503640" lon="-119.233390"></trkpt>
    <trkpt lat="34.503730" lon="-119.233470"></trkpt>
    <trkpt lat="34.503790" lon="-119.233630"></trkpt>
    <trkpt lat="34.503920" lon="-119.233760"></trkpt>
    <trkpt lat="34.504040" lon="-119.234050"></trkpt>
    <trkpt lat="34.504430" lon="-119.233990"></trkpt>
    <trkpt lat="34.504750" lon="-119.234350"></trkpt>
    <trkpt lat="34.504820" lon="-119.234390"></trkpt>
    <trkpt lat="34.505040" lon="-119.233910"></trkpt>
    <trkpt lat="34.505130" lon="-119.233850"></trkpt>
    <trkpt lat="34.505575" lon="-119.233850"></trkpt>
    <trkpt lat="34.505569" lon="-119.233856"></trkpt>
    <trkpt lat="34.505340" lon="-119.234310"></trkpt>
    <trkpt lat="34.505020" lon="-119.234670"></trkpt>
    <trkpt lat="34.504590" lon="-119.234980"></trkpt>
    <trkpt lat="34.504500" lon="-119.235080"></trkpt>
    <trkpt lat="34.504550" lon="-119.235340"></trkpt>
    <trkpt lat="34.504540" lon="-119.235430"></trkpt>
    <trkpt lat="34.504460" lon="-119.235490"></trkpt>
    <trkpt lat="34.504250" lon="-119.235540"></trkpt>
    <trkpt lat="34.504160" lon="-119.235610"></trkpt>
    <trkpt lat="34.504100" lon="-119.235700"></trkpt>
    <trkpt lat="34.504020" lon="-119.235980"></trkpt>
    <trkpt lat="34.503810" lon="-119.236300"></trkpt>
    <trkpt lat="34.503800" lon="-119.236470"></trkpt>
    <trkpt lat="34.503820" lon="-119.236600"></trkpt>
    <trkpt lat="34.503790" lon="-119.236680"></trkpt>
    <trkpt lat="34.503730" lon="-119.236650"></trkpt>
    <trkpt lat="34.503700" lon="-119.236510"></trkpt>
    <trkpt lat="34.503700" lon="-119.236360"></trkpt>
    <trkpt lat="34.503810" lon="-119.235880"></trkpt>
    <trkpt lat="34.503830" lon="-119.235600"></trkpt>
    <trkpt lat="34.503860" lon="-119.235200"></trkpt>
    <trkpt lat="34.503800" lon="-119.235150"></trkpt>
    <trkpt lat="34.503720" lon="-119.235200"></trkpt>
    <trkpt lat="34.503670" lon="-119.235290"></trkpt>
    <trkpt lat="34.503610" lon="-119.235880"></trkpt>
    <trkpt lat="34.503570" lon="-119.236010"></trkpt>
    <trkpt lat="34.503470" lon="-119.236140"></trkpt>
    <trkpt lat="34.503340" lon="-119.236190"></trkpt>
    <trkpt lat="34.503210" lon="-119.236170"></trkpt>
    <trkpt lat="34.503000" lon="-119.236020"></trkpt>
    <trkpt lat="34.502740" lon="-119.235980"></trkpt>
    <trkpt lat="34.502540" lon="-119.235810"></trkpt>
    <trkpt lat="34.502370" lon="-119.235760"></trkpt>
    <trkpt lat="34.501670" lon="-119.235980"></trkpt>
    <trkpt lat="34.501410" lon="-119.235960"></trkpt>
    <trkpt lat="34.501130" lon="-119.236060"></trkpt>
    <trkpt lat="34.500880" lon="-119.235970"></trkpt>
    <trkpt lat="34.500800" lon="-119.235850"></trkpt>
    <trkpt lat="34.500760" lon="-119.235680"></trkpt>
    <trkpt lat="34.500720" lon="-119.235660"></trkpt>
    <trkpt lat="34.500670" lon="-119.235670"></trkpt>
    <trkpt lat="34.500540" lon="-119.235880"></trkpt>
    <trkpt lat="34.500470" lon="-119.236150"></trkpt>
    <trkpt lat="34.500460" lon="-119.236300"></trkpt>
    <trkpt lat="34.500400" lon="-119.236430"></trkpt>
    <trkpt lat="34.500380" lon="-119.236530"></trkpt>
    <trkpt lat="34.500350" lon="-119.237020"></trkpt>
    <trkpt lat="34.500160" lon="-119.237240"></trkpt>
    <trkpt lat="34.500062" lon="-119.237543"></trkpt>
    <trkpt lat="34.500048" lon="-119.237596"></trkpt>
    <trkpt lat="34.500020" lon="-119.237790"></trkpt>
    <trkpt lat="34.499990" lon="-119.237870"></trkpt>
    <trkpt lat="34.499910" lon="-119.237960"></trkpt>
    <trkpt lat="34.499760" lon="-119.238010"></trkpt>
    <trkpt lat="34.499690" lon="-119.238080"></trkpt>
    <trkpt lat="34.499650" lon="-119.238220"></trkpt>
    <trkpt lat="34.499640" lon="-119.238620"></trkpt>
    <trkpt lat="34.499610" lon="-119.238710"></trkpt>
    <trkpt lat="34.499420" lon="-119.238970"></trkpt>
    <trkpt lat="34.499220" lon="-119.239460"></trkpt>
    <trkpt lat="34.499120" lon="-119.240030"></trkpt>
    <trkpt lat="34.499030" lon="-119.240200"></trkpt>
    <trkpt lat="34.498990" lon="-119.240380"></trkpt>
    <trkpt lat="34.498920" lon="-119.240570"></trkpt>
    <trkpt lat="34.498700" lon="-119.240890"></trkpt>
    <trkpt lat="34.498520" lon="-119.241280"></trkpt>
    <trkpt lat="34.498450" lon="-119.241350"></trkpt>
    <trkpt lat="34.498230" lon="-119.241510"></trkpt>
    <trkpt lat="34.497850" lon="-119.241710"></trkpt>
    <trkpt lat="34.497560" lon="-119.241950"></trkpt>
    <trkpt lat="34.497370" lon="-119.242190"></trkpt>
    <trkpt lat="34.497370" lon="-119.242190"></trkpt>
    <trkpt lat="34.497370" lon="-119.242190"></trkpt>
    <trkpt lat="34.497790" lon="-119.241910"></trkpt>
    <trkpt lat="34.497970" lon="-119.241820"></trkpt>
    <trkpt lat="34.498090" lon="-119.241820"></trkpt>
    <trkpt lat="34.498480" lon="-119.241730"></trkpt>
    <trkpt lat="34.498580" lon="-119.241720"></trkpt>
    <trkpt lat="34.498680" lon="-119.241760"></trkpt>
    <trkpt lat="34.498700" lon="-119.241870"></trkpt>
    <trkpt lat="34.498630" lon="-119.242000"></trkpt>
    <trkpt lat="34.498550" lon="-119.242080"></trkpt>
    <trkpt lat="34.498150" lon="-119.242200"></trkpt>
    <trkpt lat="34.498060" lon="-119.242170"></trkpt>
    <trkpt lat="34.498046" lon="-119.242128"></trkpt>
    <trkpt lat="34.498060" lon="-119.242169"></trkpt>
    <trkpt lat="34.498060" lon="-119.242170"></trkpt>
    <trkpt lat="34.498150" lon="-119.242200"></trkpt>
    <trkpt lat="34.498550" lon="-119.242080"></trkpt>
    <trkpt lat="34.498630" lon="-119.242000"></trkpt>
    <trkpt lat="34.498700" lon="-119.241870"></trkpt>
    <trkpt lat="34.498680" lon="-119.241760"></trkpt>
    <trkpt lat="34.498580" lon="-119.241720"></trkpt>
    <trkpt lat="34.498480" lon="-119.241730"></trkpt>
    <trkpt lat="34.498090" lon="-119.241820"></trkpt>
    <trkpt lat="34.497970" lon="-119.241820"></trkpt>
    <trkpt lat="34.497790" lon="-119.241910"></trkpt>
    <trkpt lat="34.497370" lon="-119.242190"></trkpt>
    <trkpt lat="34.497370" lon="-119.242190"></trkpt>
    <trkpt lat="34.497200" lon="-119.242500"></trkpt>
    <trkpt lat="34.497160" lon="-119.242670"></trkpt>
    <trkpt lat="34.497160" lon="-119.242670"></trkpt>
    <trkpt lat="34.497140" lon="-119.242790"></trkpt>
    <trkpt lat="34.497170" lon="-119.243210"></trkpt>
    <trkpt lat="34.497110" lon="-119.243320"></trkpt>
    <trkpt lat="34.496930" lon="-119.243450"></trkpt>
    <trkpt lat="34.496880" lon="-119.243530"></trkpt>
    <trkpt lat="34.496870" lon="-119.243610"></trkpt>
    <trkpt lat="34.496890" lon="-119.243680"></trkpt>
    <trkpt lat="34.497010" lon="-119.243770"></trkpt>
    <trkpt lat="34.497050" lon="-119.243880"></trkpt>
    <trkpt lat="34.497210" lon="-119.244630"></trkpt>
    <trkpt lat="34.497160" lon="-119.245610"></trkpt>
    <trkpt lat="34.497160" lon="-119.245610"></trkpt>
    <trkpt lat="34.497100" lon="-119.245820"></trkpt>
    <trkpt lat="34.496990" lon="-119.246090"></trkpt>
    <trkpt lat="34.496950" lon="-119.246350"></trkpt>
    <trkpt lat="34.496720" lon="-119.246800"></trkpt>
    <trkpt lat="34.496680" lon="-119.247080"></trkpt>
    <trkpt lat="34.496570" lon="-119.247300"></trkpt>
    <trkpt lat="34.496480" lon="-119.247420"></trkpt>
    <trkpt lat="34.496360" lon="-119.247530"></trkpt>
    <trkpt lat="34.496040" lon="-119.247700"></trkpt>
    <trkpt lat="34.495860" lon="-119.247890"></trkpt>
    <trkpt lat="34.495830" lon="-119.247980"></trkpt>
    <trkpt lat="34.495890" lon="-119.248230"></trkpt>
    <trkpt lat="34.495870" lon="-119.248340"></trkpt>
    <trkpt lat="34.495740" lon="-119.248700"></trkpt>
    <trkpt lat="34.495640" lon="-119.248920"></trkpt>
    <trkpt lat="34.495630" lon="-119.249010"></trkpt>
    <trkpt lat="34.495730" lon="-119.249030"></trkpt>
    <trkpt lat="34.495940" lon="-119.249000"></trkpt>
    <trkpt lat="34.496300" lon="-119.249130"></trkpt>
    <trkpt lat="34.496580" lon="-119.249140"></trkpt>
    <trkpt lat="34.496700" lon="-119.249060"></trkpt>
    <trkpt lat="34.496840" lon="-119.249060"></trkpt>
    <trkpt lat="34.497000" lon="-119.248920"></trkpt>
    <trkpt lat="34.497090" lon="-119.248890"></trkpt>
    <trkpt lat="34.497150" lon="-119.248800"></trkpt>
    <trkpt lat="34.497180" lon="-119.248650"></trkpt>
    <trkpt lat="34.497270" lon="-119.248550"></trkpt>
    <trkpt lat="34.497390" lon="-119.248560"></trkpt>
    <trkpt lat="34.497580" lon="-119.248740"></trkpt>
    <trkpt lat="34.497850" lon="-119.249280"></trkpt>
    <trkpt lat="34.497960" lon="-119.249840"></trkpt>
    <trkpt lat="34.497920" lon="-119.250850"></trkpt>
    <trkpt lat="34.497870" lon="-119.251100"></trkpt>
    <trkpt lat="34.497890" lon="-119.251290"></trkpt>
    <trkpt lat="34.497970" lon="-119.251480"></trkpt>
    <trkpt lat="34.497980" lon="-119.251730"></trkpt>
    <trkpt lat="34.497970" lon="-119.251890"></trkpt>
    <trkpt lat="34.497840" lon="-119.252260"></trkpt>
    <trkpt lat="34.497840" lon="-119.252570"></trkpt>
    <trkpt lat="34.497780" lon="-119.252680"></trkpt>
    <trkpt lat="34.497720" lon="-119.252890"></trkpt>
    <trkpt lat="34.497670" lon="-119.252930"></trkpt>
    <trkpt lat="34.497591" lon="-119.252954"></trkpt>
    <trkpt lat="34.497590" lon="-119.252950"></trkpt>
    <trkpt lat="34.497680" lon="-119.252780"></trkpt>
    <trkpt lat="34.497740" lon="-119.252530"></trkpt>
    <trkpt lat="34.497710" lon="-119.252270"></trkpt>
    <trkpt lat="34.497740" lon="-119.252100"></trkpt>
    <trkpt lat="34.497820" lon="-119.251930"></trkpt>
    <trkpt lat="34.497830" lon="-119.251730"></trkpt>
    <trkpt lat="34.497760" lon="-119.251570"></trkpt>
    <trkpt lat="34.497590" lon="-119.251300"></trkpt>
    <trkpt lat="34.497580" lon="-119.250870"></trkpt>
    <trkpt lat="34.497510" lon="-119.250720"></trkpt>
    <trkpt lat="34.497410" lon="-119.250140"></trkpt>
    <trkpt lat="34.497370" lon="-119.250130"></trkpt>
    <trkpt lat="34.497190" lon="-119.250330"></trkpt>
    <trkpt lat="34.496980" lon="-119.250480"></trkpt>
    <trkpt lat="34.496930" lon="-119.250620"></trkpt>
    <trkpt lat="34.496930" lon="-119.250730"></trkpt>
    <trkpt lat="34.496860" lon="-119.250850"></trkpt>
    <trkpt lat="34.496811" lon="-119.250877"></trkpt>
    <trkpt lat="34.496809" lon="-119.250878"></trkpt>
    <trkpt lat="34.496750" lon="-119.250910"></trkpt>
    <trkpt lat="34.496290" lon="-119.250870"></trkpt>
    <trkpt lat="34.496210" lon="-119.250990"></trkpt>
    <trkpt lat="34.496260" lon="-119.251120"></trkpt>
    <trkpt lat="34.496280" lon="-119.251270"></trkpt>
    <trkpt lat="34.496210" lon="-119.251480"></trkpt>
    <trkpt lat="34.496270" lon="-119.251550"></trkpt>
    <trkpt lat="34.496220" lon="-119.251730"></trkpt>
    <trkpt lat="34.496110" lon="-119.251890"></trkpt>
    <trkpt lat="34.495980" lon="-119.251920"></trkpt>
    <trkpt lat="34.495860" lon="-119.251870"></trkpt>
    <trkpt lat="34.495740" lon="-119.252060"></trkpt>
    <trkpt lat="34.495540" lon="-119.252220"></trkpt>
    <trkpt lat="34.495440" lon="-119.252170"></trkpt>
    <trkpt lat="34.495150" lon="-119.252410"></trkpt>
    <trkpt lat="34.494880" lon="-119.252050"></trkpt>
    <trkpt lat="34.494420" lon="-119.252450"></trkpt>
    <trkpt lat="34.494260" lon="-119.252870"></trkpt>
    <trkpt lat="34.493990" lon="-119.252840"></trkpt>
    <trkpt lat="34.493770" lon="-119.252640"></trkpt>
    <trkpt lat="34.492990" lon="-119.252920"></trkpt>
    <trkpt lat="34.492770" lon="-119.252820"></trkpt>
    <trkpt lat="34.492620" lon="-119.252860"></trkpt>
    <trkpt lat="34.492580" lon="-119.252940"></trkpt>
    <trkpt lat="34.492580" lon="-119.253060"></trkpt>
    <trkpt lat="34.492520" lon="-119.253440"></trkpt>
    <trkpt lat="34.492280" lon="-119.253930"></trkpt>
    <trkpt lat="34.492120" lon="-119.254080"></trkpt>
    <trkpt lat="34.491790" lon="-119.254450"></trkpt>
    <trkpt lat="34.491640" lon="-119.254550"></trkpt>
    <trkpt lat="34.491570" lon="-119.254640"></trkpt>
    <trkpt lat="34.491440" lon="-119.254710"></trkpt>
    <trkpt lat="34.491380" lon="-119.254840"></trkpt>
    <trkpt lat="34.491280" lon="-119.254890"></trkpt>
    <trkpt lat="34.491060" lon="-119.255120"></trkpt>
    <trkpt lat="34.490990" lon="-119.255060"></trkpt>
    <trkpt lat="34.490690" lon="-119.255040"></trkpt>
    <trkpt lat="34.490520" lon="-119.254920"></trkpt>
    <trkpt lat="34.490270" lon="-119.254900"></trkpt>
    <trkpt lat="34.490270" lon="-119.254770"></trkpt>
    <trkpt lat="34.490360" lon="-119.254500"></trkpt>
    <trkpt lat="34.490380" lon="-119.254350"></trkpt>
    <trkpt lat="34.490080" lon="-119.254810"></trkpt>
    <trkpt lat="34.489820" lon="-119.254970"></trkpt>
    <trkpt lat="34.489660" lon="-119.254990"></trkpt>
    <trkpt lat="34.489540" lon="-119.254950"></trkpt>
    <trkpt lat="34.489400" lon="-119.254980"></trkpt>
    <trkpt lat="34.489270" lon="-119.254930"></trkpt>
    <trkpt lat="34.489160" lon="-119.254930"></trkpt>
    <trkpt lat="34.489060" lon="-119.255020"></trkpt>
    <trkpt lat="34.488940" lon="-119.255080"></trkpt>
    <trkpt lat="34.488830" lon="-119.255040"></trkpt>
    <trkpt lat="34.488680" lon="-119.255070"></trkpt>
    <trkpt lat="34.488550" lon="-119.255130"></trkpt>
    <trkpt lat="34.488450" lon="-119.255130"></trkpt>
    <trkpt lat="34.488450" lon="-119.255130"></trkpt>
    <trkpt lat="34.488010" lon="-119.255010"></trkpt>
    <trkpt lat="34.487830" lon="-119.255090"></trkpt>
    <trkpt lat="34.487800" lon="-119.255200"></trkpt>
    <trkpt lat="34.487910" lon="-119.255480"></trkpt>
    <trkpt lat="34.487840" lon="-119.255610"></trkpt>
    <trkpt lat="34.487650" lon="-119.255630"></trkpt>
    <trkpt lat="34.487520" lon="-119.255690"></trkpt>
    <trkpt lat="34.487360" lon="-119.255650"></trkpt>
    <trkpt lat="34.487040" lon="-119.255830"></trkpt>
    <trkpt lat="34.486860" lon="-119.255820"></trkpt>
    <trkpt lat="34.486880" lon="-119.255560"></trkpt>
    <trkpt lat="34.486850" lon="-119.255420"></trkpt>
    <trkpt lat="34.486750" lon="-119.255210"></trkpt>
    <trkpt lat="34.486640" lon="-119.255100"></trkpt>
    <trkpt lat="34.486480" lon="-119.255120"></trkpt>
    <trkpt lat="34.486400" lon="-119.254840"></trkpt>
    <trkpt lat="34.486300" lon="-119.254740"></trkpt>
    <trkpt lat="34.486130" lon="-119.254400"></trkpt>
    <trkpt lat="34.486050" lon="-119.254300"></trkpt>
    <trkpt lat="34.485950" lon="-119.254050"></trkpt>
    <trkpt lat="34.485850" lon="-119.253910"></trkpt>
    <trkpt lat="34.485800" lon="-119.253760"></trkpt>
    <trkpt lat="34.485760" lon="-119.253390"></trkpt>
    <trkpt lat="34.485710" lon="-119.253290"></trkpt>
    <trkpt lat="34.485655" lon="-119.253253"></trkpt>
    <trkpt lat="34.485655" lon="-119.253253"></trkpt>
    <trkpt lat="34.485620" lon="-119.253230"></trkpt>
    <trkpt lat="34.485540" lon="-119.253270"></trkpt>
    <trkpt lat="34.485430" lon="-119.253380"></trkpt>
    <trkpt lat="34.485430" lon="-119.253540"></trkpt>
    <trkpt lat="34.485380" lon="-119.253700"></trkpt>
    <trkpt lat="34.485240" lon="-119.253880"></trkpt>
    <trkpt lat="34.485140" lon="-119.253950"></trkpt>
    <trkpt lat="34.485130" lon="-119.254000"></trkpt>
    <trkpt lat="34.485050" lon="-119.254060"></trkpt>
    <trkpt lat="34.485000" lon="-119.254150"></trkpt>
    <trkpt lat="34.484990" lon="-119.254300"></trkpt>
    <trkpt lat="34.484960" lon="-119.254360"></trkpt>
    <trkpt lat="34.484970" lon="-119.254510"></trkpt>
    <trkpt lat="34.484940" lon="-119.254570"></trkpt>
    <trkpt lat="34.484930" lon="-119.254830"></trkpt>
    <trkpt lat="34.484850" lon="-119.254920"></trkpt>
    <trkpt lat="34.484680" lon="-119.255010"></trkpt>
    <trkpt lat="34.484580" lon="-119.255220"></trkpt>
    <trkpt lat="34.484430" lon="-119.255260"></trkpt>
    <trkpt lat="34.484160" lon="-119.255080"></trkpt>
    <trkpt lat="34.483890" lon="-119.255320"></trkpt>
    <trkpt lat="34.483780" lon="-119.255340"></trkpt>
    <trkpt lat="34.483590" lon="-119.255460"></trkpt>
    <trkpt lat="34.483540" lon="-119.255550"></trkpt>
    <trkpt lat="34.483500" lon="-119.255680"></trkpt>
    <trkpt lat="34.483430" lon="-119.255800"></trkpt>
    <trkpt lat="34.483450" lon="-119.255560"></trkpt>
    <trkpt lat="34.483520" lon="-119.255340"></trkpt>
    <trkpt lat="34.483410" lon="-119.255440"></trkpt>
    <trkpt lat="34.483330" lon="-119.255610"></trkpt>
    <trkpt lat="34.483200" lon="-119.255750"></trkpt>
    <trkpt lat="34.483050" lon="-119.255820"></trkpt>
    <trkpt lat="34.482900" lon="-119.255820"></trkpt>
    <trkpt lat="34.482730" lon="-119.255870"></trkpt>
    <trkpt lat="34.482620" lon="-119.255930"></trkpt>
    <trkpt lat="34.482570" lon="-119.256060"></trkpt>
    <trkpt lat="34.482370" lon="-119.256290"></trkpt>
    <trkpt lat="34.482270" lon="-119.256350"></trkpt>
    <trkpt lat="34.482190" lon="-119.256460"></trkpt>
    <trkpt lat="34.482120" lon="-119.256520"></trkpt>
    <trkpt lat="34.482030" lon="-119.256530"></trkpt>
    <trkpt lat="34.482290" lon="-119.256040"></trkpt>
    <trkpt lat="34.482260" lon="-119.255990"></trkpt>
    <trkpt lat="34.482160" lon="-119.256140"></trkpt>
    <trkpt lat="34.482020" lon="-119.256240"></trkpt>
    <trkpt lat="34.481660" lon="-119.256650"></trkpt>
    <trkpt lat="34.481590" lon="-119.256790"></trkpt>
    <trkpt lat="34.481520" lon="-119.256840"></trkpt>
    <trkpt lat="34.481450" lon="-119.256840"></trkpt>
    <trkpt lat="34.481340" lon="-119.256920"></trkpt>
    <trkpt lat="34.481300" lon="-119.257040"></trkpt>
    <trkpt lat="34.481270" lon="-119.257320"></trkpt>
    <trkpt lat="34.481330" lon="-119.257390"></trkpt>
    <trkpt lat="34.481350" lon="-119.257520"></trkpt>
    <trkpt lat="34.481200" lon="-119.257900"></trkpt>
    <trkpt lat="34.481060" lon="-119.258050"></trkpt>
    <trkpt lat="34.480960" lon="-119.258060"></trkpt>
    <trkpt lat="34.480890" lon="-119.258180"></trkpt>
    <trkpt lat="34.480790" lon="-119.258230"></trkpt>
    <trkpt lat="34.480680" lon="-119.258350"></trkpt>
    <trkpt lat="34.480650" lon="-119.258430"></trkpt>
    <trkpt lat="34.480800" lon="-119.258720"></trkpt>
    <trkpt lat="34.480880" lon="-119.258810"></trkpt>
    <trkpt lat="34.480920" lon="-119.258980"></trkpt>
    <trkpt lat="34.481010" lon="-119.259110"></trkpt>
    <trkpt lat="34.480960" lon="-119.259130"></trkpt>
    <trkpt lat="34.480670" lon="-119.258800"></trkpt>
    <trkpt lat="34.480540" lon="-119.258740"></trkpt>
    <trkpt lat="34.480230" lon="-119.258470"></trkpt>
    <trkpt lat="34.480100" lon="-119.258410"></trkpt>
    <trkpt lat="34.480106" lon="-119.258403"></trkpt>
    <trkpt lat="34.480106" lon="-119.258403"></trkpt>
    <trkpt lat="34.480170" lon="-119.258320"></trkpt>
    <trkpt lat="34.480000" lon="-119.258260"></trkpt>
    <trkpt lat="34.479940" lon="-119.258280"></trkpt>
    <trkpt lat="34.479900" lon="-119.258360"></trkpt>
    <trkpt lat="34.479920" lon="-119.258450"></trkpt>
    <trkpt lat="34.480180" lon="-119.258770"></trkpt>
    <trkpt lat="34.480210" lon="-119.258900"></trkpt>
    <trkpt lat="34.480290" lon="-119.259020"></trkpt>
    <trkpt lat="34.480370" lon="-119.259080"></trkpt>
    <trkpt lat="34.480500" lon="-119.259280"></trkpt>
    <trkpt lat="34.480530" lon="-119.259380"></trkpt>
    <trkpt lat="34.480470" lon="-119.259470"></trkpt>
    <trkpt lat="34.480440" lon="-119.259610"></trkpt>
    <trkpt lat="34.480490" lon="-119.259740"></trkpt>
    <trkpt lat="34.480480" lon="-119.259810"></trkpt>
    <trkpt lat="34.480380" lon="-119.259790"></trkpt>
    <trkpt lat="34.480330" lon="-119.259690"></trkpt>
    <trkpt lat="34.480340" lon="-119.259410"></trkpt>
    <trkpt lat="34.480280" lon="-119.259340"></trkpt>
    <trkpt lat="34.479970" lon="-119.259280"></trkpt>
    <trkpt lat="34.479890" lon="-119.259060"></trkpt>
    <trkpt lat="34.479810" lon="-119.258970"></trkpt>
    <trkpt lat="34.479630" lon="-119.258960"></trkpt>
    <trkpt lat="34.479520" lon="-119.259000"></trkpt>
    <trkpt lat="34.479450" lon="-119.258980"></trkpt>
    <trkpt lat="34.479320" lon="-119.258810"></trkpt>
    <trkpt lat="34.479090" lon="-119.258760"></trkpt>
    <trkpt lat="34.478840" lon="-119.258650"></trkpt>
    <trkpt lat="34.478770" lon="-119.258510"></trkpt>
    <trkpt lat="34.478670" lon="-119.258440"></trkpt>
    <trkpt lat="34.478600" lon="-119.258320"></trkpt>
    <trkpt lat="34.478620" lon="-119.258160"></trkpt>
    <trkpt lat="34.478580" lon="-119.257950"></trkpt>
    <trkpt lat="34.478610" lon="-119.257390"></trkpt>
    <trkpt lat="34.478570" lon="-119.257170"></trkpt>
    <trkpt lat="34.478500" lon="-119.256950"></trkpt>
    <trkpt lat="34.478480" lon="-119.256740"></trkpt>
    <trkpt lat="34.478350" lon="-119.256510"></trkpt>
    <trkpt lat="34.478220" lon="-119.256360"></trkpt>
    <trkpt lat="34.477970" lon="-119.256370"></trkpt>
    <trkpt lat="34.477810" lon="-119.256420"></trkpt>
    <trkpt lat="34.477680" lon="-119.256530"></trkpt>
    <trkpt lat="34.477390" lon="-119.256960"></trkpt>
    <trkpt lat="34.477250" lon="-119.257050"></trkpt>
    <trkpt lat="34.476880" lon="-119.257100"></trkpt>
    <trkpt lat="34.476770" lon="-119.257210"></trkpt>
    <trkpt lat="34.476430" lon="-119.257680"></trkpt>
    <trkpt lat="34.476430" lon="-119.257680"></trkpt>
    <trkpt lat="34.476360" lon="-119.257940"></trkpt>
    <trkpt lat="34.475900" lon="-119.258900"></trkpt>
    <trkpt lat="34.475750" lon="-119.259110"></trkpt>
    <trkpt lat="34.475670" lon="-119.259160"></trkpt>
    <trkpt lat="34.475570" lon="-119.259120"></trkpt>
    <trkpt lat="34.475260" lon="-119.258830"></trkpt>
    <trkpt lat="34.475210" lon="-119.258720"></trkpt>
    <trkpt lat="34.474980" lon="-119.258410"></trkpt>
    <trkpt lat="34.474670" lon="-119.258140"></trkpt>
    <trkpt lat="34.474520" lon="-119.258080"></trkpt>
    <trkpt lat="34.474370" lon="-119.258080"></trkpt>
    <trkpt lat="34.474270" lon="-119.258040"></trkpt>
    <trkpt lat="34.473920" lon="-119.257800"></trkpt>
    <trkpt lat="34.473740" lon="-119.257610"></trkpt>
    <trkpt lat="34.473710" lon="-119.257620"></trkpt>
    <trkpt lat="34.473710" lon="-119.257620"></trkpt>
    <trkpt lat="34.473710" lon="-119.257620"></trkpt>
    <trkpt lat="34.473700" lon="-119.257660"></trkpt>
    <trkpt lat="34.473680" lon="-119.257930"></trkpt>
    <trkpt lat="34.473630" lon="-119.258120"></trkpt>
    <trkpt lat="34.473660" lon="-119.258220"></trkpt>
    <trkpt lat="34.473760" lon="-119.258390"></trkpt>
    <trkpt lat="34.473790" lon="-119.258510"></trkpt>
    <trkpt lat="34.473800" lon="-119.258620"></trkpt>
    <trkpt lat="34.473760" lon="-119.258970"></trkpt>
    <trkpt lat="34.473780" lon="-119.259100"></trkpt>
    <trkpt lat="34.473830" lon="-119.259120"></trkpt>
    <trkpt lat="34.473890" lon="-119.259110"></trkpt>
    <trkpt lat="34.473960" lon="-119.258910"></trkpt>
    <trkpt lat="34.473990" lon="-119.258870"></trkpt>
    <trkpt lat="34.474100" lon="-119.258860"></trkpt>
    <trkpt lat="34.474150" lon="-119.258900"></trkpt>
    <trkpt lat="34.474180" lon="-119.258970"></trkpt>
    <trkpt lat="34.474320" lon="-119.259490"></trkpt>
    <trkpt lat="34.474710" lon="-119.259970"></trkpt>
    <trkpt lat="34.474710" lon="-119.260050"></trkpt>
    <trkpt lat="34.474630" lon="-119.260300"></trkpt>
    <trkpt lat="34.474640" lon="-119.260510"></trkpt>
    <trkpt lat="34.474720" lon="-119.260640"></trkpt>
    <trkpt lat="34.475160" lon="-119.261100"></trkpt>
    <trkpt lat="34.475250" lon="-119.261230"></trkpt>
    <trkpt lat="34.475280" lon="-119.261330"></trkpt>
    <trkpt lat="34.475270" lon="-119.261730"></trkpt>
    <trkpt lat="34.475290" lon="-119.262160"></trkpt>
    <trkpt lat="34.475510" lon="-119.262910"></trkpt>
    <trkpt lat="34.475610" lon="-119.263370"></trkpt>
    <trkpt lat="34.475560" lon="-119.264370"></trkpt>
    <trkpt lat="34.475600" lon="-119.264520"></trkpt>
    <trkpt lat="34.475790" lon="-119.264910"></trkpt>
    <trkpt lat="34.475840" lon="-119.265090"></trkpt>
    <trkpt lat="34.476030" lon="-119.266320"></trkpt>
    <trkpt lat="34.476030" lon="-119.266320"></trkpt>
    <trkpt lat="34.476030" lon="-119.266320"></trkpt>
    <trkpt lat="34.476010" lon="-119.266620"></trkpt>
    <trkpt lat="34.475950" lon="-119.266890"></trkpt>
    <trkpt lat="34.475950" lon="-119.267300"></trkpt>
    <trkpt lat="34.475810" lon="-119.267580"></trkpt>
    <trkpt lat="34.475810" lon="-119.267580"></trkpt>
    <trkpt lat="34.475670" lon="-119.267770"></trkpt>
    <trkpt lat="34.475280" lon="-119.267900"></trkpt>
    <trkpt lat="34.475070" lon="-119.268380"></trkpt>
    <trkpt lat="34.475010" lon="-119.268420"></trkpt>
    <trkpt lat="34.474810" lon="-119.268400"></trkpt>
    <trkpt lat="34.474760" lon="-119.268420"></trkpt>
    <trkpt lat="34.474700" lon="-119.268600"></trkpt>
    <trkpt lat="34.474480" lon="-119.268850"></trkpt>
    <trkpt lat="34.474473" lon="-119.268950"></trkpt>
    <trkpt lat="34.474473" lon="-119.268950"></trkpt>
    <trkpt lat="34.474440" lon="-119.269450"></trkpt>
    <trkpt lat="34.474448" lon="-119.269720"></trkpt>
    <trkpt lat="34.474450" lon="-119.269720"></trkpt>
    <trkpt lat="34.474500" lon="-119.269760"></trkpt>
    <trkpt lat="34.474720" lon="-119.269730"></trkpt>
    <trkpt lat="34.474790" lon="-119.269830"></trkpt>
    <trkpt lat="34.474830" lon="-119.269850"></trkpt>
    <trkpt lat="34.474860" lon="-119.269920"></trkpt>
    <trkpt lat="34.474880" lon="-119.270220"></trkpt>
    <trkpt lat="34.474870" lon="-119.270460"></trkpt>
    <trkpt lat="34.474900" lon="-119.270590"></trkpt>
    <trkpt lat="34.474890" lon="-119.270700"></trkpt>
    <trkpt lat="34.474840" lon="-119.270810"></trkpt>
    <trkpt lat="34.474860" lon="-119.271160"></trkpt>
    <trkpt lat="34.474840" lon="-119.271260"></trkpt>
    <trkpt lat="34.474860" lon="-119.271360"></trkpt>
    <trkpt lat="34.475080" lon="-119.271610"></trkpt>
    <trkpt lat="34.475070" lon="-119.271650"></trkpt>
    <trkpt lat="34.475010" lon="-119.271680"></trkpt>
    <trkpt lat="34.474950" lon="-119.271670"></trkpt>
    <trkpt lat="34.474760" lon="-119.271710"></trkpt>
    <trkpt lat="34.474730" lon="-119.271790"></trkpt>
    <trkpt lat="34.474790" lon="-119.271840"></trkpt>
    <trkpt lat="34.475060" lon="-119.271770"></trkpt>
    <trkpt lat="34.475170" lon="-119.271830"></trkpt>
    <trkpt lat="34.475170" lon="-119.271950"></trkpt>
    <trkpt lat="34.475060" lon="-119.272240"></trkpt>
    <trkpt lat="34.474830" lon="-119.272570"></trkpt>
    <trkpt lat="34.474690" lon="-119.272850"></trkpt>
    <trkpt lat="34.474730" lon="-119.273190"></trkpt>
    <trkpt lat="34.474690" lon="-119.273330"></trkpt>
    <trkpt lat="34.474590" lon="-119.273500"></trkpt>
    <trkpt lat="34.474590" lon="-119.273620"></trkpt>
    <trkpt lat="34.474720" lon="-119.273820"></trkpt>
    <trkpt lat="34.474740" lon="-119.273930"></trkpt>
    <trkpt lat="34.474950" lon="-119.274180"></trkpt>
    <trkpt lat="34.474970" lon="-119.274320"></trkpt>
    <trkpt lat="34.474930" lon="-119.274530"></trkpt>
    <trkpt lat="34.474990" lon="-119.274750"></trkpt>
    <trkpt lat="34.475080" lon="-119.274910"></trkpt>
    <trkpt lat="34.475100" lon="-119.275240"></trkpt>
    <trkpt lat="34.475140" lon="-119.275440"></trkpt>
    <trkpt lat="34.475190" lon="-119.275540"></trkpt>
    <trkpt lat="34.475320" lon="-119.275630"></trkpt>
    <trkpt lat="34.475480" lon="-119.275690"></trkpt>
    <trkpt lat="34.475390" lon="-119.275890"></trkpt>
    <trkpt lat="34.475210" lon="-119.275950"></trkpt>
    <trkpt lat="34.475110" lon="-119.276110"></trkpt>
    <trkpt lat="34.475080" lon="-119.276230"></trkpt>
    <trkpt lat="34.474870" lon="-119.276490"></trkpt>
    <trkpt lat="34.474760" lon="-119.276560"></trkpt>
    <trkpt lat="34.474748" lon="-119.276599"></trkpt>
    <trkpt lat="34.474748" lon="-119.276599"></trkpt>
    <trkpt lat="34.474710" lon="-119.276730"></trkpt>
    <trkpt lat="34.474870" lon="-119.277170"></trkpt>
    <trkpt lat="34.474930" lon="-119.277260"></trkpt>
    <trkpt lat="34.475040" lon="-119.277330"></trkpt>
    <trkpt lat="34.475330" lon="-119.277370"></trkpt>
    <trkpt lat="34.475370" lon="-119.277440"></trkpt>
    <trkpt lat="34.475450" lon="-119.277650"></trkpt>
    <trkpt lat="34.475650" lon="-119.277800"></trkpt>
    <trkpt lat="34.475660" lon="-119.277900"></trkpt>
    <trkpt lat="34.475520" lon="-119.278140"></trkpt>
    <trkpt lat="34.475510" lon="-119.278220"></trkpt>
    <trkpt lat="34.475540" lon="-119.278280"></trkpt>
    <trkpt lat="34.475700" lon="-119.278420"></trkpt>
    <trkpt lat="34.475780" lon="-119.278560"></trkpt>
    <trkpt lat="34.475900" lon="-119.278670"></trkpt>
    <trkpt lat="34.475930" lon="-119.278750"></trkpt>
    <trkpt lat="34.475920" lon="-119.278810"></trkpt>
    <trkpt lat="34.475860" lon="-119.278900"></trkpt>
    <trkpt lat="34.475830" lon="-119.279000"></trkpt>
    <trkpt lat="34.475900" lon="-119.279250"></trkpt>
    <trkpt lat="34.475890" lon="-119.279340"></trkpt>
    <trkpt lat="34.475830" lon="-119.279420"></trkpt>
    <trkpt lat="34.475780" lon="-119.279570"></trkpt>
    <trkpt lat="34.475760" lon="-119.279750"></trkpt>
    <trkpt lat="34.475840" lon="-119.279960"></trkpt>
    <trkpt lat="34.475760" lon="-119.280120"></trkpt>
    <trkpt lat="34.475720" lon="-119.280410"></trkpt>
    <trkpt lat="34.475750" lon="-119.280480"></trkpt>
    <trkpt lat="34.475810" lon="-119.280550"></trkpt>
    <trkpt lat="34.475820" lon="-119.280630"></trkpt>
    <trkpt lat="34.475550" lon="-119.280890"></trkpt>
    <trkpt lat="34.475540" lon="-119.280990"></trkpt>
    <trkpt lat="34.475580" lon="-119.281240"></trkpt>
    <trkpt lat="34.475580" lon="-119.281240"></trkpt>
    <trkpt lat="34.475580" lon="-119.281240"></trkpt>
    <trkpt lat="34.475676" lon="-119.281336"></trkpt>
    <trkpt lat="34.475676" lon="-119.281336"></trkpt>
    <trkpt lat="34.475730" lon="-119.281390"></trkpt>
    <trkpt lat="34.475790" lon="-119.281630"></trkpt>
    <trkpt lat="34.475920" lon="-119.281960"></trkpt>
    <trkpt lat="34.476040" lon="-119.282120"></trkpt>
    <trkpt lat="34.476190" lon="-119.282240"></trkpt>
    <trkpt lat="34.476290" lon="-119.282270"></trkpt>
    <trkpt lat="34.476560" lon="-119.282260"></trkpt>
    <trkpt lat="34.476550" lon="-119.282300"></trkpt>
    <trkpt lat="34.476440" lon="-119.282450"></trkpt>
    <trkpt lat="34.476320" lon="-119.282530"></trkpt>
    <trkpt lat="34.476300" lon="-119.282590"></trkpt>
    <trkpt lat="34.476310" lon="-119.282720"></trkpt>
    <trkpt lat="34.476660" lon="-119.283200"></trkpt>
    <trkpt lat="34.476710" lon="-119.283440"></trkpt>
    <trkpt lat="34.476800" lon="-119.283630"></trkpt>
    <trkpt lat="34.476960" lon="-119.284140"></trkpt>
    <trkpt lat="34.477100" lon="-119.284360"></trkpt>
    <trkpt lat="34.477160" lon="-119.284550"></trkpt>
    <trkpt lat="34.477260" lon="-119.284730"></trkpt>
    <trkpt lat="34.477340" lon="-119.285030"></trkpt>
    <trkpt lat="34.477390" lon="-119.285030"></trkpt>
    <trkpt lat="34.477450" lon="-119.284930"></trkpt>
    <trkpt lat="34.477490" lon="-119.284950"></trkpt>
    <trkpt lat="34.477510" lon="-119.285000"></trkpt>
    <trkpt lat="34.477490" lon="-119.285120"></trkpt>
    <trkpt lat="34.477420" lon="-119.285230"></trkpt>
    <trkpt lat="34.477440" lon="-119.285260"></trkpt>
    <trkpt lat="34.477570" lon="-119.285160"></trkpt>
    <trkpt lat="34.477590" lon="-119.285190"></trkpt>
    <trkpt lat="34.477500" lon="-119.285550"></trkpt>
    <trkpt lat="34.477550" lon="-119.285540"></trkpt>
    <trkpt lat="34.477660" lon="-119.285410"></trkpt>
    <trkpt lat="34.477740" lon="-119.285390"></trkpt>
    <trkpt lat="34.477730" lon="-119.285450"></trkpt>
    <trkpt lat="34.477650" lon="-119.285510"></trkpt>
    <trkpt lat="34.477640" lon="-119.285680"></trkpt>
    <trkpt lat="34.477790" lon="-119.285960"></trkpt>
    <trkpt lat="34.477800" lon="-119.286060"></trkpt>
    <trkpt lat="34.477780" lon="-119.286090"></trkpt>
    <trkpt lat="34.477740" lon="-119.286450"></trkpt>
    <trkpt lat="34.477720" lon="-119.286550"></trkpt>
    <trkpt lat="34.477670" lon="-119.286620"></trkpt>
    <trkpt lat="34.477660" lon="-119.286740"></trkpt>
    <trkpt lat="34.477720" lon="-119.286820"></trkpt>
    <trkpt lat="34.477740" lon="-119.286910"></trkpt>
    <trkpt lat="34.477760" lon="-119.286930"></trkpt>
    <trkpt lat="34.477810" lon="-119.286830"></trkpt>
    <trkpt lat="34.477900" lon="-119.286570"></trkpt>
    <trkpt lat="34.477970" lon="-119.286440"></trkpt>
    <trkpt lat="34.477970" lon="-119.286380"></trkpt>
    <trkpt lat="34.478050" lon="-119.286220"></trkpt>
    <trkpt lat="34.478100" lon="-119.286200"></trkpt>
    <trkpt lat="34.478110" lon="-119.286230"></trkpt>
    <trkpt lat="34.478100" lon="-119.286530"></trkpt>
    <trkpt lat="34.478070" lon="-119.286570"></trkpt>
    <trkpt lat="34.478100" lon="-119.286670"></trkpt>
    <trkpt lat="34.478090" lon="-119.286820"></trkpt>
    <trkpt lat="34.478020" lon="-119.287040"></trkpt>
    <trkpt lat="34.478020" lon="-119.287100"></trkpt>
    <trkpt lat="34.478290" lon="-119.286640"></trkpt>
    <trkpt lat="34.478330" lon="-119.286660"></trkpt>
    <trkpt lat="34.478290" lon="-119.286760"></trkpt>
    <trkpt lat="34.478300" lon="-119.286870"></trkpt>
    <trkpt lat="34.478240" lon="-119.287020"></trkpt>
    <trkpt lat="34.478240" lon="-119.287150"></trkpt>
    <trkpt lat="34.478310" lon="-119.287640"></trkpt>
    <trkpt lat="34.478270" lon="-119.287720"></trkpt>
    <trkpt lat="34.478300" lon="-119.288040"></trkpt>
    <trkpt lat="34.478290" lon="-119.288180"></trkpt>
    <trkpt lat="34.478240" lon="-119.288250"></trkpt>
    <trkpt lat="34.478220" lon="-119.288400"></trkpt>
    <trkpt lat="34.478310" lon="-119.288550"></trkpt>
    <trkpt lat="34.478340" lon="-119.288680"></trkpt>
    <trkpt lat="34.478170" lon="-119.288790"></trkpt>
    <trkpt lat="34.478170" lon="-119.288880"></trkpt>
    <trkpt lat="34.478290" lon="-119.289010"></trkpt>
    <trkpt lat="34.478320" lon="-119.289090"></trkpt>
    <trkpt lat="34.478310" lon="-119.289200"></trkpt>
    <trkpt lat="34.478240" lon="-119.289370"></trkpt>
    <trkpt lat="34.478270" lon="-119.289400"></trkpt>
    <trkpt lat="34.478480" lon="-119.289190"></trkpt>
    <trkpt lat="34.478520" lon="-119.289070"></trkpt>
    <trkpt lat="34.478490" lon="-119.288870"></trkpt>
    <trkpt lat="34.478610" lon="-119.288800"></trkpt>
    <trkpt lat="34.478690" lon="-119.288630"></trkpt>
    <trkpt lat="34.478740" lon="-119.288670"></trkpt>
    <trkpt lat="34.478800" lon="-119.288810"></trkpt>
    <trkpt lat="34.478800" lon="-119.289200"></trkpt>
    <trkpt lat="34.478740" lon="-119.289300"></trkpt>
    <trkpt lat="34.478700" lon="-119.289550"></trkpt>
    <trkpt lat="34.478700" lon="-119.289550"></trkpt>
    <trkpt lat="34.478700" lon="-119.289550"></trkpt>
    <trkpt lat="34.478700" lon="-119.289550"></trkpt>
    <trkpt lat="34.478660" lon="-119.289740"></trkpt>
    <trkpt lat="34.478440" lon="-119.289840"></trkpt>
    <trkpt lat="34.478320" lon="-119.289960"></trkpt>
    <trkpt lat="34.478290" lon="-119.290030"></trkpt>
    <trkpt lat="34.478310" lon="-119.290080"></trkpt>
    <trkpt lat="34.478420" lon="-119.289970"></trkpt>
    <trkpt lat="34.478500" lon="-119.290020"></trkpt>
    <trkpt lat="34.478450" lon="-119.290380"></trkpt>
    <trkpt lat="34.478520" lon="-119.290530"></trkpt>
    <trkpt lat="34.478590" lon="-119.290560"></trkpt>
    <trkpt lat="34.478720" lon="-119.290760"></trkpt>
    <trkpt lat="34.478690" lon="-119.290800"></trkpt>
    <trkpt lat="34.478640" lon="-119.290820"></trkpt>
    <trkpt lat="34.478620" lon="-119.290890"></trkpt>
    <trkpt lat="34.478619" lon="-119.290881"></trkpt>
    <trkpt lat="34.478700" lon="-119.290870"></trkpt>
    <trkpt lat="34.478700" lon="-119.290870"></trkpt>
    <trkpt lat="34.479040" lon="-119.290820"></trkpt>
    <trkpt lat="34.479040" lon="-119.290820"></trkpt>
    <trkpt lat="34.479082" lon="-119.290812"></trkpt>
    <trkpt lat="34.479096" lon="-119.290810"></trkpt>
    <trkpt lat="34.479040" lon="-119.290820"></trkpt>
    <trkpt lat="34.479040" lon="-119.290820"></trkpt>
    <trkpt lat="34.478700" lon="-119.290870"></trkpt>
    <trkpt lat="34.478700" lon="-119.290870"></trkpt>
    <trkpt lat="34.478619" lon="-119.290881"></trkpt>
    <trkpt lat="34.478620" lon="-119.290890"></trkpt>
    <trkpt lat="34.478640" lon="-119.290820"></trkpt>
    <trkpt lat="34.478690" lon="-119.290800"></trkpt>
    <trkpt lat="34.478720" lon="-119.290760"></trkpt>
    <trkpt lat="34.478590" lon="-119.290560"></trkpt>
    <trkpt lat="34.478520" lon="-119.290530"></trkpt>
    <trkpt lat="34.478450" lon="-119.290380"></trkpt>
    <trkpt lat="34.478500" lon="-119.290020"></trkpt>
    <trkpt lat="34.478420" lon="-119.289970"></trkpt>
    <trkpt lat="34.478310" lon="-119.290080"></trkpt>
    <trkpt lat="34.478290" lon="-119.290030"></trkpt>
    <trkpt lat="34.478320" lon="-119.289960"></trkpt>
    <trkpt lat="34.478440" lon="-119.289840"></trkpt>
    <trkpt lat="34.478660" lon="-119.289740"></trkpt>
    <trkpt lat="34.478700" lon="-119.289550"></trkpt>
    <trkpt lat="34.478700" lon="-119.289550"></trkpt>
    <trkpt lat="34.478740" lon="-119.289300"></trkpt>
    <trkpt lat="34.478800" lon="-119.289200"></trkpt>
    <trkpt lat="34.478800" lon="-119.288810"></trkpt>
    <trkpt lat="34.478740" lon="-119.288670"></trkpt>
    <trkpt lat="34.478690" lon="-119.288630"></trkpt>
    <trkpt lat="34.478610" lon="-119.288800"></trkpt>
    <trkpt lat="34.478490" lon="-119.288870"></trkpt>
    <trkpt lat="34.478520" lon="-119.289070"></trkpt>
    <trkpt lat="34.478480" lon="-119.289190"></trkpt>
    <trkpt lat="34.478270" lon="-119.289400"></trkpt>
    <trkpt lat="34.478240" lon="-119.289370"></trkpt>
    <trkpt lat="34.478310" lon="-119.289200"></trkpt>
    <trkpt lat="34.478320" lon="-119.289090"></trkpt>
    <trkpt lat="34.478290" lon="-119.289010"></trkpt>
    <trkpt lat="34.478170" lon="-119.288880"></trkpt>
    <trkpt lat="34.478170" lon="-119.288790"></trkpt>
    <trkpt lat="34.478340" lon="-119.288680"></trkpt>
    <trkpt lat="34.478310" lon="-119.288550"></trkpt>
    <trkpt lat="34.478279" lon="-119.288498"></trkpt>
    <trkpt lat="34.478283" lon="-119.288505"></trkpt>
    <trkpt lat="34.478220" lon="-119.288400"></trkpt>
    <trkpt lat="34.478240" lon="-119.288250"></trkpt>
    <trkpt lat="34.478290" lon="-119.288180"></trkpt>
    <trkpt lat="34.478300" lon="-119.288040"></trkpt>
    <trkpt lat="34.478270" lon="-119.287720"></trkpt>
    <trkpt lat="34.478310" lon="-119.287640"></trkpt>
    <trkpt lat="34.478240" lon="-119.287150"></trkpt>
    <trkpt lat="34.478240" lon="-119.287020"></trkpt>
    <trkpt lat="34.478300" lon="-119.286870"></trkpt>
    <trkpt lat="34.478290" lon="-119.286760"></trkpt>
    <trkpt lat="34.478330" lon="-119.286660"></trkpt>
    <trkpt lat="34.478290" lon="-119.286640"></trkpt>
    <trkpt lat="34.478020" lon="-119.287100"></trkpt>
    <trkpt lat="34.478020" lon="-119.287040"></trkpt>
    <trkpt lat="34.478090" lon="-119.286820"></trkpt>
    <trkpt lat="34.478100" lon="-119.286670"></trkpt>
    <trkpt lat="34.478070" lon="-119.286570"></trkpt>
    <trkpt lat="34.478100" lon="-119.286530"></trkpt>
    <trkpt lat="34.478110" lon="-119.286230"></trkpt>
    <trkpt lat="34.478100" lon="-119.286200"></trkpt>
    <trkpt lat="34.478050" lon="-119.286220"></trkpt>
    <trkpt lat="34.477970" lon="-119.286380"></trkpt>
    <trkpt lat="34.477970" lon="-119.286440"></trkpt>
    <trkpt lat="34.477900" lon="-119.286570"></trkpt>
    <trkpt lat="34.477810" lon="-119.286830"></trkpt>
    <trkpt lat="34.477760" lon="-119.286930"></trkpt>
    <trkpt lat="34.477740" lon="-119.286910"></trkpt>
    <trkpt lat="34.477720" lon="-119.286820"></trkpt>
    <trkpt lat="34.477660" lon="-119.286740"></trkpt>
    <trkpt lat="34.477670" lon="-119.286620"></trkpt>
    <trkpt lat="34.477720" lon="-119.286550"></trkpt>
    <trkpt lat="34.477740" lon="-119.286450"></trkpt>
    <trkpt lat="34.477780" lon="-119.286090"></trkpt>
    <trkpt lat="34.477800" lon="-119.286060"></trkpt>
    <trkpt lat="34.477790" lon="-119.285960"></trkpt>
    <trkpt lat="34.477640" lon="-119.285680"></trkpt>
    <trkpt lat="34.477650" lon="-119.285510"></trkpt>
    <trkpt lat="34.477730" lon="-119.285450"></trkpt>
    <trkpt lat="34.477740" lon="-119.285390"></trkpt>
    <trkpt lat="34.477660" lon="-119.285410"></trkpt>
    <trkpt lat="34.477550" lon="-119.285540"></trkpt>
    <trkpt lat="34.477500" lon="-119.285550"></trkpt>
    <trkpt lat="34.477590" lon="-119.285190"></trkpt>
    <trkpt lat="34.477570" lon="-119.285160"></trkpt>
    <trkpt lat="34.477440" lon="-119.285260"></trkpt>
    <trkpt lat="34.477420" lon="-119.285230"></trkpt>
    <trkpt lat="34.477490" lon="-119.285120"></trkpt>
    <trkpt lat="34.477510" lon="-119.285000"></trkpt>
    <trkpt lat="34.477490" lon="-119.284950"></trkpt>
    <trkpt lat="34.477450" lon="-119.284930"></trkpt>
    <trkpt lat="34.477390" lon="-119.285030"></trkpt>
    <trkpt lat="34.477340" lon="-119.285030"></trkpt>
    <trkpt lat="34.477260" lon="-119.284730"></trkpt>
    <trkpt lat="34.477160" lon="-119.284550"></trkpt>
    <trkpt lat="34.477100" lon="-119.284360"></trkpt>
    <trkpt lat="34.476960" lon="-119.284140"></trkpt>
    <trkpt lat="34.476800" lon="-119.283630"></trkpt>
    <trkpt lat="34.476710" lon="-119.283440"></trkpt>
    <trkpt lat="34.476660" lon="-119.283200"></trkpt>
    <trkpt lat="34.476310" lon="-119.282720"></trkpt>
    <trkpt lat="34.476300" lon="-119.282590"></trkpt>
    <trkpt lat="34.476320" lon="-119.282530"></trkpt>
    <trkpt lat="34.476440" lon="-119.282450"></trkpt>
    <trkpt lat="34.476550" lon="-119.282300"></trkpt>
    <trkpt lat="34.476560" lon="-119.282260"></trkpt>
    <trkpt lat="34.476290" lon="-119.282270"></trkpt>
    <trkpt lat="34.476190" lon="-119.282240"></trkpt>
    <trkpt lat="34.476040" lon="-119.282120"></trkpt>
    <trkpt lat="34.475920" lon="-119.281960"></trkpt>
    <trkpt lat="34.475790" lon="-119.281630"></trkpt>
    <trkpt lat="34.475730" lon="-119.281390"></trkpt>
    <trkpt lat="34.475676" lon="-119.281336"></trkpt>
    <trkpt lat="34.475676" lon="-119.281336"></trkpt>
    <trkpt lat="34.475580" lon="-119.281240"></trkpt>
    <trkpt lat="34.475580" lon="-119.281240"></trkpt>
    <trkpt lat="34.475580" lon="-119.281240"></trkpt>
    <trkpt lat="34.475540" lon="-119.280990"></trkpt>
    <trkpt lat="34.475550" lon="-119.280890"></trkpt>
    <trkpt lat="34.475820" lon="-119.280630"></trkpt>
    <trkpt lat="34.475810" lon="-119.280550"></trkpt>
    <trkpt lat="34.475750" lon="-119.280480"></trkpt>
    <trkpt lat="34.475720" lon="-119.280410"></trkpt>
    <trkpt lat="34.475760" lon="-119.280120"></trkpt>
    <trkpt lat="34.475840" lon="-119.279960"></trkpt>
    <trkpt lat="34.475760" lon="-119.279750"></trkpt>
    <trkpt lat="34.475780" lon="-119.279570"></trkpt>
    <trkpt lat="34.475830" lon="-119.279420"></trkpt>
    <trkpt lat="34.475890" lon="-119.279340"></trkpt>
    <trkpt lat="34.475900" lon="-119.279250"></trkpt>
    <trkpt lat="34.475830" lon="-119.279000"></trkpt>
    <trkpt lat="34.475860" lon="-119.278900"></trkpt>
    <trkpt lat="34.475920" lon="-119.278810"></trkpt>
    <trkpt lat="34.475930" lon="-119.278750"></trkpt>
    <trkpt lat="34.475900" lon="-119.278670"></trkpt>
    <trkpt lat="34.475780" lon="-119.278560"></trkpt>
    <trkpt lat="34.475700" lon="-119.278420"></trkpt>
    <trkpt lat="34.475540" lon="-119.278280"></trkpt>
    <trkpt lat="34.475510" lon="-119.278220"></trkpt>
    <trkpt lat="34.475520" lon="-119.278140"></trkpt>
    <trkpt lat="34.475660" lon="-119.277900"></trkpt>
    <trkpt lat="34.475650" lon="-119.277800"></trkpt>
    <trkpt lat="34.475450" lon="-119.277650"></trkpt>
    <trkpt lat="34.475370" lon="-119.277440"></trkpt>
    <trkpt lat="34.475330" lon="-119.277370"></trkpt>
    <trkpt lat="34.475040" lon="-119.277330"></trkpt>
    <trkpt lat="34.474930" lon="-119.277260"></trkpt>
    <trkpt lat="34.474870" lon="-119.277170"></trkpt>
    <trkpt lat="34.474710" lon="-119.276730"></trkpt>
    <trkpt lat="34.474748" lon="-119.276599"></trkpt>
    <trkpt lat="34.474748" lon="-119.276599"></trkpt>
    <trkpt lat="34.474760" lon="-119.276560"></trkpt>
    <trkpt lat="34.474870" lon="-119.276490"></trkpt>
    <trkpt lat="34.475080" lon="-119.276230"></trkpt>
    <trkpt lat="34.475110" lon="-119.276110"></trkpt>
    <trkpt lat="34.475210" lon="-119.275950"></trkpt>
    <trkpt lat="34.475390" lon="-119.275890"></trkpt>
    <trkpt lat="34.475480" lon="-119.275690"></trkpt>
    <trkpt lat="34.475320" lon="-119.275630"></trkpt>
    <trkpt lat="34.475190" lon="-119.275540"></trkpt>
    <trkpt lat="34.475140" lon="-119.275440"></trkpt>
    <trkpt lat="34.475100" lon="-119.275240"></trkpt>
    <trkpt lat="34.475080" lon="-119.274910"></trkpt>
    <trkpt lat="34.474990" lon="-119.274750"></trkpt>
    <trkpt lat="34.474930" lon="-119.274530"></trkpt>
    <trkpt lat="34.474970" lon="-119.274320"></trkpt>
    <trkpt lat="34.474950" lon="-119.274180"></trkpt>
    <trkpt lat="34.474740" lon="-119.273930"></trkpt>
    <trkpt lat="34.474720" lon="-119.273820"></trkpt>
    <trkpt lat="34.474590" lon="-119.273620"></trkpt>
    <trkpt lat="34.474590" lon="-119.273500"></trkpt>
    <trkpt lat="34.474690" lon="-119.273330"></trkpt>
    <trkpt lat="34.474730" lon="-119.273190"></trkpt>
    <trkpt lat="34.474690" lon="-119.272850"></trkpt>
    <trkpt lat="34.474830" lon="-119.272570"></trkpt>
    <trkpt lat="34.475060" lon="-119.272240"></trkpt>
    <trkpt lat="34.475170" lon="-119.271950"></trkpt>
    <trkpt lat="34.475170" lon="-119.271830"></trkpt>
    <trkpt lat="34.475060" lon="-119.271770"></trkpt>
    <trkpt lat="34.474790" lon="-119.271840"></trkpt>
    <trkpt lat="34.474730" lon="-119.271790"></trkpt>
    <trkpt lat="34.474760" lon="-119.271710"></trkpt>
    <trkpt lat="34.474950" lon="-119.271670"></trkpt>
    <trkpt lat="34.475010" lon="-119.271680"></trkpt>
    <trkpt lat="34.475070" lon="-119.271650"></trkpt>
    <trkpt lat="34.475080" lon="-119.271610"></trkpt>
    <trkpt lat="34.474860" lon="-119.271360"></trkpt>
    <trkpt lat="34.474840" lon="-119.271260"></trkpt>
    <trkpt lat="34.474860" lon="-119.271160"></trkpt>
    <trkpt lat="34.474840" lon="-119.270810"></trkpt>
    <trkpt lat="34.474890" lon="-119.270700"></trkpt>
    <trkpt lat="34.474900" lon="-119.270590"></trkpt>
    <trkpt lat="34.474870" lon="-119.270460"></trkpt>
    <trkpt lat="34.474880" lon="-119.270220"></trkpt>
    <trkpt lat="34.474860" lon="-119.269920"></trkpt>
    <trkpt lat="34.474830" lon="-119.269850"></trkpt>
    <trkpt lat="34.474790" lon="-119.269830"></trkpt>
    <trkpt lat="34.474720" lon="-119.269730"></trkpt>
    <trkpt lat="34.474500" lon="-119.269760"></trkpt>
    <trkpt lat="34.474450" lon="-119.269720"></trkpt>
    <trkpt lat="34.474448" lon="-119.269720"></trkpt>
    <trkpt lat="34.474440" lon="-119.269450"></trkpt>
    <trkpt lat="34.474473" lon="-119.268950"></trkpt>
    <trkpt lat="34.474473" lon="-119.268950"></trkpt>
    <trkpt lat="34.474480" lon="-119.268850"></trkpt>
    <trkpt lat="34.474700" lon="-119.268600"></trkpt>
    <trkpt lat="34.474760" lon="-119.268420"></trkpt>
    <trkpt lat="34.474810" lon="-119.268400"></trkpt>
    <trkpt lat="34.475010" lon="-119.268420"></trkpt>
    <trkpt lat="34.475070" lon="-119.268380"></trkpt>
    <trkpt lat="34.475280" lon="-119.267900"></trkpt>
    <trkpt lat="34.475670" lon="-119.267770"></trkpt>
    <trkpt lat="34.475810" lon="-119.267580"></trkpt>
    <trkpt lat="34.475810" lon="-119.267580"></trkpt>
    <trkpt lat="34.475950" lon="-119.267300"></trkpt>
    <trkpt lat="34.475950" lon="-119.266890"></trkpt>
    <trkpt lat="34.476010" lon="-119.266620"></trkpt>
    <trkpt lat="34.476030" lon="-119.266320"></trkpt>
    <trkpt lat="34.476030" lon="-119.266320"></trkpt>
    <trkpt lat="34.476030" lon="-119.266320"></trkpt>
    <trkpt lat="34.475840" lon="-119.265090"></trkpt>
    <trkpt lat="34.475790" lon="-119.264910"></trkpt>
    <trkpt lat="34.475600" lon="-119.264520"></trkpt>
    <trkpt lat="34.475560" lon="-119.264370"></trkpt>
    <trkpt lat="34.475610" lon="-119.263370"></trkpt>
    <trkpt lat="34.475510" lon="-119.262910"></trkpt>
    <trkpt lat="34.475290" lon="-119.262160"></trkpt>
    <trkpt lat="34.475270" lon="-119.261730"></trkpt>
    <trkpt lat="34.475280" lon="-119.261330"></trkpt>
    <trkpt lat="34.475250" lon="-119.261230"></trkpt>
    <trkpt lat="34.475160" lon="-119.261100"></trkpt>
    <trkpt lat="34.474720" lon="-119.260640"></trkpt>
    <trkpt lat="34.474640" lon="-119.260510"></trkpt>
    <trkpt lat="34.474630" lon="-119.260300"></trkpt>
    <trkpt lat="34.474710" lon="-119.260050"></trkpt>
    <trkpt lat="34.474710" lon="-119.259970"></trkpt>
    <trkpt lat="34.474320" lon="-119.259490"></trkpt>
    <trkpt lat="34.474180" lon="-119.258970"></trkpt>
    <trkpt lat="34.474150" lon="-119.258900"></trkpt>
    <trkpt lat="34.474100" lon="-119.258860"></trkpt>
    <trkpt lat="34.473990" lon="-119.258870"></trkpt>
    <trkpt lat="34.473960" lon="-119.258910"></trkpt>
    <trkpt lat="34.473890" lon="-119.259110"></trkpt>
    <trkpt lat="34.473830" lon="-119.259120"></trkpt>
    <trkpt lat="34.473780" lon="-119.259100"></trkpt>
    <trkpt lat="34.473760" lon="-119.258970"></trkpt>
    <trkpt lat="34.473800" lon="-119.258620"></trkpt>
    <trkpt lat="34.473790" lon="-119.258510"></trkpt>
    <trkpt lat="34.473760" lon="-119.258390"></trkpt>
    <trkpt lat="34.473660" lon="-119.258220"></trkpt>
    <trkpt lat="34.473630" lon="-119.258120"></trkpt>
    <trkpt lat="34.473680" lon="-119.257930"></trkpt>
    <trkpt lat="34.473700" lon="-119.257660"></trkpt>
    <trkpt lat="34.473710" lon="-119.257620"></trkpt>
    <trkpt lat="34.473710" lon="-119.257620"></trkpt>
    <trkpt lat="34.473710" lon="-119.257620"></trkpt>
    <trkpt lat="34.473740" lon="-119.257610"></trkpt>
    <trkpt lat="34.473920" lon="-119.257800"></trkpt>
    <trkpt lat="34.474270" lon="-119.258040"></trkpt>
    <trkpt lat="34.474370" lon="-119.258080"></trkpt>
    <trkpt lat="34.474520" lon="-119.258080"></trkpt>
    <trkpt lat="34.474670" lon="-119.258140"></trkpt>
    <trkpt lat="34.474980" lon="-119.258410"></trkpt>
    <trkpt lat="34.475210" lon="-119.258720"></trkpt>
    <trkpt lat="34.475260" lon="-119.258830"></trkpt>
    <trkpt lat="34.475570" lon="-119.259120"></trkpt>
    <trkpt lat="34.475670" lon="-119.259160"></trkpt>
    <trkpt lat="34.475750" lon="-119.259110"></trkpt>
    <trkpt lat="34.475900" lon="-119.258900"></trkpt>
    <trkpt lat="34.476360" lon="-119.257940"></trkpt>
    <trkpt lat="34.476430" lon="-119.257680"></trkpt>
    <trkpt lat="34.476430" lon="-119.257680"></trkpt>
    <trkpt lat="34.476770" lon="-119.257210"></trkpt>
    <trkpt lat="34.476880" lon="-119.257100"></trkpt>
    <trkpt lat="34.477250" lon="-119.257050"></trkpt>
    <trkpt lat="34.477390" lon="-119.256960"></trkpt>
    <trkpt lat="34.477680" lon="-119.256530"></trkpt>
    <trkpt lat="34.477810" lon="-119.256420"></trkpt>
    <trkpt lat="34.477970" lon="-119.256370"></trkpt>
    <trkpt lat="34.478220" lon="-119.256360"></trkpt>
    <trkpt lat="34.478350" lon="-119.256510"></trkpt>
    <trkpt lat="34.478480" lon="-119.256740"></trkpt>
    <trkpt lat="34.478500" lon="-119.256950"></trkpt>
    <trkpt lat="34.478570" lon="-119.257170"></trkpt>
    <trkpt lat="34.478610" lon="-119.257390"></trkpt>
    <trkpt lat="34.478580" lon="-119.257950"></trkpt>
    <trkpt lat="34.478620" lon="-119.258160"></trkpt>
    <trkpt lat="34.478600" lon="-119.258320"></trkpt>
    <trkpt lat="34.478670" lon="-119.258440"></trkpt>
    <trkpt lat="34.478770" lon="-119.258510"></trkpt>
    <trkpt lat="34.478840" lon="-119.258650"></trkpt>
    <trkpt lat="34.479090" lon="-119.258760"></trkpt>
    <trkpt lat="34.479320" lon="-119.258810"></trkpt>
    <trkpt lat="34.479450" lon="-119.258980"></trkpt>
    <trkpt lat="34.479520" lon="-119.259000"></trkpt>
    <trkpt lat="34.479630" lon="-119.258960"></trkpt>
    <trkpt lat="34.479810" lon="-119.258970"></trkpt>
    <trkpt lat="34.479890" lon="-119.259060"></trkpt>
    <trkpt lat="34.479970" lon="-119.259280"></trkpt>
    <trkpt lat="34.480280" lon="-119.259340"></trkpt>
    <trkpt lat="34.480340" lon="-119.259410"></trkpt>
    <trkpt lat="34.480330" lon="-119.259690"></trkpt>
    <trkpt lat="34.480380" lon="-119.259790"></trkpt>
    <trkpt lat="34.480480" lon="-119.259810"></trkpt>
    <trkpt lat="34.480490" lon="-119.259740"></trkpt>
    <trkpt lat="34.480440" lon="-119.259610"></trkpt>
    <trkpt lat="34.480470" lon="-119.259470"></trkpt>
    <trkpt lat="34.480530" lon="-119.259380"></trkpt>
    <trkpt lat="34.480500" lon="-119.259280"></trkpt>
    <trkpt lat="34.480370" lon="-119.259080"></trkpt>
    <trkpt lat="34.480290" lon="-119.259020"></trkpt>
    <trkpt lat="34.480210" lon="-119.258900"></trkpt>
    <trkpt lat="34.480180" lon="-119.258770"></trkpt>
    <trkpt lat="34.479920" lon="-119.258450"></trkpt>
    <trkpt lat="34.479900" lon="-119.258360"></trkpt>
    <trkpt lat="34.479940" lon="-119.258280"></trkpt>
    <trkpt lat="34.480000" lon="-119.258260"></trkpt>
    <trkpt lat="34.480170" lon="-119.258320"></trkpt>
    <trkpt lat="34.480106" lon="-119.258403"></trkpt>
    <trkpt lat="34.480106" lon="-119.258403"></trkpt>
    <trkpt lat="34.480100" lon="-119.258410"></trkpt>
    <trkpt lat="34.480230" lon="-119.258470"></trkpt>
    <trkpt lat="34.480540" lon="-119.258740"></trkpt>
    <trkpt lat="34.480670" lon="-119.258800"></trkpt>
    <trkpt lat="34.480960" lon="-119.259130"></trkpt>
    <trkpt lat="34.481010" lon="-119.259110"></trkpt>
    <trkpt lat="34.480920" lon="-119.258980"></trkpt>
    <trkpt lat="34.480880" lon="-119.258810"></trkpt>
    <trkpt lat="34.480800" lon="-119.258720"></trkpt>
    <trkpt lat="34.480650" lon="-119.258430"></trkpt>
    <trkpt lat="34.480680" lon="-119.258350"></trkpt>
    <trkpt lat="34.480790" lon="-119.258230"></trkpt>
    <trkpt lat="34.480890" lon="-119.258180"></trkpt>
    <trkpt lat="34.480960" lon="-119.258060"></trkpt>
    <trkpt lat="34.481060" lon="-119.258050"></trkpt>
    <trkpt lat="34.481200" lon="-119.257900"></trkpt>
    <trkpt lat="34.481350" lon="-119.257520"></trkpt>
    <trkpt lat="34.481330" lon="-119.257390"></trkpt>
    <trkpt lat="34.481270" lon="-119.257320"></trkpt>
    <trkpt lat="34.481300" lon="-119.257040"></trkpt>
    <trkpt lat="34.481340" lon="-119.256920"></trkpt>
    <trkpt lat="34.481450" lon="-119.256840"></trkpt>
    <trkpt lat="34.481520" lon="-119.256840"></trkpt>
    <trkpt lat="34.481590" lon="-119.256790"></trkpt>
    <trkpt lat="34.481660" lon="-119.256650"></trkpt>
    <trkpt lat="34.482020" lon="-119.256240"></trkpt>
    <trkpt lat="34.482160" lon="-119.256140"></trkpt>
    <trkpt lat="34.482260" lon="-119.255990"></trkpt>
    <trkpt lat="34.482290" lon="-119.256040"></trkpt>
    <trkpt lat="34.482030" lon="-119.256530"></trkpt>
    <trkpt lat="34.482120" lon="-119.256520"></trkpt>
    <trkpt lat="34.482190" lon="-119.256460"></trkpt>
    <trkpt lat="34.482270" lon="-119.256350"></trkpt>
    <trkpt lat="34.482370" lon="-119.256290"></trkpt>
    <trkpt lat="34.482570" lon="-119.256060"></trkpt>
    <trkpt lat="34.482620" lon="-119.255930"></trkpt>
    <trkpt lat="34.482730" lon="-119.255870"></trkpt>
    <trkpt lat="34.482900" lon="-119.255820"></trkpt>
    <trkpt lat="34.483050" lon="-119.255820"></trkpt>
    <trkpt lat="34.483200" lon="-119.255750"></trkpt>
    <trkpt lat="34.483330" lon="-119.255610"></trkpt>
    <trkpt lat="34.483410" lon="-119.255440"></trkpt>
    <trkpt lat="34.483520" lon="-119.255340"></trkpt>
    <trkpt lat="34.483450" lon="-119.255560"></trkpt>
    <trkpt lat="34.483430" lon="-119.255800"></trkpt>
    <trkpt lat="34.483500" lon="-119.255680"></trkpt>
    <trkpt lat="34.483540" lon="-119.255550"></trkpt>
    <trkpt lat="34.483590" lon="-119.255460"></trkpt>
    <trkpt lat="34.483780" lon="-119.255340"></trkpt>
    <trkpt lat="34.483890" lon="-119.255320"></trkpt>
    <trkpt lat="34.484160" lon="-119.255080"></trkpt>
    <trkpt lat="34.484430" lon="-119.255260"></trkpt>
    <trkpt lat="34.484580" lon="-119.255220"></trkpt>
    <trkpt lat="34.484680" lon="-119.255010"></trkpt>
    <trkpt lat="34.484850" lon="-119.254920"></trkpt>
    <trkpt lat="34.484930" lon="-119.254830"></trkpt>
    <trkpt lat="34.484940" lon="-119.254570"></trkpt>
    <trkpt lat="34.484970" lon="-119.254510"></trkpt>
    <trkpt lat="34.484960" lon="-119.254360"></trkpt>
    <trkpt lat="34.484990" lon="-119.254300"></trkpt>
    <trkpt lat="34.485000" lon="-119.254150"></trkpt>
    <trkpt lat="34.485050" lon="-119.254060"></trkpt>
    <trkpt lat="34.485130" lon="-119.254000"></trkpt>
    <trkpt lat="34.485140" lon="-119.253950"></trkpt>
    <trkpt lat="34.485240" lon="-119.253880"></trkpt>
    <trkpt lat="34.485380" lon="-119.253700"></trkpt>
    <trkpt lat="34.485430" lon="-119.253540"></trkpt>
    <trkpt lat="34.485430" lon="-119.253380"></trkpt>
    <trkpt lat="34.485540" lon="-119.253270"></trkpt>
    <trkpt lat="34.485620" lon="-119.253230"></trkpt>
    <trkpt lat="34.485655" lon="-119.253253"></trkpt>
    <trkpt lat="34.485655" lon="-119.253253"></trkpt>
    <trkpt lat="34.485710" lon="-119.253290"></trkpt>
    <trkpt lat="34.485760" lon="-119.253390"></trkpt>
    <trkpt lat="34.485800" lon="-119.253760"></trkpt>
    <trkpt lat="34.485850" lon="-119.253910"></trkpt>
    <trkpt lat="34.485950" lon="-119.254050"></trkpt>
    <trkpt lat="34.486050" lon="-119.254300"></trkpt>
    <trkpt lat="34.486130" lon="-119.254400"></trkpt>
    <trkpt lat="34.486300" lon="-119.254740"></trkpt>
    <trkpt lat="34.486400" lon="-119.254840"></trkpt>
    <trkpt lat="34.486480" lon="-119.255120"></trkpt>
    <trkpt lat="34.486640" lon="-119.255100"></trkpt>
    <trkpt lat="34.486750" lon="-119.255210"></trkpt>
    <trkpt lat="34.486850" lon="-119.255420"></trkpt>
    <trkpt lat="34.486880" lon="-119.255560"></trkpt>
    <trkpt lat="34.486860" lon="-119.255820"></trkpt>
    <trkpt lat="34.487040" lon="-119.255830"></trkpt>
    <trkpt lat="34.487360" lon="-119.255650"></trkpt>
    <trkpt lat="34.487520" lon="-119.255690"></trkpt>
    <trkpt lat="34.487650" lon="-119.255630"></trkpt>
    <trkpt lat="34.487840" lon="-119.255610"></trkpt>
    <trkpt lat="34.487910" lon="-119.255480"></trkpt>
    <trkpt lat="34.487800" lon="-119.255200"></trkpt>
    <trkpt lat="34.487830" lon="-119.255090"></trkpt>
    <trkpt lat="34.488010" lon="-119.255010"></trkpt>
    <trkpt lat="34.488450" lon="-119.255130"></trkpt>
    <trkpt lat="34.488450" lon="-119.255130"></trkpt>
    <trkpt lat="34.488550" lon="-119.255130"></trkpt>
    <trkpt lat="34.488680" lon="-119.255070"></trkpt>
    <trkpt lat="34.488830" lon="-119.255040"></trkpt>
    <trkpt lat="34.488940" lon="-119.255080"></trkpt>
    <trkpt lat="34.489060" lon="-119.255020"></trkpt>
    <trkpt lat="34.489160" lon="-119.254930"></trkpt>
    <trkpt lat="34.489270" lon="-119.254930"></trkpt>
    <trkpt lat="34.489400" lon="-119.254980"></trkpt>
    <trkpt lat="34.489540" lon="-119.254950"></trkpt>
    <trkpt lat="34.489660" lon="-119.254990"></trkpt>
    <trkpt lat="34.489820" lon="-119.254970"></trkpt>
    <trkpt lat="34.490080" lon="-119.254810"></trkpt>
    <trkpt lat="34.490380" lon="-119.254350"></trkpt>
    <trkpt lat="34.490360" lon="-119.254500"></trkpt>
    <trkpt lat="34.490270" lon="-119.254770"></trkpt>
    <trkpt lat="34.490270" lon="-119.254900"></trkpt>
    <trkpt lat="34.490520" lon="-119.254920"></trkpt>
    <trkpt lat="34.490690" lon="-119.255040"></trkpt>
    <trkpt lat="34.490990" lon="-119.255060"></trkpt>
    <trkpt lat="34.491060" lon="-119.255120"></trkpt>
    <trkpt lat="34.491280" lon="-119.254890"></trkpt>
    <trkpt lat="34.491380" lon="-119.254840"></trkpt>
    <trkpt lat="34.491440" lon="-119.254710"></trkpt>
    <trkpt lat="34.491570" lon="-119.254640"></trkpt>
    <trkpt lat="34.491640" lon="-119.254550"></trkpt>
    <trkpt lat="34.491790" lon="-119.254450"></trkpt>
    <trkpt lat="34.492120" lon="-119.254080"></trkpt>
    <trkpt lat="34.492280" lon="-119.253930"></trkpt>
    <trkpt lat="34.492520" lon="-119.253440"></trkpt>
    <trkpt lat="34.492580" lon="-119.253060"></trkpt>
    <trkpt lat="34.492580" lon="-119.252940"></trkpt>
    <trkpt lat="34.492620" lon="-119.252860"></trkpt>
    <trkpt lat="34.492770" lon="-119.252820"></trkpt>
    <trkpt lat="34.492990" lon="-119.252920"></trkpt>
    <trkpt lat="34.493770" lon="-119.252640"></trkpt>
    <trkpt lat="34.493990" lon="-119.252840"></trkpt>
    <trkpt lat="34.494260" lon="-119.252870"></trkpt>
    <trkpt lat="34.494420" lon="-119.252450"></trkpt>
    <trkpt lat="34.494880" lon="-119.252050"></trkpt>
    <trkpt lat="34.495150" lon="-119.252410"></trkpt>
    <trkpt lat="34.495440" lon="-119.252170"></trkpt>
    <trkpt lat="34.495540" lon="-119.252220"></trkpt>
    <trkpt lat="34.495740" lon="-119.252060"></trkpt>
    <trkpt lat="34.495860" lon="-119.251870"></trkpt>
    <trkpt lat="34.495980" lon="-119.251920"></trkpt>
    <trkpt lat="34.496110" lon="-119.251890"></trkpt>
    <trkpt lat="34.496220" lon="-119.251730"></trkpt>
    <trkpt lat="34.496270" lon="-119.251550"></trkpt>
    <trkpt lat="34.496210" lon="-119.251480"></trkpt>
    <trkpt lat="34.496280" lon="-119.251270"></trkpt>
    <trkpt lat="34.496260" lon="-119.251120"></trkpt>
    <trkpt lat="34.496210" lon="-119.250990"></trkpt>
    <trkpt lat="34.496290" lon="-119.250870"></trkpt>
    <trkpt lat="34.496750" lon="-119.250910"></trkpt>
    <trkpt lat="34.496860" lon="-119.250850"></trkpt>
    <trkpt lat="34.496930" lon="-119.250730"></trkpt>
    <trkpt lat="34.496930" lon="-119.250620"></trkpt>
    <trkpt lat="34.496980" lon="-119.250480"></trkpt>
    <trkpt lat="34.497190" lon="-119.250330"></trkpt>
    <trkpt lat="34.497370" lon="-119.250130"></trkpt>
    <trkpt lat="34.497410" lon="-119.250140"></trkpt>
    <trkpt lat="34.497510" lon="-119.250720"></trkpt>
    <trkpt lat="34.497580" lon="-119.250870"></trkpt>
    <trkpt lat="34.497590" lon="-119.251300"></trkpt>
    <trkpt lat="34.497760" lon="-119.251570"></trkpt>
    <trkpt lat="34.497830" lon="-119.251730"></trkpt>
    <trkpt lat="34.497820" lon="-119.251930"></trkpt>
    <trkpt lat="34.497740" lon="-119.252100"></trkpt>
    <trkpt lat="34.497710" lon="-119.252270"></trkpt>
    <trkpt lat="34.497740" lon="-119.252530"></trkpt>
    <trkpt lat="34.497680" lon="-119.252780"></trkpt>
    <trkpt lat="34.497590" lon="-119.252950"></trkpt>
    <trkpt lat="34.497591" lon="-119.252954"></trkpt>
    <trkpt lat="34.497670" lon="-119.252930"></trkpt>
    <trkpt lat="34.497720" lon="-119.252890"></trkpt>
    <trkpt lat="34.497780" lon="-119.252680"></trkpt>
    <trkpt lat="34.497840" lon="-119.252570"></trkpt>
    <trkpt lat="34.497840" lon="-119.252260"></trkpt>
    <trkpt lat="34.497970" lon="-119.251890"></trkpt>
    <trkpt lat="34.497980" lon="-119.251730"></trkpt>
    <trkpt lat="34.497970" lon="-119.251480"></trkpt>
    <trkpt lat="34.497890" lon="-119.251290"></trkpt>
    <trkpt lat="34.497870" lon="-119.251100"></trkpt>
    <trkpt lat="34.497920" lon="-119.250850"></trkpt>
    <trkpt lat="34.497960" lon="-119.249840"></trkpt>
    <trkpt lat="34.497850" lon="-119.249280"></trkpt>
    <trkpt lat="34.497580" lon="-119.248740"></trkpt>
    <trkpt lat="34.497390" lon="-119.248560"></trkpt>
    <trkpt lat="34.497270" lon="-119.248550"></trkpt>
    <trkpt lat="34.497180" lon="-119.248650"></trkpt>
    <trkpt lat="34.497150" lon="-119.248800"></trkpt>
    <trkpt lat="34.497090" lon="-119.248890"></trkpt>
    <trkpt lat="34.497000" lon="-119.248920"></trkpt>
    <trkpt lat="34.496840" lon="-119.249060"></trkpt>
    <trkpt lat="34.496700" lon="-119.249060"></trkpt>
    <trkpt lat="34.496580" lon="-119.249140"></trkpt>
    <trkpt lat="34.496300" lon="-119.249130"></trkpt>
    <trkpt lat="34.495940" lon="-119.249000"></trkpt>
    <trkpt lat="34.495730" lon="-119.249030"></trkpt>
    <trkpt lat="34.495630" lon="-119.249010"></trkpt>
    <trkpt lat="34.495640" lon="-119.248920"></trkpt>
    <trkpt lat="34.495740" lon="-119.248700"></trkpt>
    <trkpt lat="34.495870" lon="-119.248340"></trkpt>
    <trkpt lat="34.495890" lon="-119.248230"></trkpt>
    <trkpt lat="34.495830" lon="-119.247980"></trkpt>
    <trkpt lat="34.495860" lon="-119.247890"></trkpt>
    <trkpt lat="34.496040" lon="-119.247700"></trkpt>
    <trkpt lat="34.496360" lon="-119.247530"></trkpt>
    <trkpt lat="34.496480" lon="-119.247420"></trkpt>
    <trkpt lat="34.496570" lon="-119.247300"></trkpt>
    <trkpt lat="34.496680" lon="-119.247080"></trkpt>
    <trkpt lat="34.496720" lon="-119.246800"></trkpt>
    <trkpt lat="34.496950" lon="-119.246350"></trkpt>
    <trkpt lat="34.496990" lon="-119.246090"></trkpt>
    <trkpt lat="34.497100" lon="-119.245820"></trkpt>
    <trkpt lat="34.497160" lon="-119.245610"></trkpt>
    <trkpt lat="34.497160" lon="-119.245610"></trkpt>
    <trkpt lat="34.497210" lon="-119.244630"></trkpt>
    <trkpt lat="34.497050" lon="-119.243880"></trkpt>
    <trkpt lat="34.497010" lon="-119.243770"></trkpt>
    <trkpt lat="34.496890" lon="-119.243680"></trkpt>
    <trkpt lat="34.496870" lon="-119.243610"></trkpt>
    <trkpt lat="34.496880" lon="-119.243530"></trkpt>
    <trkpt lat="34.496930" lon="-119.243450"></trkpt>
    <trkpt lat="34.497110" lon="-119.243320"></trkpt>
    <trkpt lat="34.497170" lon="-119.243210"></trkpt>
    <trkpt lat="34.497140" lon="-119.242790"></trkpt>
    <trkpt lat="34.497160" lon="-119.242670"></trkpt>
    <trkpt lat="34.497160" lon="-119.242670"></trkpt>
    <trkpt lat="34.497200" lon="-119.242500"></trkpt>
    <trkpt lat="34.497370" lon="-119.242190"></trkpt>
    <trkpt lat="34.497370" lon="-119.242190"></trkpt>
    <trkpt lat="34.497370" lon="-119.242190"></trkpt>
    <trkpt lat="34.497560" lon="-119.241950"></trkpt>
    <trkpt lat="34.497850" lon="-119.241710"></trkpt>
    <trkpt lat="34.498230" lon="-119.241510"></trkpt>
    <trkpt lat="34.498450" lon="-119.241350"></trkpt>
    <trkpt lat="34.498520" lon="-119.241280"></trkpt>
    <trkpt lat="34.498700" lon="-119.240890"></trkpt>
    <trkpt lat="34.498920" lon="-119.240570"></trkpt>
    <trkpt lat="34.498990" lon="-119.240380"></trkpt>
    <trkpt lat="34.499030" lon="-119.240200"></trkpt>
    <trkpt lat="34.499120" lon="-119.240030"></trkpt>
    <trkpt lat="34.499220" lon="-119.239460"></trkpt>
    <trkpt lat="34.499420" lon="-119.238970"></trkpt>
    <trkpt lat="34.499610" lon="-119.238710"></trkpt>
    <trkpt lat="34.499640" lon="-119.238620"></trkpt>
    <trkpt lat="34.499650" lon="-119.238220"></trkpt>
    <trkpt lat="34.499690" lon="-119.238080"></trkpt>
    <trkpt lat="34.499760" lon="-119.238010"></trkpt>
    <trkpt lat="34.499910" lon="-119.237960"></trkpt>
    <trkpt lat="34.499990" lon="-119.237870"></trkpt>
    <trkpt lat="34.500020" lon="-119.237790"></trkpt>
    <trkpt lat="34.500050" lon="-119.237580"></trkpt>
    <trkpt lat="34.500160" lon="-119.237240"></trkpt>
    <trkpt lat="34.500350" lon="-119.237020"></trkpt>
    <trkpt lat="34.500380" lon="-119.236530"></trkpt>
    <trkpt lat="34.500400" lon="-119.236430"></trkpt>
    <trkpt lat="34.500460" lon="-119.236300"></trkpt>
    <trkpt lat="34.500470" lon="-119.236150"></trkpt>
    <trkpt lat="34.500540" lon="-119.235880"></trkpt>
    <trkpt lat="34.500670" lon="-119.235670"></trkpt>
    <trkpt lat="34.500720" lon="-119.235660"></trkpt>
    <trkpt lat="34.500760" lon="-119.235680"></trkpt>
    <trkpt lat="34.500800" lon="-119.235850"></trkpt>
    <trkpt lat="34.500880" lon="-119.235970"></trkpt>
    <trkpt lat="34.501130" lon="-119.236060"></trkpt>
    <trkpt lat="34.501410" lon="-119.235960"></trkpt>
    <trkpt lat="34.501670" lon="-119.235980"></trkpt>
    <trkpt lat="34.502370" lon="-119.235760"></trkpt>
    <trkpt lat="34.502540" lon="-119.235810"></trkpt>
    <trkpt lat="34.502740" lon="-119.235980"></trkpt>
    <trkpt lat="34.503000" lon="-119.236020"></trkpt>
    <trkpt lat="34.503210" lon="-119.236170"></trkpt>
    <trkpt lat="34.503340" lon="-119.236190"></trkpt>
    <trkpt lat="34.503470" lon="-119.236140"></trkpt>
    <trkpt lat="34.503570" lon="-119.236010"></trkpt>
    <trkpt lat="34.503610" lon="-119.235880"></trkpt>
    <trkpt lat="34.503670" lon="-119.235290"></trkpt>
    <trkpt lat="34.503720" lon="-119.235200"></trkpt>
    <trkpt lat="34.503800" lon="-119.235150"></trkpt>
    <trkpt lat="34.503860" lon="-119.235200"></trkpt>
    <trkpt lat="34.503830" lon="-119.235600"></trkpt>
    <trkpt lat="34.503810" lon="-119.235880"></trkpt>
    <trkpt lat="34.503700" lon="-119.236360"></trkpt>
    <trkpt lat="34.503700" lon="-119.236510"></trkpt>
    <trkpt lat="34.503730" lon="-119.236650"></trkpt>
    <trkpt lat="34.503790" lon="-119.236680"></trkpt>
    <trkpt lat="34.503820" lon="-119.236600"></trkpt>
    <trkpt lat="34.503800" lon="-119.236470"></trkpt>
    <trkpt lat="34.503810" lon="-119.236300"></trkpt>
    <trkpt lat="34.504020" lon="-119.235980"></trkpt>
    <trkpt lat="34.504100" lon="-119.235700"></trkpt>
    <trkpt lat="34.504160" lon="-119.235610"></trkpt>
    <trkpt lat="34.504250" lon="-119.235540"></trkpt>
    <trkpt lat="34.504460" lon="-119.235490"></trkpt>
    <trkpt lat="34.504540" lon="-119.235430"></trkpt>
    <trkpt lat="34.504550" lon="-119.235340"></trkpt>
    <trkpt lat="34.504500" lon="-119.235080"></trkpt>
    <trkpt lat="34.504590" lon="-119.234980"></trkpt>
    <trkpt lat="34.505020" lon="-119.234670"></trkpt>
    <trkpt lat="34.505340" lon="-119.234310"></trkpt>
    <trkpt lat="34.505569" lon="-119.233856"></trkpt>
    <trkpt lat="34.505585" lon="-119.233825"></trkpt>
    <trkpt lat="34.505860" lon="-119.233280"></trkpt>
    <trkpt lat="34.505910" lon="-119.233260"></trkpt>
    <trkpt lat="34.506400" lon="-119.233210"></trkpt>
    <trkpt lat="34.506560" lon="-119.233140"></trkpt>
    <trkpt lat="34.506560" lon="-119.233140"></trkpt>
    <trkpt lat="34.506640" lon="-119.233050"></trkpt>
    <trkpt lat="34.507050" lon="-119.232320"></trkpt>
    <trkpt lat="34.507090" lon="-119.232190"></trkpt>
    <trkpt lat="34.507090" lon="-119.231920"></trkpt>
    <trkpt lat="34.506920" lon="-119.231370"></trkpt>
    <trkpt lat="34.506910" lon="-119.231140"></trkpt>
    <trkpt lat="34.506920" lon="-119.231050"></trkpt>
    <trkpt lat="34.507210" lon="-119.230790"></trkpt>
    <trkpt lat="34.507260" lon="-119.230630"></trkpt>
    <trkpt lat="34.507510" lon="-119.230340"></trkpt>
    <trkpt lat="34.507630" lon="-119.230130"></trkpt>
    <trkpt lat="34.507710" lon="-119.229960"></trkpt>
    <trkpt lat="34.507720" lon="-119.229850"></trkpt>
    <trkpt lat="34.507650" lon="-119.229580"></trkpt>
    <trkpt lat="34.507670" lon="-119.229480"></trkpt>
    <trkpt lat="34.507700" lon="-119.229440"></trkpt>
    <trkpt lat="34.507770" lon="-119.229430"></trkpt>
    <trkpt lat="34.508300" lon="-119.229600"></trkpt>
    <trkpt lat="34.508490" lon="-119.229600"></trkpt>
    <trkpt lat="34.508600" lon="-119.229520"></trkpt>
    <trkpt lat="34.508810" lon="-119.229260"></trkpt>
    <trkpt lat="34.509080" lon="-119.229110"></trkpt>
    <trkpt lat="34.509450" lon="-119.228980"></trkpt>
    <trkpt lat="34.509630" lon="-119.228830"></trkpt>
    <trkpt lat="34.510090" lon="-119.227950"></trkpt>
    <trkpt lat="34.510210" lon="-119.227600"></trkpt>
    <trkpt lat="34.510320" lon="-119.227430"></trkpt>
    <trkpt lat="34.510390" lon="-119.227250"></trkpt>
    <trkpt lat="34.510400" lon="-119.227070"></trkpt>
    <trkpt lat="34.510280" lon="-119.226790"></trkpt>
    <trkpt lat="34.510280" lon="-119.226690"></trkpt>
    <trkpt lat="34.510310" lon="-119.226640"></trkpt>
    <trkpt lat="34.510460" lon="-119.226530"></trkpt>
    <trkpt lat="34.510600" lon="-119.226540"></trkpt>
    <trkpt lat="34.510660" lon="-119.226600"></trkpt>
    <trkpt lat="34.510720" lon="-119.226790"></trkpt>
    <trkpt lat="34.510710" lon="-119.227170"></trkpt>
    <trkpt lat="34.510730" lon="-119.227210"></trkpt>
    <trkpt lat="34.510760" lon="-119.227240"></trkpt>
    <trkpt lat="34.510830" lon="-119.227230"></trkpt>
    <trkpt lat="34.510930" lon="-119.227090"></trkpt>
    <trkpt lat="34.511070" lon="-119.226670"></trkpt>
    <trkpt lat="34.511090" lon="-119.226360"></trkpt>
    <trkpt lat="34.511110" lon="-119.226330"></trkpt>
    <trkpt lat="34.511230" lon="-119.226280"></trkpt>
    <trkpt lat="34.511270" lon="-119.226230"></trkpt>
    <trkpt lat="34.511560" lon="-119.225510"></trkpt>
    <trkpt lat="34.511650" lon="-119.225410"></trkpt>
    <trkpt lat="34.511760" lon="-119.225360"></trkpt>
    <trkpt lat="34.511820" lon="-119.225280"></trkpt>
    <trkpt lat="34.511930" lon="-119.224810"></trkpt>
    <trkpt lat="34.511960" lon="-119.223970"></trkpt>
    <trkpt lat="34.512020" lon="-119.223840"></trkpt>
    <trkpt lat="34.512220" lon="-119.223630"></trkpt>
    <trkpt lat="34.512220" lon="-119.223630"></trkpt>
    <trkpt lat="34.512670" lon="-119.223270"></trkpt>
    <trkpt lat="34.512940" lon="-119.223200"></trkpt>
    <trkpt lat="34.512970" lon="-119.223160"></trkpt>
    <trkpt lat="34.512960" lon="-119.223080"></trkpt>
    <trkpt lat="34.512780" lon="-119.222820"></trkpt>
    <trkpt lat="34.512780" lon="-119.222740"></trkpt>
    <trkpt lat="34.513090" lon="-119.222430"></trkpt>
    <trkpt lat="34.513150" lon="-119.222330"></trkpt>
    <trkpt lat="34.513180" lon="-119.222230"></trkpt>
    <trkpt lat="34.513090" lon="-119.222050"></trkpt>
    <trkpt lat="34.513100" lon="-119.221940"></trkpt>
    <trkpt lat="34.513420" lon="-119.221790"></trkpt>
    <trkpt lat="34.513530" lon="-119.221660"></trkpt>
    <trkpt lat="34.513530" lon="-119.221581"></trkpt>
    <trkpt lat="34.513530" lon="-119.221581"></trkpt>
    <trkpt lat="34.513530" lon="-119.221540"></trkpt>
    <trkpt lat="34.513350" lon="-119.221300"></trkpt>
    <trkpt lat="34.513370" lon="-119.220960"></trkpt>
    <trkpt lat="34.513460" lon="-119.220810"></trkpt>
    <trkpt lat="34.513890" lon="-119.220320"></trkpt>
    <trkpt lat="34.513900" lon="-119.220010"></trkpt>
    <trkpt lat="34.513920" lon="-119.219920"></trkpt>
    <trkpt lat="34.513970" lon="-119.219840"></trkpt>
    <trkpt lat="34.514235" lon="-119.219582"></trkpt>
    <trkpt lat="34.514235" lon="-119.219582"></trkpt>
    <trkpt lat="34.514325" lon="-119.219494"></trkpt>
    <trkpt lat="34.514325" lon="-119.219494"></trkpt>
    <trkpt lat="34.514360" lon="-119.219460"></trkpt>
    <trkpt lat="34.514380" lon="-119.219170"></trkpt>
    <trkpt lat="34.514330" lon="-119.218940"></trkpt>
    <trkpt lat="34.514330" lon="-119.218860"></trkpt>
    <trkpt lat="34.514380" lon="-119.218830"></trkpt>
    <trkpt lat="34.514710" lon="-119.218840"></trkpt>
    <trkpt lat="34.514810" lon="-119.218810"></trkpt>
    <trkpt lat="34.514874" lon="-119.218781"></trkpt>
    <trkpt lat="34.514874" lon="-119.218781"></trkpt>
    <trkpt lat="34.514990" lon="-119.218730"></trkpt>
    <trkpt lat="34.515050" lon="-119.218630"></trkpt>
    <trkpt lat="34.515020" lon="-119.218400"></trkpt>
    <trkpt lat="34.514950" lon="-119.218190"></trkpt>
    <trkpt lat="34.514900" lon="-119.218070"></trkpt>
    <trkpt lat="34.514760" lon="-119.217870"></trkpt>
    <trkpt lat="34.514620" lon="-119.217490"></trkpt>
    <trkpt lat="34.514590" lon="-119.217210"></trkpt>
    <trkpt lat="34.514480" lon="-119.216570"></trkpt>
    <trkpt lat="34.514340" lon="-119.216200"></trkpt>
    <trkpt lat="34.514330" lon="-119.216070"></trkpt>
    <trkpt lat="34.514400" lon="-119.215790"></trkpt>
    <trkpt lat="34.514610" lon="-119.215190"></trkpt>
    <trkpt lat="34.514760" lon="-119.214630"></trkpt>
    <trkpt lat="34.515050" lon="-119.213920"></trkpt>
    <trkpt lat="34.515090" lon="-119.213700"></trkpt>
    <trkpt lat="34.515120" lon="-119.212770"></trkpt>
    <trkpt lat="34.515160" lon="-119.212570"></trkpt>
    <trkpt lat="34.515240" lon="-119.212240"></trkpt>
    <trkpt lat="34.515440" lon="-119.211700"></trkpt>
    <trkpt lat="34.515560" lon="-119.211530"></trkpt>
    <trkpt lat="34.515700" lon="-119.211110"></trkpt>
    <trkpt lat="34.515810" lon="-119.210420"></trkpt>
    <trkpt lat="34.515810" lon="-119.209890"></trkpt>
    <trkpt lat="34.515860" lon="-119.209640"></trkpt>
    <trkpt lat="34.515970" lon="-119.209420"></trkpt>
    <trkpt lat="34.516110" lon="-119.208930"></trkpt>
    <trkpt lat="34.516537" lon="-119.208364"></trkpt>
    <trkpt lat="34.516538" lon="-119.208363"></trkpt>
    <trkpt lat="34.516540" lon="-119.208360"></trkpt>
    <trkpt lat="34.516580" lon="-119.208240"></trkpt>
    <trkpt lat="34.516430" lon="-119.207540"></trkpt>
    <trkpt lat="34.516430" lon="-119.207360"></trkpt>
    <trkpt lat="34.516750" lon="-119.205640"></trkpt>
    <trkpt lat="34.516850" lon="-119.205220"></trkpt>
    <trkpt lat="34.517050" lon="-119.204610"></trkpt>
    <trkpt lat="34.517070" lon="-119.204150"></trkpt>
    <trkpt lat="34.517050" lon="-119.203670"></trkpt>
    <trkpt lat="34.516890" lon="-119.202600"></trkpt>
    <trkpt lat="34.516900" lon="-119.202270"></trkpt>
    <trkpt lat="34.516990" lon="-119.201840"></trkpt>
    <trkpt lat="34.516980" lon="-119.201660"></trkpt>
    <trkpt lat="34.516980" lon="-119.201660"></trkpt>
    <trkpt lat="34.516960" lon="-119.201450"></trkpt>
    <trkpt lat="34.516990" lon="-119.201160"></trkpt>
    <trkpt lat="34.517140" lon="-119.200330"></trkpt>
    <trkpt lat="34.517290" lon="-119.199880"></trkpt>
    <trkpt lat="34.517800" lon="-119.198870"></trkpt>
    <trkpt lat="34.518130" lon="-119.198510"></trkpt>
    <trkpt lat="34.518780" lon="-119.197650"></trkpt>
    <trkpt lat="34.519220" lon="-119.197140"></trkpt>
    <trkpt lat="34.519250" lon="-119.197060"></trkpt>
    <trkpt lat="34.519239" lon="-119.197041"></trkpt>
    <trkpt lat="34.519239" lon="-119.197041"></trkpt>
    <trkpt lat="34.519220" lon="-119.197010"></trkpt>
    <trkpt lat="34.519040" lon="-119.196950"></trkpt>
    <trkpt lat="34.518980" lon="-119.196890"></trkpt>
    <trkpt lat="34.518970" lon="-119.196790"></trkpt>
    <trkpt lat="34.519020" lon="-119.196370"></trkpt>
    <trkpt lat="34.518850" lon="-119.195840"></trkpt>
    <trkpt lat="34.518810" lon="-119.195480"></trkpt>
    <trkpt lat="34.518500" lon="-119.194920"></trkpt>
    <trkpt lat="34.518300" lon="-119.194600"></trkpt>
    <trkpt lat="34.518250" lon="-119.194410"></trkpt>
    <trkpt lat="34.518180" lon="-119.192920"></trkpt>
    <trkpt lat="34.518100" lon="-119.192550"></trkpt>
    <trkpt lat="34.517970" lon="-119.192200"></trkpt>
    <trkpt lat="34.517900" lon="-119.191910"></trkpt>
    <trkpt lat="34.517870" lon="-119.191110"></trkpt>
    <trkpt lat="34.518000" lon="-119.189840"></trkpt>
    <trkpt lat="34.518010" lon="-119.189370"></trkpt>
    <trkpt lat="34.518010" lon="-119.189370"></trkpt>
    <trkpt lat="34.518010" lon="-119.189370"></trkpt>
    <trkpt lat="34.517790" lon="-119.188810"></trkpt>
    <trkpt lat="34.517530" lon="-119.188280"></trkpt>
    <trkpt lat="34.517480" lon="-119.188070"></trkpt>
    <trkpt lat="34.517500" lon="-119.187820"></trkpt>
    <trkpt lat="34.517660" lon="-119.187330"></trkpt>
    <trkpt lat="34.517630" lon="-119.187010"></trkpt>
    <trkpt lat="34.517720" lon="-119.186650"></trkpt>
    <trkpt lat="34.517730" lon="-119.186280"></trkpt>
    <trkpt lat="34.517660" lon="-119.185970"></trkpt>
    <trkpt lat="34.517390" lon="-119.185670"></trkpt>
    <trkpt lat="34.517260" lon="-119.185350"></trkpt>
    <trkpt lat="34.517330" lon="-119.184900"></trkpt>
    <trkpt lat="34.517300" lon="-119.184340"></trkpt>
    <trkpt lat="34.517260" lon="-119.184020"></trkpt>
    <trkpt lat="34.517350" lon="-119.183700"></trkpt>
    <trkpt lat="34.517560" lon="-119.183370"></trkpt>
    <trkpt lat="34.517570" lon="-119.183080"></trkpt>
    <trkpt lat="34.517520" lon="-119.182720"></trkpt>
    <trkpt lat="34.517500" lon="-119.182410"></trkpt>
    <trkpt lat="34.517530" lon="-119.182190"></trkpt>
    <trkpt lat="34.517530" lon="-119.182050"></trkpt>
    <trkpt lat="34.517640" lon="-119.181300"></trkpt>
    <trkpt lat="34.517760" lon="-119.180780"></trkpt>
    <trkpt lat="34.517760" lon="-119.180780"></trkpt>
    <trkpt lat="34.517760" lon="-119.180780"></trkpt>
    <trkpt lat="34.517750" lon="-119.180590"></trkpt>
    <trkpt lat="34.517770" lon="-119.180450"></trkpt>
    <trkpt lat="34.517980" lon="-119.180020"></trkpt>
    <trkpt lat="34.518020" lon="-119.179690"></trkpt>
    <trkpt lat="34.518020" lon="-119.179690"></trkpt>
    <trkpt lat="34.518030" lon="-119.179440"></trkpt>
    <trkpt lat="34.518080" lon="-119.179260"></trkpt>
    <trkpt lat="34.518410" lon="-119.178790"></trkpt>
    <trkpt lat="34.518460" lon="-119.178680"></trkpt>
    <trkpt lat="34.518480" lon="-119.178580"></trkpt>
    <trkpt lat="34.518450" lon="-119.178450"></trkpt>
    <trkpt lat="34.518390" lon="-119.178320"></trkpt>
    <trkpt lat="34.518310" lon="-119.178200"></trkpt>
    <trkpt lat="34.517880" lon="-119.177740"></trkpt>
    <trkpt lat="34.517730" lon="-119.177500"></trkpt>
    <trkpt lat="34.517630" lon="-119.177290"></trkpt>
    <trkpt lat="34.517610" lon="-119.177030"></trkpt>
    <trkpt lat="34.517680" lon="-119.176420"></trkpt>
    <trkpt lat="34.517600" lon="-119.175890"></trkpt>
    <trkpt lat="34.517650" lon="-119.175660"></trkpt>
    <trkpt lat="34.517720" lon="-119.175510"></trkpt>
    <trkpt lat="34.517780" lon="-119.175280"></trkpt>
    <trkpt lat="34.517800" lon="-119.175140"></trkpt>
    <trkpt lat="34.517770" lon="-119.175080"></trkpt>
    <trkpt lat="34.517670" lon="-119.175030"></trkpt>
    <trkpt lat="34.517400" lon="-119.175020"></trkpt>
    <trkpt lat="34.517190" lon="-119.174920"></trkpt>
    <trkpt lat="34.516920" lon="-119.174610"></trkpt>
    <trkpt lat="34.516490" lon="-119.174350"></trkpt>
    <trkpt lat="34.516220" lon="-119.174240"></trkpt>
    <trkpt lat="34.515770" lon="-119.174170"></trkpt>
    <trkpt lat="34.515300" lon="-119.173990"></trkpt>
    <trkpt lat="34.515130" lon="-119.173880"></trkpt>
    <trkpt lat="34.515030" lon="-119.173740"></trkpt>
    <trkpt lat="34.514920" lon="-119.173450"></trkpt>
    <trkpt lat="34.514820" lon="-119.173240"></trkpt>
    <trkpt lat="34.514470" lon="-119.172970"></trkpt>
    <trkpt lat="34.514470" lon="-119.172970"></trkpt>
    <trkpt lat="34.514470" lon="-119.172970"></trkpt>
    <trkpt lat="34.514330" lon="-119.172610"></trkpt>
    <trkpt lat="34.514050" lon="-119.172330"></trkpt>
    <trkpt lat="34.513830" lon="-119.172030"></trkpt>
    <trkpt lat="34.513720" lon="-119.171730"></trkpt>
    <trkpt lat="34.513690" lon="-119.171500"></trkpt>
    <trkpt lat="34.513820" lon="-119.171130"></trkpt>
    <trkpt lat="34.513830" lon="-119.170930"></trkpt>
    <trkpt lat="34.513870" lon="-119.170630"></trkpt>
    <trkpt lat="34.513940" lon="-119.170450"></trkpt>
    <trkpt lat="34.514100" lon="-119.170230"></trkpt>
    <trkpt lat="34.514120" lon="-119.170130"></trkpt>
    <trkpt lat="34.514110" lon="-119.170010"></trkpt>
    <trkpt lat="34.513930" lon="-119.169730"></trkpt>
    <trkpt lat="34.513830" lon="-119.169390"></trkpt>
    <trkpt lat="34.513780" lon="-119.169310"></trkpt>
    <trkpt lat="34.513400" lon="-119.168930"></trkpt>
    <trkpt lat="34.513150" lon="-119.168730"></trkpt>
    <trkpt lat="34.512710" lon="-119.168310"></trkpt>
    <trkpt lat="34.512550" lon="-119.168100"></trkpt>
    <trkpt lat="34.512550" lon="-119.167960"></trkpt>
    <trkpt lat="34.512820" lon="-119.166930"></trkpt>
    <trkpt lat="34.512780" lon="-119.166820"></trkpt>
    <trkpt lat="34.512400" lon="-119.166410"></trkpt>
    <trkpt lat="34.512350" lon="-119.166300"></trkpt>
    <trkpt lat="34.512350" lon="-119.166200"></trkpt>
    <trkpt lat="34.512460" lon="-119.165870"></trkpt>
    <trkpt lat="34.512490" lon="-119.165630"></trkpt>
    <trkpt lat="34.512490" lon="-119.165430"></trkpt>
    <trkpt lat="34.512440" lon="-119.165240"></trkpt>
    <trkpt lat="34.512290" lon="-119.165020"></trkpt>
    <trkpt lat="34.511990" lon="-119.164810"></trkpt>
    <trkpt lat="34.511820" lon="-119.164790"></trkpt>
    <trkpt lat="34.511240" lon="-119.164540"></trkpt>
    <trkpt lat="34.510970" lon="-119.164590"></trkpt>
    <trkpt lat="34.510730" lon="-119.164530"></trkpt>
    <trkpt lat="34.510690" lon="-119.164500"></trkpt>
    <trkpt lat="34.510450" lon="-119.164130"></trkpt>
    <trkpt lat="34.510280" lon="-119.163820"></trkpt>
    <trkpt lat="34.510200" lon="-119.163480"></trkpt>
    <trkpt lat="34.510230" lon="-119.163080"></trkpt>
    <trkpt lat="34.510220" lon="-119.162980"></trkpt>
    <trkpt lat="34.510180" lon="-119.162900"></trkpt>
    <trkpt lat="34.509980" lon="-119.162690"></trkpt>
    <trkpt lat="34.509630" lon="-119.162510"></trkpt>
    <trkpt lat="34.509270" lon="-119.162500"></trkpt>
    <trkpt lat="34.508968" lon="-119.162404"></trkpt>
    <trkpt lat="34.509000" lon="-119.162414"></trkpt>
    <trkpt lat="34.508860" lon="-119.162370"></trkpt>
    <trkpt lat="34.508670" lon="-119.162370"></trkpt>
    <trkpt lat="34.508560" lon="-119.162440"></trkpt>
    <trkpt lat="34.508510" lon="-119.162500"></trkpt>
    <trkpt lat="34.508400" lon="-119.162930"></trkpt>
    <trkpt lat="34.508270" lon="-119.163130"></trkpt>
    <trkpt lat="34.508110" lon="-119.163610"></trkpt>
    <trkpt lat="34.507880" lon="-119.163790"></trkpt>
    <trkpt lat="34.507800" lon="-119.163950"></trkpt>
    <trkpt lat="34.507780" lon="-119.164160"></trkpt>
    <trkpt lat="34.507860" lon="-119.164450"></trkpt>
    <trkpt lat="34.507840" lon="-119.164560"></trkpt>
    <trkpt lat="34.507770" lon="-119.164640"></trkpt>
    <trkpt lat="34.507560" lon="-119.164780"></trkpt>
    <trkpt lat="34.507430" lon="-119.165100"></trkpt>
    <trkpt lat="34.507200" lon="-119.165230"></trkpt>
    <trkpt lat="34.507050" lon="-119.165360"></trkpt>
    <trkpt lat="34.506980" lon="-119.165490"></trkpt>
    <trkpt lat="34.506960" lon="-119.165680"></trkpt>
    <trkpt lat="34.506980" lon="-119.165790"></trkpt>
    <trkpt lat="34.507100" lon="-119.166050"></trkpt>
    <trkpt lat="34.507090" lon="-119.166710"></trkpt>
    <trkpt lat="34.506980" lon="-119.167110"></trkpt>
    <trkpt lat="34.506980" lon="-119.167370"></trkpt>
    <trkpt lat="34.507060" lon="-119.167520"></trkpt>
    <trkpt lat="34.507230" lon="-119.167710"></trkpt>
    <trkpt lat="34.507230" lon="-119.167800"></trkpt>
    <trkpt lat="34.507200" lon="-119.167860"></trkpt>
    <trkpt lat="34.506890" lon="-119.168120"></trkpt>
    <trkpt lat="34.506810" lon="-119.168250"></trkpt>
    <trkpt lat="34.506810" lon="-119.168420"></trkpt>
    <trkpt lat="34.506910" lon="-119.168690"></trkpt>
    <trkpt lat="34.506900" lon="-119.168840"></trkpt>
    <trkpt lat="34.506850" lon="-119.168900"></trkpt>
    <trkpt lat="34.506560" lon="-119.169000"></trkpt>
    <trkpt lat="34.506560" lon="-119.169000"></trkpt>
    <trkpt lat="34.506340" lon="-119.169200"></trkpt>
    <trkpt lat="34.506250" lon="-119.169660"></trkpt>
    <trkpt lat="34.506170" lon="-119.169840"></trkpt>
    <trkpt lat="34.506080" lon="-119.169870"></trkpt>
    <trkpt lat="34.505790" lon="-119.169830"></trkpt>
    <trkpt lat="34.505690" lon="-119.169870"></trkpt>
    <trkpt lat="34.505610" lon="-119.169950"></trkpt>
    <trkpt lat="34.505550" lon="-119.170160"></trkpt>
    <trkpt lat="34.505580" lon="-119.170900"></trkpt>
    <trkpt lat="34.505560" lon="-119.171020"></trkpt>
    <trkpt lat="34.505510" lon="-119.171100"></trkpt>
    <trkpt lat="34.505316" lon="-119.171290"></trkpt>
    <trkpt lat="34.505316" lon="-119.171290"></trkpt>
    <trkpt lat="34.505050" lon="-119.171550"></trkpt>
    <trkpt lat="34.504940" lon="-119.171570"></trkpt>
    <trkpt lat="34.504750" lon="-119.171550"></trkpt>
    <trkpt lat="34.504520" lon="-119.171380"></trkpt>
    <trkpt lat="34.504240" lon="-119.171480"></trkpt>
    <trkpt lat="34.504110" lon="-119.171490"></trkpt>
    <trkpt lat="34.503990" lon="-119.171410"></trkpt>
    <trkpt lat="34.503700" lon="-119.171120"></trkpt>
    <trkpt lat="34.503540" lon="-119.171000"></trkpt>
    <trkpt lat="34.503330" lon="-119.170940"></trkpt>
    <trkpt lat="34.503010" lon="-119.171040"></trkpt>
    <trkpt lat="34.502860" lon="-119.170990"></trkpt>
    <trkpt lat="34.502790" lon="-119.170910"></trkpt>
    <trkpt lat="34.502770" lon="-119.170800"></trkpt>
    <trkpt lat="34.502930" lon="-119.170390"></trkpt>
    <trkpt lat="34.503000" lon="-119.170020"></trkpt>
    <trkpt lat="34.503060" lon="-119.169240"></trkpt>
    <trkpt lat="34.503050" lon="-119.168960"></trkpt>
    <trkpt lat="34.502860" lon="-119.168660"></trkpt>
    <trkpt lat="34.502840" lon="-119.168600"></trkpt>
    <trkpt lat="34.502850" lon="-119.168460"></trkpt>
    <trkpt lat="34.502930" lon="-119.168290"></trkpt>
    <trkpt lat="34.503080" lon="-119.168130"></trkpt>
    <trkpt lat="34.503140" lon="-119.167820"></trkpt>
    <trkpt lat="34.503100" lon="-119.167280"></trkpt>
    <trkpt lat="34.503040" lon="-119.167150"></trkpt>
    <trkpt lat="34.503020" lon="-119.167020"></trkpt>
    <trkpt lat="34.503100" lon="-119.166450"></trkpt>
    <trkpt lat="34.502930" lon="-119.166190"></trkpt>
    <trkpt lat="34.502900" lon="-119.166020"></trkpt>
    <trkpt lat="34.502940" lon="-119.165930"></trkpt>
    <trkpt lat="34.503250" lon="-119.165630"></trkpt>
    <trkpt lat="34.503300" lon="-119.165520"></trkpt>
    <trkpt lat="34.503380" lon="-119.164980"></trkpt>
    <trkpt lat="34.503320" lon="-119.164860"></trkpt>
    <trkpt lat="34.503150" lon="-119.164720"></trkpt>
    <trkpt lat="34.502710" lon="-119.164440"></trkpt>
    <trkpt lat="34.502520" lon="-119.164300"></trkpt>
    <trkpt lat="34.502460" lon="-119.164190"></trkpt>
    <trkpt lat="34.502450" lon="-119.164070"></trkpt>
    <trkpt lat="34.502520" lon="-119.163940"></trkpt>
    <trkpt lat="34.502930" lon="-119.163390"></trkpt>
    <trkpt lat="34.503180" lon="-119.163250"></trkpt>
    <trkpt lat="34.503370" lon="-119.163050"></trkpt>
    <trkpt lat="34.503610" lon="-119.162970"></trkpt>
    <trkpt lat="34.503730" lon="-119.162800"></trkpt>
    <trkpt lat="34.503710" lon="-119.162680"></trkpt>
    <trkpt lat="34.503480" lon="-119.162320"></trkpt>
    <trkpt lat="34.503040" lon="-119.161980"></trkpt>
    <trkpt lat="34.503000" lon="-119.161920"></trkpt>
    <trkpt lat="34.502980" lon="-119.161790"></trkpt>
    <trkpt lat="34.503010" lon="-119.161680"></trkpt>
    <trkpt lat="34.503220" lon="-119.161420"></trkpt>
    <trkpt lat="34.503430" lon="-119.161080"></trkpt>
    <trkpt lat="34.503930" lon="-119.160820"></trkpt>
    <trkpt lat="34.503980" lon="-119.160750"></trkpt>
    <trkpt lat="34.504000" lon="-119.160610"></trkpt>
    <trkpt lat="34.503970" lon="-119.160490"></trkpt>
    <trkpt lat="34.503890" lon="-119.160390"></trkpt>
    <trkpt lat="34.503190" lon="-119.160300"></trkpt>
    <trkpt lat="34.502840" lon="-119.160150"></trkpt>
    <trkpt lat="34.502610" lon="-119.159940"></trkpt>
    <trkpt lat="34.502470" lon="-119.159870"></trkpt>
    <trkpt lat="34.501980" lon="-119.159780"></trkpt>
    <trkpt lat="34.501850" lon="-119.159660"></trkpt>
    <trkpt lat="34.501820" lon="-119.159440"></trkpt>
    <trkpt lat="34.501920" lon="-119.159210"></trkpt>
    <trkpt lat="34.502240" lon="-119.158690"></trkpt>
    <trkpt lat="34.502580" lon="-119.158280"></trkpt>
    <trkpt lat="34.502810" lon="-119.158120"></trkpt>
    <trkpt lat="34.502970" lon="-119.157960"></trkpt>
    <trkpt lat="34.503160" lon="-119.157710"></trkpt>
    <trkpt lat="34.503160" lon="-119.157710"></trkpt>
    <trkpt lat="34.503530" lon="-119.157290"></trkpt>
    <trkpt lat="34.503690" lon="-119.156960"></trkpt>
    <trkpt lat="34.503850" lon="-119.156800"></trkpt>
    <trkpt lat="34.504030" lon="-119.156450"></trkpt>
    <trkpt lat="34.504240" lon="-119.156310"></trkpt>
    <trkpt lat="34.504470" lon="-119.156230"></trkpt>
    <trkpt lat="34.504560" lon="-119.156160"></trkpt>
    <trkpt lat="34.504580" lon="-119.155990"></trkpt>
    <trkpt lat="34.504530" lon="-119.155860"></trkpt>
    <trkpt lat="34.504410" lon="-119.155820"></trkpt>
    <trkpt lat="34.503720" lon="-119.155910"></trkpt>
    <trkpt lat="34.502680" lon="-119.155490"></trkpt>
    <trkpt lat="34.502330" lon="-119.155420"></trkpt>
    <trkpt lat="34.501950" lon="-119.155300"></trkpt>
    <trkpt lat="34.501620" lon="-119.155320"></trkpt>
    <trkpt lat="34.501260" lon="-119.155490"></trkpt>
    <trkpt lat="34.501140" lon="-119.155480"></trkpt>
    <trkpt lat="34.500790" lon="-119.155370"></trkpt>
    <trkpt lat="34.500660" lon="-119.155270"></trkpt>
    <trkpt lat="34.500530" lon="-119.155060"></trkpt>
    <trkpt lat="34.500530" lon="-119.155010"></trkpt>
    <trkpt lat="34.500560" lon="-119.154930"></trkpt>
    <trkpt lat="34.500560" lon="-119.154930"></trkpt>
    <trkpt lat="34.501110" lon="-119.154570"></trkpt>
    <trkpt lat="34.501360" lon="-119.154270"></trkpt>
    <trkpt lat="34.501530" lon="-119.153920"></trkpt>
    <trkpt lat="34.501560" lon="-119.153770"></trkpt>
    <trkpt lat="34.501450" lon="-119.153190"></trkpt>
    <trkpt lat="34.501460" lon="-119.153090"></trkpt>
    <trkpt lat="34.501520" lon="-119.152970"></trkpt>
    <trkpt lat="34.501820" lon="-119.152800"></trkpt>
    <trkpt lat="34.502160" lon="-119.152700"></trkpt>
    <trkpt lat="34.502240" lon="-119.152650"></trkpt>
    <trkpt lat="34.502410" lon="-119.152270"></trkpt>
    <trkpt lat="34.502520" lon="-119.152100"></trkpt>
    <trkpt lat="34.502610" lon="-119.152000"></trkpt>
    <trkpt lat="34.502790" lon="-119.151900"></trkpt>
    <trkpt lat="34.502870" lon="-119.151780"></trkpt>
    <trkpt lat="34.502850" lon="-119.151640"></trkpt>
    <trkpt lat="34.502780" lon="-119.151560"></trkpt>
    <trkpt lat="34.502670" lon="-119.151510"></trkpt>
    <trkpt lat="34.502430" lon="-119.151470"></trkpt>
    <trkpt lat="34.501580" lon="-119.151230"></trkpt>
    <trkpt lat="34.501030" lon="-119.150840"></trkpt>
    <trkpt lat="34.500620" lon="-119.150490"></trkpt>
    <trkpt lat="34.500410" lon="-119.150190"></trkpt>
    <trkpt lat="34.500360" lon="-119.150060"></trkpt>
    <trkpt lat="34.500370" lon="-119.149840"></trkpt>
    <trkpt lat="34.500520" lon="-119.149160"></trkpt>
    <trkpt lat="34.500530" lon="-119.148970"></trkpt>
    <trkpt lat="34.500500" lon="-119.148650"></trkpt>
    <trkpt lat="34.500350" lon="-119.148260"></trkpt>
    <trkpt lat="34.500160" lon="-119.148020"></trkpt>
    <trkpt lat="34.499950" lon="-119.147800"></trkpt>
    <trkpt lat="34.499500" lon="-119.147450"></trkpt>
    <trkpt lat="34.498380" lon="-119.146910"></trkpt>
    <trkpt lat="34.498350" lon="-119.146790"></trkpt>
    <trkpt lat="34.498640" lon="-119.146310"></trkpt>
    <trkpt lat="34.498670" lon="-119.146170"></trkpt>
    <trkpt lat="34.498690" lon="-119.145900"></trkpt>
    <trkpt lat="34.498740" lon="-119.144950"></trkpt>
    <trkpt lat="34.498730" lon="-119.144860"></trkpt>
    <trkpt lat="34.498630" lon="-119.144540"></trkpt>
    <trkpt lat="34.498740" lon="-119.143910"></trkpt>
    <trkpt lat="34.498720" lon="-119.143760"></trkpt>
    <trkpt lat="34.498590" lon="-119.143570"></trkpt>
    <trkpt lat="34.498440" lon="-119.143450"></trkpt>
    <trkpt lat="34.498240" lon="-119.143350"></trkpt>
    <trkpt lat="34.497380" lon="-119.143130"></trkpt>
    <trkpt lat="34.497260" lon="-119.143030"></trkpt>
    <trkpt lat="34.497110" lon="-119.142810"></trkpt>
    <trkpt lat="34.496880" lon="-119.142360"></trkpt>
    <trkpt lat="34.496750" lon="-119.142210"></trkpt>
    <trkpt lat="34.496670" lon="-119.142160"></trkpt>
    <trkpt lat="34.496460" lon="-119.142120"></trkpt>
    <trkpt lat="34.496000" lon="-119.142090"></trkpt>
    <trkpt lat="34.495710" lon="-119.141990"></trkpt>
    <trkpt lat="34.495360" lon="-119.141780"></trkpt>
    <trkpt lat="34.495120" lon="-119.141570"></trkpt>
    <trkpt lat="34.495010" lon="-119.141550"></trkpt>
    <trkpt lat="34.494880" lon="-119.141400"></trkpt>
    <trkpt lat="34.494869" lon="-119.141372"></trkpt>
    <trkpt lat="34.494860" lon="-119.141350"></trkpt>
    <trkpt lat="34.494860" lon="-119.141350"></trkpt>
    <trkpt lat="34.494860" lon="-119.141260"></trkpt>
    <trkpt lat="34.494920" lon="-119.141160"></trkpt>
    <trkpt lat="34.495500" lon="-119.140680"></trkpt>
    <trkpt lat="34.495920" lon="-119.140430"></trkpt>
    <trkpt lat="34.496090" lon="-119.140410"></trkpt>
    <trkpt lat="34.496260" lon="-119.140430"></trkpt>
    <trkpt lat="34.496300" lon="-119.140400"></trkpt>
    <trkpt lat="34.496440" lon="-119.140040"></trkpt>
    <trkpt lat="34.496370" lon="-119.139630"></trkpt>
    <trkpt lat="34.496390" lon="-119.139430"></trkpt>
    <trkpt lat="34.496560" lon="-119.139050"></trkpt>
    <trkpt lat="34.496800" lon="-119.138790"></trkpt>
    <trkpt lat="34.496900" lon="-119.138320"></trkpt>
    <trkpt lat="34.497140" lon="-119.137720"></trkpt>
    <trkpt lat="34.497160" lon="-119.137390"></trkpt>
    <trkpt lat="34.497220" lon="-119.137170"></trkpt>
    <trkpt lat="34.497570" lon="-119.136520"></trkpt>
    <trkpt lat="34.497800" lon="-119.136180"></trkpt>
    <trkpt lat="34.498030" lon="-119.135740"></trkpt>
    <trkpt lat="34.498030" lon="-119.135740"></trkpt>
    <trkpt lat="34.498190" lon="-119.135320"></trkpt>
    <trkpt lat="34.498260" lon="-119.135010"></trkpt>
    <trkpt lat="34.498200" lon="-119.134250"></trkpt>
    <trkpt lat="34.498250" lon="-119.133620"></trkpt>
    <trkpt lat="34.498160" lon="-119.133000"></trkpt>
    <trkpt lat="34.498330" lon="-119.132020"></trkpt>
    <trkpt lat="34.498340" lon="-119.131530"></trkpt>
    <trkpt lat="34.498380" lon="-119.131310"></trkpt>
    <trkpt lat="34.498470" lon="-119.131000"></trkpt>
    <trkpt lat="34.498630" lon="-119.130800"></trkpt>
    <trkpt lat="34.498704" lon="-119.130760"></trkpt>
    <trkpt lat="34.498759" lon="-119.130729"></trkpt>
    <trkpt lat="34.498830" lon="-119.130690"></trkpt>
    <trkpt lat="34.499120" lon="-119.130630"></trkpt>
    <trkpt lat="34.499230" lon="-119.130510"></trkpt>
    <trkpt lat="34.499410" lon="-119.129610"></trkpt>
    <trkpt lat="34.499550" lon="-119.129270"></trkpt>
    <trkpt lat="34.499550" lon="-119.129270"></trkpt>
    <trkpt lat="34.499790" lon="-119.128120"></trkpt>
    <trkpt lat="34.499970" lon="-119.127860"></trkpt>
    <trkpt lat="34.500180" lon="-119.127680"></trkpt>
    <trkpt lat="34.500320" lon="-119.127350"></trkpt>
    <trkpt lat="34.500650" lon="-119.126930"></trkpt>
    <trkpt lat="34.500760" lon="-119.126570"></trkpt>
    <trkpt lat="34.500860" lon="-119.125920"></trkpt>
    <trkpt lat="34.501000" lon="-119.125520"></trkpt>
    <trkpt lat="34.501090" lon="-119.125370"></trkpt>
    <trkpt lat="34.501180" lon="-119.125120"></trkpt>
    <trkpt lat="34.501220" lon="-119.124770"></trkpt>
    <trkpt lat="34.501370" lon="-119.124030"></trkpt>
    <trkpt lat="34.501560" lon="-119.123570"></trkpt>
    <trkpt lat="34.501550" lon="-119.123110"></trkpt>
    <trkpt lat="34.501450" lon="-119.122860"></trkpt>
    <trkpt lat="34.501350" lon="-119.122780"></trkpt>
    <trkpt lat="34.500900" lon="-119.122600"></trkpt>
    <trkpt lat="34.500650" lon="-119.122390"></trkpt>
    <trkpt lat="34.500560" lon="-119.122250"></trkpt>
    <trkpt lat="34.500560" lon="-119.122250"></trkpt>
    <trkpt lat="34.500120" lon="-119.121540"></trkpt>
    <trkpt lat="34.500050" lon="-119.121390"></trkpt>
    <trkpt lat="34.499940" lon="-119.121060"></trkpt>
    <trkpt lat="34.499940" lon="-119.120960"></trkpt>
    <trkpt lat="34.499990" lon="-119.120830"></trkpt>
    <trkpt lat="34.500220" lon="-119.120560"></trkpt>
    <trkpt lat="34.500270" lon="-119.120360"></trkpt>
    <trkpt lat="34.500320" lon="-119.119940"></trkpt>
    <trkpt lat="34.500190" lon="-119.119620"></trkpt>
    <trkpt lat="34.500180" lon="-119.119500"></trkpt>
    <trkpt lat="34.500220" lon="-119.119290"></trkpt>
    <trkpt lat="34.500210" lon="-119.119150"></trkpt>
    <trkpt lat="34.500020" lon="-119.118750"></trkpt>
    <trkpt lat="34.500060" lon="-119.118640"></trkpt>
    <trkpt lat="34.500140" lon="-119.118590"></trkpt>
    <trkpt lat="34.500450" lon="-119.118520"></trkpt>
    <trkpt lat="34.500580" lon="-119.118470"></trkpt>
    <trkpt lat="34.500930" lon="-119.118470"></trkpt>
    <trkpt lat="34.501020" lon="-119.118500"></trkpt>
    <trkpt lat="34.501100" lon="-119.118480"></trkpt>
    <trkpt lat="34.501130" lon="-119.118450"></trkpt>
    <trkpt lat="34.501130" lon="-119.118390"></trkpt>
    <trkpt lat="34.501120" lon="-119.118350"></trkpt>
    <trkpt lat="34.501070" lon="-119.118320"></trkpt>
    <trkpt lat="34.500890" lon="-119.118290"></trkpt>
    <trkpt lat="34.500820" lon="-119.118250"></trkpt>
    <trkpt lat="34.500350" lon="-119.117840"></trkpt>
    <trkpt lat="34.499970" lon="-119.117640"></trkpt>
    <trkpt lat="34.499730" lon="-119.117460"></trkpt>
    <trkpt lat="34.499430" lon="-119.117310"></trkpt>
    <trkpt lat="34.499400" lon="-119.117260"></trkpt>
    <trkpt lat="34.499450" lon="-119.116390"></trkpt>
    <trkpt lat="34.499544" lon="-119.116296"></trkpt>
    <trkpt lat="34.499540" lon="-119.116290"></trkpt>
    <trkpt lat="34.499320" lon="-119.115810"></trkpt>
    <trkpt lat="34.499240" lon="-119.115720"></trkpt>
    <trkpt lat="34.499240" lon="-119.115720"></trkpt>
    <trkpt lat="34.499240" lon="-119.115440"></trkpt>
    <trkpt lat="34.499270" lon="-119.115310"></trkpt>
    <trkpt lat="34.499370" lon="-119.115050"></trkpt>
    <trkpt lat="34.499370" lon="-119.114860"></trkpt>
    <trkpt lat="34.499280" lon="-119.114930"></trkpt>
    <trkpt lat="34.499203" lon="-119.114970"></trkpt>
    <trkpt lat="34.498930" lon="-119.115110"></trkpt>
    <trkpt lat="34.498810" lon="-119.115140"></trkpt>
    <trkpt lat="34.498810" lon="-119.115140"></trkpt>
    <trkpt lat="34.498810" lon="-119.115080"></trkpt>
    <trkpt lat="34.499010" lon="-119.114680"></trkpt>
    <trkpt lat="34.499060" lon="-119.114470"></trkpt>
    <trkpt lat="34.499050" lon="-119.114280"></trkpt>
    <trkpt lat="34.499010" lon="-119.114230"></trkpt>
    <trkpt lat="34.498950" lon="-119.114250"></trkpt>
    <trkpt lat="34.498900" lon="-119.114300"></trkpt>
    <trkpt lat="34.498830" lon="-119.114290"></trkpt>
    <trkpt lat="34.498790" lon="-119.114220"></trkpt>
    <trkpt lat="34.498750" lon="-119.114200"></trkpt>
    <trkpt lat="34.498750" lon="-119.114200"></trkpt>
    <trkpt lat="34.499026" lon="-119.113943"></trkpt>
    <trkpt lat="34.499027" lon="-119.113942"></trkpt>
    <trkpt lat="34.499040" lon="-119.113930"></trkpt>
    <trkpt lat="34.499040" lon="-119.113900"></trkpt>
    <trkpt lat="34.498810" lon="-119.113850"></trkpt>
    <trkpt lat="34.498730" lon="-119.113900"></trkpt>
    <trkpt lat="34.498680" lon="-119.113890"></trkpt>
    <trkpt lat="34.498750" lon="-119.113770"></trkpt>
    <trkpt lat="34.498750" lon="-119.113770"></trkpt>
    <trkpt lat="34.498810" lon="-119.113710"></trkpt>
    <trkpt lat="34.499050" lon="-119.113640"></trkpt>
    <trkpt lat="34.499200" lon="-119.113630"></trkpt>
    <trkpt lat="34.499230" lon="-119.113600"></trkpt>
    <trkpt lat="34.499191" lon="-119.113586"></trkpt>
    <trkpt lat="34.499205" lon="-119.113625"></trkpt>
    <trkpt lat="34.499230" lon="-119.113600"></trkpt>
    <trkpt lat="34.498900" lon="-119.113480"></trkpt>
    <trkpt lat="34.498770" lon="-119.113400"></trkpt>
    <trkpt lat="34.498660" lon="-119.113390"></trkpt>
    <trkpt lat="34.498560" lon="-119.113440"></trkpt>
    <trkpt lat="34.498490" lon="-119.113440"></trkpt>
    <trkpt lat="34.498492" lon="-119.113437"></trkpt>
    <trkpt lat="34.498492" lon="-119.113437"></trkpt>
    <trkpt lat="34.498640" lon="-119.113250"></trkpt>
    <trkpt lat="34.498730" lon="-119.113210"></trkpt>
    <trkpt lat="34.498910" lon="-119.113210"></trkpt>
    <trkpt lat="34.498918" lon="-119.113202"></trkpt>
    <trkpt lat="34.498915" lon="-119.113205"></trkpt>
    <trkpt lat="34.498960" lon="-119.113160"></trkpt>
    <trkpt lat="34.498530" lon="-119.113010"></trkpt>
    <trkpt lat="34.498620" lon="-119.112850"></trkpt>
    <trkpt lat="34.498540" lon="-119.112760"></trkpt>
    <trkpt lat="34.498540" lon="-119.112760"></trkpt>
    <trkpt lat="34.498540" lon="-119.112760"></trkpt>
    <trkpt lat="34.498730" lon="-119.112400"></trkpt>
    <trkpt lat="34.498810" lon="-119.112080"></trkpt>
    <trkpt lat="34.498860" lon="-119.112040"></trkpt>
    <trkpt lat="34.498900" lon="-119.111960"></trkpt>
    <trkpt lat="34.498790" lon="-119.111750"></trkpt>
    <trkpt lat="34.498770" lon="-119.111610"></trkpt>
    <trkpt lat="34.499080" lon="-119.111550"></trkpt>
    <trkpt lat="34.499200" lon="-119.111280"></trkpt>
    <trkpt lat="34.499220" lon="-119.111180"></trkpt>
    <trkpt lat="34.499160" lon="-119.110950"></trkpt>
    <trkpt lat="34.499180" lon="-119.110860"></trkpt>
    <trkpt lat="34.499240" lon="-119.110790"></trkpt>
    <trkpt lat="34.499140" lon="-119.110580"></trkpt>
    <trkpt lat="34.499030" lon="-119.110060"></trkpt>
    <trkpt lat="34.499120" lon="-119.109790"></trkpt>
    <trkpt lat="34.499110" lon="-119.109710"></trkpt>
    <trkpt lat="34.499020" lon="-119.109530"></trkpt>
    <trkpt lat="34.498920" lon="-119.109430"></trkpt>
    <trkpt lat="34.498750" lon="-119.109070"></trkpt>
    <trkpt lat="34.498610" lon="-119.108630"></trkpt>
    <trkpt lat="34.498470" lon="-119.108450"></trkpt>
    <trkpt lat="34.498470" lon="-119.108340"></trkpt>
    <trkpt lat="34.498470" lon="-119.108340"></trkpt>
    <trkpt lat="34.498470" lon="-119.108340"></trkpt>
    <trkpt lat="34.498420" lon="-119.108330"></trkpt>
    <trkpt lat="34.498290" lon="-119.108200"></trkpt>
    <trkpt lat="34.498190" lon="-119.108220"></trkpt>
    <trkpt lat="34.498000" lon="-119.108200"></trkpt>
    <trkpt lat="34.497880" lon="-119.108140"></trkpt>
    <trkpt lat="34.497810" lon="-119.108060"></trkpt>
    <trkpt lat="34.497630" lon="-119.108040"></trkpt>
    <trkpt lat="34.497530" lon="-119.107910"></trkpt>
    <trkpt lat="34.497480" lon="-119.107710"></trkpt>
    <trkpt lat="34.497400" lon="-119.107670"></trkpt>
    <trkpt lat="34.497320" lon="-119.107540"></trkpt>
    <trkpt lat="34.497250" lon="-119.107500"></trkpt>
    <trkpt lat="34.497250" lon="-119.107500"></trkpt>
    <trkpt lat="34.497250" lon="-119.107500"></trkpt>
    <trkpt lat="34.497203" lon="-119.107512"></trkpt>
    <trkpt lat="34.497206" lon="-119.107511"></trkpt>
    <trkpt lat="34.497250" lon="-119.107500"></trkpt>
    <trkpt lat="34.497250" lon="-119.107500"></trkpt>
    <trkpt lat="34.497250" lon="-119.107500"></trkpt>
    <trkpt lat="34.497310" lon="-119.107400"></trkpt>
    <trkpt lat="34.497410" lon="-119.107360"></trkpt>
    <trkpt lat="34.497730" lon="-119.107070"></trkpt>
    <trkpt lat="34.498060" lon="-119.107030"></trkpt>
    <trkpt lat="34.498720" lon="-119.106600"></trkpt>
    <trkpt lat="34.499000" lon="-119.106530"></trkpt>
    <trkpt lat="34.499110" lon="-119.106460"></trkpt>
    <trkpt lat="34.499110" lon="-119.106460"></trkpt>
    <trkpt lat="34.499110" lon="-119.106460"></trkpt>
    <trkpt lat="34.499170" lon="-119.106360"></trkpt>
    <trkpt lat="34.499190" lon="-119.106230"></trkpt>
    <trkpt lat="34.499200" lon="-119.105960"></trkpt>
    <trkpt lat="34.499270" lon="-119.105650"></trkpt>
    <trkpt lat="34.499280" lon="-119.105380"></trkpt>
    <trkpt lat="34.499370" lon="-119.104890"></trkpt>
    <trkpt lat="34.499410" lon="-119.104790"></trkpt>
    <trkpt lat="34.499460" lon="-119.104690"></trkpt>
    <trkpt lat="34.499620" lon="-119.104550"></trkpt>
    <trkpt lat="34.499784" lon="-119.104458"></trkpt>
    <trkpt lat="34.499797" lon="-119.104450"></trkpt>
    <trkpt lat="34.499940" lon="-119.104370"></trkpt>
    <trkpt lat="34.500420" lon="-119.104030"></trkpt>
    <trkpt lat="34.500630" lon="-119.103840"></trkpt>
    <trkpt lat="34.500740" lon="-119.103780"></trkpt>
    <trkpt lat="34.500850" lon="-119.103790"></trkpt>
    <trkpt lat="34.501040" lon="-119.103940"></trkpt>
    <trkpt lat="34.501250" lon="-119.104220"></trkpt>
    <trkpt lat="34.501320" lon="-119.104250"></trkpt>
    <trkpt lat="34.501630" lon="-119.104240"></trkpt>
    <trkpt lat="34.501990" lon="-119.104460"></trkpt>
    <trkpt lat="34.502040" lon="-119.104460"></trkpt>
    <trkpt lat="34.502110" lon="-119.104390"></trkpt>
    <trkpt lat="34.502270" lon="-119.104040"></trkpt>
    <trkpt lat="34.502380" lon="-119.103640"></trkpt>
    <trkpt lat="34.502660" lon="-119.103160"></trkpt>
    <trkpt lat="34.502830" lon="-119.103070"></trkpt>
    <trkpt lat="34.502940" lon="-119.102970"></trkpt>
    <trkpt lat="34.503090" lon="-119.102680"></trkpt>
    <trkpt lat="34.503240" lon="-119.102160"></trkpt>
    <trkpt lat="34.503350" lon="-119.101320"></trkpt>
    <trkpt lat="34.503480" lon="-119.100890"></trkpt>
    <trkpt lat="34.503530" lon="-119.100560"></trkpt>
    <trkpt lat="34.503560" lon="-119.099720"></trkpt>
    <trkpt lat="34.503590" lon="-119.099600"></trkpt>
    <trkpt lat="34.503640" lon="-119.099560"></trkpt>
    <trkpt lat="34.503680" lon="-119.099590"></trkpt>
    <trkpt lat="34.503770" lon="-119.099950"></trkpt>
    <trkpt lat="34.503990" lon="-119.100290"></trkpt>
    <trkpt lat="34.504080" lon="-119.100650"></trkpt>
    <trkpt lat="34.504070" lon="-119.100740"></trkpt>
    <trkpt lat="34.504200" lon="-119.101220"></trkpt>
    <trkpt lat="34.504340" lon="-119.101450"></trkpt>
    <trkpt lat="34.504430" lon="-119.101560"></trkpt>
    <trkpt lat="34.504540" lon="-119.101630"></trkpt>
    <trkpt lat="34.504680" lon="-119.101900"></trkpt>
    <trkpt lat="34.504730" lon="-119.102290"></trkpt>
    <trkpt lat="34.504770" lon="-119.102390"></trkpt>
    <trkpt lat="34.504840" lon="-119.102480"></trkpt>
    <trkpt lat="34.505270" lon="-119.102760"></trkpt>
    <trkpt lat="34.505340" lon="-119.102860"></trkpt>
    <trkpt lat="34.505340" lon="-119.102860"></trkpt>
    <trkpt lat="34.504970" lon="-119.103120"></trkpt>
    <trkpt lat="34.504810" lon="-119.103310"></trkpt>
    <trkpt lat="34.504510" lon="-119.103950"></trkpt>
    <trkpt lat="34.504480" lon="-119.104280"></trkpt>
    <trkpt lat="34.504490" lon="-119.104500"></trkpt>
    <trkpt lat="34.504460" lon="-119.104580"></trkpt>
    <trkpt lat="34.504290" lon="-119.104780"></trkpt>
    <trkpt lat="34.504180" lon="-119.104990"></trkpt>
    <trkpt lat="34.504170" lon="-119.105170"></trkpt>
    <trkpt lat="34.504230" lon="-119.105480"></trkpt>
    <trkpt lat="34.504190" lon="-119.105560"></trkpt>
    <trkpt lat="34.504110" lon="-119.105590"></trkpt>
    <trkpt lat="34.504040" lon="-119.105750"></trkpt>
    <trkpt lat="34.504040" lon="-119.105920"></trkpt>
    <trkpt lat="34.504120" lon="-119.106230"></trkpt>
    <trkpt lat="34.504100" lon="-119.106310"></trkpt>
    <trkpt lat="34.504070" lon="-119.106340"></trkpt>
    <trkpt lat="34.503900" lon="-119.106330"></trkpt>
    <trkpt lat="34.503720" lon="-119.106560"></trkpt>
    <trkpt lat="34.503640" lon="-119.106530"></trkpt>
    <trkpt lat="34.503440" lon="-119.106360"></trkpt>
    <trkpt lat="34.503320" lon="-119.106360"></trkpt>
    <trkpt lat="34.502940" lon="-119.106680"></trkpt>
    <trkpt lat="34.502180" lon="-119.107140"></trkpt>
    <trkpt lat="34.502030" lon="-119.107160"></trkpt>
    <trkpt lat="34.501594" lon="-119.107314"></trkpt>
    <trkpt lat="34.501595" lon="-119.107314"></trkpt>
    <trkpt lat="34.501520" lon="-119.107340"></trkpt>
    <trkpt lat="34.501290" lon="-119.107360"></trkpt>
    <trkpt lat="34.501020" lon="-119.107340"></trkpt>
    <trkpt lat="34.500920" lon="-119.107470"></trkpt>
    <trkpt lat="34.500920" lon="-119.107590"></trkpt>
    <trkpt lat="34.500990" lon="-119.107810"></trkpt>
    <trkpt lat="34.501050" lon="-119.108000"></trkpt>
    <trkpt lat="34.501200" lon="-119.108270"></trkpt>
    <trkpt lat="34.501330" lon="-119.108650"></trkpt>
    <trkpt lat="34.501330" lon="-119.108980"></trkpt>
    <trkpt lat="34.501370" lon="-119.109070"></trkpt>
    <trkpt lat="34.501380" lon="-119.109250"></trkpt>
    <trkpt lat="34.501650" lon="-119.109830"></trkpt>
    <trkpt lat="34.501650" lon="-119.109950"></trkpt>
    <trkpt lat="34.501440" lon="-119.110230"></trkpt>
    <trkpt lat="34.501440" lon="-119.110400"></trkpt>
    <trkpt lat="34.501510" lon="-119.110790"></trkpt>
    <trkpt lat="34.501510" lon="-119.111120"></trkpt>
    <trkpt lat="34.501620" lon="-119.111360"></trkpt>
    <trkpt lat="34.501570" lon="-119.111630"></trkpt>
    <trkpt lat="34.501580" lon="-119.111950"></trkpt>
    <trkpt lat="34.501500" lon="-119.112150"></trkpt>
    <trkpt lat="34.501490" lon="-119.112270"></trkpt>
    <trkpt lat="34.501600" lon="-119.112540"></trkpt>
    <trkpt lat="34.501610" lon="-119.112600"></trkpt>
    <trkpt lat="34.501570" lon="-119.112670"></trkpt>
    <trkpt lat="34.501390" lon="-119.112770"></trkpt>
    <trkpt lat="34.501200" lon="-119.112980"></trkpt>
    <trkpt lat="34.500960" lon="-119.113360"></trkpt>
    <trkpt lat="34.500600" lon="-119.113770"></trkpt>
    <trkpt lat="34.500600" lon="-119.113770"></trkpt>
    <trkpt lat="34.500540" lon="-119.113890"></trkpt>
    <trkpt lat="34.500540" lon="-119.114070"></trkpt>
    <trkpt lat="34.500440" lon="-119.114160"></trkpt>
    <trkpt lat="34.500230" lon="-119.114230"></trkpt>
    <trkpt lat="34.500010" lon="-119.114350"></trkpt>
    <trkpt lat="34.499960" lon="-119.114460"></trkpt>
    <trkpt lat="34.499950" lon="-119.114610"></trkpt>
    <trkpt lat="34.499950" lon="-119.114610"></trkpt>
    <trkpt lat="34.499980" lon="-119.114910"></trkpt>
    <trkpt lat="34.499966" lon="-119.114924"></trkpt>
    <trkpt lat="34.499966" lon="-119.114924"></trkpt>
    <trkpt lat="34.499940" lon="-119.114950"></trkpt>
    <trkpt lat="34.499790" lon="-119.114930"></trkpt>
    <trkpt lat="34.499730" lon="-119.114990"></trkpt>
    <trkpt lat="34.499490" lon="-119.115580"></trkpt>
    <trkpt lat="34.499480" lon="-119.115760"></trkpt>
    <trkpt lat="34.499610" lon="-119.116170"></trkpt>
    <trkpt lat="34.499610" lon="-119.116230"></trkpt>
    <trkpt lat="34.499544" lon="-119.116296"></trkpt>
    <trkpt lat="34.499544" lon="-119.116296"></trkpt>
    <trkpt lat="34.499450" lon="-119.116390"></trkpt>
    <trkpt lat="34.499400" lon="-119.117260"></trkpt>
    <trkpt lat="34.499430" lon="-119.117310"></trkpt>
    <trkpt lat="34.499730" lon="-119.117460"></trkpt>
    <trkpt lat="34.499970" lon="-119.117640"></trkpt>
    <trkpt lat="34.500350" lon="-119.117840"></trkpt>
    <trkpt lat="34.500820" lon="-119.118250"></trkpt>
    <trkpt lat="34.500890" lon="-119.118290"></trkpt>
    <trkpt lat="34.501070" lon="-119.118320"></trkpt>
    <trkpt lat="34.501120" lon="-119.118350"></trkpt>
    <trkpt lat="34.501130" lon="-119.118390"></trkpt>
    <trkpt lat="34.501130" lon="-119.118450"></trkpt>
    <trkpt lat="34.501100" lon="-119.118480"></trkpt>
    <trkpt lat="34.501020" lon="-119.118500"></trkpt>
    <trkpt lat="34.500930" lon="-119.118470"></trkpt>
    <trkpt lat="34.500580" lon="-119.118470"></trkpt>
    <trkpt lat="34.500450" lon="-119.118520"></trkpt>
    <trkpt lat="34.500140" lon="-119.118590"></trkpt>
    <trkpt lat="34.500060" lon="-119.118640"></trkpt>
    <trkpt lat="34.500020" lon="-119.118750"></trkpt>
    <trkpt lat="34.500210" lon="-119.119150"></trkpt>
    <trkpt lat="34.500220" lon="-119.119290"></trkpt>
    <trkpt lat="34.500180" lon="-119.119500"></trkpt>
    <trkpt lat="34.500190" lon="-119.119620"></trkpt>
    <trkpt lat="34.500320" lon="-119.119940"></trkpt>
    <trkpt lat="34.500270" lon="-119.120360"></trkpt>
    <trkpt lat="34.500220" lon="-119.120560"></trkpt>
    <trkpt lat="34.499990" lon="-119.120830"></trkpt>
    <trkpt lat="34.499940" lon="-119.120960"></trkpt>
    <trkpt lat="34.499940" lon="-119.121060"></trkpt>
    <trkpt lat="34.500050" lon="-119.121390"></trkpt>
    <trkpt lat="34.500120" lon="-119.121540"></trkpt>
    <trkpt lat="34.500560" lon="-119.122250"></trkpt>
    <trkpt lat="34.500560" lon="-119.122250"></trkpt>
    <trkpt lat="34.500470" lon="-119.122300"></trkpt>
    <trkpt lat="34.500370" lon="-119.122470"></trkpt>
    <trkpt lat="34.500080" lon="-119.122490"></trkpt>
    <trkpt lat="34.499840" lon="-119.122540"></trkpt>
    <trkpt lat="34.499820" lon="-119.122570"></trkpt>
    <trkpt lat="34.499850" lon="-119.122830"></trkpt>
    <trkpt lat="34.500100" lon="-119.123040"></trkpt>
    <trkpt lat="34.500070" lon="-119.123090"></trkpt>
    <trkpt lat="34.499780" lon="-119.123110"></trkpt>
    <trkpt lat="34.499400" lon="-119.122970"></trkpt>
    <trkpt lat="34.499080" lon="-119.122950"></trkpt>
    <trkpt lat="34.498890" lon="-119.122840"></trkpt>
    <trkpt lat="34.498850" lon="-119.122950"></trkpt>
    <trkpt lat="34.498840" lon="-119.123040"></trkpt>
    <trkpt lat="34.498860" lon="-119.123340"></trkpt>
    <trkpt lat="34.498640" lon="-119.123730"></trkpt>
    <trkpt lat="34.498620" lon="-119.124020"></trkpt>
    <trkpt lat="34.498600" lon="-119.124080"></trkpt>
    <trkpt lat="34.498260" lon="-119.124530"></trkpt>
    <trkpt lat="34.498210" lon="-119.124560"></trkpt>
    <trkpt lat="34.498050" lon="-119.124560"></trkpt>
    <trkpt lat="34.497880" lon="-119.124510"></trkpt>
    <trkpt lat="34.497840" lon="-119.124460"></trkpt>
    <trkpt lat="34.497630" lon="-119.123950"></trkpt>
    <trkpt lat="34.497550" lon="-119.123510"></trkpt>
    <trkpt lat="34.497420" lon="-119.123410"></trkpt>
    <trkpt lat="34.497350" lon="-119.123310"></trkpt>
    <trkpt lat="34.497320" lon="-119.123300"></trkpt>
    <trkpt lat="34.497240" lon="-119.123580"></trkpt>
    <trkpt lat="34.497210" lon="-119.123600"></trkpt>
    <trkpt lat="34.497020" lon="-119.123400"></trkpt>
    <trkpt lat="34.496880" lon="-119.123480"></trkpt>
    <trkpt lat="34.496550" lon="-119.123590"></trkpt>
    <trkpt lat="34.496430" lon="-119.123590"></trkpt>
    <trkpt lat="34.495970" lon="-119.123340"></trkpt>
    <trkpt lat="34.495900" lon="-119.123230"></trkpt>
    <trkpt lat="34.495810" lon="-119.123190"></trkpt>
    <trkpt lat="34.495780" lon="-119.123120"></trkpt>
    <trkpt lat="34.495790" lon="-119.122930"></trkpt>
    <trkpt lat="34.495740" lon="-119.122860"></trkpt>
    <trkpt lat="34.495700" lon="-119.122680"></trkpt>
    <trkpt lat="34.495650" lon="-119.122620"></trkpt>
    <trkpt lat="34.495590" lon="-119.122630"></trkpt>
    <trkpt lat="34.495460" lon="-119.122750"></trkpt>
    <trkpt lat="34.495300" lon="-119.122730"></trkpt>
    <trkpt lat="34.495240" lon="-119.122830"></trkpt>
    <trkpt lat="34.495080" lon="-119.122880"></trkpt>
    <trkpt lat="34.494930" lon="-119.123050"></trkpt>
    <trkpt lat="34.494650" lon="-119.123270"></trkpt>
    <trkpt lat="34.494480" lon="-119.123260"></trkpt>
    <trkpt lat="34.494250" lon="-119.123440"></trkpt>
    <trkpt lat="34.494210" lon="-119.123430"></trkpt>
    <trkpt lat="34.494180" lon="-119.123370"></trkpt>
    <trkpt lat="34.494180" lon="-119.123250"></trkpt>
    <trkpt lat="34.494150" lon="-119.123170"></trkpt>
    <trkpt lat="34.494070" lon="-119.123080"></trkpt>
    <trkpt lat="34.494010" lon="-119.123060"></trkpt>
    <trkpt lat="34.493910" lon="-119.123080"></trkpt>
    <trkpt lat="34.493820" lon="-119.123130"></trkpt>
    <trkpt lat="34.493670" lon="-119.123330"></trkpt>
    <trkpt lat="34.493600" lon="-119.123440"></trkpt>
    <trkpt lat="34.493540" lon="-119.123650"></trkpt>
    <trkpt lat="34.493460" lon="-119.123680"></trkpt>
    <trkpt lat="34.493410" lon="-119.123560"></trkpt>
    <trkpt lat="34.493410" lon="-119.123470"></trkpt>
    <trkpt lat="34.493500" lon="-119.123180"></trkpt>
    <trkpt lat="34.493500" lon="-119.122980"></trkpt>
    <trkpt lat="34.493610" lon="-119.122450"></trkpt>
    <trkpt lat="34.493330" lon="-119.122570"></trkpt>
    <trkpt lat="34.492990" lon="-119.122820"></trkpt>
    <trkpt lat="34.492860" lon="-119.122860"></trkpt>
    <trkpt lat="34.492810" lon="-119.122910"></trkpt>
    <trkpt lat="34.492710" lon="-119.123030"></trkpt>
    <trkpt lat="34.492660" lon="-119.123180"></trkpt>
    <trkpt lat="34.492740" lon="-119.123510"></trkpt>
    <trkpt lat="34.492710" lon="-119.123530"></trkpt>
    <trkpt lat="34.492400" lon="-119.123460"></trkpt>
    <trkpt lat="34.492330" lon="-119.123470"></trkpt>
    <trkpt lat="34.492280" lon="-119.123520"></trkpt>
    <trkpt lat="34.491980" lon="-119.123980"></trkpt>
    <trkpt lat="34.491880" lon="-119.124270"></trkpt>
    <trkpt lat="34.491650" lon="-119.124720"></trkpt>
    <trkpt lat="34.491420" lon="-119.124980"></trkpt>
    <trkpt lat="34.491310" lon="-119.125070"></trkpt>
    <trkpt lat="34.491000" lon="-119.125070"></trkpt>
    <trkpt lat="34.490850" lon="-119.124970"></trkpt>
    <trkpt lat="34.490640" lon="-119.124730"></trkpt>
    <trkpt lat="34.490570" lon="-119.124580"></trkpt>
    <trkpt lat="34.490540" lon="-119.124450"></trkpt>
    <trkpt lat="34.490200" lon="-119.124060"></trkpt>
    <trkpt lat="34.490190" lon="-119.123950"></trkpt>
    <trkpt lat="34.490240" lon="-119.123870"></trkpt>
    <trkpt lat="34.490180" lon="-119.123770"></trkpt>
    <trkpt lat="34.490050" lon="-119.123700"></trkpt>
    <trkpt lat="34.489700" lon="-119.123670"></trkpt>
    <trkpt lat="34.489590" lon="-119.123570"></trkpt>
    <trkpt lat="34.489470" lon="-119.123400"></trkpt>
    <trkpt lat="34.489420" lon="-119.123210"></trkpt>
    <trkpt lat="34.489420" lon="-119.123040"></trkpt>
    <trkpt lat="34.489380" lon="-119.123050"></trkpt>
    <trkpt lat="34.489280" lon="-119.123210"></trkpt>
    <trkpt lat="34.489170" lon="-119.123520"></trkpt>
    <trkpt lat="34.489240" lon="-119.123890"></trkpt>
    <trkpt lat="34.489220" lon="-119.124020"></trkpt>
    <trkpt lat="34.489440" lon="-119.124170"></trkpt>
    <trkpt lat="34.489460" lon="-119.124220"></trkpt>
    <trkpt lat="34.489100" lon="-119.124460"></trkpt>
    <trkpt lat="34.489040" lon="-119.124530"></trkpt>
    <trkpt lat="34.489060" lon="-119.124700"></trkpt>
    <trkpt lat="34.489160" lon="-119.124800"></trkpt>
    <trkpt lat="34.489060" lon="-119.124940"></trkpt>
    <trkpt lat="34.489030" lon="-119.124950"></trkpt>
    <trkpt lat="34.489020" lon="-119.124840"></trkpt>
    <trkpt lat="34.488850" lon="-119.124750"></trkpt>
    <trkpt lat="34.488790" lon="-119.124620"></trkpt>
    <trkpt lat="34.488770" lon="-119.124240"></trkpt>
    <trkpt lat="34.488680" lon="-119.124210"></trkpt>
    <trkpt lat="34.488450" lon="-119.124050"></trkpt>
    <trkpt lat="34.488450" lon="-119.124050"></trkpt>
    <trkpt lat="34.488340" lon="-119.123980"></trkpt>
    <trkpt lat="34.488150" lon="-119.123920"></trkpt>
    <trkpt lat="34.487950" lon="-119.123710"></trkpt>
    <trkpt lat="34.487850" lon="-119.123290"></trkpt>
    <trkpt lat="34.487520" lon="-119.122790"></trkpt>
    <trkpt lat="34.487530" lon="-119.122410"></trkpt>
    <trkpt lat="34.487510" lon="-119.122380"></trkpt>
    <trkpt lat="34.487480" lon="-119.122380"></trkpt>
    <trkpt lat="34.487230" lon="-119.122830"></trkpt>
    <trkpt lat="34.487130" lon="-119.123240"></trkpt>
    <trkpt lat="34.486970" lon="-119.123500"></trkpt>
    <trkpt lat="34.486940" lon="-119.123620"></trkpt>
    <trkpt lat="34.486820" lon="-119.123800"></trkpt>
    <trkpt lat="34.486790" lon="-119.123950"></trkpt>
    <trkpt lat="34.486700" lon="-119.123920"></trkpt>
    <trkpt lat="34.486620" lon="-119.124040"></trkpt>
    <trkpt lat="34.486600" lon="-119.124130"></trkpt>
    <trkpt lat="34.486640" lon="-119.124250"></trkpt>
    <trkpt lat="34.486630" lon="-119.124340"></trkpt>
    <trkpt lat="34.486280" lon="-119.124680"></trkpt>
    <trkpt lat="34.486050" lon="-119.124750"></trkpt>
    <trkpt lat="34.485620" lon="-119.125010"></trkpt>
    <trkpt lat="34.485610" lon="-119.125300"></trkpt>
    <trkpt lat="34.485390" lon="-119.125270"></trkpt>
    <trkpt lat="34.485270" lon="-119.125300"></trkpt>
    <trkpt lat="34.485150" lon="-119.125410"></trkpt>
    <trkpt lat="34.484900" lon="-119.125540"></trkpt>
    <trkpt lat="34.484820" lon="-119.125620"></trkpt>
    <trkpt lat="34.484750" lon="-119.125640"></trkpt>
    <trkpt lat="34.484530" lon="-119.125620"></trkpt>
    <trkpt lat="34.484290" lon="-119.125500"></trkpt>
    <trkpt lat="34.484210" lon="-119.125480"></trkpt>
    <trkpt lat="34.484140" lon="-119.125510"></trkpt>
    <trkpt lat="34.484080" lon="-119.125610"></trkpt>
    <trkpt lat="34.484060" lon="-119.125790"></trkpt>
    <trkpt lat="34.483920" lon="-119.126100"></trkpt>
    <trkpt lat="34.483920" lon="-119.126190"></trkpt>
    <trkpt lat="34.484070" lon="-119.126370"></trkpt>
    <trkpt lat="34.484240" lon="-119.126510"></trkpt>
    <trkpt lat="34.484510" lon="-119.126820"></trkpt>
    <trkpt lat="34.484530" lon="-119.126950"></trkpt>
    <trkpt lat="34.484450" lon="-119.126990"></trkpt>
    <trkpt lat="34.484348" lon="-119.127101"></trkpt>
    <trkpt lat="34.484390" lon="-119.127056"></trkpt>
    <trkpt lat="34.484330" lon="-119.127120"></trkpt>
    <trkpt lat="34.484240" lon="-119.127060"></trkpt>
    <trkpt lat="34.484160" lon="-119.127130"></trkpt>
    <trkpt lat="34.483960" lon="-119.127180"></trkpt>
    <trkpt lat="34.483850" lon="-119.127240"></trkpt>
    <trkpt lat="34.483820" lon="-119.127240"></trkpt>
    <trkpt lat="34.483750" lon="-119.127120"></trkpt>
    <trkpt lat="34.483440" lon="-119.127260"></trkpt>
    <trkpt lat="34.483300" lon="-119.127130"></trkpt>
    <trkpt lat="34.482900" lon="-119.126980"></trkpt>
    <trkpt lat="34.482350" lon="-119.126600"></trkpt>
    <trkpt lat="34.482070" lon="-119.126540"></trkpt>
    <trkpt lat="34.481950" lon="-119.126540"></trkpt>
    <trkpt lat="34.481800" lon="-119.126590"></trkpt>
    <trkpt lat="34.481610" lon="-119.126570"></trkpt>
    <trkpt lat="34.481480" lon="-119.126630"></trkpt>
    <trkpt lat="34.481400" lon="-119.126750"></trkpt>
    <trkpt lat="34.481260" lon="-119.126860"></trkpt>
    <trkpt lat="34.481230" lon="-119.126820"></trkpt>
    <trkpt lat="34.481140" lon="-119.126530"></trkpt>
    <trkpt lat="34.481010" lon="-119.126490"></trkpt>
    <trkpt lat="34.480950" lon="-119.126430"></trkpt>
    <trkpt lat="34.480800" lon="-119.126380"></trkpt>
    <trkpt lat="34.480590" lon="-119.126380"></trkpt>
    <trkpt lat="34.480030" lon="-119.125960"></trkpt>
    <trkpt lat="34.479950" lon="-119.125940"></trkpt>
    <trkpt lat="34.479910" lon="-119.125740"></trkpt>
    <trkpt lat="34.479850" lon="-119.125670"></trkpt>
    <trkpt lat="34.479490" lon="-119.125430"></trkpt>
    <trkpt lat="34.479200" lon="-119.125350"></trkpt>
    <trkpt lat="34.479360" lon="-119.125260"></trkpt>
    <trkpt lat="34.479640" lon="-119.125250"></trkpt>
    <trkpt lat="34.479800" lon="-119.125370"></trkpt>
    <trkpt lat="34.480220" lon="-119.125780"></trkpt>
    <trkpt lat="34.480430" lon="-119.125890"></trkpt>
    <trkpt lat="34.480460" lon="-119.125860"></trkpt>
    <trkpt lat="34.480470" lon="-119.125810"></trkpt>
    <trkpt lat="34.480190" lon="-119.125570"></trkpt>
    <trkpt lat="34.480010" lon="-119.125280"></trkpt>
    <trkpt lat="34.479470" lon="-119.124920"></trkpt>
    <trkpt lat="34.479070" lon="-119.124860"></trkpt>
    <trkpt lat="34.478920" lon="-119.124930"></trkpt>
    <trkpt lat="34.478920" lon="-119.124930"></trkpt>
    <trkpt lat="34.478870" lon="-119.124920"></trkpt>
    <trkpt lat="34.478620" lon="-119.125080"></trkpt>
    <trkpt lat="34.477970" lon="-119.125320"></trkpt>
    <trkpt lat="34.477470" lon="-119.125410"></trkpt>
    <trkpt lat="34.477270" lon="-119.125530"></trkpt>
    <trkpt lat="34.476930" lon="-119.125600"></trkpt>
    <trkpt lat="34.476830" lon="-119.125700"></trkpt>
    <trkpt lat="34.476810" lon="-119.125930"></trkpt>
    <trkpt lat="34.476770" lon="-119.125990"></trkpt>
    <trkpt lat="34.476520" lon="-119.125920"></trkpt>
    <trkpt lat="34.476320" lon="-119.126080"></trkpt>
    <trkpt lat="34.476250" lon="-119.126070"></trkpt>
    <trkpt lat="34.476140" lon="-119.125890"></trkpt>
    <trkpt lat="34.475940" lon="-119.125730"></trkpt>
    <trkpt lat="34.475860" lon="-119.125700"></trkpt>
    <trkpt lat="34.475490" lon="-119.125800"></trkpt>
    <trkpt lat="34.475080" lon="-119.125760"></trkpt>
    <trkpt lat="34.474850" lon="-119.125890"></trkpt>
    <trkpt lat="34.474690" lon="-119.126070"></trkpt>
    <trkpt lat="34.474610" lon="-119.126080"></trkpt>
    <trkpt lat="34.474450" lon="-119.125830"></trkpt>
    <trkpt lat="34.474070" lon="-119.125770"></trkpt>
    <trkpt lat="34.473850" lon="-119.125560"></trkpt>
    <trkpt lat="34.473800" lon="-119.125570"></trkpt>
    <trkpt lat="34.473560" lon="-119.125870"></trkpt>
    <trkpt lat="34.473430" lon="-119.125900"></trkpt>
    <trkpt lat="34.473400" lon="-119.125880"></trkpt>
    <trkpt lat="34.473260" lon="-119.125570"></trkpt>
    <trkpt lat="34.473230" lon="-119.125540"></trkpt>
    <trkpt lat="34.473040" lon="-119.125490"></trkpt>
    <trkpt lat="34.472780" lon="-119.125580"></trkpt>
    <trkpt lat="34.472690" lon="-119.125530"></trkpt>
    <trkpt lat="34.472560" lon="-119.125340"></trkpt>
    <trkpt lat="34.472300" lon="-119.125220"></trkpt>
    <trkpt lat="34.472110" lon="-119.125080"></trkpt>
    <trkpt lat="34.471990" lon="-119.125060"></trkpt>
    <trkpt lat="34.471820" lon="-119.125110"></trkpt>
    <trkpt lat="34.471690" lon="-119.125330"></trkpt>
    <trkpt lat="34.471590" lon="-119.125610"></trkpt>
    <trkpt lat="34.471560" lon="-119.125770"></trkpt>
    <trkpt lat="34.471520" lon="-119.126210"></trkpt>
    <trkpt lat="34.471470" lon="-119.126300"></trkpt>
    <trkpt lat="34.471420" lon="-119.126320"></trkpt>
    <trkpt lat="34.471120" lon="-119.126310"></trkpt>
    <trkpt lat="34.470630" lon="-119.125920"></trkpt>
    <trkpt lat="34.470480" lon="-119.125840"></trkpt>
    <trkpt lat="34.470340" lon="-119.125700"></trkpt>
    <trkpt lat="34.470340" lon="-119.125700"></trkpt>
    <trkpt lat="34.470060" lon="-119.125490"></trkpt>
    <trkpt lat="34.470000" lon="-119.125470"></trkpt>
    <trkpt lat="34.469940" lon="-119.125510"></trkpt>
    <trkpt lat="34.469860" lon="-119.125650"></trkpt>
    <trkpt lat="34.469840" lon="-119.126040"></trkpt>
    <trkpt lat="34.469810" lon="-119.126090"></trkpt>
    <trkpt lat="34.469600" lon="-119.126370"></trkpt>
    <trkpt lat="34.469470" lon="-119.126440"></trkpt>
    <trkpt lat="34.469310" lon="-119.126460"></trkpt>
    <trkpt lat="34.469270" lon="-119.126510"></trkpt>
    <trkpt lat="34.469260" lon="-119.126580"></trkpt>
    <trkpt lat="34.469290" lon="-119.126780"></trkpt>
    <trkpt lat="34.469290" lon="-119.126880"></trkpt>
    <trkpt lat="34.469220" lon="-119.127050"></trkpt>
    <trkpt lat="34.469100" lon="-119.127210"></trkpt>
    <trkpt lat="34.468900" lon="-119.127200"></trkpt>
    <trkpt lat="34.468690" lon="-119.127260"></trkpt>
    <trkpt lat="34.468560" lon="-119.127210"></trkpt>
    <trkpt lat="34.468320" lon="-119.127310"></trkpt>
    <trkpt lat="34.468110" lon="-119.127280"></trkpt>
    <trkpt lat="34.468000" lon="-119.127310"></trkpt>
    <trkpt lat="34.467680" lon="-119.127330"></trkpt>
    <trkpt lat="34.467620" lon="-119.127380"></trkpt>
    <trkpt lat="34.467570" lon="-119.127550"></trkpt>
    <trkpt lat="34.467560" lon="-119.127750"></trkpt>
    <trkpt lat="34.467510" lon="-119.127820"></trkpt>
    <trkpt lat="34.467440" lon="-119.127790"></trkpt>
    <trkpt lat="34.467210" lon="-119.127430"></trkpt>
    <trkpt lat="34.467200" lon="-119.127340"></trkpt>
    <trkpt lat="34.467530" lon="-119.127070"></trkpt>
    <trkpt lat="34.468140" lon="-119.126860"></trkpt>
    <trkpt lat="34.468390" lon="-119.126670"></trkpt>
    <trkpt lat="34.468570" lon="-119.126590"></trkpt>
    <trkpt lat="34.468620" lon="-119.126520"></trkpt>
    <trkpt lat="34.468640" lon="-119.126240"></trkpt>
    <trkpt lat="34.468700" lon="-119.126080"></trkpt>
    <trkpt lat="34.468840" lon="-119.125830"></trkpt>
    <trkpt lat="34.468900" lon="-119.125640"></trkpt>
    <trkpt lat="34.469070" lon="-119.125370"></trkpt>
    <trkpt lat="34.469120" lon="-119.125020"></trkpt>
    <trkpt lat="34.469430" lon="-119.123800"></trkpt>
    <trkpt lat="34.469430" lon="-119.123680"></trkpt>
    <trkpt lat="34.469380" lon="-119.123560"></trkpt>
    <trkpt lat="34.469320" lon="-119.123510"></trkpt>
    <trkpt lat="34.469200" lon="-119.123540"></trkpt>
    <trkpt lat="34.469130" lon="-119.123660"></trkpt>
    <trkpt lat="34.468860" lon="-119.124660"></trkpt>
    <trkpt lat="34.468780" lon="-119.124750"></trkpt>
    <trkpt lat="34.468320" lon="-119.125070"></trkpt>
    <trkpt lat="34.467990" lon="-119.125460"></trkpt>
    <trkpt lat="34.467670" lon="-119.125680"></trkpt>
    <trkpt lat="34.467550" lon="-119.125880"></trkpt>
    <trkpt lat="34.467270" lon="-119.126150"></trkpt>
    <trkpt lat="34.467090" lon="-119.126290"></trkpt>
    <trkpt lat="34.466950" lon="-119.126330"></trkpt>
    <trkpt lat="34.466740" lon="-119.126280"></trkpt>
    <trkpt lat="34.466390" lon="-119.126310"></trkpt>
    <trkpt lat="34.466100" lon="-119.126220"></trkpt>
    <trkpt lat="34.465970" lon="-119.126220"></trkpt>
    <trkpt lat="34.465710" lon="-119.126350"></trkpt>
    <trkpt lat="34.465560" lon="-119.126540"></trkpt>
    <trkpt lat="34.465444" lon="-119.126656"></trkpt>
    <trkpt lat="34.465444" lon="-119.126656"></trkpt>
    <trkpt lat="34.465260" lon="-119.126840"></trkpt>
    <trkpt lat="34.465160" lon="-119.127030"></trkpt>
    <trkpt lat="34.465050" lon="-119.127450"></trkpt>
    <trkpt lat="34.465020" lon="-119.127680"></trkpt>
    <trkpt lat="34.465020" lon="-119.128360"></trkpt>
    <trkpt lat="34.464950" lon="-119.129100"></trkpt>
    <trkpt lat="34.464890" lon="-119.129270"></trkpt>
    <trkpt lat="34.464780" lon="-119.129400"></trkpt>
    <trkpt lat="34.464680" lon="-119.129440"></trkpt>
    <trkpt lat="34.464460" lon="-119.129460"></trkpt>
    <trkpt lat="34.464460" lon="-119.129460"></trkpt>
    <trkpt lat="34.464360" lon="-119.129470"></trkpt>
    <trkpt lat="34.464360" lon="-119.129470"></trkpt>
    <trkpt lat="34.464170" lon="-119.129510"></trkpt>
    <trkpt lat="34.464000" lon="-119.129960"></trkpt>
    <trkpt lat="34.463890" lon="-119.130120"></trkpt>
    <trkpt lat="34.463790" lon="-119.130180"></trkpt>
    <trkpt lat="34.463680" lon="-119.130200"></trkpt>
    <trkpt lat="34.463020" lon="-119.130070"></trkpt>
    <trkpt lat="34.462900" lon="-119.130070"></trkpt>
    <trkpt lat="34.462730" lon="-119.130160"></trkpt>
    <trkpt lat="34.462470" lon="-119.130430"></trkpt>
    <trkpt lat="34.462290" lon="-119.130510"></trkpt>
    <trkpt lat="34.461560" lon="-119.130620"></trkpt>
    <trkpt lat="34.461070" lon="-119.130620"></trkpt>
    <trkpt lat="34.460850" lon="-119.130660"></trkpt>
    <trkpt lat="34.460250" lon="-119.130880"></trkpt>
    <trkpt lat="34.459750" lon="-119.130840"></trkpt>
    <trkpt lat="34.459480" lon="-119.130900"></trkpt>
    <trkpt lat="34.459150" lon="-119.131020"></trkpt>
    <trkpt lat="34.458610" lon="-119.131040"></trkpt>
    <trkpt lat="34.458460" lon="-119.131120"></trkpt>
    <trkpt lat="34.458310" lon="-119.131350"></trkpt>
    <trkpt lat="34.458250" lon="-119.131410"></trkpt>
    <trkpt lat="34.457850" lon="-119.131540"></trkpt>
    <trkpt lat="34.457620" lon="-119.131510"></trkpt>
    <trkpt lat="34.457270" lon="-119.131350"></trkpt>
    <trkpt lat="34.456920" lon="-119.131340"></trkpt>
    <trkpt lat="34.456520" lon="-119.131470"></trkpt>
    <trkpt lat="34.455940" lon="-119.131730"></trkpt>
    <trkpt lat="34.455590" lon="-119.131980"></trkpt>
    <trkpt lat="34.455090" lon="-119.132470"></trkpt>
    <trkpt lat="34.454860" lon="-119.132820"></trkpt>
    <trkpt lat="34.454652" lon="-119.133291"></trkpt>
    <trkpt lat="34.454629" lon="-119.133345"></trkpt>
    <trkpt lat="34.454600" lon="-119.133410"></trkpt>
    <trkpt lat="34.454450" lon="-119.133620"></trkpt>
    <trkpt lat="34.453910" lon="-119.134020"></trkpt>
    <trkpt lat="34.453540" lon="-119.134390"></trkpt>
    <trkpt lat="34.453410" lon="-119.134560"></trkpt>
    <trkpt lat="34.453310" lon="-119.134780"></trkpt>
    <trkpt lat="34.453260" lon="-119.135000"></trkpt>
    <trkpt lat="34.453300" lon="-119.135740"></trkpt>
    <trkpt lat="34.453300" lon="-119.135740"></trkpt>
    <trkpt lat="34.453380" lon="-119.135920"></trkpt>
    <trkpt lat="34.453570" lon="-119.136010"></trkpt>
    <trkpt lat="34.453600" lon="-119.136050"></trkpt>
    <trkpt lat="34.453610" lon="-119.136200"></trkpt>
    <trkpt lat="34.453550" lon="-119.136330"></trkpt>
    <trkpt lat="34.453510" lon="-119.136370"></trkpt>
    <trkpt lat="34.453370" lon="-119.136400"></trkpt>
    <trkpt lat="34.452890" lon="-119.136320"></trkpt>
    <trkpt lat="34.452750" lon="-119.136250"></trkpt>
    <trkpt lat="34.452560" lon="-119.136230"></trkpt>
    <trkpt lat="34.452400" lon="-119.136150"></trkpt>
    <trkpt lat="34.452220" lon="-119.135980"></trkpt>
    <trkpt lat="34.452220" lon="-119.135980"></trkpt>
    <trkpt lat="34.452040" lon="-119.135740"></trkpt>
    <trkpt lat="34.452040" lon="-119.135740"></trkpt>
    <trkpt lat="34.451770" lon="-119.135410"></trkpt>
    <trkpt lat="34.451640" lon="-119.135290"></trkpt>
    <trkpt lat="34.451080" lon="-119.135080"></trkpt>
    <trkpt lat="34.450820" lon="-119.134830"></trkpt>
    <trkpt lat="34.450610" lon="-119.134690"></trkpt>
    <trkpt lat="34.450090" lon="-119.134460"></trkpt>
    <trkpt lat="34.449770" lon="-119.134240"></trkpt>
    <trkpt lat="34.449610" lon="-119.134180"></trkpt>
    <trkpt lat="34.449610" lon="-119.134180"></trkpt>
    <trkpt lat="34.449270" lon="-119.134150"></trkpt>
    <trkpt lat="34.449000" lon="-119.134040"></trkpt>
    <trkpt lat="34.448870" lon="-119.133930"></trkpt>
    <trkpt lat="34.448690" lon="-119.133880"></trkpt>
    <trkpt lat="34.448390" lon="-119.133870"></trkpt>
    <trkpt lat="34.448190" lon="-119.133790"></trkpt>
    <trkpt lat="34.447750" lon="-119.133770"></trkpt>
    <trkpt lat="34.447750" lon="-119.133770"></trkpt>
    <trkpt lat="34.447240" lon="-119.133820"></trkpt>
    <trkpt lat="34.446330" lon="-119.134140"></trkpt>
    <trkpt lat="34.445860" lon="-119.134460"></trkpt>
    <trkpt lat="34.445660" lon="-119.134530"></trkpt>
    <trkpt lat="34.445400" lon="-119.134560"></trkpt>
    <trkpt lat="34.445230" lon="-119.134650"></trkpt>
    <trkpt lat="34.444930" lon="-119.134700"></trkpt>
    <trkpt lat="34.444848" lon="-119.134732"></trkpt>
    <trkpt lat="34.444848" lon="-119.134732"></trkpt>
    <trkpt lat="34.444540" lon="-119.134850"></trkpt>
    <trkpt lat="34.444270" lon="-119.135020"></trkpt>
    <trkpt lat="34.443830" lon="-119.135150"></trkpt>
    <trkpt lat="34.443750" lon="-119.135200"></trkpt>
    <trkpt lat="34.443640" lon="-119.135310"></trkpt>
    <trkpt lat="34.443350" lon="-119.135730"></trkpt>
    <trkpt lat="34.443340" lon="-119.135740"></trkpt>
    <trkpt lat="34.442800" lon="-119.136370"></trkpt>
    <trkpt lat="34.442630" lon="-119.136520"></trkpt>
    <trkpt lat="34.442448" lon="-119.136646"></trkpt>
    <trkpt lat="34.442448" lon="-119.136646"></trkpt>
    <trkpt lat="34.442340" lon="-119.136720"></trkpt>
    <trkpt lat="34.442129" lon="-119.136807"></trkpt>
    <trkpt lat="34.442116" lon="-119.136813"></trkpt>
    <trkpt lat="34.442050" lon="-119.136840"></trkpt>
    <trkpt lat="34.441750" lon="-119.136820"></trkpt>
    <trkpt lat="34.441610" lon="-119.136850"></trkpt>
    <trkpt lat="34.441252" lon="-119.137075"></trkpt>
    <trkpt lat="34.441252" lon="-119.137075"></trkpt>
    <trkpt lat="34.441150" lon="-119.137140"></trkpt>
    <trkpt lat="34.441000" lon="-119.137200"></trkpt>
    <trkpt lat="34.440950" lon="-119.137202"></trkpt>
    <trkpt lat="34.440950" lon="-119.137202"></trkpt>
    <trkpt lat="34.439990" lon="-119.137248"></trkpt>
    <trkpt lat="34.439990" lon="-119.137248"></trkpt>
    <trkpt lat="34.439090" lon="-119.137290"></trkpt>
    <trkpt lat="34.438403" lon="-119.137300"></trkpt>
    <trkpt lat="34.438412" lon="-119.137300"></trkpt>
    <trkpt lat="34.436404" lon="-119.137329"></trkpt>
    <trkpt lat="34.436820" lon="-119.138151"></trkpt>
  </trkseg></trk>
</gpx>
