<?xml version="1.0" encoding="UTF-8"?>
<gpx version="1.1" creator="ultrainfo" xmlns="http://www.topografix.com/GPX/1/1">
  <metadata><name>Massanutten Mountain Trails 100 - official course GPX with line-derived waypoint elevations</name></metadata>
  <wpt lat="38.7414" lon="-78.513"><ele>344.7</ele><name>Start: Caroline Furnace</name></wpt>
  <wpt lat="38.729" lon="-78.5669"><ele>573.0</ele><name>AS 1: Moreland Gap (4.1 miles)</name></wpt>
  <wpt lat="38.7891" lon="-78.5199"><ele>534.6</ele><name>AS 2: Edinburg Gap (12.1 miles)</name></wpt>
  <wpt lat="38.8716" lon="-78.4486"><ele>560.5</ele><name>AS 3: Woodstock Tower (20.3 miles)</name></wpt>
  <wpt lat="38.9187" lon="-78.3841"><ele>382.2</ele><name>AS 4: Powells Fort (25.8 miles)</name></wpt>
  <wpt lat="38.929" lon="-78.3287"><ele>282.5</ele><name>AS 5: Elizabeth Furnace (33.3 miles)</name></wpt>
  <wpt lat="38.896" lon="-78.3045"><ele>278.0</ele><name>AS 6: Shawl Gap (38.0 miles)</name></wpt>
  <wpt lat="38.8622" lon="-78.3277"><ele>225.9</ele><name>AS 7: Veach Gap (41.1 miles)</name></wpt>
  <wpt lat="38.7941" lon="-78.3855"><ele>243.5</ele><name>AS 8: Indian Grave (50.1 miles)</name></wpt>
  <wpt lat="38.7701" lon="-78.423"><ele>200.9</ele><name>AS 9: Habron Gap (54.0 miles)</name></wpt>
  <wpt lat="38.7297" lon="-78.5175"><ele>415.1</ele><name>AS 10: Camp Roosevelt (63.9 miles)</name></wpt>
  <wpt lat="38.7079" lon="-78.5612"><ele>546.5</ele><name>AS 11: Gap Creek I (69.6 miles)</name></wpt>
  <wpt lat="38.6424" lon="-78.6112"><ele>550.2</ele><name>AS 12: Visitor Center (78.1 miles)</name></wpt>
  <wpt lat="38.6078" lon="-78.63213"><ele>828.1</ele><name>AS 13: Bird Knob (81.6 miles)</name></wpt>
  <wpt lat="38.6376" lon="-78.6089"><ele>480.4</ele><name>AS 14: Picnic Area (87.9 miles)</name></wpt>
  <wpt lat="38.7079" lon="-78.5612"><ele>499.3</ele><name>AS 15: Gap Creek II (96.8 miles)</name></wpt>
  <wpt lat="38.7414" lon="-78.513"><ele>345.0</ele><name>Finish: Caroline Furnace (100.6 miles)</name></wpt>
  <trk><name>Massanutten Mountain Trails 100</name><trkseg>
    <trkpt lat="38.741047" lon="-78.512847"><ele>344.8</ele></trkpt>
    <trkpt lat="38.740912" lon="-78.511667"><ele>347.6</ele></trkpt>
    <trkpt lat="38.740602" lon="-78.511420"><ele>349.4</ele></trkpt>
    <trkpt lat="38.740235" lon="-78.511375"><ele>350.4</ele></trkpt>
    <trkpt lat="38.739995" lon="-78.510982"><ele>353.2</ele></trkpt>
    <trkpt lat="38.738107" lon="-78.510952"><ele>357.0</ele></trkpt>
    <trkpt lat="38.737647" lon="-78.511097"><ele>358.0</ele></trkpt>
    <trkpt lat="38.736372" lon="-78.511742"><ele>358.0</ele></trkpt>
    <trkpt lat="38.735762" lon="-78.512307"><ele>359.0</ele></trkpt>
    <trkpt lat="38.734022" lon="-78.514582"><ele>364.0</ele></trkpt>
    <trkpt lat="38.733832" lon="-78.515175"><ele>361.8</ele></trkpt>
    <trkpt lat="38.733472" lon="-78.517552"><ele>362.2</ele></trkpt>
    <trkpt lat="38.733587" lon="-78.517870"><ele>360.0</ele></trkpt>
    <trkpt lat="38.734730" lon="-78.518422"><ele>355.4</ele></trkpt>
    <trkpt lat="38.735042" lon="-78.518702"><ele>355.2</ele></trkpt>
    <trkpt lat="38.735167" lon="-78.518985"><ele>355.0</ele></trkpt>
    <trkpt lat="38.734927" lon="-78.521427"><ele>362.6</ele></trkpt>
    <trkpt lat="38.735342" lon="-78.522652"><ele>368.8</ele></trkpt>
    <trkpt lat="38.735807" lon="-78.524417"><ele>373.0</ele></trkpt>
    <trkpt lat="38.735887" lon="-78.525720"><ele>377.4</ele></trkpt>
    <trkpt lat="38.735837" lon="-78.526367"><ele>379.8</ele></trkpt>
    <trkpt lat="38.735432" lon="-78.527642"><ele>381.4</ele></trkpt>
    <trkpt lat="38.735372" lon="-78.528130"><ele>382.2</ele></trkpt>
    <trkpt lat="38.735497" lon="-78.529107"><ele>386.2</ele></trkpt>
    <trkpt lat="38.735860" lon="-78.530577"><ele>391.8</ele></trkpt>
    <trkpt lat="38.735877" lon="-78.530942"><ele>393.2</ele></trkpt>
    <trkpt lat="38.735742" lon="-78.531662"><ele>393.2</ele></trkpt>
    <trkpt lat="38.735315" lon="-78.532722"><ele>397.2</ele></trkpt>
    <trkpt lat="38.735235" lon="-78.533825"><ele>404.6</ele></trkpt>
    <trkpt lat="38.735272" lon="-78.534477"><ele>405.6</ele></trkpt>
    <trkpt lat="38.735762" lon="-78.536957"><ele>413.8</ele></trkpt>
    <trkpt lat="38.736295" lon="-78.538275"><ele>420.8</ele></trkpt>
    <trkpt lat="38.737177" lon="-78.542097"><ele>433.2</ele></trkpt>
    <trkpt lat="38.737797" lon="-78.542760"><ele>437.8</ele></trkpt>
    <trkpt lat="38.737937" lon="-78.543087"><ele>439.8</ele></trkpt>
    <trkpt lat="38.737910" lon="-78.543485"><ele>443.4</ele></trkpt>
    <trkpt lat="38.737742" lon="-78.544027"><ele>445.2</ele></trkpt>
    <trkpt lat="38.737022" lon="-78.544942"><ele>452.6</ele></trkpt>
    <trkpt lat="38.736972" lon="-78.545242"><ele>454.6</ele></trkpt>
    <trkpt lat="38.737092" lon="-78.545787"><ele>456.6</ele></trkpt>
    <trkpt lat="38.737572" lon="-78.546475"><ele>458.6</ele></trkpt>
    <trkpt lat="38.738320" lon="-78.547300"><ele>465.4</ele></trkpt>
    <trkpt lat="38.738707" lon="-78.547907"><ele>469.6</ele></trkpt>
    <trkpt lat="38.738977" lon="-78.548432"><ele>472.6</ele></trkpt>
    <trkpt lat="38.739047" lon="-78.549165"><ele>475.6</ele></trkpt>
    <trkpt lat="38.739515" lon="-78.550052"><ele>478.8</ele></trkpt>
    <trkpt lat="38.739670" lon="-78.550662"><ele>481.4</ele></trkpt>
    <trkpt lat="38.739737" lon="-78.551492"><ele>483.8</ele></trkpt>
    <trkpt lat="38.739630" lon="-78.553832"><ele>491.0</ele></trkpt>
    <trkpt lat="38.739172" lon="-78.555487"><ele>498.8</ele></trkpt>
    <trkpt lat="38.739002" lon="-78.555852"><ele>502.2</ele></trkpt>
    <trkpt lat="38.737382" lon="-78.557727"><ele>506.4</ele></trkpt>
    <trkpt lat="38.736807" lon="-78.557972"><ele>509.0</ele></trkpt>
    <trkpt lat="38.735347" lon="-78.558197"><ele>520.0</ele></trkpt>
    <trkpt lat="38.734572" lon="-78.559090"><ele>518.6</ele></trkpt>
    <trkpt lat="38.733612" lon="-78.559882"><ele>526.6</ele></trkpt>
    <trkpt lat="38.733162" lon="-78.560642"><ele>529.6</ele></trkpt>
    <trkpt lat="38.732725" lon="-78.561997"><ele>537.4</ele></trkpt>
    <trkpt lat="38.732167" lon="-78.562690"><ele>543.2</ele></trkpt>
    <trkpt lat="38.731342" lon="-78.563987"><ele>554.0</ele></trkpt>
    <trkpt lat="38.730210" lon="-78.565030"><ele>564.6</ele></trkpt>
    <trkpt lat="38.729337" lon="-78.566112"><ele>574.2</ele></trkpt>
    <trkpt lat="38.728987" lon="-78.566830"><ele>576.2</ele></trkpt>
    <trkpt lat="38.728982" lon="-78.566947"><ele>576.8</ele></trkpt>
    <trkpt lat="38.729067" lon="-78.567002"><ele>577.2</ele></trkpt>
    <trkpt lat="38.730262" lon="-78.566985"><ele>575.0</ele></trkpt>
    <trkpt lat="38.731250" lon="-78.566535"><ele>575.6</ele></trkpt>
    <trkpt lat="38.732170" lon="-78.566497"><ele>579.0</ele></trkpt>
    <trkpt lat="38.733247" lon="-78.566165"><ele>581.0</ele></trkpt>
    <trkpt lat="38.733842" lon="-78.566202"><ele>581.6</ele></trkpt>
    <trkpt lat="38.734765" lon="-78.565937"><ele>583.6</ele></trkpt>
    <trkpt lat="38.735947" lon="-78.566110"><ele>581.2</ele></trkpt>
    <trkpt lat="38.736192" lon="-78.565917"><ele>582.4</ele></trkpt>
    <trkpt lat="38.736297" lon="-78.565352"><ele>587.8</ele></trkpt>
    <trkpt lat="38.736457" lon="-78.565122"><ele>591.2</ele></trkpt>
    <trkpt lat="38.736887" lon="-78.564887"><ele>593.8</ele></trkpt>
    <trkpt lat="38.737230" lon="-78.564815"><ele>594.8</ele></trkpt>
    <trkpt lat="38.737970" lon="-78.565017"><ele>599.2</ele></trkpt>
    <trkpt lat="38.738172" lon="-78.565212"><ele>598.6</ele></trkpt>
    <trkpt lat="38.738812" lon="-78.565532"><ele>597.4</ele></trkpt>
    <trkpt lat="38.739095" lon="-78.566122"><ele>601.2</ele></trkpt>
    <trkpt lat="38.739342" lon="-78.566992"><ele>605.8</ele></trkpt>
    <trkpt lat="38.739517" lon="-78.567220"><ele>605.6</ele></trkpt>
    <trkpt lat="38.739750" lon="-78.567327"><ele>608.4</ele></trkpt>
    <trkpt lat="38.740140" lon="-78.567062"><ele>613.8</ele></trkpt>
    <trkpt lat="38.740535" lon="-78.567027"><ele>615.2</ele></trkpt>
    <trkpt lat="38.740635" lon="-78.566702"><ele>617.6</ele></trkpt>
    <trkpt lat="38.741202" lon="-78.565707"><ele>625.4</ele></trkpt>
    <trkpt lat="38.741675" lon="-78.566247"><ele>635.8</ele></trkpt>
    <trkpt lat="38.741717" lon="-78.566647"><ele>640.4</ele></trkpt>
    <trkpt lat="38.741902" lon="-78.566817"><ele>643.6</ele></trkpt>
    <trkpt lat="38.742532" lon="-78.566835"><ele>651.4</ele></trkpt>
    <trkpt lat="38.743517" lon="-78.566487"><ele>668.6</ele></trkpt>
    <trkpt lat="38.743642" lon="-78.566512"><ele>671.2</ele></trkpt>
    <trkpt lat="38.743792" lon="-78.566877"><ele>677.4</ele></trkpt>
    <trkpt lat="38.743772" lon="-78.567152"><ele>682.4</ele></trkpt>
    <trkpt lat="38.743970" lon="-78.567400"><ele>687.0</ele></trkpt>
    <trkpt lat="38.744272" lon="-78.567282"><ele>689.2</ele></trkpt>
    <trkpt lat="38.744555" lon="-78.567487"><ele>697.0</ele></trkpt>
    <trkpt lat="38.744752" lon="-78.567355"><ele>700.2</ele></trkpt>
    <trkpt lat="38.745025" lon="-78.567365"><ele>704.2</ele></trkpt>
    <trkpt lat="38.745362" lon="-78.567142"><ele>706.4</ele></trkpt>
    <trkpt lat="38.745812" lon="-78.567057"><ele>709.8</ele></trkpt>
    <trkpt lat="38.746157" lon="-78.566777"><ele>714.6</ele></trkpt>
    <trkpt lat="38.746532" lon="-78.566682"><ele>719.6</ele></trkpt>
    <trkpt lat="38.746363" lon="-78.566855"><ele>724.2</ele></trkpt>
    <trkpt lat="38.745707" lon="-78.568062"><ele>743.4</ele></trkpt>
    <trkpt lat="38.745397" lon="-78.568490"><ele>750.0</ele></trkpt>
    <trkpt lat="38.744757" lon="-78.569742"><ele>767.8</ele></trkpt>
    <trkpt lat="38.744462" lon="-78.570172"><ele>774.2</ele></trkpt>
    <trkpt lat="38.744097" lon="-78.571037"><ele>787.8</ele></trkpt>
    <trkpt lat="38.744230" lon="-78.571207"><ele>790.2</ele></trkpt>
    <trkpt lat="38.744390" lon="-78.571082"><ele>791.2</ele></trkpt>
    <trkpt lat="38.744555" lon="-78.571252"><ele>791.8</ele></trkpt>
    <trkpt lat="38.744927" lon="-78.571067"><ele>793.6</ele></trkpt>
    <trkpt lat="38.745467" lon="-78.570402"><ele>801.4</ele></trkpt>
    <trkpt lat="38.745622" lon="-78.570097"><ele>803.6</ele></trkpt>
    <trkpt lat="38.747075" lon="-78.568825"><ele>808.0</ele></trkpt>
    <trkpt lat="38.747522" lon="-78.568282"><ele>810.4</ele></trkpt>
    <trkpt lat="38.747877" lon="-78.568197"><ele>810.8</ele></trkpt>
    <trkpt lat="38.748112" lon="-78.568282"><ele>811.8</ele></trkpt>
    <trkpt lat="38.748260" lon="-78.568087"><ele>814.0</ele></trkpt>
    <trkpt lat="38.748672" lon="-78.568042"><ele>816.8</ele></trkpt>
    <trkpt lat="38.749093" lon="-78.567850"><ele>816.6</ele></trkpt>
    <trkpt lat="38.749307" lon="-78.567437"><ele>809.2</ele></trkpt>
    <trkpt lat="38.749502" lon="-78.567345"><ele>807.4</ele></trkpt>
    <trkpt lat="38.749710" lon="-78.566865"><ele>804.4</ele></trkpt>
    <trkpt lat="38.749722" lon="-78.566555"><ele>806.2</ele></trkpt>
    <trkpt lat="38.749902" lon="-78.566377"><ele>808.4</ele></trkpt>
    <trkpt lat="38.749982" lon="-78.566155"><ele>808.8</ele></trkpt>
    <trkpt lat="38.750317" lon="-78.565867"><ele>810.6</ele></trkpt>
    <trkpt lat="38.750497" lon="-78.565792"><ele>810.4</ele></trkpt>
    <trkpt lat="38.750660" lon="-78.565847"><ele>808.8</ele></trkpt>
    <trkpt lat="38.750885" lon="-78.565502"><ele>810.0</ele></trkpt>
    <trkpt lat="38.751157" lon="-78.565407"><ele>807.6</ele></trkpt>
    <trkpt lat="38.751302" lon="-78.565247"><ele>807.6</ele></trkpt>
    <trkpt lat="38.751477" lon="-78.565235"><ele>806.6</ele></trkpt>
    <trkpt lat="38.751620" lon="-78.565027"><ele>804.8</ele></trkpt>
    <trkpt lat="38.751872" lon="-78.565012"><ele>802.2</ele></trkpt>
    <trkpt lat="38.752147" lon="-78.564675"><ele>802.4</ele></trkpt>
    <trkpt lat="38.752147" lon="-78.564355"><ele>805.6</ele></trkpt>
    <trkpt lat="38.753387" lon="-78.563455"><ele>801.4</ele></trkpt>
    <trkpt lat="38.753732" lon="-78.562967"><ele>804.8</ele></trkpt>
    <trkpt lat="38.753982" lon="-78.562975"><ele>802.6</ele></trkpt>
    <trkpt lat="38.754857" lon="-78.562597"><ele>799.8</ele></trkpt>
    <trkpt lat="38.755070" lon="-78.562047"><ele>807.2</ele></trkpt>
    <trkpt lat="38.755200" lon="-78.561887"><ele>810.8</ele></trkpt>
    <trkpt lat="38.755462" lon="-78.561807"><ele>810.6</ele></trkpt>
    <trkpt lat="38.755627" lon="-78.561442"><ele>817.4</ele></trkpt>
    <trkpt lat="38.755910" lon="-78.561207"><ele>823.2</ele></trkpt>
    <trkpt lat="38.756070" lon="-78.561180"><ele>820.6</ele></trkpt>
    <trkpt lat="38.756287" lon="-78.560872"><ele>821.6</ele></trkpt>
    <trkpt lat="38.756742" lon="-78.560667"><ele>821.6</ele></trkpt>
    <trkpt lat="38.756927" lon="-78.560450"><ele>822.8</ele></trkpt>
    <trkpt lat="38.757382" lon="-78.560172"><ele>824.2</ele></trkpt>
    <trkpt lat="38.757577" lon="-78.559762"><ele>830.2</ele></trkpt>
    <trkpt lat="38.757782" lon="-78.559712"><ele>828.8</ele></trkpt>
    <trkpt lat="38.758490" lon="-78.558992"><ele>832.2</ele></trkpt>
    <trkpt lat="38.759142" lon="-78.558477"><ele>833.4</ele></trkpt>
    <trkpt lat="38.759637" lon="-78.558207"><ele>831.6</ele></trkpt>
    <trkpt lat="38.759955" lon="-78.557812"><ele>836.6</ele></trkpt>
    <trkpt lat="38.760547" lon="-78.557552"><ele>834.6</ele></trkpt>
    <trkpt lat="38.760805" lon="-78.557165"><ele>836.6</ele></trkpt>
    <trkpt lat="38.761440" lon="-78.556837"><ele>835.8</ele></trkpt>
    <trkpt lat="38.761637" lon="-78.556560"><ele>836.8</ele></trkpt>
    <trkpt lat="38.761805" lon="-78.556457"><ele>836.6</ele></trkpt>
    <trkpt lat="38.761952" lon="-78.556522"><ele>833.8</ele></trkpt>
    <trkpt lat="38.762127" lon="-78.556200"><ele>836.6</ele></trkpt>
    <trkpt lat="38.762460" lon="-78.555997"><ele>835.4</ele></trkpt>
    <trkpt lat="38.762542" lon="-78.556005"><ele>834.8</ele></trkpt>
    <trkpt lat="38.762525" lon="-78.556172"><ele>831.6</ele></trkpt>
    <trkpt lat="38.762597" lon="-78.556282"><ele>827.4</ele></trkpt>
    <trkpt lat="38.762740" lon="-78.556230"><ele>824.2</ele></trkpt>
    <trkpt lat="38.763132" lon="-78.556390"><ele>815.8</ele></trkpt>
    <trkpt lat="38.763350" lon="-78.555997"><ele>813.8</ele></trkpt>
    <trkpt lat="38.763097" lon="-78.555387"><ele>817.2</ele></trkpt>
    <trkpt lat="38.763197" lon="-78.554872"><ele>815.6</ele></trkpt>
    <trkpt lat="38.763752" lon="-78.554295"><ele>819.0</ele></trkpt>
    <trkpt lat="38.764000" lon="-78.553820"><ele>823.6</ele></trkpt>
    <trkpt lat="38.764497" lon="-78.553347"><ele>826.8</ele></trkpt>
    <trkpt lat="38.764595" lon="-78.553152"><ele>827.0</ele></trkpt>
    <trkpt lat="38.764902" lon="-78.553072"><ele>823.0</ele></trkpt>
    <trkpt lat="38.765017" lon="-78.552867"><ele>823.0</ele></trkpt>
    <trkpt lat="38.765360" lon="-78.552590"><ele>826.0</ele></trkpt>
    <trkpt lat="38.765395" lon="-78.552467"><ele>826.6</ele></trkpt>
    <trkpt lat="38.766102" lon="-78.552082"><ele>827.2</ele></trkpt>
    <trkpt lat="38.766472" lon="-78.551707"><ele>828.2</ele></trkpt>
    <trkpt lat="38.766467" lon="-78.551512"><ele>831.0</ele></trkpt>
    <trkpt lat="38.767067" lon="-78.551097"><ele>827.6</ele></trkpt>
    <trkpt lat="38.767320" lon="-78.550777"><ele>828.8</ele></trkpt>
    <trkpt lat="38.767802" lon="-78.550672"><ele>822.8</ele></trkpt>
    <trkpt lat="38.768057" lon="-78.550317"><ele>825.4</ele></trkpt>
    <trkpt lat="38.768352" lon="-78.550280"><ele>819.8</ele></trkpt>
    <trkpt lat="38.768500" lon="-78.550077"><ele>820.6</ele></trkpt>
    <trkpt lat="38.768737" lon="-78.549952"><ele>820.4</ele></trkpt>
    <trkpt lat="38.768830" lon="-78.549760"><ele>824.0</ele></trkpt>
    <trkpt lat="38.769190" lon="-78.549552"><ele>824.0</ele></trkpt>
    <trkpt lat="38.769207" lon="-78.549365"><ele>826.0</ele></trkpt>
    <trkpt lat="38.769367" lon="-78.549247"><ele>823.4</ele></trkpt>
    <trkpt lat="38.769797" lon="-78.548957"><ele>827.8</ele></trkpt>
    <trkpt lat="38.770347" lon="-78.548885"><ele>820.4</ele></trkpt>
    <trkpt lat="38.770932" lon="-78.548365"><ele>826.2</ele></trkpt>
    <trkpt lat="38.771487" lon="-78.548102"><ele>826.8</ele></trkpt>
    <trkpt lat="38.771857" lon="-78.547705"><ele>830.4</ele></trkpt>
    <trkpt lat="38.772335" lon="-78.547407"><ele>833.8</ele></trkpt>
    <trkpt lat="38.773147" lon="-78.547232"><ele>822.0</ele></trkpt>
    <trkpt lat="38.773392" lon="-78.546662"><ele>827.6</ele></trkpt>
    <trkpt lat="38.773787" lon="-78.546352"><ele>821.2</ele></trkpt>
    <trkpt lat="38.774137" lon="-78.545802"><ele>818.0</ele></trkpt>
    <trkpt lat="38.774400" lon="-78.545552"><ele>815.0</ele></trkpt>
    <trkpt lat="38.774762" lon="-78.545417"><ele>807.8</ele></trkpt>
    <trkpt lat="38.774882" lon="-78.545167"><ele>805.6</ele></trkpt>
    <trkpt lat="38.775167" lon="-78.545062"><ele>801.8</ele></trkpt>
    <trkpt lat="38.775292" lon="-78.544917"><ele>800.4</ele></trkpt>
    <trkpt lat="38.775335" lon="-78.544652"><ele>803.2</ele></trkpt>
    <trkpt lat="38.775607" lon="-78.544210"><ele>807.2</ele></trkpt>
    <trkpt lat="38.775922" lon="-78.544065"><ele>805.2</ele></trkpt>
    <trkpt lat="38.776137" lon="-78.543747"><ele>807.6</ele></trkpt>
    <trkpt lat="38.776507" lon="-78.543437"><ele>807.6</ele></trkpt>
    <trkpt lat="38.776917" lon="-78.543222"><ele>808.4</ele></trkpt>
    <trkpt lat="38.777142" lon="-78.542952"><ele>811.4</ele></trkpt>
    <trkpt lat="38.777247" lon="-78.542690"><ele>814.4</ele></trkpt>
    <trkpt lat="38.777502" lon="-78.542472"><ele>817.0</ele></trkpt>
    <trkpt lat="38.777837" lon="-78.542337"><ele>816.2</ele></trkpt>
    <trkpt lat="38.777967" lon="-78.542160"><ele>817.8</ele></trkpt>
    <trkpt lat="38.778102" lon="-78.542147"><ele>818.2</ele></trkpt>
    <trkpt lat="38.778785" lon="-78.541605"><ele>827.2</ele></trkpt>
    <trkpt lat="38.778952" lon="-78.541570"><ele>829.0</ele></trkpt>
    <trkpt lat="38.779177" lon="-78.541217"><ele>837.4</ele></trkpt>
    <trkpt lat="38.779417" lon="-78.541307"><ele>838.4</ele></trkpt>
    <trkpt lat="38.779635" lon="-78.541065"><ele>844.6</ele></trkpt>
    <trkpt lat="38.780207" lon="-78.541052"><ele>847.4</ele></trkpt>
    <trkpt lat="38.781242" lon="-78.540420"><ele>847.4</ele></trkpt>
    <trkpt lat="38.781732" lon="-78.540377"><ele>841.4</ele></trkpt>
    <trkpt lat="38.782320" lon="-78.540080"><ele>834.0</ele></trkpt>
    <trkpt lat="38.783452" lon="-78.539317"><ele>826.6</ele></trkpt>
    <trkpt lat="38.783672" lon="-78.539310"><ele>823.4</ele></trkpt>
    <trkpt lat="38.784087" lon="-78.539085"><ele>817.4</ele></trkpt>
    <trkpt lat="38.784270" lon="-78.539122"><ele>814.0</ele></trkpt>
    <trkpt lat="38.784770" lon="-78.538985"><ele>806.4</ele></trkpt>
    <trkpt lat="38.785837" lon="-78.538355"><ele>801.8</ele></trkpt>
    <trkpt lat="38.785972" lon="-78.538392"><ele>801.2</ele></trkpt>
    <trkpt lat="38.786257" lon="-78.538207"><ele>799.0</ele></trkpt>
    <trkpt lat="38.786372" lon="-78.538385"><ele>796.8</ele></trkpt>
    <trkpt lat="38.786602" lon="-78.538482"><ele>790.8</ele></trkpt>
    <trkpt lat="38.787702" lon="-78.538102"><ele>781.6</ele></trkpt>
    <trkpt lat="38.787892" lon="-78.537927"><ele>781.6</ele></trkpt>
    <trkpt lat="38.787897" lon="-78.537777"><ele>783.0</ele></trkpt>
    <trkpt lat="38.788052" lon="-78.537552"><ele>785.0</ele></trkpt>
    <trkpt lat="38.788297" lon="-78.537450"><ele>783.2</ele></trkpt>
    <trkpt lat="38.788705" lon="-78.537442"><ele>780.6</ele></trkpt>
    <trkpt lat="38.789462" lon="-78.537005"><ele>778.6</ele></trkpt>
    <trkpt lat="38.789737" lon="-78.536672"><ele>779.4</ele></trkpt>
    <trkpt lat="38.792070" lon="-78.535367"><ele>778.6</ele></trkpt>
    <trkpt lat="38.792197" lon="-78.535125"><ele>776.4</ele></trkpt>
    <trkpt lat="38.792642" lon="-78.534767"><ele>775.4</ele></trkpt>
    <trkpt lat="38.793537" lon="-78.534307"><ele>769.8</ele></trkpt>
    <trkpt lat="38.794607" lon="-78.532870"><ele>746.6</ele></trkpt>
    <trkpt lat="38.795902" lon="-78.532062"><ele>722.4</ele></trkpt>
    <trkpt lat="38.796265" lon="-78.531512"><ele>715.4</ele></trkpt>
    <trkpt lat="38.796282" lon="-78.531262"><ele>714.4</ele></trkpt>
    <trkpt lat="38.796632" lon="-78.531215"><ele>713.8</ele></trkpt>
    <trkpt lat="38.796942" lon="-78.531052"><ele>713.8</ele></trkpt>
    <trkpt lat="38.797177" lon="-78.531112"><ele>710.6</ele></trkpt>
    <trkpt lat="38.797437" lon="-78.530890"><ele>706.4</ele></trkpt>
    <trkpt lat="38.797690" lon="-78.531380"><ele>698.4</ele></trkpt>
    <trkpt lat="38.797890" lon="-78.531567"><ele>695.6</ele></trkpt>
    <trkpt lat="38.799162" lon="-78.530617"><ele>683.0</ele></trkpt>
    <trkpt lat="38.799462" lon="-78.530775"><ele>682.6</ele></trkpt>
    <trkpt lat="38.799562" lon="-78.530547"><ele>677.6</ele></trkpt>
    <trkpt lat="38.799367" lon="-78.529962"><ele>672.8</ele></trkpt>
    <trkpt lat="38.799020" lon="-78.529532"><ele>667.0</ele></trkpt>
    <trkpt lat="38.798710" lon="-78.529407"><ele>666.2</ele></trkpt>
    <trkpt lat="38.798352" lon="-78.529537"><ele>674.8</ele></trkpt>
    <trkpt lat="38.797577" lon="-78.530025"><ele>679.6</ele></trkpt>
    <trkpt lat="38.796510" lon="-78.530142"><ele>691.0</ele></trkpt>
    <trkpt lat="38.795727" lon="-78.531050"><ele>690.4</ele></trkpt>
    <trkpt lat="38.795052" lon="-78.531332"><ele>683.4</ele></trkpt>
    <trkpt lat="38.794857" lon="-78.531307"><ele>679.8</ele></trkpt>
    <trkpt lat="38.794637" lon="-78.531425"><ele>681.0</ele></trkpt>
    <trkpt lat="38.794117" lon="-78.531202"><ele>672.2</ele></trkpt>
    <trkpt lat="38.793185" lon="-78.531247"><ele>657.0</ele></trkpt>
    <trkpt lat="38.792287" lon="-78.531007"><ele>643.0</ele></trkpt>
    <trkpt lat="38.791962" lon="-78.530685"><ele>635.6</ele></trkpt>
    <trkpt lat="38.791967" lon="-78.530370"><ele>630.8</ele></trkpt>
    <trkpt lat="38.791742" lon="-78.529987"><ele>624.4</ele></trkpt>
    <trkpt lat="38.791342" lon="-78.529843"><ele>617.6</ele></trkpt>
    <trkpt lat="38.791142" lon="-78.529927"><ele>615.4</ele></trkpt>
    <trkpt lat="38.790992" lon="-78.529865"><ele>614.2</ele></trkpt>
    <trkpt lat="38.790957" lon="-78.529502"><ele>609.0</ele></trkpt>
    <trkpt lat="38.790682" lon="-78.528875"><ele>599.8</ele></trkpt>
    <trkpt lat="38.790627" lon="-78.528352"><ele>593.4</ele></trkpt>
    <trkpt lat="38.790307" lon="-78.528032"><ele>587.4</ele></trkpt>
    <trkpt lat="38.790132" lon="-78.528285"><ele>586.0</ele></trkpt>
    <trkpt lat="38.789722" lon="-78.527735"><ele>577.6</ele></trkpt>
    <trkpt lat="38.789782" lon="-78.527432"><ele>575.0</ele></trkpt>
    <trkpt lat="38.789707" lon="-78.527197"><ele>572.8</ele></trkpt>
    <trkpt lat="38.789862" lon="-78.526872"><ele>571.6</ele></trkpt>
    <trkpt lat="38.789885" lon="-78.526477"><ele>569.8</ele></trkpt>
    <trkpt lat="38.789332" lon="-78.524335"><ele>552.4</ele></trkpt>
    <trkpt lat="38.789605" lon="-78.521837"><ele>534.6</ele></trkpt>
    <trkpt lat="38.789117" lon="-78.519982"><ele>522.2</ele></trkpt>
    <trkpt lat="38.789205" lon="-78.519357"><ele>519.2</ele></trkpt>
    <trkpt lat="38.789975" lon="-78.518912"><ele>527.2</ele></trkpt>
    <trkpt lat="38.790132" lon="-78.518717"><ele>530.4</ele></trkpt>
    <trkpt lat="38.790407" lon="-78.518630"><ele>531.4</ele></trkpt>
    <trkpt lat="38.790922" lon="-78.518035"><ele>536.2</ele></trkpt>
    <trkpt lat="38.791117" lon="-78.517597"><ele>541.2</ele></trkpt>
    <trkpt lat="38.791445" lon="-78.517327"><ele>542.2</ele></trkpt>
    <trkpt lat="38.791977" lon="-78.515065"><ele>559.8</ele></trkpt>
    <trkpt lat="38.792250" lon="-78.514622"><ele>563.0</ele></trkpt>
    <trkpt lat="38.792337" lon="-78.514007"><ele>569.0</ele></trkpt>
    <trkpt lat="38.792220" lon="-78.513657"><ele>573.8</ele></trkpt>
    <trkpt lat="38.792265" lon="-78.513437"><ele>574.8</ele></trkpt>
    <trkpt lat="38.792412" lon="-78.513447"><ele>575.8</ele></trkpt>
    <trkpt lat="38.792537" lon="-78.513282"><ele>577.8</ele></trkpt>
    <trkpt lat="38.792662" lon="-78.513515"><ele>574.4</ele></trkpt>
    <trkpt lat="38.792727" lon="-78.513872"><ele>576.0</ele></trkpt>
    <trkpt lat="38.792865" lon="-78.513947"><ele>576.2</ele></trkpt>
    <trkpt lat="38.794090" lon="-78.513945"><ele>583.8</ele></trkpt>
    <trkpt lat="38.794197" lon="-78.514095"><ele>583.8</ele></trkpt>
    <trkpt lat="38.794270" lon="-78.514512"><ele>582.4</ele></trkpt>
    <trkpt lat="38.794532" lon="-78.514630"><ele>584.2</ele></trkpt>
    <trkpt lat="38.795162" lon="-78.514437"><ele>591.0</ele></trkpt>
    <trkpt lat="38.795527" lon="-78.514510"><ele>591.8</ele></trkpt>
    <trkpt lat="38.795947" lon="-78.514270"><ele>597.8</ele></trkpt>
    <trkpt lat="38.796335" lon="-78.514345"><ele>601.2</ele></trkpt>
    <trkpt lat="38.796522" lon="-78.514187"><ele>604.4</ele></trkpt>
    <trkpt lat="38.795685" lon="-78.513575"><ele>621.2</ele></trkpt>
    <trkpt lat="38.795242" lon="-78.513462"><ele>620.0</ele></trkpt>
    <trkpt lat="38.794557" lon="-78.512800"><ele>635.4</ele></trkpt>
    <trkpt lat="38.794302" lon="-78.512720"><ele>634.6</ele></trkpt>
    <trkpt lat="38.794182" lon="-78.512507"><ele>637.8</ele></trkpt>
    <trkpt lat="38.794023" lon="-78.512037"><ele>641.0</ele></trkpt>
    <trkpt lat="38.794062" lon="-78.511475"><ele>646.0</ele></trkpt>
    <trkpt lat="38.794232" lon="-78.510927"><ele>650.4</ele></trkpt>
    <trkpt lat="38.794537" lon="-78.510325"><ele>656.8</ele></trkpt>
    <trkpt lat="38.795032" lon="-78.509857"><ele>668.4</ele></trkpt>
    <trkpt lat="38.795342" lon="-78.509975"><ele>674.6</ele></trkpt>
    <trkpt lat="38.795397" lon="-78.510245"><ele>678.6</ele></trkpt>
    <trkpt lat="38.795155" lon="-78.510622"><ele>680.0</ele></trkpt>
    <trkpt lat="38.795077" lon="-78.510952"><ele>679.2</ele></trkpt>
    <trkpt lat="38.795140" lon="-78.511490"><ele>680.8</ele></trkpt>
    <trkpt lat="38.795388" lon="-78.511057"><ele>693.2</ele></trkpt>
    <trkpt lat="38.795732" lon="-78.510922"><ele>698.2</ele></trkpt>
    <trkpt lat="38.796367" lon="-78.510317"><ele>712.2</ele></trkpt>
    <trkpt lat="38.796865" lon="-78.510292"><ele>718.0</ele></trkpt>
    <trkpt lat="38.797015" lon="-78.510115"><ele>720.2</ele></trkpt>
    <trkpt lat="38.797215" lon="-78.509602"><ele>728.4</ele></trkpt>
    <trkpt lat="38.797340" lon="-78.509512"><ele>730.2</ele></trkpt>
    <trkpt lat="38.797470" lon="-78.509562"><ele>736.0</ele></trkpt>
    <trkpt lat="38.797730" lon="-78.509167"><ele>742.8</ele></trkpt>
    <trkpt lat="38.798002" lon="-78.508917"><ele>748.6</ele></trkpt>
    <trkpt lat="38.798200" lon="-78.508837"><ele>752.8</ele></trkpt>
    <trkpt lat="38.798357" lon="-78.509142"><ele>758.0</ele></trkpt>
    <trkpt lat="38.798445" lon="-78.509162"><ele>759.4</ele></trkpt>
    <trkpt lat="38.798627" lon="-78.508822"><ele>766.8</ele></trkpt>
    <trkpt lat="38.798977" lon="-78.508520"><ele>775.0</ele></trkpt>
    <trkpt lat="38.799497" lon="-78.507745"><ele>784.0</ele></trkpt>
    <trkpt lat="38.799750" lon="-78.507627"><ele>789.2</ele></trkpt>
    <trkpt lat="38.800027" lon="-78.507272"><ele>795.8</ele></trkpt>
    <trkpt lat="38.800167" lon="-78.507242"><ele>799.0</ele></trkpt>
    <trkpt lat="38.800347" lon="-78.507037"><ele>801.8</ele></trkpt>
    <trkpt lat="38.800622" lon="-78.506975"><ele>805.8</ele></trkpt>
    <trkpt lat="38.800877" lon="-78.507160"><ele>806.4</ele></trkpt>
    <trkpt lat="38.801072" lon="-78.507145"><ele>805.6</ele></trkpt>
    <trkpt lat="38.801757" lon="-78.506567"><ele>798.0</ele></trkpt>
    <trkpt lat="38.802352" lon="-78.506475"><ele>789.8</ele></trkpt>
    <trkpt lat="38.802500" lon="-78.506327"><ele>787.4</ele></trkpt>
    <trkpt lat="38.802567" lon="-78.506077"><ele>783.0</ele></trkpt>
    <trkpt lat="38.802715" lon="-78.506005"><ele>781.4</ele></trkpt>
    <trkpt lat="38.802725" lon="-78.505668"><ele>778.8</ele></trkpt>
    <trkpt lat="38.803120" lon="-78.505272"><ele>770.6</ele></trkpt>
    <trkpt lat="38.803340" lon="-78.505225"><ele>766.6</ele></trkpt>
    <trkpt lat="38.803717" lon="-78.505435"><ele>759.4</ele></trkpt>
    <trkpt lat="38.803952" lon="-78.505860"><ele>751.6</ele></trkpt>
    <trkpt lat="38.804105" lon="-78.506492"><ele>747.8</ele></trkpt>
    <trkpt lat="38.804772" lon="-78.507602"><ele>733.4</ele></trkpt>
    <trkpt lat="38.805092" lon="-78.507870"><ele>731.4</ele></trkpt>
    <trkpt lat="38.805587" lon="-78.508040"><ele>725.6</ele></trkpt>
    <trkpt lat="38.806037" lon="-78.508392"><ele>722.8</ele></trkpt>
    <trkpt lat="38.806722" lon="-78.508307"><ele>722.2</ele></trkpt>
    <trkpt lat="38.807155" lon="-78.508407"><ele>722.0</ele></trkpt>
    <trkpt lat="38.807937" lon="-78.508135"><ele>718.0</ele></trkpt>
    <trkpt lat="38.808100" lon="-78.507992"><ele>716.0</ele></trkpt>
    <trkpt lat="38.808407" lon="-78.508062"><ele>710.6</ele></trkpt>
    <trkpt lat="38.808910" lon="-78.507245"><ele>704.8</ele></trkpt>
    <trkpt lat="38.809282" lon="-78.507007"><ele>699.4</ele></trkpt>
    <trkpt lat="38.809667" lon="-78.507062"><ele>698.0</ele></trkpt>
    <trkpt lat="38.809977" lon="-78.506925"><ele>698.0</ele></trkpt>
    <trkpt lat="38.810260" lon="-78.507047"><ele>703.0</ele></trkpt>
    <trkpt lat="38.810747" lon="-78.506770"><ele>697.2</ele></trkpt>
    <trkpt lat="38.811000" lon="-78.506737"><ele>696.6</ele></trkpt>
    <trkpt lat="38.811770" lon="-78.506257"><ele>691.4</ele></trkpt>
    <trkpt lat="38.811887" lon="-78.506287"><ele>690.2</ele></trkpt>
    <trkpt lat="38.812200" lon="-78.506042"><ele>689.0</ele></trkpt>
    <trkpt lat="38.812467" lon="-78.505607"><ele>682.8</ele></trkpt>
    <trkpt lat="38.813007" lon="-78.505407"><ele>678.4</ele></trkpt>
    <trkpt lat="38.813442" lon="-78.504908"><ele>671.4</ele></trkpt>
    <trkpt lat="38.813977" lon="-78.504772"><ele>666.0</ele></trkpt>
    <trkpt lat="38.814220" lon="-78.504297"><ele>660.6</ele></trkpt>
    <trkpt lat="38.814487" lon="-78.504090"><ele>660.2</ele></trkpt>
    <trkpt lat="38.814647" lon="-78.504145"><ele>661.2</ele></trkpt>
    <trkpt lat="38.815045" lon="-78.503947"><ele>659.6</ele></trkpt>
    <trkpt lat="38.815452" lon="-78.503522"><ele>655.4</ele></trkpt>
    <trkpt lat="38.815670" lon="-78.503467"><ele>652.6</ele></trkpt>
    <trkpt lat="38.816072" lon="-78.503097"><ele>649.8</ele></trkpt>
    <trkpt lat="38.816597" lon="-78.502882"><ele>646.4</ele></trkpt>
    <trkpt lat="38.816777" lon="-78.502720"><ele>647.2</ele></trkpt>
    <trkpt lat="38.816972" lon="-78.502695"><ele>648.2</ele></trkpt>
    <trkpt lat="38.817462" lon="-78.502340"><ele>647.0</ele></trkpt>
    <trkpt lat="38.817777" lon="-78.501817"><ele>640.4</ele></trkpt>
    <trkpt lat="38.818827" lon="-78.501140"><ele>634.0</ele></trkpt>
    <trkpt lat="38.819050" lon="-78.500807"><ele>631.4</ele></trkpt>
    <trkpt lat="38.820107" lon="-78.500072"><ele>624.0</ele></trkpt>
    <trkpt lat="38.820212" lon="-78.499835"><ele>623.4</ele></trkpt>
    <trkpt lat="38.820572" lon="-78.499687"><ele>620.8</ele></trkpt>
    <trkpt lat="38.821095" lon="-78.499120"><ele>615.6</ele></trkpt>
    <trkpt lat="38.821362" lon="-78.499067"><ele>615.6</ele></trkpt>
    <trkpt lat="38.822300" lon="-78.498345"><ele>610.6</ele></trkpt>
    <trkpt lat="38.822415" lon="-78.498107"><ele>611.0</ele></trkpt>
    <trkpt lat="38.823272" lon="-78.497270"><ele>603.2</ele></trkpt>
    <trkpt lat="38.823742" lon="-78.496947"><ele>602.6</ele></trkpt>
    <trkpt lat="38.824485" lon="-78.496107"><ele>597.6</ele></trkpt>
    <trkpt lat="38.824902" lon="-78.495902"><ele>598.0</ele></trkpt>
    <trkpt lat="38.825527" lon="-78.495225"><ele>594.8</ele></trkpt>
    <trkpt lat="38.826075" lon="-78.494937"><ele>596.6</ele></trkpt>
    <trkpt lat="38.826190" lon="-78.494775"><ele>595.2</ele></trkpt>
    <trkpt lat="38.827187" lon="-78.494035"><ele>599.0</ele></trkpt>
    <trkpt lat="38.827242" lon="-78.493802"><ele>596.4</ele></trkpt>
    <trkpt lat="38.827475" lon="-78.493502"><ele>593.4</ele></trkpt>
    <trkpt lat="38.827817" lon="-78.493245"><ele>592.2</ele></trkpt>
    <trkpt lat="38.828017" lon="-78.492880"><ele>586.0</ele></trkpt>
    <trkpt lat="38.828807" lon="-78.492365"><ele>583.0</ele></trkpt>
    <trkpt lat="38.829707" lon="-78.491615"><ele>576.6</ele></trkpt>
    <trkpt lat="38.830202" lon="-78.491072"><ele>573.8</ele></trkpt>
    <trkpt lat="38.831502" lon="-78.489985"><ele>571.6</ele></trkpt>
    <trkpt lat="38.832537" lon="-78.488815"><ele>566.6</ele></trkpt>
    <trkpt lat="38.833942" lon="-78.487672"><ele>565.8</ele></trkpt>
    <trkpt lat="38.834442" lon="-78.487132"><ele>564.8</ele></trkpt>
    <trkpt lat="38.835275" lon="-78.486560"><ele>569.8</ele></trkpt>
    <trkpt lat="38.835742" lon="-78.486057"><ele>568.4</ele></trkpt>
    <trkpt lat="38.836475" lon="-78.485052"><ele>558.6</ele></trkpt>
    <trkpt lat="38.836987" lon="-78.484720"><ele>560.2</ele></trkpt>
    <trkpt lat="38.837147" lon="-78.484467"><ele>558.2</ele></trkpt>
    <trkpt lat="38.837385" lon="-78.484292"><ele>555.0</ele></trkpt>
    <trkpt lat="38.837382" lon="-78.484145"><ele>553.8</ele></trkpt>
    <trkpt lat="38.837485" lon="-78.483987"><ele>551.8</ele></trkpt>
    <trkpt lat="38.837985" lon="-78.483605"><ele>555.0</ele></trkpt>
    <trkpt lat="38.838567" lon="-78.482817"><ele>549.8</ele></trkpt>
    <trkpt lat="38.839190" lon="-78.482462"><ele>557.4</ele></trkpt>
    <trkpt lat="38.839850" lon="-78.481722"><ele>556.8</ele></trkpt>
    <trkpt lat="38.840122" lon="-78.481547"><ele>558.4</ele></trkpt>
    <trkpt lat="38.840942" lon="-78.480672"><ele>557.8</ele></trkpt>
    <trkpt lat="38.841135" lon="-78.480602"><ele>557.6</ele></trkpt>
    <trkpt lat="38.841272" lon="-78.480380"><ele>557.8</ele></trkpt>
    <trkpt lat="38.841822" lon="-78.479917"><ele>556.6</ele></trkpt>
    <trkpt lat="38.841865" lon="-78.479662"><ele>555.0</ele></trkpt>
    <trkpt lat="38.842185" lon="-78.479235"><ele>551.4</ele></trkpt>
    <trkpt lat="38.842497" lon="-78.479012"><ele>554.6</ele></trkpt>
    <trkpt lat="38.842892" lon="-78.478542"><ele>552.8</ele></trkpt>
    <trkpt lat="38.843785" lon="-78.477835"><ele>556.6</ele></trkpt>
    <trkpt lat="38.844670" lon="-78.476745"><ele>551.4</ele></trkpt>
    <trkpt lat="38.844870" lon="-78.476377"><ele>547.2</ele></trkpt>
    <trkpt lat="38.845307" lon="-78.476030"><ele>551.8</ele></trkpt>
    <trkpt lat="38.846192" lon="-78.474812"><ele>546.4</ele></trkpt>
    <trkpt lat="38.846655" lon="-78.474372"><ele>540.8</ele></trkpt>
    <trkpt lat="38.846902" lon="-78.474367"><ele>545.2</ele></trkpt>
    <trkpt lat="38.847137" lon="-78.474227"><ele>551.4</ele></trkpt>
    <trkpt lat="38.848402" lon="-78.472762"><ele>552.0</ele></trkpt>
    <trkpt lat="38.848958" lon="-78.472282"><ele>555.8</ele></trkpt>
    <trkpt lat="38.849097" lon="-78.472260"><ele>557.8</ele></trkpt>
    <trkpt lat="38.849512" lon="-78.471783"><ele>561.4</ele></trkpt>
    <trkpt lat="38.849752" lon="-78.471722"><ele>564.4</ele></trkpt>
    <trkpt lat="38.850272" lon="-78.470942"><ele>558.2</ele></trkpt>
    <trkpt lat="38.851452" lon="-78.470027"><ele>557.8</ele></trkpt>
    <trkpt lat="38.851685" lon="-78.469500"><ele>555.2</ele></trkpt>
    <trkpt lat="38.852012" lon="-78.469080"><ele>549.0</ele></trkpt>
    <trkpt lat="38.852747" lon="-78.468687"><ele>555.0</ele></trkpt>
    <trkpt lat="38.853050" lon="-78.468792"><ele>554.2</ele></trkpt>
    <trkpt lat="38.853220" lon="-78.469042"><ele>546.8</ele></trkpt>
    <trkpt lat="38.853363" lon="-78.469067"><ele>542.6</ele></trkpt>
    <trkpt lat="38.853560" lon="-78.468737"><ele>545.2</ele></trkpt>
    <trkpt lat="38.853930" lon="-78.468527"><ele>544.8</ele></trkpt>
    <trkpt lat="38.854387" lon="-78.467795"><ele>545.2</ele></trkpt>
    <trkpt lat="38.854610" lon="-78.467730"><ele>542.6</ele></trkpt>
    <trkpt lat="38.854677" lon="-78.467525"><ele>545.4</ele></trkpt>
    <trkpt lat="38.854952" lon="-78.467280"><ele>544.4</ele></trkpt>
    <trkpt lat="38.855085" lon="-78.467020"><ele>544.2</ele></trkpt>
    <trkpt lat="38.855317" lon="-78.466930"><ele>541.8</ele></trkpt>
    <trkpt lat="38.855745" lon="-78.466492"><ele>545.2</ele></trkpt>
    <trkpt lat="38.856182" lon="-78.465817"><ele>542.6</ele></trkpt>
    <trkpt lat="38.856725" lon="-78.465350"><ele>529.0</ele></trkpt>
    <trkpt lat="38.856872" lon="-78.465110"><ele>531.2</ele></trkpt>
    <trkpt lat="38.857522" lon="-78.464647"><ele>525.6</ele></trkpt>
    <trkpt lat="38.857547" lon="-78.464552"><ele>527.4</ele></trkpt>
    <trkpt lat="38.857467" lon="-78.464470"><ele>531.4</ele></trkpt>
    <trkpt lat="38.857522" lon="-78.464397"><ele>534.2</ele></trkpt>
    <trkpt lat="38.858145" lon="-78.463755"><ele>543.0</ele></trkpt>
    <trkpt lat="38.858513" lon="-78.463200"><ele>544.0</ele></trkpt>
    <trkpt lat="38.858963" lon="-78.462842"><ele>547.8</ele></trkpt>
    <trkpt lat="38.859872" lon="-78.461845"><ele>547.6</ele></trkpt>
    <trkpt lat="38.860157" lon="-78.461272"><ele>548.8</ele></trkpt>
    <trkpt lat="38.860680" lon="-78.460797"><ele>546.2</ele></trkpt>
    <trkpt lat="38.860837" lon="-78.460537"><ele>547.2</ele></trkpt>
    <trkpt lat="38.861300" lon="-78.460212"><ele>545.4</ele></trkpt>
    <trkpt lat="38.861952" lon="-78.459387"><ele>543.4</ele></trkpt>
    <trkpt lat="38.862627" lon="-78.458747"><ele>547.0</ele></trkpt>
    <trkpt lat="38.863530" lon="-78.457555"><ele>547.0</ele></trkpt>
    <trkpt lat="38.864617" lon="-78.456397"><ele>549.4</ele></trkpt>
    <trkpt lat="38.865397" lon="-78.455327"><ele>550.6</ele></trkpt>
    <trkpt lat="38.865837" lon="-78.455042"><ele>548.4</ele></trkpt>
    <trkpt lat="38.867477" lon="-78.453040"><ele>553.4</ele></trkpt>
    <trkpt lat="38.868015" lon="-78.452527"><ele>551.2</ele></trkpt>
    <trkpt lat="38.868420" lon="-78.451900"><ele>554.2</ele></trkpt>
    <trkpt lat="38.869025" lon="-78.451477"><ele>558.2</ele></trkpt>
    <trkpt lat="38.869702" lon="-78.450545"><ele>559.8</ele></trkpt>
    <trkpt lat="38.870492" lon="-78.449875"><ele>562.6</ele></trkpt>
    <trkpt lat="38.870897" lon="-78.449267"><ele>559.8</ele></trkpt>
    <trkpt lat="38.871142" lon="-78.449095"><ele>557.4</ele></trkpt>
    <trkpt lat="38.871395" lon="-78.448665"><ele>553.2</ele></trkpt>
    <trkpt lat="38.871560" lon="-78.448575"><ele>550.4</ele></trkpt>
    <trkpt lat="38.871752" lon="-78.448232"><ele>550.2</ele></trkpt>
    <trkpt lat="38.872017" lon="-78.448217"><ele>546.6</ele></trkpt>
    <trkpt lat="38.872832" lon="-78.447147"><ele>550.6</ele></trkpt>
    <trkpt lat="38.873635" lon="-78.446587"><ele>549.2</ele></trkpt>
    <trkpt lat="38.873832" lon="-78.446172"><ele>549.4</ele></trkpt>
    <trkpt lat="38.874250" lon="-78.445900"><ele>550.6</ele></trkpt>
    <trkpt lat="38.874820" lon="-78.445265"><ele>554.0</ele></trkpt>
    <trkpt lat="38.875130" lon="-78.444587"><ele>556.0</ele></trkpt>
    <trkpt lat="38.875837" lon="-78.443742"><ele>559.2</ele></trkpt>
    <trkpt lat="38.876565" lon="-78.442975"><ele>564.2</ele></trkpt>
    <trkpt lat="38.877000" lon="-78.442705"><ele>563.2</ele></trkpt>
    <trkpt lat="38.877602" lon="-78.441892"><ele>558.0</ele></trkpt>
    <trkpt lat="38.878165" lon="-78.440892"><ele>569.8</ele></trkpt>
    <trkpt lat="38.878555" lon="-78.440485"><ele>566.0</ele></trkpt>
    <trkpt lat="38.879195" lon="-78.439597"><ele>571.4</ele></trkpt>
    <trkpt lat="38.880102" lon="-78.438625"><ele>565.8</ele></trkpt>
    <trkpt lat="38.880858" lon="-78.437472"><ele>562.0</ele></trkpt>
    <trkpt lat="38.881842" lon="-78.436542"><ele>559.8</ele></trkpt>
    <trkpt lat="38.882877" lon="-78.435205"><ele>556.0</ele></trkpt>
    <trkpt lat="38.883582" lon="-78.434447"><ele>552.0</ele></trkpt>
    <trkpt lat="38.883972" lon="-78.434232"><ele>548.4</ele></trkpt>
    <trkpt lat="38.884567" lon="-78.433687"><ele>539.6</ele></trkpt>
    <trkpt lat="38.885552" lon="-78.432507"><ele>531.8</ele></trkpt>
    <trkpt lat="38.885685" lon="-78.432242"><ele>533.8</ele></trkpt>
    <trkpt lat="38.885710" lon="-78.431922"><ele>539.8</ele></trkpt>
    <trkpt lat="38.886367" lon="-78.430995"><ele>542.8</ele></trkpt>
    <trkpt lat="38.886322" lon="-78.430282"><ele>542.8</ele></trkpt>
    <trkpt lat="38.886562" lon="-78.430125"><ele>547.8</ele></trkpt>
    <trkpt lat="38.886942" lon="-78.429587"><ele>546.8</ele></trkpt>
    <trkpt lat="38.887477" lon="-78.429232"><ele>543.2</ele></trkpt>
    <trkpt lat="38.887613" lon="-78.429002"><ele>542.0</ele></trkpt>
    <trkpt lat="38.887925" lon="-78.428830"><ele>540.2</ele></trkpt>
    <trkpt lat="38.888765" lon="-78.427857"><ele>539.6</ele></trkpt>
    <trkpt lat="38.888862" lon="-78.427645"><ele>538.4</ele></trkpt>
    <trkpt lat="38.889167" lon="-78.427442"><ele>534.8</ele></trkpt>
    <trkpt lat="38.889597" lon="-78.426975"><ele>533.2</ele></trkpt>
    <trkpt lat="38.889877" lon="-78.426450"><ele>532.8</ele></trkpt>
    <trkpt lat="38.890055" lon="-78.426332"><ele>532.0</ele></trkpt>
    <trkpt lat="38.890072" lon="-78.426112"><ele>533.0</ele></trkpt>
    <trkpt lat="38.890432" lon="-78.425642"><ele>532.6</ele></trkpt>
    <trkpt lat="38.890752" lon="-78.425322"><ele>535.4</ele></trkpt>
    <trkpt lat="38.891075" lon="-78.425152"><ele>539.0</ele></trkpt>
    <trkpt lat="38.891595" lon="-78.424507"><ele>532.4</ele></trkpt>
    <trkpt lat="38.891745" lon="-78.424510"><ele>531.0</ele></trkpt>
    <trkpt lat="38.892212" lon="-78.424205"><ele>528.6</ele></trkpt>
    <trkpt lat="38.892552" lon="-78.423707"><ele>528.4</ele></trkpt>
    <trkpt lat="38.893022" lon="-78.423272"><ele>522.2</ele></trkpt>
    <trkpt lat="38.893607" lon="-78.422542"><ele>525.8</ele></trkpt>
    <trkpt lat="38.894265" lon="-78.421417"><ele>534.0</ele></trkpt>
    <trkpt lat="38.894692" lon="-78.420992"><ele>537.0</ele></trkpt>
    <trkpt lat="38.895027" lon="-78.420287"><ele>539.8</ele></trkpt>
    <trkpt lat="38.895525" lon="-78.419775"><ele>537.4</ele></trkpt>
    <trkpt lat="38.896105" lon="-78.418892"><ele>536.0</ele></trkpt>
    <trkpt lat="38.896352" lon="-78.418612"><ele>535.0</ele></trkpt>
    <trkpt lat="38.896682" lon="-78.418412"><ele>531.8</ele></trkpt>
    <trkpt lat="38.897130" lon="-78.417867"><ele>528.2</ele></trkpt>
    <trkpt lat="38.897308" lon="-78.417822"><ele>525.8</ele></trkpt>
    <trkpt lat="38.897880" lon="-78.417382"><ele>527.2</ele></trkpt>
    <trkpt lat="38.898052" lon="-78.417032"><ele>533.0</ele></trkpt>
    <trkpt lat="38.898293" lon="-78.416767"><ele>535.0</ele></trkpt>
    <trkpt lat="38.898462" lon="-78.415995"><ele>540.0</ele></trkpt>
    <trkpt lat="38.898667" lon="-78.415722"><ele>539.6</ele></trkpt>
    <trkpt lat="38.899600" lon="-78.415022"><ele>532.0</ele></trkpt>
    <trkpt lat="38.900032" lon="-78.414260"><ele>531.0</ele></trkpt>
    <trkpt lat="38.900387" lon="-78.413978"><ele>528.6</ele></trkpt>
    <trkpt lat="38.900452" lon="-78.413707"><ele>532.6</ele></trkpt>
    <trkpt lat="38.900695" lon="-78.413327"><ele>532.8</ele></trkpt>
    <trkpt lat="38.901040" lon="-78.413050"><ele>531.0</ele></trkpt>
    <trkpt lat="38.901560" lon="-78.412112"><ele>525.6</ele></trkpt>
    <trkpt lat="38.901887" lon="-78.411985"><ele>522.2</ele></trkpt>
    <trkpt lat="38.901962" lon="-78.411740"><ele>521.4</ele></trkpt>
    <trkpt lat="38.902292" lon="-78.411607"><ele>521.0</ele></trkpt>
    <trkpt lat="38.902327" lon="-78.411495"><ele>522.4</ele></trkpt>
    <trkpt lat="38.902482" lon="-78.411412"><ele>523.4</ele></trkpt>
    <trkpt lat="38.902780" lon="-78.411020"><ele>525.0</ele></trkpt>
    <trkpt lat="38.903027" lon="-78.410510"><ele>524.2</ele></trkpt>
    <trkpt lat="38.903455" lon="-78.410045"><ele>522.8</ele></trkpt>
    <trkpt lat="38.903765" lon="-78.409380"><ele>523.6</ele></trkpt>
    <trkpt lat="38.903975" lon="-78.409260"><ele>522.8</ele></trkpt>
    <trkpt lat="38.904137" lon="-78.408902"><ele>524.2</ele></trkpt>
    <trkpt lat="38.904457" lon="-78.408697"><ele>526.8</ele></trkpt>
    <trkpt lat="38.905152" lon="-78.407832"><ele>529.4</ele></trkpt>
    <trkpt lat="38.905212" lon="-78.407652"><ele>531.0</ele></trkpt>
    <trkpt lat="38.905642" lon="-78.407285"><ele>535.0</ele></trkpt>
    <trkpt lat="38.905767" lon="-78.406987"><ele>534.6</ele></trkpt>
    <trkpt lat="38.906232" lon="-78.406500"><ele>534.2</ele></trkpt>
    <trkpt lat="38.906405" lon="-78.406132"><ele>533.2</ele></trkpt>
    <trkpt lat="38.906712" lon="-78.405767"><ele>532.4</ele></trkpt>
    <trkpt lat="38.907047" lon="-78.405552"><ele>532.8</ele></trkpt>
    <trkpt lat="38.907435" lon="-78.404772"><ele>533.8</ele></trkpt>
    <trkpt lat="38.907702" lon="-78.404492"><ele>536.0</ele></trkpt>
    <trkpt lat="38.907810" lon="-78.404492"><ele>535.8</ele></trkpt>
    <trkpt lat="38.907918" lon="-78.404275"><ele>537.0</ele></trkpt>
    <trkpt lat="38.908387" lon="-78.403842"><ele>536.4</ele></trkpt>
    <trkpt lat="38.908762" lon="-78.403307"><ele>536.6</ele></trkpt>
    <trkpt lat="38.909247" lon="-78.402957"><ele>541.4</ele></trkpt>
    <trkpt lat="38.909660" lon="-78.402332"><ele>548.4</ele></trkpt>
    <trkpt lat="38.910262" lon="-78.401947"><ele>539.6</ele></trkpt>
    <trkpt lat="38.911560" lon="-78.400482"><ele>541.8</ele></trkpt>
    <trkpt lat="38.911892" lon="-78.400227"><ele>542.0</ele></trkpt>
    <trkpt lat="38.912727" lon="-78.398422"><ele>525.4</ele></trkpt>
    <trkpt lat="38.913217" lon="-78.398060"><ele>525.8</ele></trkpt>
    <trkpt lat="38.913732" lon="-78.397327"><ele>522.4</ele></trkpt>
    <trkpt lat="38.913945" lon="-78.397157"><ele>522.8</ele></trkpt>
    <trkpt lat="38.914260" lon="-78.396707"><ele>520.8</ele></trkpt>
    <trkpt lat="38.914422" lon="-78.396622"><ele>521.8</ele></trkpt>
    <trkpt lat="38.914690" lon="-78.396172"><ele>518.2</ele></trkpt>
    <trkpt lat="38.914960" lon="-78.396072"><ele>519.6</ele></trkpt>
    <trkpt lat="38.915427" lon="-78.395607"><ele>520.4</ele></trkpt>
    <trkpt lat="38.915532" lon="-78.395292"><ele>517.4</ele></trkpt>
    <trkpt lat="38.915767" lon="-78.394972"><ele>516.4</ele></trkpt>
    <trkpt lat="38.915900" lon="-78.394372"><ele>508.8</ele></trkpt>
    <trkpt lat="38.916092" lon="-78.394290"><ele>509.8</ele></trkpt>
    <trkpt lat="38.916370" lon="-78.393960"><ele>508.4</ele></trkpt>
    <trkpt lat="38.916490" lon="-78.393482"><ele>503.0</ele></trkpt>
    <trkpt lat="38.917935" lon="-78.392610"><ele>526.4</ele></trkpt>
    <trkpt lat="38.918435" lon="-78.389435"><ele>470.2</ele></trkpt>
    <trkpt lat="38.918622" lon="-78.388855"><ele>459.2</ele></trkpt>
    <trkpt lat="38.918617" lon="-78.388597"><ele>454.4</ele></trkpt>
    <trkpt lat="38.918937" lon="-78.387782"><ele>441.6</ele></trkpt>
    <trkpt lat="38.918990" lon="-78.387202"><ele>432.6</ele></trkpt>
    <trkpt lat="38.918332" lon="-78.386402"><ele>413.4</ele></trkpt>
    <trkpt lat="38.917992" lon="-78.386217"><ele>406.8</ele></trkpt>
    <trkpt lat="38.917497" lon="-78.385382"><ele>394.6</ele></trkpt>
    <trkpt lat="38.917200" lon="-78.385187"><ele>392.0</ele></trkpt>
    <trkpt lat="38.917147" lon="-78.384982"><ele>390.8</ele></trkpt>
    <trkpt lat="38.918297" lon="-78.383622"><ele>388.8</ele></trkpt>
    <trkpt lat="38.917862" lon="-78.384040"><ele>386.2</ele></trkpt>
    <trkpt lat="38.917768" lon="-78.383975"><ele>385.0</ele></trkpt>
    <trkpt lat="38.918753" lon="-78.381810"><ele>375.2</ele></trkpt>
    <trkpt lat="38.919192" lon="-78.381387"><ele>372.4</ele></trkpt>
    <trkpt lat="38.920745" lon="-78.380462"><ele>367.2</ele></trkpt>
    <trkpt lat="38.920970" lon="-78.380447"><ele>368.0</ele></trkpt>
    <trkpt lat="38.921292" lon="-78.380645"><ele>369.0</ele></trkpt>
    <trkpt lat="38.921842" lon="-78.380762"><ele>369.8</ele></trkpt>
    <trkpt lat="38.922237" lon="-78.380697"><ele>369.8</ele></trkpt>
    <trkpt lat="38.922702" lon="-78.380462"><ele>367.0</ele></trkpt>
    <trkpt lat="38.923105" lon="-78.380080"><ele>367.0</ele></trkpt>
    <trkpt lat="38.923567" lon="-78.379207"><ele>369.8</ele></trkpt>
    <trkpt lat="38.924040" lon="-78.378812"><ele>371.4</ele></trkpt>
    <trkpt lat="38.924707" lon="-78.377997"><ele>372.2</ele></trkpt>
    <trkpt lat="38.925275" lon="-78.377722"><ele>371.6</ele></trkpt>
    <trkpt lat="38.925812" lon="-78.377295"><ele>373.8</ele></trkpt>
    <trkpt lat="38.925950" lon="-78.377107"><ele>375.0</ele></trkpt>
    <trkpt lat="38.926072" lon="-78.376612"><ele>375.6</ele></trkpt>
    <trkpt lat="38.926367" lon="-78.376192"><ele>376.0</ele></trkpt>
    <trkpt lat="38.927517" lon="-78.375185"><ele>379.2</ele></trkpt>
    <trkpt lat="38.927727" lon="-78.374772"><ele>379.4</ele></trkpt>
    <trkpt lat="38.928377" lon="-78.373952"><ele>383.4</ele></trkpt>
    <trkpt lat="38.928997" lon="-78.373522"><ele>384.6</ele></trkpt>
    <trkpt lat="38.929537" lon="-78.372892"><ele>384.2</ele></trkpt>
    <trkpt lat="38.930193" lon="-78.372375"><ele>386.6</ele></trkpt>
    <trkpt lat="38.930342" lon="-78.372095"><ele>386.6</ele></trkpt>
    <trkpt lat="38.931072" lon="-78.371677"><ele>387.8</ele></trkpt>
    <trkpt lat="38.931615" lon="-78.371242"><ele>388.6</ele></trkpt>
    <trkpt lat="38.932167" lon="-78.370097"><ele>390.6</ele></trkpt>
    <trkpt lat="38.932805" lon="-78.369645"><ele>392.0</ele></trkpt>
    <trkpt lat="38.933905" lon="-78.368407"><ele>395.8</ele></trkpt>
    <trkpt lat="38.934330" lon="-78.366837"><ele>395.4</ele></trkpt>
    <trkpt lat="38.935072" lon="-78.365790"><ele>399.0</ele></trkpt>
    <trkpt lat="38.935862" lon="-78.365127"><ele>403.0</ele></trkpt>
    <trkpt lat="38.936395" lon="-78.364102"><ele>408.2</ele></trkpt>
    <trkpt lat="38.936940" lon="-78.363347"><ele>414.8</ele></trkpt>
    <trkpt lat="38.937250" lon="-78.362642"><ele>420.4</ele></trkpt>
    <trkpt lat="38.937592" lon="-78.362210"><ele>421.6</ele></trkpt>
    <trkpt lat="38.938115" lon="-78.361637"><ele>422.2</ele></trkpt>
    <trkpt lat="38.939087" lon="-78.360862"><ele>423.4</ele></trkpt>
    <trkpt lat="38.939992" lon="-78.359872"><ele>421.4</ele></trkpt>
    <trkpt lat="38.940162" lon="-78.359665"><ele>424.2</ele></trkpt>
    <trkpt lat="38.940455" lon="-78.358967"><ele>426.2</ele></trkpt>
    <trkpt lat="38.940775" lon="-78.358550"><ele>428.4</ele></trkpt>
    <trkpt lat="38.941345" lon="-78.358397"><ele>426.8</ele></trkpt>
    <trkpt lat="38.941927" lon="-78.357800"><ele>428.6</ele></trkpt>
    <trkpt lat="38.942857" lon="-78.357547"><ele>424.8</ele></trkpt>
    <trkpt lat="38.943117" lon="-78.357572"><ele>424.2</ele></trkpt>
    <trkpt lat="38.943200" lon="-78.357715"><ele>423.6</ele></trkpt>
    <trkpt lat="38.943835" lon="-78.357620"><ele>426.4</ele></trkpt>
    <trkpt lat="38.944187" lon="-78.357187"><ele>428.2</ele></trkpt>
    <trkpt lat="38.944615" lon="-78.356387"><ele>430.8</ele></trkpt>
    <trkpt lat="38.944747" lon="-78.356390"><ele>431.8</ele></trkpt>
    <trkpt lat="38.945317" lon="-78.356050"><ele>445.4</ele></trkpt>
    <trkpt lat="38.945542" lon="-78.355460"><ele>442.0</ele></trkpt>
    <trkpt lat="38.945732" lon="-78.355192"><ele>443.0</ele></trkpt>
    <trkpt lat="38.946697" lon="-78.354197"><ele>452.0</ele></trkpt>
    <trkpt lat="38.946765" lon="-78.353715"><ele>448.0</ele></trkpt>
    <trkpt lat="38.947057" lon="-78.353077"><ele>442.2</ele></trkpt>
    <trkpt lat="38.947567" lon="-78.352327"><ele>444.6</ele></trkpt>
    <trkpt lat="38.948165" lon="-78.351035"><ele>448.6</ele></trkpt>
    <trkpt lat="38.948795" lon="-78.350342"><ele>452.8</ele></trkpt>
    <trkpt lat="38.949262" lon="-78.349407"><ele>457.0</ele></trkpt>
    <trkpt lat="38.950122" lon="-78.348865"><ele>461.2</ele></trkpt>
    <trkpt lat="38.950502" lon="-78.348395"><ele>462.2</ele></trkpt>
    <trkpt lat="38.950017" lon="-78.348330"><ele>459.0</ele></trkpt>
    <trkpt lat="38.949892" lon="-78.347917"><ele>461.6</ele></trkpt>
    <trkpt lat="38.949240" lon="-78.347457"><ele>472.6</ele></trkpt>
    <trkpt lat="38.948545" lon="-78.346417"><ele>483.6</ele></trkpt>
    <trkpt lat="38.947137" lon="-78.346142"><ele>506.2</ele></trkpt>
    <trkpt lat="38.946622" lon="-78.346242"><ele>519.4</ele></trkpt>
    <trkpt lat="38.946657" lon="-78.345788"><ele>528.2</ele></trkpt>
    <trkpt lat="38.945667" lon="-78.346087"><ele>548.8</ele></trkpt>
    <trkpt lat="38.944560" lon="-78.346017"><ele>569.4</ele></trkpt>
    <trkpt lat="38.943822" lon="-78.346237"><ele>580.8</ele></trkpt>
    <trkpt lat="38.943312" lon="-78.346265"><ele>589.4</ele></trkpt>
    <trkpt lat="38.943947" lon="-78.345260"><ele>605.8</ele></trkpt>
    <trkpt lat="38.943360" lon="-78.345002"><ele>618.4</ele></trkpt>
    <trkpt lat="38.942992" lon="-78.344950"><ele>623.6</ele></trkpt>
    <trkpt lat="38.942692" lon="-78.345032"><ele>624.6</ele></trkpt>
    <trkpt lat="38.942617" lon="-78.344940"><ele>624.0</ele></trkpt>
    <trkpt lat="38.942877" lon="-78.344085"><ele>617.8</ele></trkpt>
    <trkpt lat="38.943167" lon="-78.343765"><ele>618.0</ele></trkpt>
    <trkpt lat="38.943712" lon="-78.342537"><ele>607.2</ele></trkpt>
    <trkpt lat="38.943875" lon="-78.342367"><ele>606.2</ele></trkpt>
    <trkpt lat="38.944042" lon="-78.341880"><ele>600.6</ele></trkpt>
    <trkpt lat="38.944060" lon="-78.341550"><ele>595.8</ele></trkpt>
    <trkpt lat="38.943615" lon="-78.341787"><ele>587.8</ele></trkpt>
    <trkpt lat="38.943352" lon="-78.342047"><ele>583.2</ele></trkpt>
    <trkpt lat="38.942652" lon="-78.342335"><ele>573.2</ele></trkpt>
    <trkpt lat="38.941627" lon="-78.342342"><ele>560.6</ele></trkpt>
    <trkpt lat="38.941312" lon="-78.342445"><ele>557.8</ele></trkpt>
    <trkpt lat="38.940652" lon="-78.343632"><ele>545.0</ele></trkpt>
    <trkpt lat="38.940360" lon="-78.343917"><ele>541.0</ele></trkpt>
    <trkpt lat="38.939952" lon="-78.344557"><ele>532.6</ele></trkpt>
    <trkpt lat="38.939445" lon="-78.344987"><ele>524.0</ele></trkpt>
    <trkpt lat="38.939347" lon="-78.345305"><ele>520.6</ele></trkpt>
    <trkpt lat="38.938845" lon="-78.345377"><ele>513.4</ele></trkpt>
    <trkpt lat="38.938277" lon="-78.345970"><ele>514.4</ele></trkpt>
    <trkpt lat="38.938087" lon="-78.346027"><ele>514.2</ele></trkpt>
    <trkpt lat="38.937907" lon="-78.346237"><ele>515.6</ele></trkpt>
    <trkpt lat="38.937485" lon="-78.346482"><ele>518.2</ele></trkpt>
    <trkpt lat="38.936847" lon="-78.346577"><ele>521.6</ele></trkpt>
    <trkpt lat="38.936562" lon="-78.346750"><ele>525.6</ele></trkpt>
    <trkpt lat="38.936255" lon="-78.346807"><ele>527.8</ele></trkpt>
    <trkpt lat="38.936017" lon="-78.346695"><ele>529.2</ele></trkpt>
    <trkpt lat="38.935737" lon="-78.346122"><ele>532.2</ele></trkpt>
    <trkpt lat="38.935602" lon="-78.346002"><ele>532.0</ele></trkpt>
    <trkpt lat="38.934727" lon="-78.346242"><ele>521.8</ele></trkpt>
    <trkpt lat="38.934240" lon="-78.345972"><ele>514.6</ele></trkpt>
    <trkpt lat="38.933875" lon="-78.346002"><ele>513.2</ele></trkpt>
    <trkpt lat="38.932850" lon="-78.347152"><ele>499.6</ele></trkpt>
    <trkpt lat="38.932190" lon="-78.347237"><ele>492.2</ele></trkpt>
    <trkpt lat="38.931812" lon="-78.347427"><ele>487.8</ele></trkpt>
    <trkpt lat="38.931347" lon="-78.348260"><ele>476.8</ele></trkpt>
    <trkpt lat="38.931372" lon="-78.347772"><ele>472.4</ele></trkpt>
    <trkpt lat="38.931467" lon="-78.347552"><ele>470.6</ele></trkpt>
    <trkpt lat="38.931522" lon="-78.347072"><ele>466.2</ele></trkpt>
    <trkpt lat="38.931782" lon="-78.346650"><ele>465.0</ele></trkpt>
    <trkpt lat="38.932042" lon="-78.345982"><ele>460.2</ele></trkpt>
    <trkpt lat="38.932450" lon="-78.345582"><ele>453.2</ele></trkpt>
    <trkpt lat="38.932735" lon="-78.345117"><ele>450.4</ele></trkpt>
    <trkpt lat="38.932282" lon="-78.345307"><ele>442.8</ele></trkpt>
    <trkpt lat="38.932057" lon="-78.345225"><ele>441.2</ele></trkpt>
    <trkpt lat="38.932277" lon="-78.345112"><ele>438.0</ele></trkpt>
    <trkpt lat="38.932792" lon="-78.344227"><ele>430.2</ele></trkpt>
    <trkpt lat="38.933267" lon="-78.342800"><ele>420.6</ele></trkpt>
    <trkpt lat="38.933487" lon="-78.342535"><ele>417.8</ele></trkpt>
    <trkpt lat="38.934087" lon="-78.342297"><ele>414.4</ele></trkpt>
    <trkpt lat="38.934125" lon="-78.342042"><ele>415.6</ele></trkpt>
    <trkpt lat="38.933987" lon="-78.341085"><ele>414.0</ele></trkpt>
    <trkpt lat="38.933792" lon="-78.340697"><ele>412.8</ele></trkpt>
    <trkpt lat="38.933435" lon="-78.340427"><ele>410.4</ele></trkpt>
    <trkpt lat="38.932662" lon="-78.340237"><ele>406.6</ele></trkpt>
    <trkpt lat="38.932035" lon="-78.339882"><ele>401.6</ele></trkpt>
    <trkpt lat="38.930995" lon="-78.338592"><ele>388.2</ele></trkpt>
    <trkpt lat="38.930307" lon="-78.338000"><ele>383.0</ele></trkpt>
    <trkpt lat="38.929227" lon="-78.337297"><ele>371.4</ele></trkpt>
    <trkpt lat="38.929107" lon="-78.337282"><ele>370.8</ele></trkpt>
    <trkpt lat="38.928745" lon="-78.337502"><ele>367.8</ele></trkpt>
    <trkpt lat="38.928550" lon="-78.337720"><ele>365.2</ele></trkpt>
    <trkpt lat="38.928420" lon="-78.338042"><ele>362.8</ele></trkpt>
    <trkpt lat="38.928372" lon="-78.338632"><ele>358.0</ele></trkpt>
    <trkpt lat="38.928607" lon="-78.339620"><ele>351.6</ele></trkpt>
    <trkpt lat="38.927910" lon="-78.338587"><ele>337.6</ele></trkpt>
    <trkpt lat="38.927785" lon="-78.338292"><ele>333.6</ele></trkpt>
    <trkpt lat="38.927707" lon="-78.337800"><ele>331.0</ele></trkpt>
    <trkpt lat="38.927867" lon="-78.337027"><ele>324.2</ele></trkpt>
    <trkpt lat="38.928190" lon="-78.336460"><ele>319.2</ele></trkpt>
    <trkpt lat="38.928615" lon="-78.335952"><ele>312.4</ele></trkpt>
    <trkpt lat="38.929027" lon="-78.335702"><ele>307.8</ele></trkpt>
    <trkpt lat="38.928957" lon="-78.335392"><ele>302.6</ele></trkpt>
    <trkpt lat="38.928500" lon="-78.334902"><ele>302.0</ele></trkpt>
    <trkpt lat="38.928402" lon="-78.334145"><ele>304.6</ele></trkpt>
    <trkpt lat="38.928442" lon="-78.333855"><ele>303.0</ele></trkpt>
    <trkpt lat="38.928815" lon="-78.333395"><ele>298.0</ele></trkpt>
    <trkpt lat="38.929197" lon="-78.332652"><ele>295.2</ele></trkpt>
    <trkpt lat="38.929940" lon="-78.331972"><ele>294.8</ele></trkpt>
    <trkpt lat="38.930297" lon="-78.331982"><ele>295.8</ele></trkpt>
    <trkpt lat="38.930392" lon="-78.332087"><ele>296.0</ele></trkpt>
    <trkpt lat="38.930437" lon="-78.332360"><ele>296.0</ele></trkpt>
    <trkpt lat="38.930717" lon="-78.332422"><ele>294.0</ele></trkpt>
    <trkpt lat="38.931282" lon="-78.331417"><ele>290.8</ele></trkpt>
    <trkpt lat="38.932180" lon="-78.331367"><ele>296.6</ele></trkpt>
    <trkpt lat="38.932017" lon="-78.330452"><ele>302.8</ele></trkpt>
    <trkpt lat="38.932040" lon="-78.330222"><ele>304.0</ele></trkpt>
    <trkpt lat="38.932317" lon="-78.329590"><ele>310.0</ele></trkpt>
    <trkpt lat="38.932542" lon="-78.328597"><ele>308.8</ele></trkpt>
    <trkpt lat="38.932725" lon="-78.328227"><ele>305.0</ele></trkpt>
    <trkpt lat="38.932607" lon="-78.327652"><ele>298.0</ele></trkpt>
    <trkpt lat="38.932660" lon="-78.327317"><ele>295.0</ele></trkpt>
    <trkpt lat="38.932620" lon="-78.326947"><ele>292.8</ele></trkpt>
    <trkpt lat="38.932465" lon="-78.326475"><ele>290.6</ele></trkpt>
    <trkpt lat="38.932500" lon="-78.326185"><ele>289.6</ele></trkpt>
    <trkpt lat="38.932227" lon="-78.326272"><ele>288.0</ele></trkpt>
    <trkpt lat="38.932182" lon="-78.326842"><ele>286.4</ele></trkpt>
    <trkpt lat="38.932020" lon="-78.327092"><ele>285.4</ele></trkpt>
    <trkpt lat="38.931387" lon="-78.326872"><ele>273.8</ele></trkpt>
    <trkpt lat="38.930727" lon="-78.326882"><ele>263.6</ele></trkpt>
    <trkpt lat="38.930542" lon="-78.327107"><ele>258.6</ele></trkpt>
    <trkpt lat="38.930282" lon="-78.327855"><ele>250.2</ele></trkpt>
    <trkpt lat="38.930027" lon="-78.328300"><ele>245.0</ele></trkpt>
    <trkpt lat="38.929892" lon="-78.328482"><ele>242.2</ele></trkpt>
    <trkpt lat="38.929622" lon="-78.328562"><ele>239.0</ele></trkpt>
    <trkpt lat="38.929507" lon="-78.329200"><ele>237.8</ele></trkpt>
    <trkpt lat="38.928965" lon="-78.329437"><ele>238.2</ele></trkpt>
    <trkpt lat="38.928662" lon="-78.329417"><ele>238.0</ele></trkpt>
    <trkpt lat="38.928432" lon="-78.329170"><ele>238.0</ele></trkpt>
    <trkpt lat="38.928432" lon="-78.328987"><ele>238.4</ele></trkpt>
    <trkpt lat="38.928615" lon="-78.328832"><ele>238.2</ele></trkpt>
    <trkpt lat="38.928980" lon="-78.328712"><ele>237.8</ele></trkpt>
    <trkpt lat="38.929012" lon="-78.328495"><ele>233.4</ele></trkpt>
    <trkpt lat="38.928758" lon="-78.328050"><ele>233.4</ele></trkpt>
    <trkpt lat="38.928762" lon="-78.327480"><ele>232.8</ele></trkpt>
    <trkpt lat="38.928872" lon="-78.327152"><ele>232.6</ele></trkpt>
    <trkpt lat="38.928922" lon="-78.326200"><ele>234.0</ele></trkpt>
    <trkpt lat="38.928892" lon="-78.325657"><ele>231.0</ele></trkpt>
    <trkpt lat="38.928687" lon="-78.325212"><ele>232.0</ele></trkpt>
    <trkpt lat="38.928612" lon="-78.324700"><ele>233.6</ele></trkpt>
    <trkpt lat="38.928697" lon="-78.324390"><ele>232.8</ele></trkpt>
    <trkpt lat="38.928935" lon="-78.324002"><ele>231.0</ele></trkpt>
    <trkpt lat="38.929290" lon="-78.323830"><ele>232.6</ele></trkpt>
    <trkpt lat="38.929477" lon="-78.323937"><ele>231.8</ele></trkpt>
    <trkpt lat="38.929657" lon="-78.323752"><ele>232.0</ele></trkpt>
    <trkpt lat="38.929685" lon="-78.323452"><ele>232.2</ele></trkpt>
    <trkpt lat="38.929492" lon="-78.323188"><ele>233.8</ele></trkpt>
    <trkpt lat="38.929712" lon="-78.323062"><ele>234.0</ele></trkpt>
    <trkpt lat="38.929730" lon="-78.322675"><ele>236.4</ele></trkpt>
    <trkpt lat="38.929087" lon="-78.322792"><ele>236.8</ele></trkpt>
    <trkpt lat="38.928960" lon="-78.322995"><ele>235.6</ele></trkpt>
    <trkpt lat="38.929007" lon="-78.323222"><ele>236.6</ele></trkpt>
    <trkpt lat="38.928952" lon="-78.323310"><ele>237.2</ele></trkpt>
    <trkpt lat="38.928527" lon="-78.322787"><ele>244.0</ele></trkpt>
    <trkpt lat="38.928197" lon="-78.322587"><ele>247.6</ele></trkpt>
    <trkpt lat="38.927657" lon="-78.322510"><ele>254.6</ele></trkpt>
    <trkpt lat="38.927308" lon="-78.322767"><ele>258.0</ele></trkpt>
    <trkpt lat="38.926942" lon="-78.323907"><ele>265.0</ele></trkpt>
    <trkpt lat="38.926857" lon="-78.325647"><ele>268.8</ele></trkpt>
    <trkpt lat="38.926797" lon="-78.325692"><ele>269.2</ele></trkpt>
    <trkpt lat="38.926633" lon="-78.325002"><ele>276.2</ele></trkpt>
    <trkpt lat="38.925992" lon="-78.323217"><ele>289.8</ele></trkpt>
    <trkpt lat="38.925560" lon="-78.322827"><ele>295.8</ele></trkpt>
    <trkpt lat="38.924907" lon="-78.322647"><ele>302.0</ele></trkpt>
    <trkpt lat="38.924382" lon="-78.322055"><ele>308.8</ele></trkpt>
    <trkpt lat="38.924372" lon="-78.322312"><ele>313.6</ele></trkpt>
    <trkpt lat="38.924505" lon="-78.322595"><ele>315.6</ele></trkpt>
    <trkpt lat="38.924497" lon="-78.323142"><ele>320.0</ele></trkpt>
    <trkpt lat="38.924032" lon="-78.324697"><ele>333.4</ele></trkpt>
    <trkpt lat="38.923677" lon="-78.325362"><ele>339.8</ele></trkpt>
    <trkpt lat="38.922725" lon="-78.325667"><ele>350.0</ele></trkpt>
    <trkpt lat="38.921877" lon="-78.326447"><ele>361.4</ele></trkpt>
    <trkpt lat="38.921572" lon="-78.327002"><ele>364.6</ele></trkpt>
    <trkpt lat="38.921122" lon="-78.327117"><ele>370.4</ele></trkpt>
    <trkpt lat="38.921495" lon="-78.326572"><ele>377.4</ele></trkpt>
    <trkpt lat="38.921777" lon="-78.325882"><ele>384.0</ele></trkpt>
    <trkpt lat="38.922467" lon="-78.324677"><ele>389.4</ele></trkpt>
    <trkpt lat="38.922662" lon="-78.323955"><ele>396.8</ele></trkpt>
    <trkpt lat="38.922325" lon="-78.322877"><ele>396.4</ele></trkpt>
    <trkpt lat="38.922162" lon="-78.322582"><ele>398.2</ele></trkpt>
    <trkpt lat="38.922165" lon="-78.322250"><ele>402.2</ele></trkpt>
    <trkpt lat="38.921977" lon="-78.322305"><ele>405.6</ele></trkpt>
    <trkpt lat="38.921863" lon="-78.322460"><ele>407.8</ele></trkpt>
    <trkpt lat="38.921872" lon="-78.322635"><ele>408.6</ele></trkpt>
    <trkpt lat="38.921725" lon="-78.322627"><ele>412.6</ele></trkpt>
    <trkpt lat="38.921680" lon="-78.322457"><ele>415.0</ele></trkpt>
    <trkpt lat="38.921757" lon="-78.322192"><ele>417.8</ele></trkpt>
    <trkpt lat="38.921672" lon="-78.322007"><ele>420.6</ele></trkpt>
    <trkpt lat="38.921677" lon="-78.321807"><ele>423.8</ele></trkpt>
    <trkpt lat="38.921460" lon="-78.321862"><ele>427.6</ele></trkpt>
    <trkpt lat="38.921553" lon="-78.321622"><ele>431.6</ele></trkpt>
    <trkpt lat="38.921487" lon="-78.321487"><ele>433.2</ele></trkpt>
    <trkpt lat="38.921327" lon="-78.321635"><ele>437.2</ele></trkpt>
    <trkpt lat="38.921398" lon="-78.321340"><ele>442.2</ele></trkpt>
    <trkpt lat="38.921307" lon="-78.320587"><ele>447.2</ele></trkpt>
    <trkpt lat="38.921512" lon="-78.318507"><ele>462.2</ele></trkpt>
    <trkpt lat="38.921722" lon="-78.318082"><ele>464.8</ele></trkpt>
    <trkpt lat="38.921880" lon="-78.317932"><ele>466.6</ele></trkpt>
    <trkpt lat="38.921972" lon="-78.317640"><ele>471.2</ele></trkpt>
    <trkpt lat="38.922477" lon="-78.317112"><ele>481.6</ele></trkpt>
    <trkpt lat="38.922452" lon="-78.317047"><ele>482.6</ele></trkpt>
    <trkpt lat="38.922247" lon="-78.316995"><ele>487.0</ele></trkpt>
    <trkpt lat="38.921087" lon="-78.317138"><ele>501.8</ele></trkpt>
    <trkpt lat="38.920667" lon="-78.317387"><ele>506.2</ele></trkpt>
    <trkpt lat="38.920215" lon="-78.317947"><ele>510.2</ele></trkpt>
    <trkpt lat="38.919912" lon="-78.317902"><ele>513.4</ele></trkpt>
    <trkpt lat="38.919512" lon="-78.318202"><ele>504.8</ele></trkpt>
    <trkpt lat="38.918832" lon="-78.318345"><ele>492.6</ele></trkpt>
    <trkpt lat="38.918392" lon="-78.318595"><ele>484.6</ele></trkpt>
    <trkpt lat="38.917752" lon="-78.318757"><ele>470.6</ele></trkpt>
    <trkpt lat="38.915930" lon="-78.318317"><ele>437.4</ele></trkpt>
    <trkpt lat="38.915532" lon="-78.317340"><ele>423.2</ele></trkpt>
    <trkpt lat="38.914457" lon="-78.316687"><ele>408.0</ele></trkpt>
    <trkpt lat="38.914342" lon="-78.316500"><ele>404.2</ele></trkpt>
    <trkpt lat="38.914067" lon="-78.316925"><ele>397.2</ele></trkpt>
    <trkpt lat="38.913852" lon="-78.317053"><ele>396.0</ele></trkpt>
    <trkpt lat="38.913677" lon="-78.317448"><ele>393.4</ele></trkpt>
    <trkpt lat="38.913510" lon="-78.317462"><ele>392.8</ele></trkpt>
    <trkpt lat="38.913240" lon="-78.317237"><ele>389.4</ele></trkpt>
    <trkpt lat="38.913052" lon="-78.317257"><ele>387.8</ele></trkpt>
    <trkpt lat="38.912497" lon="-78.317867"><ele>379.0</ele></trkpt>
    <trkpt lat="38.912177" lon="-78.318042"><ele>376.2</ele></trkpt>
    <trkpt lat="38.912000" lon="-78.317820"><ele>373.6</ele></trkpt>
    <trkpt lat="38.911702" lon="-78.317772"><ele>370.4</ele></trkpt>
    <trkpt lat="38.911697" lon="-78.317572"><ele>370.8</ele></trkpt>
    <trkpt lat="38.911305" lon="-78.316912"><ele>363.0</ele></trkpt>
    <trkpt lat="38.911182" lon="-78.316537"><ele>360.6</ele></trkpt>
    <trkpt lat="38.910802" lon="-78.315972"><ele>356.2</ele></trkpt>
    <trkpt lat="38.910245" lon="-78.315397"><ele>351.4</ele></trkpt>
    <trkpt lat="38.909967" lon="-78.315347"><ele>348.4</ele></trkpt>
    <trkpt lat="38.909680" lon="-78.315500"><ele>346.2</ele></trkpt>
    <trkpt lat="38.909367" lon="-78.315457"><ele>345.4</ele></trkpt>
    <trkpt lat="38.908955" lon="-78.315252"><ele>343.2</ele></trkpt>
    <trkpt lat="38.908397" lon="-78.315227"><ele>339.8</ele></trkpt>
    <trkpt lat="38.908267" lon="-78.315002"><ele>337.4</ele></trkpt>
    <trkpt lat="38.907812" lon="-78.314705"><ele>334.8</ele></trkpt>
    <trkpt lat="38.907655" lon="-78.314422"><ele>334.0</ele></trkpt>
    <trkpt lat="38.907282" lon="-78.314268"><ele>332.4</ele></trkpt>
    <trkpt lat="38.906437" lon="-78.314197"><ele>330.6</ele></trkpt>
    <trkpt lat="38.906252" lon="-78.314252"><ele>329.6</ele></trkpt>
    <trkpt lat="38.905597" lon="-78.314777"><ele>330.2</ele></trkpt>
    <trkpt lat="38.904962" lon="-78.314680"><ele>331.6</ele></trkpt>
    <trkpt lat="38.904210" lon="-78.314787"><ele>333.4</ele></trkpt>
    <trkpt lat="38.903315" lon="-78.315177"><ele>331.2</ele></trkpt>
    <trkpt lat="38.902487" lon="-78.314872"><ele>324.8</ele></trkpt>
    <trkpt lat="38.902292" lon="-78.314722"><ele>322.6</ele></trkpt>
    <trkpt lat="38.901497" lon="-78.313592"><ele>312.2</ele></trkpt>
    <trkpt lat="38.900787" lon="-78.312792"><ele>304.0</ele></trkpt>
    <trkpt lat="38.900432" lon="-78.312652"><ele>301.4</ele></trkpt>
    <trkpt lat="38.900250" lon="-78.312797"><ele>300.0</ele></trkpt>
    <trkpt lat="38.900057" lon="-78.313142"><ele>297.6</ele></trkpt>
    <trkpt lat="38.899877" lon="-78.313087"><ele>297.8</ele></trkpt>
    <trkpt lat="38.899542" lon="-78.311617"><ele>291.4</ele></trkpt>
    <trkpt lat="38.899142" lon="-78.310787"><ele>284.4</ele></trkpt>
    <trkpt lat="38.898850" lon="-78.310510"><ele>281.6</ele></trkpt>
    <trkpt lat="38.898217" lon="-78.310432"><ele>274.8</ele></trkpt>
    <trkpt lat="38.897627" lon="-78.309897"><ele>267.8</ele></trkpt>
    <trkpt lat="38.897527" lon="-78.308507"><ele>259.8</ele></trkpt>
    <trkpt lat="38.897327" lon="-78.307932"><ele>256.0</ele></trkpt>
    <trkpt lat="38.896522" lon="-78.307312"><ele>244.0</ele></trkpt>
    <trkpt lat="38.896242" lon="-78.306942"><ele>239.8</ele></trkpt>
    <trkpt lat="38.895472" lon="-78.305442"><ele>233.4</ele></trkpt>
    <trkpt lat="38.895405" lon="-78.305057"><ele>231.4</ele></trkpt>
    <trkpt lat="38.895527" lon="-78.304930"><ele>228.4</ele></trkpt>
    <trkpt lat="38.895492" lon="-78.304767"><ele>227.8</ele></trkpt>
    <trkpt lat="38.895742" lon="-78.304400"><ele>224.2</ele></trkpt>
    <trkpt lat="38.895727" lon="-78.304307"><ele>223.4</ele></trkpt>
    <trkpt lat="38.895100" lon="-78.304337"><ele>224.8</ele></trkpt>
    <trkpt lat="38.894392" lon="-78.304622"><ele>224.0</ele></trkpt>
    <trkpt lat="38.893317" lon="-78.305610"><ele>223.2</ele></trkpt>
    <trkpt lat="38.892917" lon="-78.305780"><ele>220.6</ele></trkpt>
    <trkpt lat="38.892087" lon="-78.305942"><ele>214.0</ele></trkpt>
    <trkpt lat="38.891002" lon="-78.306690"><ele>206.4</ele></trkpt>
    <trkpt lat="38.889987" lon="-78.307250"><ele>200.2</ele></trkpt>
    <trkpt lat="38.888222" lon="-78.307662"><ele>204.6</ele></trkpt>
    <trkpt lat="38.887097" lon="-78.308070"><ele>205.2</ele></trkpt>
    <trkpt lat="38.885135" lon="-78.308095"><ele>202.6</ele></trkpt>
    <trkpt lat="38.884085" lon="-78.307702"><ele>193.2</ele></trkpt>
    <trkpt lat="38.883502" lon="-78.307862"><ele>184.0</ele></trkpt>
    <trkpt lat="38.882912" lon="-78.308835"><ele>172.2</ele></trkpt>
    <trkpt lat="38.882322" lon="-78.310090"><ele>169.6</ele></trkpt>
    <trkpt lat="38.881462" lon="-78.311062"><ele>169.6</ele></trkpt>
    <trkpt lat="38.881457" lon="-78.311432"><ele>171.0</ele></trkpt>
    <trkpt lat="38.881382" lon="-78.311642"><ele>171.8</ele></trkpt>
    <trkpt lat="38.880260" lon="-78.312917"><ele>170.2</ele></trkpt>
    <trkpt lat="38.879382" lon="-78.314182"><ele>171.6</ele></trkpt>
    <trkpt lat="38.879180" lon="-78.314282"><ele>170.6</ele></trkpt>
    <trkpt lat="38.878582" lon="-78.314272"><ele>170.8</ele></trkpt>
    <trkpt lat="38.878197" lon="-78.314387"><ele>172.4</ele></trkpt>
    <trkpt lat="38.876357" lon="-78.315315"><ele>176.2</ele></trkpt>
    <trkpt lat="38.875587" lon="-78.314822"><ele>172.0</ele></trkpt>
    <trkpt lat="38.875392" lon="-78.314602"><ele>169.0</ele></trkpt>
    <trkpt lat="38.875190" lon="-78.314590"><ele>170.0</ele></trkpt>
    <trkpt lat="38.873702" lon="-78.316857"><ele>185.4</ele></trkpt>
    <trkpt lat="38.873287" lon="-78.317400"><ele>185.8</ele></trkpt>
    <trkpt lat="38.872377" lon="-78.318340"><ele>192.0</ele></trkpt>
    <trkpt lat="38.871522" lon="-78.320232"><ele>208.6</ele></trkpt>
    <trkpt lat="38.871177" lon="-78.321295"><ele>210.8</ele></trkpt>
    <trkpt lat="38.870967" lon="-78.322288"><ele>211.2</ele></trkpt>
    <trkpt lat="38.870657" lon="-78.322727"><ele>214.8</ele></trkpt>
    <trkpt lat="38.870285" lon="-78.323045"><ele>220.6</ele></trkpt>
    <trkpt lat="38.869812" lon="-78.323892"><ele>229.4</ele></trkpt>
    <trkpt lat="38.869662" lon="-78.323877"><ele>231.2</ele></trkpt>
    <trkpt lat="38.869325" lon="-78.323362"><ele>236.2</ele></trkpt>
    <trkpt lat="38.868992" lon="-78.323040"><ele>240.4</ele></trkpt>
    <trkpt lat="38.868682" lon="-78.323005"><ele>241.8</ele></trkpt>
    <trkpt lat="38.867865" lon="-78.323297"><ele>238.8</ele></trkpt>
    <trkpt lat="38.867410" lon="-78.323702"><ele>238.4</ele></trkpt>
    <trkpt lat="38.867165" lon="-78.324402"><ele>233.0</ele></trkpt>
    <trkpt lat="38.866462" lon="-78.324855"><ele>225.0</ele></trkpt>
    <trkpt lat="38.864997" lon="-78.325252"><ele>212.6</ele></trkpt>
    <trkpt lat="38.864860" lon="-78.325337"><ele>210.4</ele></trkpt>
    <trkpt lat="38.864685" lon="-78.325632"><ele>208.4</ele></trkpt>
    <trkpt lat="38.864017" lon="-78.325582"><ele>216.0</ele></trkpt>
    <trkpt lat="38.863270" lon="-78.325402"><ele>223.4</ele></trkpt>
    <trkpt lat="38.862945" lon="-78.325553"><ele>225.6</ele></trkpt>
    <trkpt lat="38.862797" lon="-78.325892"><ele>228.8</ele></trkpt>
    <trkpt lat="38.862687" lon="-78.326545"><ele>236.0</ele></trkpt>
    <trkpt lat="38.862767" lon="-78.326970"><ele>240.2</ele></trkpt>
    <trkpt lat="38.862917" lon="-78.327298"><ele>244.2</ele></trkpt>
    <trkpt lat="38.862862" lon="-78.327472"><ele>245.8</ele></trkpt>
    <trkpt lat="38.862657" lon="-78.327460"><ele>247.2</ele></trkpt>
    <trkpt lat="38.862262" lon="-78.327213"><ele>246.2</ele></trkpt>
    <trkpt lat="38.861830" lon="-78.327165"><ele>244.8</ele></trkpt>
    <trkpt lat="38.862067" lon="-78.327602"><ele>246.0</ele></trkpt>
    <trkpt lat="38.862247" lon="-78.327752"><ele>247.2</ele></trkpt>
    <trkpt lat="38.862197" lon="-78.327767"><ele>248.8</ele></trkpt>
    <trkpt lat="38.862227" lon="-78.327892"><ele>248.6</ele></trkpt>
    <trkpt lat="38.862627" lon="-78.328507"><ele>250.2</ele></trkpt>
    <trkpt lat="38.863490" lon="-78.329175"><ele>258.0</ele></trkpt>
    <trkpt lat="38.863897" lon="-78.329607"><ele>260.2</ele></trkpt>
    <trkpt lat="38.864230" lon="-78.330215"><ele>262.8</ele></trkpt>
    <trkpt lat="38.864330" lon="-78.330602"><ele>264.0</ele></trkpt>
    <trkpt lat="38.864762" lon="-78.331490"><ele>269.6</ele></trkpt>
    <trkpt lat="38.864992" lon="-78.332522"><ele>277.0</ele></trkpt>
    <trkpt lat="38.865380" lon="-78.333577"><ele>286.2</ele></trkpt>
    <trkpt lat="38.866375" lon="-78.335062"><ele>304.8</ele></trkpt>
    <trkpt lat="38.866837" lon="-78.335597"><ele>313.2</ele></trkpt>
    <trkpt lat="38.867175" lon="-78.336635"><ele>323.4</ele></trkpt>
    <trkpt lat="38.867352" lon="-78.336960"><ele>326.6</ele></trkpt>
    <trkpt lat="38.867600" lon="-78.337282"><ele>331.8</ele></trkpt>
    <trkpt lat="38.867977" lon="-78.337547"><ele>338.8</ele></trkpt>
    <trkpt lat="38.868432" lon="-78.338160"><ele>347.6</ele></trkpt>
    <trkpt lat="38.868350" lon="-78.338807"><ele>348.6</ele></trkpt>
    <trkpt lat="38.868357" lon="-78.339797"><ele>356.4</ele></trkpt>
    <trkpt lat="38.868177" lon="-78.339992"><ele>355.4</ele></trkpt>
    <trkpt lat="38.867762" lon="-78.340202"><ele>361.0</ele></trkpt>
    <trkpt lat="38.867620" lon="-78.340477"><ele>362.4</ele></trkpt>
    <trkpt lat="38.866962" lon="-78.341217"><ele>373.4</ele></trkpt>
    <trkpt lat="38.866765" lon="-78.341622"><ele>377.8</ele></trkpt>
    <trkpt lat="38.866752" lon="-78.341777"><ele>379.4</ele></trkpt>
    <trkpt lat="38.866822" lon="-78.341875"><ele>382.2</ele></trkpt>
    <trkpt lat="38.867797" lon="-78.341387"><ele>391.8</ele></trkpt>
    <trkpt lat="38.867832" lon="-78.341485"><ele>393.0</ele></trkpt>
    <trkpt lat="38.867587" lon="-78.341787"><ele>398.0</ele></trkpt>
    <trkpt lat="38.867210" lon="-78.342522"><ele>408.2</ele></trkpt>
    <trkpt lat="38.865657" lon="-78.347040"><ele>482.2</ele></trkpt>
    <trkpt lat="38.865637" lon="-78.347380"><ele>487.2</ele></trkpt>
    <trkpt lat="38.865735" lon="-78.347967"><ele>499.6</ele></trkpt>
    <trkpt lat="38.866030" lon="-78.348547"><ele>508.4</ele></trkpt>
    <trkpt lat="38.866130" lon="-78.348932"><ele>514.0</ele></trkpt>
    <trkpt lat="38.866032" lon="-78.349785"><ele>523.8</ele></trkpt>
    <trkpt lat="38.865750" lon="-78.350307"><ele>531.8</ele></trkpt>
    <trkpt lat="38.865737" lon="-78.350457"><ele>533.8</ele></trkpt>
    <trkpt lat="38.865010" lon="-78.350832"><ele>546.4</ele></trkpt>
    <trkpt lat="38.864877" lon="-78.351022"><ele>550.8</ele></trkpt>
    <trkpt lat="38.864462" lon="-78.351303"><ele>557.2</ele></trkpt>
    <trkpt lat="38.864197" lon="-78.351857"><ele>563.0</ele></trkpt>
    <trkpt lat="38.864122" lon="-78.352332"><ele>563.8</ele></trkpt>
    <trkpt lat="38.863860" lon="-78.353037"><ele>562.8</ele></trkpt>
    <trkpt lat="38.863337" lon="-78.353902"><ele>552.4</ele></trkpt>
    <trkpt lat="38.862417" lon="-78.354855"><ele>552.8</ele></trkpt>
    <trkpt lat="38.861380" lon="-78.356217"><ele>554.0</ele></trkpt>
    <trkpt lat="38.860742" lon="-78.356632"><ele>563.0</ele></trkpt>
    <trkpt lat="38.860482" lon="-78.357162"><ele>557.8</ele></trkpt>
    <trkpt lat="38.859167" lon="-78.358832"><ele>547.2</ele></trkpt>
    <trkpt lat="38.858667" lon="-78.358927"><ele>548.0</ele></trkpt>
    <trkpt lat="38.858077" lon="-78.359307"><ele>551.2</ele></trkpt>
    <trkpt lat="38.857252" lon="-78.361057"><ele>542.2</ele></trkpt>
    <trkpt lat="38.856997" lon="-78.361222"><ele>542.4</ele></trkpt>
    <trkpt lat="38.856772" lon="-78.361560"><ele>542.4</ele></trkpt>
    <trkpt lat="38.856277" lon="-78.361920"><ele>540.8</ele></trkpt>
    <trkpt lat="38.855722" lon="-78.362082"><ele>542.6</ele></trkpt>
    <trkpt lat="38.855372" lon="-78.362302"><ele>545.2</ele></trkpt>
    <trkpt lat="38.854697" lon="-78.363420"><ele>540.2</ele></trkpt>
    <trkpt lat="38.854185" lon="-78.364072"><ele>538.6</ele></trkpt>
    <trkpt lat="38.854117" lon="-78.364282"><ele>537.8</ele></trkpt>
    <trkpt lat="38.853402" lon="-78.364882"><ele>535.2</ele></trkpt>
    <trkpt lat="38.853122" lon="-78.364997"><ele>536.0</ele></trkpt>
    <trkpt lat="38.852512" lon="-78.365622"><ele>534.2</ele></trkpt>
    <trkpt lat="38.852297" lon="-78.366022"><ele>532.4</ele></trkpt>
    <trkpt lat="38.852067" lon="-78.366077"><ele>530.8</ele></trkpt>
    <trkpt lat="38.851900" lon="-78.366255"><ele>530.0</ele></trkpt>
    <trkpt lat="38.851547" lon="-78.366277"><ele>527.8</ele></trkpt>
    <trkpt lat="38.851285" lon="-78.366452"><ele>525.8</ele></trkpt>
    <trkpt lat="38.850857" lon="-78.367050"><ele>525.4</ele></trkpt>
    <trkpt lat="38.849982" lon="-78.367837"><ele>529.6</ele></trkpt>
    <trkpt lat="38.849195" lon="-78.368952"><ele>535.6</ele></trkpt>
    <trkpt lat="38.848237" lon="-78.369542"><ele>540.4</ele></trkpt>
    <trkpt lat="38.847660" lon="-78.370302"><ele>544.2</ele></trkpt>
    <trkpt lat="38.847265" lon="-78.370637"><ele>543.0</ele></trkpt>
    <trkpt lat="38.847122" lon="-78.370902"><ele>543.6</ele></trkpt>
    <trkpt lat="38.846782" lon="-78.371075"><ele>543.4</ele></trkpt>
    <trkpt lat="38.845977" lon="-78.372162"><ele>544.0</ele></trkpt>
    <trkpt lat="38.845767" lon="-78.372295"><ele>544.8</ele></trkpt>
    <trkpt lat="38.845652" lon="-78.372523"><ele>545.0</ele></trkpt>
    <trkpt lat="38.845382" lon="-78.372760"><ele>546.2</ele></trkpt>
    <trkpt lat="38.845180" lon="-78.373107"><ele>549.2</ele></trkpt>
    <trkpt lat="38.844755" lon="-78.373470"><ele>554.2</ele></trkpt>
    <trkpt lat="38.844707" lon="-78.373645"><ele>554.6</ele></trkpt>
    <trkpt lat="38.844392" lon="-78.373830"><ele>559.0</ele></trkpt>
    <trkpt lat="38.844275" lon="-78.374145"><ele>559.6</ele></trkpt>
    <trkpt lat="38.843757" lon="-78.374197"><ele>565.2</ele></trkpt>
    <trkpt lat="38.843395" lon="-78.374472"><ele>567.2</ele></trkpt>
    <trkpt lat="38.843097" lon="-78.374537"><ele>565.4</ele></trkpt>
    <trkpt lat="38.842932" lon="-78.374752"><ele>566.0</ele></trkpt>
    <trkpt lat="38.842535" lon="-78.375002"><ele>565.0</ele></trkpt>
    <trkpt lat="38.841822" lon="-78.375642"><ele>567.6</ele></trkpt>
    <trkpt lat="38.841327" lon="-78.376232"><ele>570.2</ele></trkpt>
    <trkpt lat="38.841237" lon="-78.376500"><ele>569.6</ele></trkpt>
    <trkpt lat="38.840970" lon="-78.376810"><ele>572.2</ele></trkpt>
    <trkpt lat="38.839510" lon="-78.377725"><ele>582.2</ele></trkpt>
    <trkpt lat="38.839027" lon="-78.377865"><ele>578.6</ele></trkpt>
    <trkpt lat="38.838377" lon="-78.378202"><ele>575.6</ele></trkpt>
    <trkpt lat="38.838072" lon="-78.378472"><ele>572.8</ele></trkpt>
    <trkpt lat="38.837652" lon="-78.379097"><ele>574.2</ele></trkpt>
    <trkpt lat="38.837122" lon="-78.379427"><ele>569.0</ele></trkpt>
    <trkpt lat="38.836463" lon="-78.380297"><ele>555.8</ele></trkpt>
    <trkpt lat="38.836187" lon="-78.380792"><ele>554.2</ele></trkpt>
    <trkpt lat="38.834630" lon="-78.381777"><ele>557.4</ele></trkpt>
    <trkpt lat="38.834183" lon="-78.382447"><ele>551.4</ele></trkpt>
    <trkpt lat="38.833707" lon="-78.383427"><ele>553.8</ele></trkpt>
    <trkpt lat="38.832842" lon="-78.383957"><ele>561.6</ele></trkpt>
    <trkpt lat="38.832162" lon="-78.384600"><ele>548.0</ele></trkpt>
    <trkpt lat="38.831877" lon="-78.385060"><ele>544.4</ele></trkpt>
    <trkpt lat="38.831050" lon="-78.385617"><ele>546.4</ele></trkpt>
    <trkpt lat="38.830632" lon="-78.386277"><ele>541.6</ele></trkpt>
    <trkpt lat="38.829847" lon="-78.386927"><ele>533.8</ele></trkpt>
    <trkpt lat="38.829455" lon="-78.387552"><ele>529.0</ele></trkpt>
    <trkpt lat="38.829467" lon="-78.387782"><ele>528.8</ele></trkpt>
    <trkpt lat="38.829102" lon="-78.387877"><ele>534.0</ele></trkpt>
    <trkpt lat="38.828737" lon="-78.388385"><ele>539.2</ele></trkpt>
    <trkpt lat="38.828062" lon="-78.389077"><ele>551.4</ele></trkpt>
    <trkpt lat="38.827537" lon="-78.390192"><ele>561.6</ele></trkpt>
    <trkpt lat="38.827137" lon="-78.390520"><ele>561.0</ele></trkpt>
    <trkpt lat="38.826972" lon="-78.390850"><ele>559.2</ele></trkpt>
    <trkpt lat="38.826225" lon="-78.391515"><ele>557.0</ele></trkpt>
    <trkpt lat="38.825915" lon="-78.391522"><ele>554.6</ele></trkpt>
    <trkpt lat="38.824105" lon="-78.393492"><ele>560.2</ele></trkpt>
    <trkpt lat="38.823702" lon="-78.393652"><ele>558.2</ele></trkpt>
    <trkpt lat="38.822905" lon="-78.394415"><ele>565.4</ele></trkpt>
    <trkpt lat="38.822330" lon="-78.395360"><ele>568.8</ele></trkpt>
    <trkpt lat="38.822192" lon="-78.395785"><ele>569.4</ele></trkpt>
    <trkpt lat="38.821807" lon="-78.396342"><ele>572.8</ele></trkpt>
    <trkpt lat="38.821637" lon="-78.396537"><ele>574.8</ele></trkpt>
    <trkpt lat="38.821112" lon="-78.396862"><ele>583.8</ele></trkpt>
    <trkpt lat="38.820667" lon="-78.397885"><ele>584.8</ele></trkpt>
    <trkpt lat="38.819637" lon="-78.399572"><ele>608.2</ele></trkpt>
    <trkpt lat="38.819167" lon="-78.400140"><ele>605.0</ele></trkpt>
    <trkpt lat="38.818577" lon="-78.400620"><ele>600.2</ele></trkpt>
    <trkpt lat="38.817748" lon="-78.401782"><ele>593.8</ele></trkpt>
    <trkpt lat="38.817437" lon="-78.402037"><ele>588.4</ele></trkpt>
    <trkpt lat="38.817182" lon="-78.402452"><ele>593.8</ele></trkpt>
    <trkpt lat="38.816850" lon="-78.402735"><ele>594.6</ele></trkpt>
    <trkpt lat="38.816647" lon="-78.403055"><ele>590.2</ele></trkpt>
    <trkpt lat="38.816157" lon="-78.404302"><ele>586.8</ele></trkpt>
    <trkpt lat="38.815472" lon="-78.405227"><ele>597.0</ele></trkpt>
    <trkpt lat="38.814887" lon="-78.405315"><ele>586.4</ele></trkpt>
    <trkpt lat="38.814052" lon="-78.405025"><ele>563.4</ele></trkpt>
    <trkpt lat="38.813682" lon="-78.405142"><ele>555.4</ele></trkpt>
    <trkpt lat="38.813680" lon="-78.404872"><ele>549.8</ele></trkpt>
    <trkpt lat="38.813302" lon="-78.404545"><ele>539.6</ele></trkpt>
    <trkpt lat="38.812807" lon="-78.405000"><ele>525.6</ele></trkpt>
    <trkpt lat="38.812727" lon="-78.405175"><ele>521.8</ele></trkpt>
    <trkpt lat="38.812402" lon="-78.405412"><ele>510.4</ele></trkpt>
    <trkpt lat="38.812112" lon="-78.405807"><ele>496.6</ele></trkpt>
    <trkpt lat="38.811332" lon="-78.406127"><ele>478.6</ele></trkpt>
    <trkpt lat="38.810357" lon="-78.405560"><ele>474.0</ele></trkpt>
    <trkpt lat="38.809697" lon="-78.404912"><ele>468.0</ele></trkpt>
    <trkpt lat="38.809420" lon="-78.404902"><ele>463.0</ele></trkpt>
    <trkpt lat="38.808610" lon="-78.405207"><ele>447.2</ele></trkpt>
    <trkpt lat="38.808212" lon="-78.404667"><ele>425.8</ele></trkpt>
    <trkpt lat="38.808052" lon="-78.404087"><ele>416.0</ele></trkpt>
    <trkpt lat="38.808082" lon="-78.403857"><ele>412.8</ele></trkpt>
    <trkpt lat="38.807927" lon="-78.403542"><ele>409.0</ele></trkpt>
    <trkpt lat="38.807777" lon="-78.403417"><ele>407.4</ele></trkpt>
    <trkpt lat="38.807737" lon="-78.403197"><ele>406.0</ele></trkpt>
    <trkpt lat="38.807522" lon="-78.402987"><ele>403.2</ele></trkpt>
    <trkpt lat="38.807242" lon="-78.402390"><ele>396.4</ele></trkpt>
    <trkpt lat="38.806812" lon="-78.401897"><ele>388.4</ele></trkpt>
    <trkpt lat="38.806277" lon="-78.401617"><ele>381.4</ele></trkpt>
    <trkpt lat="38.806182" lon="-78.401255"><ele>378.4</ele></trkpt>
    <trkpt lat="38.805727" lon="-78.400632"><ele>369.4</ele></trkpt>
    <trkpt lat="38.805347" lon="-78.399680"><ele>361.6</ele></trkpt>
    <trkpt lat="38.805397" lon="-78.399077"><ele>357.2</ele></trkpt>
    <trkpt lat="38.805315" lon="-78.398622"><ele>353.4</ele></trkpt>
    <trkpt lat="38.804617" lon="-78.397582"><ele>344.8</ele></trkpt>
    <trkpt lat="38.804292" lon="-78.396712"><ele>338.0</ele></trkpt>
    <trkpt lat="38.804235" lon="-78.396182"><ele>335.2</ele></trkpt>
    <trkpt lat="38.804042" lon="-78.395862"><ele>332.2</ele></trkpt>
    <trkpt lat="38.803445" lon="-78.395482"><ele>327.6</ele></trkpt>
    <trkpt lat="38.803160" lon="-78.395517"><ele>326.0</ele></trkpt>
    <trkpt lat="38.802832" lon="-78.395390"><ele>322.8</ele></trkpt>
    <trkpt lat="38.802302" lon="-78.395037"><ele>318.0</ele></trkpt>
    <trkpt lat="38.801667" lon="-78.394385"><ele>310.6</ele></trkpt>
    <trkpt lat="38.801390" lon="-78.394547"><ele>309.8</ele></trkpt>
    <trkpt lat="38.801302" lon="-78.394192"><ele>309.8</ele></trkpt>
    <trkpt lat="38.800965" lon="-78.393877"><ele>307.0</ele></trkpt>
    <trkpt lat="38.800600" lon="-78.393172"><ele>297.4</ele></trkpt>
    <trkpt lat="38.800200" lon="-78.392932"><ele>298.2</ele></trkpt>
    <trkpt lat="38.799325" lon="-78.393057"><ele>289.4</ele></trkpt>
    <trkpt lat="38.798982" lon="-78.392527"><ele>283.2</ele></trkpt>
    <trkpt lat="38.798592" lon="-78.392387"><ele>278.0</ele></trkpt>
    <trkpt lat="38.798277" lon="-78.391875"><ele>268.0</ele></trkpt>
    <trkpt lat="38.797782" lon="-78.391512"><ele>265.8</ele></trkpt>
    <trkpt lat="38.797517" lon="-78.391567"><ele>266.4</ele></trkpt>
    <trkpt lat="38.796947" lon="-78.391332"><ele>265.0</ele></trkpt>
    <trkpt lat="38.795930" lon="-78.391548"><ele>258.6</ele></trkpt>
    <trkpt lat="38.794165" lon="-78.390847"><ele>243.4</ele></trkpt>
    <trkpt lat="38.793917" lon="-78.390880"><ele>244.2</ele></trkpt>
    <trkpt lat="38.793450" lon="-78.391215"><ele>250.8</ele></trkpt>
    <trkpt lat="38.793130" lon="-78.391242"><ele>253.0</ele></trkpt>
    <trkpt lat="38.792962" lon="-78.391140"><ele>253.6</ele></trkpt>
    <trkpt lat="38.792772" lon="-78.390357"><ele>255.6</ele></trkpt>
    <trkpt lat="38.792972" lon="-78.389802"><ele>253.8</ele></trkpt>
    <trkpt lat="38.793317" lon="-78.389227"><ele>250.8</ele></trkpt>
    <trkpt lat="38.794035" lon="-78.388610"><ele>250.2</ele></trkpt>
    <trkpt lat="38.794245" lon="-78.388092"><ele>247.4</ele></trkpt>
    <trkpt lat="38.794160" lon="-78.387330"><ele>246.4</ele></trkpt>
    <trkpt lat="38.793962" lon="-78.386787"><ele>248.6</ele></trkpt>
    <trkpt lat="38.794167" lon="-78.385622"><ele>257.8</ele></trkpt>
    <trkpt lat="38.793962" lon="-78.385370"><ele>257.4</ele></trkpt>
    <trkpt lat="38.793987" lon="-78.385082"><ele>255.4</ele></trkpt>
    <trkpt lat="38.793930" lon="-78.384957"><ele>254.6</ele></trkpt>
    <trkpt lat="38.792677" lon="-78.384722"><ele>249.8</ele></trkpt>
    <trkpt lat="38.791642" lon="-78.385030"><ele>242.2</ele></trkpt>
    <trkpt lat="38.790000" lon="-78.384990"><ele>230.4</ele></trkpt>
    <trkpt lat="38.788670" lon="-78.386045"><ele>216.0</ele></trkpt>
    <trkpt lat="38.788540" lon="-78.386382"><ele>213.2</ele></trkpt>
    <trkpt lat="38.788375" lon="-78.387807"><ele>202.8</ele></trkpt>
    <trkpt lat="38.787950" lon="-78.388577"><ele>198.2</ele></trkpt>
    <trkpt lat="38.787995" lon="-78.389177"><ele>198.2</ele></trkpt>
    <trkpt lat="38.788377" lon="-78.390557"><ele>197.2</ele></trkpt>
    <trkpt lat="38.789102" lon="-78.392677"><ele>192.8</ele></trkpt>
    <trkpt lat="38.790302" lon="-78.395615"><ele>191.2</ele></trkpt>
    <trkpt lat="38.791622" lon="-78.398317"><ele>194.2</ele></trkpt>
    <trkpt lat="38.792455" lon="-78.400447"><ele>191.8</ele></trkpt>
    <trkpt lat="38.793237" lon="-78.403003"><ele>196.2</ele></trkpt>
    <trkpt lat="38.793530" lon="-78.404720"><ele>198.4</ele></trkpt>
    <trkpt lat="38.793037" lon="-78.406432"><ele>195.6</ele></trkpt>
    <trkpt lat="38.792907" lon="-78.407482"><ele>195.4</ele></trkpt>
    <trkpt lat="38.792930" lon="-78.408067"><ele>197.6</ele></trkpt>
    <trkpt lat="38.793280" lon="-78.409037"><ele>202.8</ele></trkpt>
    <trkpt lat="38.793192" lon="-78.409645"><ele>203.4</ele></trkpt>
    <trkpt lat="38.792857" lon="-78.410432"><ele>205.0</ele></trkpt>
    <trkpt lat="38.791247" lon="-78.411797"><ele>199.4</ele></trkpt>
    <trkpt lat="38.790032" lon="-78.413165"><ele>199.8</ele></trkpt>
    <trkpt lat="38.788935" lon="-78.413417"><ele>198.2</ele></trkpt>
    <trkpt lat="38.788130" lon="-78.413710"><ele>202.2</ele></trkpt>
    <trkpt lat="38.787500" lon="-78.414063"><ele>204.2</ele></trkpt>
    <trkpt lat="38.787052" lon="-78.414467"><ele>209.0</ele></trkpt>
    <trkpt lat="38.786702" lon="-78.414602"><ele>210.4</ele></trkpt>
    <trkpt lat="38.784707" lon="-78.414320"><ele>210.0</ele></trkpt>
    <trkpt lat="38.784402" lon="-78.414145"><ele>211.2</ele></trkpt>
    <trkpt lat="38.783832" lon="-78.413587"><ele>213.6</ele></trkpt>
    <trkpt lat="38.783632" lon="-78.413562"><ele>213.4</ele></trkpt>
    <trkpt lat="38.782625" lon="-78.414282"><ele>216.8</ele></trkpt>
    <trkpt lat="38.780892" lon="-78.415212"><ele>226.6</ele></trkpt>
    <trkpt lat="38.779397" lon="-78.416235"><ele>219.6</ele></trkpt>
    <trkpt lat="38.778797" lon="-78.416547"><ele>212.4</ele></trkpt>
    <trkpt lat="38.778382" lon="-78.417127"><ele>208.4</ele></trkpt>
    <trkpt lat="38.777980" lon="-78.419957"><ele>203.8</ele></trkpt>
    <trkpt lat="38.777122" lon="-78.421702"><ele>201.2</ele></trkpt>
    <trkpt lat="38.776717" lon="-78.422360"><ele>202.6</ele></trkpt>
    <trkpt lat="38.775957" lon="-78.423217"><ele>200.6</ele></trkpt>
    <trkpt lat="38.775567" lon="-78.423877"><ele>202.6</ele></trkpt>
    <trkpt lat="38.774772" lon="-78.424662"><ele>205.0</ele></trkpt>
    <trkpt lat="38.774372" lon="-78.425267"><ele>206.8</ele></trkpt>
    <trkpt lat="38.773847" lon="-78.425687"><ele>207.0</ele></trkpt>
    <trkpt lat="38.773452" lon="-78.425757"><ele>207.8</ele></trkpt>
    <trkpt lat="38.772752" lon="-78.425372"><ele>208.2</ele></trkpt>
    <trkpt lat="38.770102" lon="-78.423392"><ele>203.8</ele></trkpt>
    <trkpt lat="38.770007" lon="-78.423275"><ele>203.6</ele></trkpt>
    <trkpt lat="38.769995" lon="-78.423015"><ele>202.2</ele></trkpt>
    <trkpt lat="38.770012" lon="-78.423340"><ele>203.8</ele></trkpt>
    <trkpt lat="38.770347" lon="-78.423677"><ele>203.6</ele></trkpt>
    <trkpt lat="38.770117" lon="-78.423590"><ele>207.6</ele></trkpt>
    <trkpt lat="38.770032" lon="-78.423667"><ele>208.2</ele></trkpt>
    <trkpt lat="38.769947" lon="-78.423822"><ele>209.8</ele></trkpt>
    <trkpt lat="38.769950" lon="-78.424010"><ele>212.4</ele></trkpt>
    <trkpt lat="38.769742" lon="-78.424187"><ele>214.4</ele></trkpt>
    <trkpt lat="38.769777" lon="-78.424377"><ele>216.6</ele></trkpt>
    <trkpt lat="38.769495" lon="-78.424597"><ele>219.6</ele></trkpt>
    <trkpt lat="38.769057" lon="-78.425727"><ele>232.8</ele></trkpt>
    <trkpt lat="38.769145" lon="-78.425902"><ele>234.8</ele></trkpt>
    <trkpt lat="38.769255" lon="-78.426617"><ele>243.6</ele></trkpt>
    <trkpt lat="38.769670" lon="-78.427217"><ele>250.0</ele></trkpt>
    <trkpt lat="38.770362" lon="-78.427395"><ele>239.2</ele></trkpt>
    <trkpt lat="38.770777" lon="-78.427070"><ele>231.2</ele></trkpt>
    <trkpt lat="38.771307" lon="-78.427352"><ele>224.8</ele></trkpt>
    <trkpt lat="38.771407" lon="-78.428067"><ele>230.2</ele></trkpt>
    <trkpt lat="38.771207" lon="-78.429187"><ele>240.0</ele></trkpt>
    <trkpt lat="38.771400" lon="-78.429695"><ele>247.4</ele></trkpt>
    <trkpt lat="38.771455" lon="-78.431340"><ele>264.0</ele></trkpt>
    <trkpt lat="38.771347" lon="-78.431530"><ele>264.6</ele></trkpt>
    <trkpt lat="38.771312" lon="-78.431805"><ele>265.8</ele></trkpt>
    <trkpt lat="38.771617" lon="-78.432627"><ele>274.4</ele></trkpt>
    <trkpt lat="38.771675" lon="-78.432997"><ele>277.2</ele></trkpt>
    <trkpt lat="38.771832" lon="-78.433110"><ele>280.4</ele></trkpt>
    <trkpt lat="38.772132" lon="-78.433805"><ele>288.0</ele></trkpt>
    <trkpt lat="38.772887" lon="-78.434832"><ele>304.4</ele></trkpt>
    <trkpt lat="38.772917" lon="-78.435000"><ele>305.8</ele></trkpt>
    <trkpt lat="38.773147" lon="-78.435350"><ele>311.2</ele></trkpt>
    <trkpt lat="38.773577" lon="-78.435785"><ele>320.2</ele></trkpt>
    <trkpt lat="38.773810" lon="-78.436152"><ele>322.4</ele></trkpt>
    <trkpt lat="38.773905" lon="-78.436117"><ele>324.2</ele></trkpt>
    <trkpt lat="38.773952" lon="-78.435967"><ele>326.0</ele></trkpt>
    <trkpt lat="38.773832" lon="-78.435295"><ele>327.4</ele></trkpt>
    <trkpt lat="38.774002" lon="-78.435027"><ele>330.6</ele></trkpt>
    <trkpt lat="38.774075" lon="-78.435162"><ele>332.6</ele></trkpt>
    <trkpt lat="38.774007" lon="-78.435412"><ele>333.6</ele></trkpt>
    <trkpt lat="38.774297" lon="-78.435802"><ele>339.8</ele></trkpt>
    <trkpt lat="38.774505" lon="-78.435787"><ele>343.0</ele></trkpt>
    <trkpt lat="38.774830" lon="-78.435987"><ele>347.8</ele></trkpt>
    <trkpt lat="38.775107" lon="-78.436310"><ele>349.4</ele></trkpt>
    <trkpt lat="38.775270" lon="-78.436302"><ele>352.0</ele></trkpt>
    <trkpt lat="38.775765" lon="-78.436647"><ele>359.0</ele></trkpt>
    <trkpt lat="38.775865" lon="-78.436682"><ele>360.6</ele></trkpt>
    <trkpt lat="38.776007" lon="-78.436587"><ele>364.0</ele></trkpt>
    <trkpt lat="38.776107" lon="-78.436752"><ele>366.0</ele></trkpt>
    <trkpt lat="38.776405" lon="-78.436947"><ele>373.6</ele></trkpt>
    <trkpt lat="38.776397" lon="-78.437152"><ele>375.2</ele></trkpt>
    <trkpt lat="38.776787" lon="-78.436740"><ele>381.2</ele></trkpt>
    <trkpt lat="38.777145" lon="-78.436887"><ele>389.4</ele></trkpt>
    <trkpt lat="38.777617" lon="-78.436610"><ele>399.2</ele></trkpt>
    <trkpt lat="38.777867" lon="-78.436597"><ele>404.2</ele></trkpt>
    <trkpt lat="38.777502" lon="-78.437147"><ele>411.6</ele></trkpt>
    <trkpt lat="38.777137" lon="-78.438312"><ele>435.0</ele></trkpt>
    <trkpt lat="38.778798" lon="-78.437175"><ele>459.8</ele></trkpt>
    <trkpt lat="38.779345" lon="-78.436957"><ele>470.2</ele></trkpt>
    <trkpt lat="38.779790" lon="-78.436937"><ele>481.6</ele></trkpt>
    <trkpt lat="38.780420" lon="-78.437282"><ele>498.4</ele></trkpt>
    <trkpt lat="38.780502" lon="-78.437822"><ele>501.4</ele></trkpt>
    <trkpt lat="38.780662" lon="-78.438045"><ele>507.6</ele></trkpt>
    <trkpt lat="38.780682" lon="-78.438342"><ele>516.4</ele></trkpt>
    <trkpt lat="38.780502" lon="-78.438910"><ele>528.2</ele></trkpt>
    <trkpt lat="38.780577" lon="-78.439265"><ele>531.8</ele></trkpt>
    <trkpt lat="38.780362" lon="-78.439275"><ele>536.2</ele></trkpt>
    <trkpt lat="38.780262" lon="-78.439442"><ele>538.4</ele></trkpt>
    <trkpt lat="38.780242" lon="-78.439852"><ele>541.2</ele></trkpt>
    <trkpt lat="38.780447" lon="-78.440587"><ele>549.8</ele></trkpt>
    <trkpt lat="38.780600" lon="-78.440472"><ele>554.4</ele></trkpt>
    <trkpt lat="38.780322" lon="-78.441732"><ele>575.4</ele></trkpt>
    <trkpt lat="38.779960" lon="-78.442285"><ele>575.6</ele></trkpt>
    <trkpt lat="38.779912" lon="-78.442487"><ele>574.6</ele></trkpt>
    <trkpt lat="38.779680" lon="-78.442707"><ele>575.0</ele></trkpt>
    <trkpt lat="38.779045" lon="-78.443707"><ele>582.6</ele></trkpt>
    <trkpt lat="38.778797" lon="-78.443927"><ele>587.6</ele></trkpt>
    <trkpt lat="38.778520" lon="-78.444557"><ele>598.6</ele></trkpt>
    <trkpt lat="38.777052" lon="-78.445790"><ele>623.0</ele></trkpt>
    <trkpt lat="38.776192" lon="-78.446777"><ele>644.4</ele></trkpt>
    <trkpt lat="38.776010" lon="-78.447002"><ele>648.2</ele></trkpt>
    <trkpt lat="38.775847" lon="-78.447587"><ele>651.2</ele></trkpt>
    <trkpt lat="38.775425" lon="-78.448365"><ele>653.2</ele></trkpt>
    <trkpt lat="38.774478" lon="-78.449402"><ele>647.2</ele></trkpt>
    <trkpt lat="38.774167" lon="-78.449880"><ele>644.6</ele></trkpt>
    <trkpt lat="38.773692" lon="-78.450317"><ele>647.4</ele></trkpt>
    <trkpt lat="38.772830" lon="-78.450902"><ele>637.6</ele></trkpt>
    <trkpt lat="38.772327" lon="-78.450940"><ele>632.4</ele></trkpt>
    <trkpt lat="38.771850" lon="-78.451183"><ele>630.6</ele></trkpt>
    <trkpt lat="38.771017" lon="-78.452012"><ele>634.6</ele></trkpt>
    <trkpt lat="38.769933" lon="-78.452630"><ele>638.6</ele></trkpt>
    <trkpt lat="38.769605" lon="-78.452907"><ele>643.6</ele></trkpt>
    <trkpt lat="38.769272" lon="-78.453547"><ele>651.8</ele></trkpt>
    <trkpt lat="38.768685" lon="-78.454285"><ele>663.6</ele></trkpt>
    <trkpt lat="38.768182" lon="-78.455442"><ele>669.6</ele></trkpt>
    <trkpt lat="38.767662" lon="-78.455687"><ele>663.2</ele></trkpt>
    <trkpt lat="38.767457" lon="-78.455922"><ele>663.0</ele></trkpt>
    <trkpt lat="38.767052" lon="-78.456147"><ele>661.8</ele></trkpt>
    <trkpt lat="38.766392" lon="-78.456262"><ele>663.0</ele></trkpt>
    <trkpt lat="38.765165" lon="-78.457432"><ele>668.2</ele></trkpt>
    <trkpt lat="38.764530" lon="-78.458322"><ele>675.4</ele></trkpt>
    <trkpt lat="38.763837" lon="-78.459882"><ele>680.4</ele></trkpt>
    <trkpt lat="38.763647" lon="-78.460115"><ele>680.2</ele></trkpt>
    <trkpt lat="38.763217" lon="-78.460447"><ele>677.6</ele></trkpt>
    <trkpt lat="38.762775" lon="-78.460982"><ele>667.4</ele></trkpt>
    <trkpt lat="38.762402" lon="-78.461277"><ele>661.6</ele></trkpt>
    <trkpt lat="38.762348" lon="-78.461428"><ele>660.2</ele></trkpt>
    <trkpt lat="38.762242" lon="-78.461442"><ele>659.6</ele></trkpt>
    <trkpt lat="38.761545" lon="-78.462165"><ele>653.8</ele></trkpt>
    <trkpt lat="38.760987" lon="-78.462530"><ele>662.0</ele></trkpt>
    <trkpt lat="38.760150" lon="-78.463282"><ele>669.2</ele></trkpt>
    <trkpt lat="38.759915" lon="-78.463362"><ele>665.2</ele></trkpt>
    <trkpt lat="38.759572" lon="-78.463747"><ele>667.4</ele></trkpt>
    <trkpt lat="38.759202" lon="-78.463912"><ele>668.0</ele></trkpt>
    <trkpt lat="38.757972" lon="-78.464927"><ele>689.2</ele></trkpt>
    <trkpt lat="38.757197" lon="-78.465385"><ele>696.6</ele></trkpt>
    <trkpt lat="38.757037" lon="-78.465592"><ele>694.6</ele></trkpt>
    <trkpt lat="38.756862" lon="-78.466050"><ele>690.0</ele></trkpt>
    <trkpt lat="38.756547" lon="-78.466192"><ele>684.0</ele></trkpt>
    <trkpt lat="38.756402" lon="-78.466375"><ele>678.4</ele></trkpt>
    <trkpt lat="38.756287" lon="-78.466602"><ele>672.8</ele></trkpt>
    <trkpt lat="38.756282" lon="-78.466915"><ele>664.2</ele></trkpt>
    <trkpt lat="38.755987" lon="-78.467252"><ele>657.2</ele></trkpt>
    <trkpt lat="38.755817" lon="-78.467665"><ele>651.8</ele></trkpt>
    <trkpt lat="38.755100" lon="-78.468487"><ele>639.6</ele></trkpt>
    <trkpt lat="38.754755" lon="-78.468692"><ele>642.8</ele></trkpt>
    <trkpt lat="38.754052" lon="-78.468850"><ele>656.2</ele></trkpt>
    <trkpt lat="38.753727" lon="-78.469175"><ele>664.6</ele></trkpt>
    <trkpt lat="38.753642" lon="-78.469367"><ele>668.6</ele></trkpt>
    <trkpt lat="38.753202" lon="-78.469597"><ele>673.2</ele></trkpt>
    <trkpt lat="38.751997" lon="-78.470842"><ele>661.0</ele></trkpt>
    <trkpt lat="38.751567" lon="-78.472217"><ele>653.0</ele></trkpt>
    <trkpt lat="38.751537" lon="-78.472500"><ele>651.2</ele></trkpt>
    <trkpt lat="38.751680" lon="-78.472567"><ele>650.0</ele></trkpt>
    <trkpt lat="38.752337" lon="-78.472488"><ele>644.2</ele></trkpt>
    <trkpt lat="38.753257" lon="-78.472220"><ele>630.8</ele></trkpt>
    <trkpt lat="38.753290" lon="-78.472282"><ele>629.6</ele></trkpt>
    <trkpt lat="38.753072" lon="-78.472737"><ele>622.6</ele></trkpt>
    <trkpt lat="38.752785" lon="-78.473815"><ele>610.0</ele></trkpt>
    <trkpt lat="38.751937" lon="-78.475257"><ele>589.4</ele></trkpt>
    <trkpt lat="38.751212" lon="-78.476793"><ele>569.4</ele></trkpt>
    <trkpt lat="38.751377" lon="-78.477510"><ele>559.6</ele></trkpt>
    <trkpt lat="38.751230" lon="-78.478825"><ele>541.0</ele></trkpt>
    <trkpt lat="38.751590" lon="-78.478795"><ele>534.4</ele></trkpt>
    <trkpt lat="38.751997" lon="-78.479110"><ele>526.2</ele></trkpt>
    <trkpt lat="38.752575" lon="-78.479195"><ele>514.0</ele></trkpt>
    <trkpt lat="38.752872" lon="-78.478910"><ele>507.8</ele></trkpt>
    <trkpt lat="38.753370" lon="-78.478655"><ele>502.6</ele></trkpt>
    <trkpt lat="38.754087" lon="-78.478585"><ele>493.0</ele></trkpt>
    <trkpt lat="38.754565" lon="-78.478645"><ele>487.2</ele></trkpt>
    <trkpt lat="38.755022" lon="-78.478860"><ele>479.4</ele></trkpt>
    <trkpt lat="38.755062" lon="-78.479602"><ele>472.0</ele></trkpt>
    <trkpt lat="38.754962" lon="-78.480000"><ele>467.2</ele></trkpt>
    <trkpt lat="38.754130" lon="-78.480650"><ele>459.2</ele></trkpt>
    <trkpt lat="38.754117" lon="-78.481097"><ele>457.8</ele></trkpt>
    <trkpt lat="38.754465" lon="-78.481755"><ele>455.0</ele></trkpt>
    <trkpt lat="38.754585" lon="-78.482220"><ele>451.6</ele></trkpt>
    <trkpt lat="38.754362" lon="-78.482992"><ele>445.8</ele></trkpt>
    <trkpt lat="38.754367" lon="-78.483747"><ele>437.0</ele></trkpt>
    <trkpt lat="38.754227" lon="-78.484255"><ele>432.0</ele></trkpt>
    <trkpt lat="38.753940" lon="-78.484700"><ele>428.4</ele></trkpt>
    <trkpt lat="38.753702" lon="-78.484780"><ele>426.8</ele></trkpt>
    <trkpt lat="38.753417" lon="-78.484740"><ele>427.2</ele></trkpt>
    <trkpt lat="38.753135" lon="-78.484977"><ele>419.6</ele></trkpt>
    <trkpt lat="38.753567" lon="-78.485605"><ele>421.8</ele></trkpt>
    <trkpt lat="38.753540" lon="-78.486352"><ele>420.8</ele></trkpt>
    <trkpt lat="38.753267" lon="-78.486877"><ele>419.2</ele></trkpt>
    <trkpt lat="38.753070" lon="-78.487052"><ele>418.4</ele></trkpt>
    <trkpt lat="38.752307" lon="-78.487317"><ele>418.2</ele></trkpt>
    <trkpt lat="38.752292" lon="-78.487507"><ele>417.6</ele></trkpt>
    <trkpt lat="38.752475" lon="-78.488002"><ele>414.8</ele></trkpt>
    <trkpt lat="38.752477" lon="-78.488452"><ele>413.6</ele></trkpt>
    <trkpt lat="38.752780" lon="-78.489100"><ele>411.0</ele></trkpt>
    <trkpt lat="38.752370" lon="-78.489852"><ele>403.0</ele></trkpt>
    <trkpt lat="38.752150" lon="-78.490497"><ele>399.6</ele></trkpt>
    <trkpt lat="38.752195" lon="-78.490685"><ele>398.2</ele></trkpt>
    <trkpt lat="38.751782" lon="-78.490912"><ele>401.0</ele></trkpt>
    <trkpt lat="38.751540" lon="-78.491202"><ele>404.4</ele></trkpt>
    <trkpt lat="38.751547" lon="-78.491320"><ele>404.8</ele></trkpt>
    <trkpt lat="38.751823" lon="-78.491572"><ele>406.0</ele></trkpt>
    <trkpt lat="38.751787" lon="-78.491820"><ele>408.2</ele></trkpt>
    <trkpt lat="38.751522" lon="-78.492097"><ele>411.4</ele></trkpt>
    <trkpt lat="38.751115" lon="-78.492285"><ele>414.6</ele></trkpt>
    <trkpt lat="38.750860" lon="-78.492822"><ele>415.4</ele></trkpt>
    <trkpt lat="38.750520" lon="-78.493088"><ele>417.8</ele></trkpt>
    <trkpt lat="38.749902" lon="-78.493852"><ele>412.8</ele></trkpt>
    <trkpt lat="38.749890" lon="-78.493997"><ele>411.8</ele></trkpt>
    <trkpt lat="38.749567" lon="-78.494535"><ele>410.2</ele></trkpt>
    <trkpt lat="38.748815" lon="-78.494432"><ele>411.4</ele></trkpt>
    <trkpt lat="38.748692" lon="-78.494320"><ele>411.4</ele></trkpt>
    <trkpt lat="38.748558" lon="-78.494357"><ele>410.0</ele></trkpt>
    <trkpt lat="38.748122" lon="-78.494702"><ele>416.0</ele></trkpt>
    <trkpt lat="38.748035" lon="-78.495147"><ele>416.2</ele></trkpt>
    <trkpt lat="38.747747" lon="-78.495532"><ele>419.6</ele></trkpt>
    <trkpt lat="38.747417" lon="-78.495532"><ele>420.4</ele></trkpt>
    <trkpt lat="38.747392" lon="-78.495907"><ele>423.6</ele></trkpt>
    <trkpt lat="38.747240" lon="-78.496120"><ele>425.6</ele></trkpt>
    <trkpt lat="38.746562" lon="-78.496377"><ele>429.4</ele></trkpt>
    <trkpt lat="38.745822" lon="-78.496357"><ele>431.8</ele></trkpt>
    <trkpt lat="38.745835" lon="-78.496537"><ele>433.6</ele></trkpt>
    <trkpt lat="38.746312" lon="-78.497027"><ele>437.2</ele></trkpt>
    <trkpt lat="38.746450" lon="-78.497307"><ele>434.8</ele></trkpt>
    <trkpt lat="38.747077" lon="-78.497572"><ele>438.4</ele></trkpt>
    <trkpt lat="38.747182" lon="-78.497917"><ele>439.6</ele></trkpt>
    <trkpt lat="38.747177" lon="-78.498857"><ele>439.0</ele></trkpt>
    <trkpt lat="38.746990" lon="-78.499212"><ele>440.0</ele></trkpt>
    <trkpt lat="38.746862" lon="-78.499267"><ele>439.2</ele></trkpt>
    <trkpt lat="38.746422" lon="-78.499110"><ele>436.4</ele></trkpt>
    <trkpt lat="38.745837" lon="-78.499047"><ele>436.0</ele></trkpt>
    <trkpt lat="38.745597" lon="-78.498922"><ele>437.8</ele></trkpt>
    <trkpt lat="38.745052" lon="-78.498415"><ele>441.8</ele></trkpt>
    <trkpt lat="38.744645" lon="-78.498562"><ele>439.4</ele></trkpt>
    <trkpt lat="38.744212" lon="-78.498927"><ele>440.0</ele></trkpt>
    <trkpt lat="38.744087" lon="-78.498880"><ele>441.0</ele></trkpt>
    <trkpt lat="38.743947" lon="-78.498612"><ele>444.0</ele></trkpt>
    <trkpt lat="38.743672" lon="-78.498555"><ele>443.6</ele></trkpt>
    <trkpt lat="38.743525" lon="-78.498642"><ele>443.8</ele></trkpt>
    <trkpt lat="38.743420" lon="-78.499055"><ele>443.8</ele></trkpt>
    <trkpt lat="38.743152" lon="-78.499525"><ele>440.4</ele></trkpt>
    <trkpt lat="38.742405" lon="-78.500497"><ele>439.6</ele></trkpt>
    <trkpt lat="38.742262" lon="-78.501382"><ele>440.0</ele></trkpt>
    <trkpt lat="38.741692" lon="-78.501557"><ele>445.6</ele></trkpt>
    <trkpt lat="38.741437" lon="-78.501437"><ele>448.0</ele></trkpt>
    <trkpt lat="38.741202" lon="-78.501562"><ele>446.4</ele></trkpt>
    <trkpt lat="38.741140" lon="-78.502662"><ele>439.8</ele></trkpt>
    <trkpt lat="38.740957" lon="-78.503107"><ele>440.6</ele></trkpt>
    <trkpt lat="38.740352" lon="-78.504027"><ele>437.0</ele></trkpt>
    <trkpt lat="38.739802" lon="-78.504230"><ele>430.6</ele></trkpt>
    <trkpt lat="38.739460" lon="-78.503642"><ele>425.6</ele></trkpt>
    <trkpt lat="38.739202" lon="-78.503542"><ele>425.4</ele></trkpt>
    <trkpt lat="38.739057" lon="-78.503620"><ele>428.2</ele></trkpt>
    <trkpt lat="38.738867" lon="-78.504132"><ele>429.4</ele></trkpt>
    <trkpt lat="38.738477" lon="-78.504522"><ele>428.8</ele></trkpt>
    <trkpt lat="38.738102" lon="-78.506090"><ele>425.4</ele></trkpt>
    <trkpt lat="38.737902" lon="-78.506492"><ele>422.6</ele></trkpt>
    <trkpt lat="38.737780" lon="-78.506530"><ele>422.0</ele></trkpt>
    <trkpt lat="38.737530" lon="-78.506387"><ele>419.6</ele></trkpt>
    <trkpt lat="38.737322" lon="-78.506490"><ele>419.6</ele></trkpt>
    <trkpt lat="38.736917" lon="-78.506475"><ele>416.4</ele></trkpt>
    <trkpt lat="38.735942" lon="-78.506927"><ele>413.8</ele></trkpt>
    <trkpt lat="38.735760" lon="-78.507307"><ele>412.0</ele></trkpt>
    <trkpt lat="38.735382" lon="-78.507737"><ele>414.0</ele></trkpt>
    <trkpt lat="38.734920" lon="-78.508837"><ele>406.2</ele></trkpt>
    <trkpt lat="38.734697" lon="-78.509057"><ele>405.6</ele></trkpt>
    <trkpt lat="38.733510" lon="-78.509085"><ele>409.6</ele></trkpt>
    <trkpt lat="38.733302" lon="-78.508967"><ele>409.8</ele></trkpt>
    <trkpt lat="38.732852" lon="-78.508992"><ele>413.2</ele></trkpt>
    <trkpt lat="38.732792" lon="-78.509082"><ele>413.8</ele></trkpt>
    <trkpt lat="38.732762" lon="-78.509922"><ele>414.0</ele></trkpt>
    <trkpt lat="38.732672" lon="-78.510047"><ele>413.2</ele></trkpt>
    <trkpt lat="38.732367" lon="-78.510045"><ele>414.4</ele></trkpt>
    <trkpt lat="38.731852" lon="-78.510395"><ele>408.2</ele></trkpt>
    <trkpt lat="38.731607" lon="-78.510392"><ele>409.0</ele></trkpt>
    <trkpt lat="38.731612" lon="-78.510617"><ele>410.4</ele></trkpt>
    <trkpt lat="38.731402" lon="-78.510737"><ele>412.0</ele></trkpt>
    <trkpt lat="38.731302" lon="-78.511675"><ele>419.4</ele></trkpt>
    <trkpt lat="38.731132" lon="-78.511892"><ele>421.6</ele></trkpt>
    <trkpt lat="38.730362" lon="-78.511912"><ele>423.0</ele></trkpt>
    <trkpt lat="38.729005" lon="-78.513105"><ele>420.2</ele></trkpt>
    <trkpt lat="38.728932" lon="-78.513422"><ele>422.0</ele></trkpt>
    <trkpt lat="38.729002" lon="-78.513865"><ele>419.8</ele></trkpt>
    <trkpt lat="38.728745" lon="-78.514840"><ele>418.6</ele></trkpt>
    <trkpt lat="38.728537" lon="-78.514827"><ele>417.6</ele></trkpt>
    <trkpt lat="38.728315" lon="-78.514627"><ele>415.4</ele></trkpt>
    <trkpt lat="38.728107" lon="-78.514692"><ele>414.8</ele></trkpt>
    <trkpt lat="38.727755" lon="-78.515922"><ele>414.2</ele></trkpt>
    <trkpt lat="38.727902" lon="-78.516752"><ele>407.6</ele></trkpt>
    <trkpt lat="38.728435" lon="-78.517348"><ele>401.8</ele></trkpt>
    <trkpt lat="38.729095" lon="-78.517682"><ele>398.8</ele></trkpt>
    <trkpt lat="38.729337" lon="-78.517572"><ele>397.8</ele></trkpt>
    <trkpt lat="38.729575" lon="-78.517582"><ele>396.8</ele></trkpt>
    <trkpt lat="38.729670" lon="-78.517462"><ele>392.4</ele></trkpt>
    <trkpt lat="38.729547" lon="-78.517615"><ele>392.8</ele></trkpt>
    <trkpt lat="38.729432" lon="-78.518007"><ele>393.6</ele></trkpt>
    <trkpt lat="38.729210" lon="-78.518062"><ele>395.2</ele></trkpt>
    <trkpt lat="38.728562" lon="-78.517867"><ele>397.0</ele></trkpt>
    <trkpt lat="38.727962" lon="-78.517492"><ele>397.6</ele></trkpt>
    <trkpt lat="38.727492" lon="-78.517722"><ele>399.4</ele></trkpt>
    <trkpt lat="38.727332" lon="-78.518052"><ele>400.2</ele></trkpt>
    <trkpt lat="38.726672" lon="-78.517772"><ele>403.4</ele></trkpt>
    <trkpt lat="38.726702" lon="-78.518222"><ele>405.6</ele></trkpt>
    <trkpt lat="38.726642" lon="-78.518467"><ele>406.0</ele></trkpt>
    <trkpt lat="38.726487" lon="-78.518697"><ele>404.6</ele></trkpt>
    <trkpt lat="38.726080" lon="-78.518972"><ele>405.0</ele></trkpt>
    <trkpt lat="38.725785" lon="-78.519567"><ele>407.4</ele></trkpt>
    <trkpt lat="38.725207" lon="-78.519860"><ele>406.4</ele></trkpt>
    <trkpt lat="38.725020" lon="-78.520045"><ele>403.6</ele></trkpt>
    <trkpt lat="38.724772" lon="-78.520067"><ele>401.0</ele></trkpt>
    <trkpt lat="38.724162" lon="-78.519895"><ele>403.8</ele></trkpt>
    <trkpt lat="38.724212" lon="-78.520312"><ele>405.4</ele></trkpt>
    <trkpt lat="38.724362" lon="-78.520595"><ele>407.0</ele></trkpt>
    <trkpt lat="38.724392" lon="-78.520920"><ele>408.8</ele></trkpt>
    <trkpt lat="38.724305" lon="-78.521080"><ele>410.6</ele></trkpt>
    <trkpt lat="38.723940" lon="-78.521377"><ele>411.0</ele></trkpt>
    <trkpt lat="38.723635" lon="-78.521380"><ele>408.6</ele></trkpt>
    <trkpt lat="38.723562" lon="-78.521680"><ele>406.0</ele></trkpt>
    <trkpt lat="38.723440" lon="-78.521760"><ele>404.6</ele></trkpt>
    <trkpt lat="38.723205" lon="-78.521782"><ele>402.0</ele></trkpt>
    <trkpt lat="38.723005" lon="-78.521667"><ele>401.4</ele></trkpt>
    <trkpt lat="38.723072" lon="-78.522022"><ele>400.4</ele></trkpt>
    <trkpt lat="38.722980" lon="-78.522107"><ele>401.8</ele></trkpt>
    <trkpt lat="38.722587" lon="-78.522012"><ele>401.8</ele></trkpt>
    <trkpt lat="38.722692" lon="-78.522302"><ele>402.4</ele></trkpt>
    <trkpt lat="38.722667" lon="-78.522462"><ele>402.6</ele></trkpt>
    <trkpt lat="38.722125" lon="-78.522947"><ele>401.0</ele></trkpt>
    <trkpt lat="38.721865" lon="-78.523522"><ele>402.4</ele></trkpt>
    <trkpt lat="38.721122" lon="-78.524722"><ele>400.4</ele></trkpt>
    <trkpt lat="38.721100" lon="-78.524937"><ele>400.6</ele></trkpt>
    <trkpt lat="38.720897" lon="-78.525337"><ele>404.0</ele></trkpt>
    <trkpt lat="38.720255" lon="-78.525552"><ele>406.4</ele></trkpt>
    <trkpt lat="38.718287" lon="-78.526820"><ele>415.2</ele></trkpt>
    <trkpt lat="38.717650" lon="-78.527132"><ele>416.8</ele></trkpt>
    <trkpt lat="38.716197" lon="-78.528547"><ele>425.2</ele></trkpt>
    <trkpt lat="38.715827" lon="-78.528727"><ele>426.6</ele></trkpt>
    <trkpt lat="38.714950" lon="-78.529425"><ele>432.4</ele></trkpt>
    <trkpt lat="38.714600" lon="-78.529610"><ele>434.2</ele></trkpt>
    <trkpt lat="38.714382" lon="-78.529902"><ele>435.0</ele></trkpt>
    <trkpt lat="38.713957" lon="-78.530227"><ele>437.0</ele></trkpt>
    <trkpt lat="38.713785" lon="-78.530222"><ele>437.0</ele></trkpt>
    <trkpt lat="38.713487" lon="-78.530427"><ele>438.6</ele></trkpt>
    <trkpt lat="38.712957" lon="-78.531167"><ele>443.0</ele></trkpt>
    <trkpt lat="38.712268" lon="-78.531597"><ele>447.0</ele></trkpt>
    <trkpt lat="38.711840" lon="-78.531960"><ele>449.0</ele></trkpt>
    <trkpt lat="38.711595" lon="-78.532310"><ele>451.6</ele></trkpt>
    <trkpt lat="38.710942" lon="-78.532367"><ele>452.6</ele></trkpt>
    <trkpt lat="38.710377" lon="-78.532607"><ele>454.0</ele></trkpt>
    <trkpt lat="38.709717" lon="-78.533087"><ele>460.0</ele></trkpt>
    <trkpt lat="38.709497" lon="-78.533517"><ele>462.2</ele></trkpt>
    <trkpt lat="38.709037" lon="-78.533815"><ele>463.8</ele></trkpt>
    <trkpt lat="38.708155" lon="-78.534172"><ele>471.4</ele></trkpt>
    <trkpt lat="38.707897" lon="-78.534562"><ele>474.0</ele></trkpt>
    <trkpt lat="38.707660" lon="-78.534730"><ele>476.6</ele></trkpt>
    <trkpt lat="38.707207" lon="-78.534810"><ele>480.0</ele></trkpt>
    <trkpt lat="38.706587" lon="-78.534775"><ele>483.0</ele></trkpt>
    <trkpt lat="38.706165" lon="-78.534977"><ele>486.0</ele></trkpt>
    <trkpt lat="38.705657" lon="-78.535575"><ele>489.8</ele></trkpt>
    <trkpt lat="38.705047" lon="-78.536070"><ele>491.4</ele></trkpt>
    <trkpt lat="38.704832" lon="-78.536542"><ele>495.0</ele></trkpt>
    <trkpt lat="38.704502" lon="-78.536842"><ele>499.0</ele></trkpt>
    <trkpt lat="38.703945" lon="-78.538037"><ele>510.0</ele></trkpt>
    <trkpt lat="38.702637" lon="-78.538895"><ele>516.0</ele></trkpt>
    <trkpt lat="38.702172" lon="-78.539452"><ele>522.0</ele></trkpt>
    <trkpt lat="38.701967" lon="-78.539975"><ele>524.4</ele></trkpt>
    <trkpt lat="38.701697" lon="-78.540240"><ele>527.2</ele></trkpt>
    <trkpt lat="38.700277" lon="-78.540877"><ele>523.2</ele></trkpt>
    <trkpt lat="38.700138" lon="-78.541043"><ele>528.4</ele></trkpt>
    <trkpt lat="38.700142" lon="-78.541277"><ele>532.0</ele></trkpt>
    <trkpt lat="38.699872" lon="-78.541642"><ele>537.2</ele></trkpt>
    <trkpt lat="38.699252" lon="-78.542072"><ele>541.2</ele></trkpt>
    <trkpt lat="38.698597" lon="-78.542127"><ele>541.2</ele></trkpt>
    <trkpt lat="38.698182" lon="-78.542297"><ele>542.2</ele></trkpt>
    <trkpt lat="38.698072" lon="-78.542490"><ele>541.8</ele></trkpt>
    <trkpt lat="38.697630" lon="-78.542775"><ele>540.6</ele></trkpt>
    <trkpt lat="38.697382" lon="-78.543267"><ele>540.6</ele></trkpt>
    <trkpt lat="38.697237" lon="-78.543822"><ele>544.0</ele></trkpt>
    <trkpt lat="38.696992" lon="-78.544142"><ele>545.0</ele></trkpt>
    <trkpt lat="38.696755" lon="-78.544850"><ele>552.0</ele></trkpt>
    <trkpt lat="38.696570" lon="-78.545115"><ele>555.6</ele></trkpt>
    <trkpt lat="38.696172" lon="-78.545332"><ele>552.2</ele></trkpt>
    <trkpt lat="38.696105" lon="-78.545607"><ele>554.6</ele></trkpt>
    <trkpt lat="38.695837" lon="-78.545847"><ele>554.6</ele></trkpt>
    <trkpt lat="38.695317" lon="-78.545867"><ele>551.4</ele></trkpt>
    <trkpt lat="38.695002" lon="-78.546120"><ele>553.4</ele></trkpt>
    <trkpt lat="38.694767" lon="-78.546150"><ele>553.8</ele></trkpt>
    <trkpt lat="38.694290" lon="-78.546717"><ele>557.8</ele></trkpt>
    <trkpt lat="38.694257" lon="-78.546952"><ele>559.0</ele></trkpt>
    <trkpt lat="38.693940" lon="-78.547167"><ele>558.6</ele></trkpt>
    <trkpt lat="38.693512" lon="-78.547807"><ele>563.6</ele></trkpt>
    <trkpt lat="38.693252" lon="-78.548082"><ele>565.6</ele></trkpt>
    <trkpt lat="38.692922" lon="-78.548247"><ele>566.4</ele></trkpt>
    <trkpt lat="38.693125" lon="-78.548472"><ele>568.6</ele></trkpt>
    <trkpt lat="38.693597" lon="-78.548767"><ele>578.2</ele></trkpt>
    <trkpt lat="38.693777" lon="-78.549210"><ele>588.4</ele></trkpt>
    <trkpt lat="38.694022" lon="-78.549297"><ele>594.6</ele></trkpt>
    <trkpt lat="38.694687" lon="-78.549187"><ele>607.8</ele></trkpt>
    <trkpt lat="38.695207" lon="-78.548947"><ele>614.0</ele></trkpt>
    <trkpt lat="38.695745" lon="-78.548895"><ele>620.0</ele></trkpt>
    <trkpt lat="38.696030" lon="-78.548717"><ele>624.6</ele></trkpt>
    <trkpt lat="38.696827" lon="-78.548527"><ele>643.4</ele></trkpt>
    <trkpt lat="38.697010" lon="-78.548537"><ele>648.0</ele></trkpt>
    <trkpt lat="38.696792" lon="-78.548745"><ele>653.8</ele></trkpt>
    <trkpt lat="38.696590" lon="-78.549475"><ele>669.2</ele></trkpt>
    <trkpt lat="38.696905" lon="-78.549282"><ele>677.2</ele></trkpt>
    <trkpt lat="38.697595" lon="-78.549175"><ele>685.2</ele></trkpt>
    <trkpt lat="38.698367" lon="-78.548722"><ele>696.6</ele></trkpt>
    <trkpt lat="38.698522" lon="-78.548732"><ele>700.6</ele></trkpt>
    <trkpt lat="38.698787" lon="-78.548915"><ele>707.4</ele></trkpt>
    <trkpt lat="38.699092" lon="-78.548892"><ele>711.8</ele></trkpt>
    <trkpt lat="38.699527" lon="-78.549087"><ele>723.2</ele></trkpt>
    <trkpt lat="38.699830" lon="-78.548912"><ele>730.6</ele></trkpt>
    <trkpt lat="38.699702" lon="-78.549570"><ele>741.4</ele></trkpt>
    <trkpt lat="38.699732" lon="-78.549795"><ele>745.8</ele></trkpt>
    <trkpt lat="38.699890" lon="-78.549967"><ele>749.2</ele></trkpt>
    <trkpt lat="38.699945" lon="-78.550217"><ele>751.8</ele></trkpt>
    <trkpt lat="38.699802" lon="-78.550767"><ele>755.4</ele></trkpt>
    <trkpt lat="38.699897" lon="-78.551727"><ele>746.2</ele></trkpt>
    <trkpt lat="38.700172" lon="-78.552535"><ele>733.8</ele></trkpt>
    <trkpt lat="38.701037" lon="-78.554025"><ele>710.6</ele></trkpt>
    <trkpt lat="38.701590" lon="-78.554535"><ele>701.8</ele></trkpt>
    <trkpt lat="38.701865" lon="-78.554580"><ele>698.4</ele></trkpt>
    <trkpt lat="38.701947" lon="-78.554852"><ele>693.0</ele></trkpt>
    <trkpt lat="38.702802" lon="-78.554282"><ele>689.2</ele></trkpt>
    <trkpt lat="38.703220" lon="-78.554167"><ele>688.8</ele></trkpt>
    <trkpt lat="38.703352" lon="-78.553980"><ele>689.8</ele></trkpt>
    <trkpt lat="38.703727" lon="-78.554172"><ele>684.6</ele></trkpt>
    <trkpt lat="38.704097" lon="-78.554202"><ele>677.0</ele></trkpt>
    <trkpt lat="38.704072" lon="-78.554607"><ele>673.6</ele></trkpt>
    <trkpt lat="38.704175" lon="-78.554882"><ele>671.6</ele></trkpt>
    <trkpt lat="38.704012" lon="-78.555352"><ele>666.8</ele></trkpt>
    <trkpt lat="38.704032" lon="-78.555597"><ele>663.2</ele></trkpt>
    <trkpt lat="38.703847" lon="-78.555795"><ele>660.8</ele></trkpt>
    <trkpt lat="38.703697" lon="-78.555827"><ele>660.2</ele></trkpt>
    <trkpt lat="38.703492" lon="-78.557077"><ele>639.4</ele></trkpt>
    <trkpt lat="38.703527" lon="-78.557332"><ele>636.2</ele></trkpt>
    <trkpt lat="38.703342" lon="-78.557697"><ele>631.4</ele></trkpt>
    <trkpt lat="38.702395" lon="-78.558942"><ele>614.6</ele></trkpt>
    <trkpt lat="38.702350" lon="-78.559112"><ele>612.6</ele></trkpt>
    <trkpt lat="38.702502" lon="-78.559372"><ele>609.8</ele></trkpt>
    <trkpt lat="38.703062" lon="-78.559212"><ele>601.4</ele></trkpt>
    <trkpt lat="38.703332" lon="-78.559042"><ele>599.4</ele></trkpt>
    <trkpt lat="38.703722" lon="-78.559222"><ele>593.0</ele></trkpt>
    <trkpt lat="38.704465" lon="-78.559045"><ele>585.4</ele></trkpt>
    <trkpt lat="38.705227" lon="-78.559145"><ele>577.0</ele></trkpt>
    <trkpt lat="38.705527" lon="-78.558962"><ele>576.4</ele></trkpt>
    <trkpt lat="38.706107" lon="-78.558830"><ele>575.0</ele></trkpt>
    <trkpt lat="38.706572" lon="-78.558905"><ele>567.8</ele></trkpt>
    <trkpt lat="38.706557" lon="-78.559067"><ele>564.6</ele></trkpt>
    <trkpt lat="38.706367" lon="-78.559267"><ele>563.4</ele></trkpt>
    <trkpt lat="38.706062" lon="-78.559897"><ele>554.4</ele></trkpt>
    <trkpt lat="38.705812" lon="-78.560152"><ele>551.2</ele></trkpt>
    <trkpt lat="38.705270" lon="-78.560317"><ele>548.4</ele></trkpt>
    <trkpt lat="38.705630" lon="-78.560437"><ele>544.4</ele></trkpt>
    <trkpt lat="38.705997" lon="-78.560712"><ele>539.6</ele></trkpt>
    <trkpt lat="38.706327" lon="-78.560682"><ele>538.2</ele></trkpt>
    <trkpt lat="38.706532" lon="-78.560952"><ele>532.6</ele></trkpt>
    <trkpt lat="38.706972" lon="-78.560467"><ele>529.4</ele></trkpt>
    <trkpt lat="38.707102" lon="-78.560547"><ele>524.6</ele></trkpt>
    <trkpt lat="38.707197" lon="-78.560850"><ele>518.8</ele></trkpt>
    <trkpt lat="38.707427" lon="-78.560555"><ele>514.0</ele></trkpt>
    <trkpt lat="38.707482" lon="-78.560832"><ele>509.6</ele></trkpt>
    <trkpt lat="38.707825" lon="-78.561197"><ele>504.8</ele></trkpt>
    <trkpt lat="38.708427" lon="-78.560805"><ele>503.0</ele></trkpt>
    <trkpt lat="38.708682" lon="-78.560522"><ele>502.0</ele></trkpt>
    <trkpt lat="38.709210" lon="-78.559575"><ele>499.0</ele></trkpt>
    <trkpt lat="38.709862" lon="-78.559192"><ele>505.4</ele></trkpt>
    <trkpt lat="38.710592" lon="-78.559115"><ele>512.2</ele></trkpt>
    <trkpt lat="38.710742" lon="-78.558577"><ele>513.6</ele></trkpt>
    <trkpt lat="38.711010" lon="-78.558287"><ele>516.2</ele></trkpt>
    <trkpt lat="38.711660" lon="-78.558022"><ele>522.2</ele></trkpt>
    <trkpt lat="38.712187" lon="-78.558235"><ele>524.4</ele></trkpt>
    <trkpt lat="38.712482" lon="-78.558232"><ele>525.2</ele></trkpt>
    <trkpt lat="38.712407" lon="-78.558822"><ele>528.6</ele></trkpt>
    <trkpt lat="38.712515" lon="-78.559327"><ele>531.0</ele></trkpt>
    <trkpt lat="38.712470" lon="-78.559700"><ele>531.4</ele></trkpt>
    <trkpt lat="38.712057" lon="-78.560257"><ele>533.4</ele></trkpt>
    <trkpt lat="38.711782" lon="-78.560812"><ele>535.6</ele></trkpt>
    <trkpt lat="38.711677" lon="-78.561265"><ele>540.4</ele></trkpt>
    <trkpt lat="38.711702" lon="-78.561867"><ele>542.6</ele></trkpt>
    <trkpt lat="38.711067" lon="-78.562355"><ele>551.2</ele></trkpt>
    <trkpt lat="38.710832" lon="-78.562672"><ele>554.8</ele></trkpt>
    <trkpt lat="38.710552" lon="-78.563272"><ele>563.2</ele></trkpt>
    <trkpt lat="38.710367" lon="-78.564072"><ele>571.4</ele></trkpt>
    <trkpt lat="38.710837" lon="-78.563822"><ele>581.8</ele></trkpt>
    <trkpt lat="38.711372" lon="-78.563770"><ele>590.8</ele></trkpt>
    <trkpt lat="38.711852" lon="-78.564015"><ele>602.0</ele></trkpt>
    <trkpt lat="38.711547" lon="-78.564192"><ele>605.6</ele></trkpt>
    <trkpt lat="38.711545" lon="-78.564272"><ele>606.2</ele></trkpt>
    <trkpt lat="38.712522" lon="-78.564440"><ele>623.2</ele></trkpt>
    <trkpt lat="38.712812" lon="-78.565045"><ele>635.4</ele></trkpt>
    <trkpt lat="38.712997" lon="-78.565222"><ele>639.8</ele></trkpt>
    <trkpt lat="38.713197" lon="-78.565130"><ele>641.2</ele></trkpt>
    <trkpt lat="38.713320" lon="-78.564845"><ele>644.0</ele></trkpt>
    <trkpt lat="38.713292" lon="-78.565465"><ele>655.8</ele></trkpt>
    <trkpt lat="38.713212" lon="-78.565620"><ele>659.4</ele></trkpt>
    <trkpt lat="38.713115" lon="-78.565697"><ele>661.2</ele></trkpt>
    <trkpt lat="38.712647" lon="-78.565602"><ele>670.0</ele></trkpt>
    <trkpt lat="38.712467" lon="-78.565682"><ele>674.4</ele></trkpt>
    <trkpt lat="38.712675" lon="-78.565927"><ele>681.4</ele></trkpt>
    <trkpt lat="38.712812" lon="-78.566422"><ele>693.2</ele></trkpt>
    <trkpt lat="38.713967" lon="-78.566842"><ele>725.4</ele></trkpt>
    <trkpt lat="38.712887" lon="-78.567657"><ele>751.8</ele></trkpt>
    <trkpt lat="38.712265" lon="-78.568552"><ele>744.6</ele></trkpt>
    <trkpt lat="38.712075" lon="-78.568677"><ele>744.0</ele></trkpt>
    <trkpt lat="38.711952" lon="-78.569067"><ele>736.0</ele></trkpt>
    <trkpt lat="38.711650" lon="-78.569217"><ele>738.6</ele></trkpt>
    <trkpt lat="38.711245" lon="-78.569847"><ele>736.0</ele></trkpt>
    <trkpt lat="38.710997" lon="-78.570012"><ele>739.4</ele></trkpt>
    <trkpt lat="38.710802" lon="-78.570325"><ele>739.2</ele></trkpt>
    <trkpt lat="38.710622" lon="-78.570407"><ele>740.2</ele></trkpt>
    <trkpt lat="38.710445" lon="-78.570732"><ele>735.6</ele></trkpt>
    <trkpt lat="38.709857" lon="-78.571335"><ele>734.0</ele></trkpt>
    <trkpt lat="38.709787" lon="-78.571532"><ele>734.4</ele></trkpt>
    <trkpt lat="38.709617" lon="-78.571582"><ele>738.0</ele></trkpt>
    <trkpt lat="38.708920" lon="-78.572242"><ele>739.8</ele></trkpt>
    <trkpt lat="38.708802" lon="-78.572252"><ele>741.6</ele></trkpt>
    <trkpt lat="38.708692" lon="-78.572132"><ele>747.0</ele></trkpt>
    <trkpt lat="38.708422" lon="-78.572225"><ele>751.8</ele></trkpt>
    <trkpt lat="38.708172" lon="-78.572120"><ele>757.0</ele></trkpt>
    <trkpt lat="38.707982" lon="-78.572232"><ele>758.4</ele></trkpt>
    <trkpt lat="38.707915" lon="-78.572205"><ele>760.4</ele></trkpt>
    <trkpt lat="38.707890" lon="-78.572040"><ele>765.8</ele></trkpt>
    <trkpt lat="38.707585" lon="-78.572155"><ele>767.0</ele></trkpt>
    <trkpt lat="38.706625" lon="-78.573507"><ele>759.0</ele></trkpt>
    <trkpt lat="38.706427" lon="-78.573552"><ele>754.8</ele></trkpt>
    <trkpt lat="38.705975" lon="-78.573932"><ele>757.6</ele></trkpt>
    <trkpt lat="38.705707" lon="-78.574050"><ele>759.6</ele></trkpt>
    <trkpt lat="38.705507" lon="-78.574320"><ele>761.8</ele></trkpt>
    <trkpt lat="38.704592" lon="-78.575012"><ele>755.4</ele></trkpt>
    <trkpt lat="38.703915" lon="-78.576130"><ele>749.2</ele></trkpt>
    <trkpt lat="38.703777" lon="-78.576135"><ele>749.4</ele></trkpt>
    <trkpt lat="38.703542" lon="-78.576485"><ele>745.2</ele></trkpt>
    <trkpt lat="38.703222" lon="-78.576522"><ele>749.8</ele></trkpt>
    <trkpt lat="38.703147" lon="-78.576622"><ele>752.0</ele></trkpt>
    <trkpt lat="38.703152" lon="-78.576787"><ele>749.0</ele></trkpt>
    <trkpt lat="38.702705" lon="-78.577497"><ele>751.8</ele></trkpt>
    <trkpt lat="38.702577" lon="-78.577587"><ele>754.4</ele></trkpt>
    <trkpt lat="38.702418" lon="-78.577522"><ele>762.0</ele></trkpt>
    <trkpt lat="38.702037" lon="-78.577797"><ele>764.4</ele></trkpt>
    <trkpt lat="38.701747" lon="-78.578172"><ele>759.0</ele></trkpt>
    <trkpt lat="38.701182" lon="-78.578412"><ele>756.6</ele></trkpt>
    <trkpt lat="38.701085" lon="-78.578617"><ele>749.8</ele></trkpt>
    <trkpt lat="38.700372" lon="-78.579142"><ele>749.4</ele></trkpt>
    <trkpt lat="38.700187" lon="-78.579442"><ele>743.6</ele></trkpt>
    <trkpt lat="38.699607" lon="-78.579542"><ele>745.4</ele></trkpt>
    <trkpt lat="38.699402" lon="-78.579720"><ele>742.0</ele></trkpt>
    <trkpt lat="38.699127" lon="-78.579672"><ele>741.0</ele></trkpt>
    <trkpt lat="38.699022" lon="-78.579822"><ele>741.8</ele></trkpt>
    <trkpt lat="38.698782" lon="-78.579925"><ele>741.8</ele></trkpt>
    <trkpt lat="38.698510" lon="-78.580265"><ele>743.4</ele></trkpt>
    <trkpt lat="38.697437" lon="-78.580950"><ele>734.6</ele></trkpt>
    <trkpt lat="38.697267" lon="-78.581202"><ele>733.2</ele></trkpt>
    <trkpt lat="38.696782" lon="-78.581557"><ele>732.0</ele></trkpt>
    <trkpt lat="38.696578" lon="-78.581823"><ele>733.8</ele></trkpt>
    <trkpt lat="38.695297" lon="-78.582505"><ele>733.2</ele></trkpt>
    <trkpt lat="38.694910" lon="-78.582832"><ele>734.0</ele></trkpt>
    <trkpt lat="38.694780" lon="-78.583192"><ele>732.8</ele></trkpt>
    <trkpt lat="38.694797" lon="-78.583402"><ele>730.6</ele></trkpt>
    <trkpt lat="38.694397" lon="-78.583790"><ele>730.0</ele></trkpt>
    <trkpt lat="38.693960" lon="-78.584160"><ele>729.6</ele></trkpt>
    <trkpt lat="38.693402" lon="-78.584280"><ele>737.4</ele></trkpt>
    <trkpt lat="38.693112" lon="-78.584657"><ele>734.0</ele></trkpt>
    <trkpt lat="38.692357" lon="-78.585262"><ele>735.0</ele></trkpt>
    <trkpt lat="38.692125" lon="-78.585555"><ele>735.0</ele></trkpt>
    <trkpt lat="38.691712" lon="-78.585867"><ele>736.4</ele></trkpt>
    <trkpt lat="38.691427" lon="-78.585932"><ele>736.0</ele></trkpt>
    <trkpt lat="38.690897" lon="-78.586452"><ele>740.8</ele></trkpt>
    <trkpt lat="38.690307" lon="-78.586867"><ele>740.0</ele></trkpt>
    <trkpt lat="38.689982" lon="-78.586992"><ele>743.4</ele></trkpt>
    <trkpt lat="38.689845" lon="-78.587230"><ele>741.8</ele></trkpt>
    <trkpt lat="38.689617" lon="-78.587322"><ele>741.4</ele></trkpt>
    <trkpt lat="38.689585" lon="-78.587477"><ele>738.6</ele></trkpt>
    <trkpt lat="38.689230" lon="-78.587660"><ele>741.2</ele></trkpt>
    <trkpt lat="38.688990" lon="-78.588025"><ele>745.8</ele></trkpt>
    <trkpt lat="38.688682" lon="-78.588197"><ele>748.8</ele></trkpt>
    <trkpt lat="38.688277" lon="-78.588702"><ele>752.2</ele></trkpt>
    <trkpt lat="38.688080" lon="-78.588727"><ele>757.2</ele></trkpt>
    <trkpt lat="38.687842" lon="-78.588937"><ele>760.0</ele></trkpt>
    <trkpt lat="38.687597" lon="-78.588942"><ele>762.0</ele></trkpt>
    <trkpt lat="38.687285" lon="-78.589177"><ele>764.6</ele></trkpt>
    <trkpt lat="38.687030" lon="-78.589157"><ele>769.4</ele></trkpt>
    <trkpt lat="38.686742" lon="-78.589310"><ele>769.6</ele></trkpt>
    <trkpt lat="38.686715" lon="-78.589202"><ele>766.2</ele></trkpt>
    <trkpt lat="38.686610" lon="-78.589202"><ele>764.2</ele></trkpt>
    <trkpt lat="38.686820" lon="-78.588985"><ele>756.2</ele></trkpt>
    <trkpt lat="38.686567" lon="-78.588967"><ele>754.2</ele></trkpt>
    <trkpt lat="38.686282" lon="-78.589262"><ele>758.4</ele></trkpt>
    <trkpt lat="38.685565" lon="-78.589717"><ele>756.0</ele></trkpt>
    <trkpt lat="38.685432" lon="-78.589677"><ele>754.2</ele></trkpt>
    <trkpt lat="38.684770" lon="-78.589892"><ele>746.4</ele></trkpt>
    <trkpt lat="38.684497" lon="-78.590182"><ele>749.2</ele></trkpt>
    <trkpt lat="38.684457" lon="-78.590397"><ele>753.0</ele></trkpt>
    <trkpt lat="38.684332" lon="-78.590570"><ele>758.8</ele></trkpt>
    <trkpt lat="38.683992" lon="-78.590667"><ele>757.2</ele></trkpt>
    <trkpt lat="38.683515" lon="-78.591122"><ele>759.8</ele></trkpt>
    <trkpt lat="38.682682" lon="-78.591367"><ele>751.4</ele></trkpt>
    <trkpt lat="38.682655" lon="-78.591532"><ele>755.0</ele></trkpt>
    <trkpt lat="38.682327" lon="-78.591652"><ele>753.4</ele></trkpt>
    <trkpt lat="38.682242" lon="-78.591860"><ele>757.0</ele></trkpt>
    <trkpt lat="38.681682" lon="-78.592072"><ele>754.4</ele></trkpt>
    <trkpt lat="38.681630" lon="-78.592272"><ele>757.8</ele></trkpt>
    <trkpt lat="38.681390" lon="-78.592357"><ele>757.2</ele></trkpt>
    <trkpt lat="38.680272" lon="-78.593232"><ele>758.8</ele></trkpt>
    <trkpt lat="38.680022" lon="-78.593222"><ele>761.4</ele></trkpt>
    <trkpt lat="38.679817" lon="-78.593442"><ele>761.8</ele></trkpt>
    <trkpt lat="38.679477" lon="-78.593617"><ele>760.6</ele></trkpt>
    <trkpt lat="38.679427" lon="-78.593737"><ele>756.6</ele></trkpt>
    <trkpt lat="38.679297" lon="-78.593772"><ele>756.6</ele></trkpt>
    <trkpt lat="38.679270" lon="-78.593662"><ele>758.0</ele></trkpt>
    <trkpt lat="38.679062" lon="-78.593642"><ele>754.6</ele></trkpt>
    <trkpt lat="38.678462" lon="-78.594100"><ele>754.6</ele></trkpt>
    <trkpt lat="38.678110" lon="-78.594182"><ele>754.6</ele></trkpt>
    <trkpt lat="38.677727" lon="-78.594572"><ele>756.0</ele></trkpt>
    <trkpt lat="38.677332" lon="-78.594582"><ele>749.6</ele></trkpt>
    <trkpt lat="38.676785" lon="-78.595027"><ele>750.4</ele></trkpt>
    <trkpt lat="38.676022" lon="-78.595477"><ele>750.6</ele></trkpt>
    <trkpt lat="38.675775" lon="-78.595810"><ele>752.6</ele></trkpt>
    <trkpt lat="38.675412" lon="-78.596112"><ele>752.8</ele></trkpt>
    <trkpt lat="38.675150" lon="-78.596172"><ele>755.8</ele></trkpt>
    <trkpt lat="38.674122" lon="-78.596952"><ele>756.8</ele></trkpt>
    <trkpt lat="38.674012" lon="-78.597000"><ele>758.4</ele></trkpt>
    <trkpt lat="38.673887" lon="-78.596927"><ele>758.0</ele></trkpt>
    <trkpt lat="38.673605" lon="-78.597237"><ele>760.0</ele></trkpt>
    <trkpt lat="38.673380" lon="-78.597142"><ele>756.6</ele></trkpt>
    <trkpt lat="38.672212" lon="-78.597752"><ele>756.0</ele></trkpt>
    <trkpt lat="38.672077" lon="-78.597737"><ele>755.2</ele></trkpt>
    <trkpt lat="38.671767" lon="-78.598130"><ele>757.2</ele></trkpt>
    <trkpt lat="38.670797" lon="-78.598750"><ele>756.2</ele></trkpt>
    <trkpt lat="38.670650" lon="-78.598685"><ele>754.2</ele></trkpt>
    <trkpt lat="38.670387" lon="-78.598812"><ele>756.0</ele></trkpt>
    <trkpt lat="38.670152" lon="-78.598760"><ele>754.4</ele></trkpt>
    <trkpt lat="38.669437" lon="-78.599252"><ele>756.4</ele></trkpt>
    <trkpt lat="38.669352" lon="-78.599387"><ele>756.4</ele></trkpt>
    <trkpt lat="38.669080" lon="-78.599420"><ele>755.0</ele></trkpt>
    <trkpt lat="38.668872" lon="-78.599770"><ele>755.0</ele></trkpt>
    <trkpt lat="38.668542" lon="-78.599802"><ele>755.6</ele></trkpt>
    <trkpt lat="38.667602" lon="-78.600387"><ele>758.8</ele></trkpt>
    <trkpt lat="38.667407" lon="-78.600322"><ele>757.6</ele></trkpt>
    <trkpt lat="38.666935" lon="-78.600452"><ele>753.6</ele></trkpt>
    <trkpt lat="38.666235" lon="-78.600795"><ele>752.0</ele></trkpt>
    <trkpt lat="38.665622" lon="-78.601257"><ele>755.4</ele></trkpt>
    <trkpt lat="38.665325" lon="-78.601312"><ele>754.4</ele></trkpt>
    <trkpt lat="38.664377" lon="-78.601740"><ele>752.4</ele></trkpt>
    <trkpt lat="38.664110" lon="-78.602002"><ele>752.6</ele></trkpt>
    <trkpt lat="38.663897" lon="-78.601970"><ele>751.8</ele></trkpt>
    <trkpt lat="38.663657" lon="-78.602137"><ele>750.0</ele></trkpt>
    <trkpt lat="38.663182" lon="-78.602157"><ele>749.4</ele></trkpt>
    <trkpt lat="38.662922" lon="-78.602307"><ele>748.0</ele></trkpt>
    <trkpt lat="38.662790" lon="-78.602257"><ele>748.4</ele></trkpt>
    <trkpt lat="38.662830" lon="-78.602117"><ele>747.6</ele></trkpt>
    <trkpt lat="38.663477" lon="-78.601407"><ele>742.0</ele></trkpt>
    <trkpt lat="38.663707" lon="-78.600715"><ele>733.4</ele></trkpt>
    <trkpt lat="38.663635" lon="-78.600530"><ele>729.8</ele></trkpt>
    <trkpt lat="38.663622" lon="-78.599945"><ele>722.2</ele></trkpt>
    <trkpt lat="38.663360" lon="-78.599517"><ele>717.6</ele></trkpt>
    <trkpt lat="38.662942" lon="-78.599337"><ele>713.6</ele></trkpt>
    <trkpt lat="38.662722" lon="-78.599012"><ele>710.6</ele></trkpt>
    <trkpt lat="38.662772" lon="-78.598727"><ele>709.6</ele></trkpt>
    <trkpt lat="38.662717" lon="-78.598502"><ele>709.4</ele></trkpt>
    <trkpt lat="38.662602" lon="-78.598477"><ele>709.4</ele></trkpt>
    <trkpt lat="38.662120" lon="-78.598685"><ele>706.2</ele></trkpt>
    <trkpt lat="38.659830" lon="-78.601105"><ele>701.2</ele></trkpt>
    <trkpt lat="38.659587" lon="-78.601270"><ele>701.2</ele></trkpt>
    <trkpt lat="38.658347" lon="-78.601617"><ele>697.6</ele></trkpt>
    <trkpt lat="38.656912" lon="-78.602317"><ele>698.4</ele></trkpt>
    <trkpt lat="38.655377" lon="-78.602817"><ele>692.0</ele></trkpt>
    <trkpt lat="38.653257" lon="-78.603257"><ele>678.8</ele></trkpt>
    <trkpt lat="38.652477" lon="-78.603522"><ele>673.8</ele></trkpt>
    <trkpt lat="38.651537" lon="-78.604427"><ele>665.4</ele></trkpt>
    <trkpt lat="38.650280" lon="-78.606045"><ele>652.2</ele></trkpt>
    <trkpt lat="38.649092" lon="-78.606392"><ele>645.0</ele></trkpt>
    <trkpt lat="38.648377" lon="-78.606812"><ele>638.0</ele></trkpt>
    <trkpt lat="38.646857" lon="-78.608857"><ele>622.2</ele></trkpt>
    <trkpt lat="38.644977" lon="-78.611175"><ele>605.2</ele></trkpt>
    <trkpt lat="38.644922" lon="-78.611672"><ele>600.8</ele></trkpt>
    <trkpt lat="38.645015" lon="-78.612057"><ele>597.6</ele></trkpt>
    <trkpt lat="38.645157" lon="-78.612320"><ele>595.6</ele></trkpt>
    <trkpt lat="38.645572" lon="-78.612675"><ele>590.8</ele></trkpt>
    <trkpt lat="38.646487" lon="-78.613052"><ele>583.6</ele></trkpt>
    <trkpt lat="38.647082" lon="-78.613030"><ele>578.8</ele></trkpt>
    <trkpt lat="38.647967" lon="-78.613460"><ele>573.8</ele></trkpt>
    <trkpt lat="38.648752" lon="-78.613495"><ele>571.0</ele></trkpt>
    <trkpt lat="38.648840" lon="-78.613647"><ele>570.6</ele></trkpt>
    <trkpt lat="38.648745" lon="-78.613797"><ele>569.4</ele></trkpt>
    <trkpt lat="38.647145" lon="-78.613482"><ele>561.8</ele></trkpt>
    <trkpt lat="38.646812" lon="-78.613592"><ele>559.0</ele></trkpt>
    <trkpt lat="38.646287" lon="-78.613942"><ele>555.0</ele></trkpt>
    <trkpt lat="38.645992" lon="-78.613955"><ele>552.8</ele></trkpt>
    <trkpt lat="38.644857" lon="-78.613665"><ele>549.6</ele></trkpt>
    <trkpt lat="38.643502" lon="-78.612982"><ele>551.4</ele></trkpt>
    <trkpt lat="38.643070" lon="-78.612950"><ele>549.4</ele></trkpt>
    <trkpt lat="38.643005" lon="-78.612440"><ele>553.0</ele></trkpt>
    <trkpt lat="38.642645" lon="-78.611410"><ele>551.2</ele></trkpt>
    <trkpt lat="38.642572" lon="-78.611280"><ele>551.2</ele></trkpt>
    <trkpt lat="38.642347" lon="-78.611260"><ele>550.6</ele></trkpt>
    <trkpt lat="38.642335" lon="-78.611050"><ele>547.4</ele></trkpt>
    <trkpt lat="38.642207" lon="-78.610810"><ele>545.2</ele></trkpt>
    <trkpt lat="38.641795" lon="-78.610270"><ele>540.2</ele></trkpt>
    <trkpt lat="38.640687" lon="-78.610022"><ele>532.8</ele></trkpt>
    <trkpt lat="38.640072" lon="-78.609762"><ele>526.0</ele></trkpt>
    <trkpt lat="38.639522" lon="-78.610387"><ele>522.4</ele></trkpt>
    <trkpt lat="38.639257" lon="-78.610817"><ele>518.6</ele></trkpt>
    <trkpt lat="38.639310" lon="-78.611177"><ele>521.4</ele></trkpt>
    <trkpt lat="38.638842" lon="-78.611697"><ele>533.8</ele></trkpt>
    <trkpt lat="38.638622" lon="-78.612092"><ele>542.6</ele></trkpt>
    <trkpt lat="38.638532" lon="-78.612427"><ele>550.0</ele></trkpt>
    <trkpt lat="38.638295" lon="-78.612745"><ele>556.2</ele></trkpt>
    <trkpt lat="38.637992" lon="-78.612827"><ele>560.6</ele></trkpt>
    <trkpt lat="38.637827" lon="-78.613070"><ele>569.6</ele></trkpt>
    <trkpt lat="38.637647" lon="-78.613137"><ele>574.4</ele></trkpt>
    <trkpt lat="38.637890" lon="-78.613540"><ele>584.2</ele></trkpt>
    <trkpt lat="38.638042" lon="-78.613622"><ele>586.6</ele></trkpt>
    <trkpt lat="38.638902" lon="-78.613657"><ele>598.0</ele></trkpt>
    <trkpt lat="38.639460" lon="-78.613950"><ele>609.8</ele></trkpt>
    <trkpt lat="38.639997" lon="-78.614042"><ele>615.0</ele></trkpt>
    <trkpt lat="38.640237" lon="-78.614707"><ele>617.2</ele></trkpt>
    <trkpt lat="38.640057" lon="-78.614972"><ele>618.6</ele></trkpt>
    <trkpt lat="38.639947" lon="-78.615635"><ele>618.8</ele></trkpt>
    <trkpt lat="38.639702" lon="-78.615912"><ele>627.4</ele></trkpt>
    <trkpt lat="38.639150" lon="-78.616102"><ele>645.0</ele></trkpt>
    <trkpt lat="38.638872" lon="-78.616302"><ele>648.4</ele></trkpt>
    <trkpt lat="38.638702" lon="-78.616242"><ele>658.8</ele></trkpt>
    <trkpt lat="38.638657" lon="-78.615942"><ele>667.0</ele></trkpt>
    <trkpt lat="38.638447" lon="-78.615792"><ele>675.6</ele></trkpt>
    <trkpt lat="38.638265" lon="-78.615785"><ele>677.4</ele></trkpt>
    <trkpt lat="38.638010" lon="-78.616065"><ele>683.8</ele></trkpt>
    <trkpt lat="38.637392" lon="-78.616270"><ele>698.2</ele></trkpt>
    <trkpt lat="38.636820" lon="-78.616667"><ele>712.4</ele></trkpt>
    <trkpt lat="38.636655" lon="-78.616657"><ele>716.6</ele></trkpt>
    <trkpt lat="38.636627" lon="-78.616867"><ele>721.2</ele></trkpt>
    <trkpt lat="38.636512" lon="-78.616955"><ele>724.8</ele></trkpt>
    <trkpt lat="38.635955" lon="-78.617002"><ele>737.6</ele></trkpt>
    <trkpt lat="38.635917" lon="-78.617232"><ele>743.0</ele></trkpt>
    <trkpt lat="38.635597" lon="-78.617390"><ele>747.2</ele></trkpt>
    <trkpt lat="38.634667" lon="-78.617435"><ele>760.6</ele></trkpt>
    <trkpt lat="38.634192" lon="-78.617642"><ele>773.0</ele></trkpt>
    <trkpt lat="38.633817" lon="-78.617502"><ele>786.8</ele></trkpt>
    <trkpt lat="38.633532" lon="-78.617967"><ele>795.8</ele></trkpt>
    <trkpt lat="38.633062" lon="-78.618192"><ele>797.0</ele></trkpt>
    <trkpt lat="38.632870" lon="-78.618080"><ele>797.4</ele></trkpt>
    <trkpt lat="38.632367" lon="-78.618225"><ele>800.6</ele></trkpt>
    <trkpt lat="38.631727" lon="-78.618632"><ele>806.2</ele></trkpt>
    <trkpt lat="38.631442" lon="-78.618947"><ele>810.4</ele></trkpt>
    <trkpt lat="38.630357" lon="-78.619415"><ele>817.8</ele></trkpt>
    <trkpt lat="38.629920" lon="-78.619965"><ele>819.2</ele></trkpt>
    <trkpt lat="38.629470" lon="-78.620042"><ele>821.4</ele></trkpt>
    <trkpt lat="38.629072" lon="-78.620242"><ele>824.4</ele></trkpt>
    <trkpt lat="38.628680" lon="-78.620517"><ele>825.0</ele></trkpt>
    <trkpt lat="38.628292" lon="-78.621142"><ele>827.2</ele></trkpt>
    <trkpt lat="38.628122" lon="-78.621252"><ele>827.0</ele></trkpt>
    <trkpt lat="38.626900" lon="-78.621357"><ele>828.0</ele></trkpt>
    <trkpt lat="38.626510" lon="-78.621487"><ele>829.0</ele></trkpt>
    <trkpt lat="38.625757" lon="-78.622272"><ele>832.4</ele></trkpt>
    <trkpt lat="38.625457" lon="-78.622945"><ele>836.4</ele></trkpt>
    <trkpt lat="38.625332" lon="-78.622877"><ele>836.8</ele></trkpt>
    <trkpt lat="38.625010" lon="-78.622937"><ele>836.4</ele></trkpt>
    <trkpt lat="38.624612" lon="-78.623190"><ele>838.0</ele></trkpt>
    <trkpt lat="38.624407" lon="-78.623197"><ele>838.2</ele></trkpt>
    <trkpt lat="38.624175" lon="-78.623397"><ele>838.8</ele></trkpt>
    <trkpt lat="38.623890" lon="-78.623497"><ele>840.6</ele></trkpt>
    <trkpt lat="38.623842" lon="-78.623637"><ele>840.8</ele></trkpt>
    <trkpt lat="38.623525" lon="-78.623892"><ele>843.4</ele></trkpt>
    <trkpt lat="38.623232" lon="-78.623732"><ele>844.8</ele></trkpt>
    <trkpt lat="38.622857" lon="-78.624032"><ele>846.4</ele></trkpt>
    <trkpt lat="38.622282" lon="-78.624232"><ele>847.4</ele></trkpt>
    <trkpt lat="38.621915" lon="-78.624510"><ele>848.6</ele></trkpt>
    <trkpt lat="38.621220" lon="-78.624787"><ele>850.8</ele></trkpt>
    <trkpt lat="38.620912" lon="-78.625077"><ele>852.4</ele></trkpt>
    <trkpt lat="38.619552" lon="-78.625757"><ele>857.2</ele></trkpt>
    <trkpt lat="38.619132" lon="-78.626192"><ele>859.6</ele></trkpt>
    <trkpt lat="38.618200" lon="-78.626475"><ele>863.0</ele></trkpt>
    <trkpt lat="38.616585" lon="-78.627392"><ele>863.6</ele></trkpt>
    <trkpt lat="38.616217" lon="-78.627452"><ele>862.6</ele></trkpt>
    <trkpt lat="38.615780" lon="-78.627137"><ele>860.6</ele></trkpt>
    <trkpt lat="38.615282" lon="-78.627232"><ele>858.8</ele></trkpt>
    <trkpt lat="38.614580" lon="-78.627127"><ele>855.6</ele></trkpt>
    <trkpt lat="38.613727" lon="-78.627957"><ele>852.2</ele></trkpt>
    <trkpt lat="38.613287" lon="-78.628085"><ele>851.6</ele></trkpt>
    <trkpt lat="38.613017" lon="-78.628265"><ele>851.4</ele></trkpt>
    <trkpt lat="38.612662" lon="-78.629372"><ele>845.2</ele></trkpt>
    <trkpt lat="38.612435" lon="-78.629570"><ele>843.4</ele></trkpt>
    <trkpt lat="38.607942" lon="-78.631985"><ele>832.6</ele></trkpt>
    <trkpt lat="38.606323" lon="-78.633902"><ele>811.8</ele></trkpt>
    <trkpt lat="38.605522" lon="-78.635025"><ele>798.0</ele></trkpt>
    <trkpt lat="38.603437" lon="-78.637307"><ele>767.4</ele></trkpt>
    <trkpt lat="38.602467" lon="-78.638127"><ele>755.2</ele></trkpt>
    <trkpt lat="38.601225" lon="-78.639480"><ele>737.4</ele></trkpt>
    <trkpt lat="38.600297" lon="-78.639967"><ele>727.4</ele></trkpt>
    <trkpt lat="38.600085" lon="-78.640247"><ele>725.8</ele></trkpt>
    <trkpt lat="38.599583" lon="-78.640555"><ele>726.2</ele></trkpt>
    <trkpt lat="38.598680" lon="-78.640847"><ele>726.4</ele></trkpt>
    <trkpt lat="38.597992" lon="-78.641280"><ele>732.8</ele></trkpt>
    <trkpt lat="38.598012" lon="-78.641105"><ele>735.4</ele></trkpt>
    <trkpt lat="38.597767" lon="-78.641027"><ele>739.8</ele></trkpt>
    <trkpt lat="38.597137" lon="-78.640400"><ele>756.6</ele></trkpt>
    <trkpt lat="38.596087" lon="-78.639625"><ele>782.8</ele></trkpt>
    <trkpt lat="38.595505" lon="-78.639540"><ele>797.2</ele></trkpt>
    <trkpt lat="38.595488" lon="-78.639242"><ele>802.2</ele></trkpt>
    <trkpt lat="38.595685" lon="-78.638807"><ele>811.2</ele></trkpt>
    <trkpt lat="38.595272" lon="-78.638410"><ele>822.4</ele></trkpt>
    <trkpt lat="38.595367" lon="-78.638122"><ele>829.2</ele></trkpt>
    <trkpt lat="38.594307" lon="-78.637817"><ele>850.8</ele></trkpt>
    <trkpt lat="38.594267" lon="-78.637752"><ele>852.0</ele></trkpt>
    <trkpt lat="38.594422" lon="-78.637152"><ele>860.8</ele></trkpt>
    <trkpt lat="38.594342" lon="-78.637047"><ele>860.8</ele></trkpt>
    <trkpt lat="38.593787" lon="-78.637055"><ele>847.8</ele></trkpt>
    <trkpt lat="38.592997" lon="-78.637335"><ele>829.0</ele></trkpt>
    <trkpt lat="38.593292" lon="-78.636927"><ele>821.0</ele></trkpt>
    <trkpt lat="38.593007" lon="-78.637100"><ele>817.6</ele></trkpt>
    <trkpt lat="38.592305" lon="-78.637137"><ele>799.4</ele></trkpt>
    <trkpt lat="38.592120" lon="-78.637122"><ele>796.0</ele></trkpt>
    <trkpt lat="38.592227" lon="-78.636872"><ele>790.8</ele></trkpt>
    <trkpt lat="38.591892" lon="-78.636830"><ele>783.4</ele></trkpt>
    <trkpt lat="38.590642" lon="-78.637377"><ele>763.8</ele></trkpt>
    <trkpt lat="38.590147" lon="-78.637455"><ele>753.2</ele></trkpt>
    <trkpt lat="38.590792" lon="-78.636527"><ele>745.2</ele></trkpt>
    <trkpt lat="38.590862" lon="-78.636282"><ele>743.0</ele></trkpt>
    <trkpt lat="38.590367" lon="-78.635340"><ele>726.8</ele></trkpt>
    <trkpt lat="38.589945" lon="-78.635227"><ele>721.0</ele></trkpt>
    <trkpt lat="38.590210" lon="-78.634462"><ele>715.8</ele></trkpt>
    <trkpt lat="38.590492" lon="-78.634222"><ele>711.0</ele></trkpt>
    <trkpt lat="38.590952" lon="-78.634000"><ele>705.0</ele></trkpt>
    <trkpt lat="38.591600" lon="-78.633827"><ele>703.6</ele></trkpt>
    <trkpt lat="38.591925" lon="-78.633530"><ele>700.4</ele></trkpt>
    <trkpt lat="38.592487" lon="-78.633252"><ele>693.8</ele></trkpt>
    <trkpt lat="38.592592" lon="-78.633100"><ele>694.4</ele></trkpt>
    <trkpt lat="38.592642" lon="-78.632810"><ele>695.8</ele></trkpt>
    <trkpt lat="38.593052" lon="-78.632555"><ele>705.8</ele></trkpt>
    <trkpt lat="38.593772" lon="-78.631685"><ele>723.4</ele></trkpt>
    <trkpt lat="38.595552" lon="-78.630327"><ele>747.4</ele></trkpt>
    <trkpt lat="38.596867" lon="-78.629460"><ele>767.2</ele></trkpt>
    <trkpt lat="38.598437" lon="-78.628567"><ele>773.8</ele></trkpt>
    <trkpt lat="38.599067" lon="-78.628112"><ele>769.6</ele></trkpt>
    <trkpt lat="38.599295" lon="-78.627832"><ele>768.2</ele></trkpt>
    <trkpt lat="38.599505" lon="-78.627727"><ele>765.2</ele></trkpt>
    <trkpt lat="38.599583" lon="-78.627567"><ele>762.8</ele></trkpt>
    <trkpt lat="38.599772" lon="-78.627567"><ele>759.4</ele></trkpt>
    <trkpt lat="38.600437" lon="-78.627117"><ele>746.2</ele></trkpt>
    <trkpt lat="38.600672" lon="-78.627102"><ele>741.8</ele></trkpt>
    <trkpt lat="38.600920" lon="-78.626852"><ele>736.2</ele></trkpt>
    <trkpt lat="38.601342" lon="-78.626670"><ele>728.2</ele></trkpt>
    <trkpt lat="38.601512" lon="-78.626422"><ele>725.8</ele></trkpt>
    <trkpt lat="38.602507" lon="-78.625645"><ele>705.8</ele></trkpt>
    <trkpt lat="38.603375" lon="-78.624752"><ele>690.8</ele></trkpt>
    <trkpt lat="38.603412" lon="-78.624452"><ele>688.4</ele></trkpt>
    <trkpt lat="38.603627" lon="-78.624002"><ele>681.8</ele></trkpt>
    <trkpt lat="38.603567" lon="-78.623752"><ele>680.0</ele></trkpt>
    <trkpt lat="38.603582" lon="-78.623525"><ele>678.4</ele></trkpt>
    <trkpt lat="38.603662" lon="-78.623432"><ele>679.0</ele></trkpt>
    <trkpt lat="38.604090" lon="-78.623537"><ele>670.2</ele></trkpt>
    <trkpt lat="38.604312" lon="-78.623322"><ele>667.0</ele></trkpt>
    <trkpt lat="38.604872" lon="-78.623202"><ele>655.4</ele></trkpt>
    <trkpt lat="38.605557" lon="-78.622650"><ele>645.6</ele></trkpt>
    <trkpt lat="38.606142" lon="-78.621957"><ele>642.6</ele></trkpt>
    <trkpt lat="38.607082" lon="-78.621282"><ele>624.8</ele></trkpt>
    <trkpt lat="38.608157" lon="-78.621287"><ele>603.4</ele></trkpt>
    <trkpt lat="38.608895" lon="-78.620927"><ele>591.0</ele></trkpt>
    <trkpt lat="38.609440" lon="-78.620402"><ele>579.4</ele></trkpt>
    <trkpt lat="38.609515" lon="-78.620187"><ele>578.0</ele></trkpt>
    <trkpt lat="38.609672" lon="-78.620027"><ele>578.0</ele></trkpt>
    <trkpt lat="38.610137" lon="-78.620060"><ele>571.6</ele></trkpt>
    <trkpt lat="38.610702" lon="-78.619837"><ele>560.8</ele></trkpt>
    <trkpt lat="38.611275" lon="-78.619452"><ele>560.0</ele></trkpt>
    <trkpt lat="38.611650" lon="-78.618952"><ele>554.8</ele></trkpt>
    <trkpt lat="38.612757" lon="-78.618247"><ele>544.6</ele></trkpt>
    <trkpt lat="38.613832" lon="-78.618070"><ele>540.6</ele></trkpt>
    <trkpt lat="38.614230" lon="-78.617877"><ele>535.6</ele></trkpt>
    <trkpt lat="38.614415" lon="-78.617677"><ele>531.0</ele></trkpt>
    <trkpt lat="38.614972" lon="-78.617480"><ele>520.0</ele></trkpt>
    <trkpt lat="38.615390" lon="-78.617192"><ele>519.8</ele></trkpt>
    <trkpt lat="38.615727" lon="-78.617187"><ele>516.4</ele></trkpt>
    <trkpt lat="38.616657" lon="-78.616845"><ele>504.2</ele></trkpt>
    <trkpt lat="38.616872" lon="-78.616507"><ele>507.2</ele></trkpt>
    <trkpt lat="38.616902" lon="-78.616242"><ele>507.0</ele></trkpt>
    <trkpt lat="38.617215" lon="-78.615627"><ele>502.0</ele></trkpt>
    <trkpt lat="38.617970" lon="-78.615392"><ele>488.0</ele></trkpt>
    <trkpt lat="38.618617" lon="-78.614880"><ele>481.2</ele></trkpt>
    <trkpt lat="38.618912" lon="-78.614535"><ele>481.6</ele></trkpt>
    <trkpt lat="38.619352" lon="-78.614337"><ele>481.2</ele></trkpt>
    <trkpt lat="38.619642" lon="-78.614092"><ele>477.6</ele></trkpt>
    <trkpt lat="38.620082" lon="-78.613572"><ele>472.4</ele></trkpt>
    <trkpt lat="38.620222" lon="-78.613010"><ele>472.8</ele></trkpt>
    <trkpt lat="38.620982" lon="-78.612560"><ele>466.2</ele></trkpt>
    <trkpt lat="38.621602" lon="-78.611932"><ele>455.2</ele></trkpt>
    <trkpt lat="38.621855" lon="-78.611552"><ele>453.0</ele></trkpt>
    <trkpt lat="38.622027" lon="-78.611037"><ele>450.4</ele></trkpt>
    <trkpt lat="38.622630" lon="-78.610552"><ele>444.8</ele></trkpt>
    <trkpt lat="38.623237" lon="-78.610267"><ele>438.0</ele></trkpt>
    <trkpt lat="38.623787" lon="-78.609682"><ele>432.4</ele></trkpt>
    <trkpt lat="38.623995" lon="-78.609210"><ele>429.2</ele></trkpt>
    <trkpt lat="38.624177" lon="-78.608475"><ele>424.6</ele></trkpt>
    <trkpt lat="38.624445" lon="-78.607890"><ele>423.4</ele></trkpt>
    <trkpt lat="38.625647" lon="-78.607052"><ele>402.2</ele></trkpt>
    <trkpt lat="38.626735" lon="-78.605552"><ele>410.8</ele></trkpt>
    <trkpt lat="38.626967" lon="-78.605025"><ele>416.4</ele></trkpt>
    <trkpt lat="38.627317" lon="-78.604902"><ele>419.4</ele></trkpt>
    <trkpt lat="38.627107" lon="-78.604372"><ele>419.0</ele></trkpt>
    <trkpt lat="38.627155" lon="-78.603567"><ele>422.8</ele></trkpt>
    <trkpt lat="38.627515" lon="-78.602682"><ele>427.0</ele></trkpt>
    <trkpt lat="38.628107" lon="-78.602242"><ele>431.6</ele></trkpt>
    <trkpt lat="38.628522" lon="-78.602077"><ele>434.6</ele></trkpt>
    <trkpt lat="38.628697" lon="-78.602122"><ele>436.4</ele></trkpt>
    <trkpt lat="38.628977" lon="-78.602330"><ele>438.0</ele></trkpt>
    <trkpt lat="38.629460" lon="-78.602465"><ele>440.6</ele></trkpt>
    <trkpt lat="38.630075" lon="-78.602937"><ele>445.4</ele></trkpt>
    <trkpt lat="38.630390" lon="-78.603287"><ele>448.8</ele></trkpt>
    <trkpt lat="38.630465" lon="-78.603477"><ele>449.4</ele></trkpt>
    <trkpt lat="38.630252" lon="-78.604527"><ele>452.2</ele></trkpt>
    <trkpt lat="38.630292" lon="-78.604837"><ele>452.0</ele></trkpt>
    <trkpt lat="38.630510" lon="-78.605142"><ele>449.6</ele></trkpt>
    <trkpt lat="38.630860" lon="-78.605490"><ele>447.6</ele></trkpt>
    <trkpt lat="38.631362" lon="-78.605780"><ele>445.0</ele></trkpt>
    <trkpt lat="38.631692" lon="-78.606327"><ele>441.8</ele></trkpt>
    <trkpt lat="38.632230" lon="-78.606870"><ele>443.4</ele></trkpt>
    <trkpt lat="38.632455" lon="-78.606962"><ele>445.6</ele></trkpt>
    <trkpt lat="38.633242" lon="-78.606822"><ele>453.6</ele></trkpt>
    <trkpt lat="38.633405" lon="-78.606867"><ele>455.6</ele></trkpt>
    <trkpt lat="38.633787" lon="-78.607432"><ele>461.0</ele></trkpt>
    <trkpt lat="38.634170" lon="-78.608575"><ele>468.2</ele></trkpt>
    <trkpt lat="38.634730" lon="-78.608432"><ele>469.6</ele></trkpt>
    <trkpt lat="38.635322" lon="-78.608728"><ele>474.0</ele></trkpt>
    <trkpt lat="38.635697" lon="-78.609235"><ele>477.8</ele></trkpt>
    <trkpt lat="38.635852" lon="-78.609307"><ele>479.2</ele></trkpt>
    <trkpt lat="38.636047" lon="-78.609282"><ele>480.0</ele></trkpt>
    <trkpt lat="38.636447" lon="-78.608947"><ele>481.4</ele></trkpt>
    <trkpt lat="38.636967" lon="-78.609155"><ele>486.4</ele></trkpt>
    <trkpt lat="38.637502" lon="-78.609012"><ele>482.6</ele></trkpt>
    <trkpt lat="38.637575" lon="-78.608840"><ele>480.4</ele></trkpt>
    <trkpt lat="38.637507" lon="-78.608732"><ele>478.8</ele></trkpt>
    <trkpt lat="38.637537" lon="-78.608797"><ele>478.8</ele></trkpt>
    <trkpt lat="38.637400" lon="-78.608692"><ele>479.0</ele></trkpt>
    <trkpt lat="38.637210" lon="-78.608710"><ele>480.4</ele></trkpt>
    <trkpt lat="38.636820" lon="-78.608502"><ele>478.2</ele></trkpt>
    <trkpt lat="38.635620" lon="-78.608595"><ele>469.0</ele></trkpt>
    <trkpt lat="38.635508" lon="-78.608677"><ele>471.6</ele></trkpt>
    <trkpt lat="38.635232" lon="-78.608217"><ele>467.4</ele></trkpt>
    <trkpt lat="38.635550" lon="-78.607935"><ele>462.8</ele></trkpt>
    <trkpt lat="38.635680" lon="-78.607667"><ele>457.6</ele></trkpt>
    <trkpt lat="38.636055" lon="-78.607452"><ele>454.8</ele></trkpt>
    <trkpt lat="38.636422" lon="-78.606857"><ele>448.8</ele></trkpt>
    <trkpt lat="38.636530" lon="-78.606212"><ele>440.6</ele></trkpt>
    <trkpt lat="38.636832" lon="-78.605660"><ele>437.0</ele></trkpt>
    <trkpt lat="38.636822" lon="-78.605230"><ele>432.6</ele></trkpt>
    <trkpt lat="38.636997" lon="-78.604982"><ele>431.2</ele></trkpt>
    <trkpt lat="38.636977" lon="-78.604692"><ele>428.6</ele></trkpt>
    <trkpt lat="38.637072" lon="-78.604262"><ele>424.6</ele></trkpt>
    <trkpt lat="38.637070" lon="-78.603385"><ele>414.8</ele></trkpt>
    <trkpt lat="38.636927" lon="-78.602777"><ele>408.2</ele></trkpt>
    <trkpt lat="38.636912" lon="-78.602122"><ele>403.2</ele></trkpt>
    <trkpt lat="38.636717" lon="-78.601682"><ele>398.2</ele></trkpt>
    <trkpt lat="38.636647" lon="-78.601157"><ele>393.2</ele></trkpt>
    <trkpt lat="38.636580" lon="-78.600472"><ele>388.4</ele></trkpt>
    <trkpt lat="38.636625" lon="-78.599920"><ele>384.2</ele></trkpt>
    <trkpt lat="38.636547" lon="-78.599407"><ele>379.6</ele></trkpt>
    <trkpt lat="38.636397" lon="-78.599195"><ele>376.6</ele></trkpt>
    <trkpt lat="38.636322" lon="-78.598722"><ele>372.2</ele></trkpt>
    <trkpt lat="38.636422" lon="-78.598392"><ele>370.4</ele></trkpt>
    <trkpt lat="38.636642" lon="-78.598077"><ele>370.0</ele></trkpt>
    <trkpt lat="38.636752" lon="-78.597602"><ele>366.2</ele></trkpt>
    <trkpt lat="38.636257" lon="-78.596907"><ele>358.2</ele></trkpt>
    <trkpt lat="38.636162" lon="-78.596557"><ele>355.0</ele></trkpt>
    <trkpt lat="38.636197" lon="-78.596162"><ele>352.2</ele></trkpt>
    <trkpt lat="38.636010" lon="-78.595922"><ele>349.6</ele></trkpt>
    <trkpt lat="38.635817" lon="-78.594832"><ele>344.2</ele></trkpt>
    <trkpt lat="38.635492" lon="-78.594487"><ele>342.0</ele></trkpt>
    <trkpt lat="38.635367" lon="-78.594200"><ele>339.6</ele></trkpt>
    <trkpt lat="38.635342" lon="-78.593890"><ele>338.6</ele></trkpt>
    <trkpt lat="38.635920" lon="-78.593807"><ele>340.6</ele></trkpt>
    <trkpt lat="38.636170" lon="-78.593890"><ele>339.8</ele></trkpt>
    <trkpt lat="38.636312" lon="-78.594070"><ele>337.8</ele></trkpt>
    <trkpt lat="38.636697" lon="-78.594145"><ele>329.6</ele></trkpt>
    <trkpt lat="38.636962" lon="-78.594077"><ele>328.2</ele></trkpt>
    <trkpt lat="38.637062" lon="-78.593960"><ele>327.6</ele></trkpt>
    <trkpt lat="38.637210" lon="-78.593992"><ele>328.2</ele></trkpt>
    <trkpt lat="38.637382" lon="-78.594167"><ele>330.0</ele></trkpt>
    <trkpt lat="38.637610" lon="-78.594182"><ele>331.0</ele></trkpt>
    <trkpt lat="38.637935" lon="-78.594757"><ele>334.4</ele></trkpt>
    <trkpt lat="38.638537" lon="-78.594502"><ele>336.8</ele></trkpt>
    <trkpt lat="38.639167" lon="-78.594697"><ele>339.6</ele></trkpt>
    <trkpt lat="38.639452" lon="-78.594552"><ele>340.2</ele></trkpt>
    <trkpt lat="38.639800" lon="-78.593845"><ele>339.4</ele></trkpt>
    <trkpt lat="38.639752" lon="-78.593672"><ele>338.8</ele></trkpt>
    <trkpt lat="38.639852" lon="-78.592932"><ele>334.6</ele></trkpt>
    <trkpt lat="38.639762" lon="-78.592547"><ele>331.6</ele></trkpt>
    <trkpt lat="38.639817" lon="-78.592327"><ele>329.4</ele></trkpt>
    <trkpt lat="38.640170" lon="-78.591880"><ele>326.8</ele></trkpt>
    <trkpt lat="38.640322" lon="-78.591357"><ele>323.8</ele></trkpt>
    <trkpt lat="38.640757" lon="-78.591190"><ele>324.0</ele></trkpt>
    <trkpt lat="38.640970" lon="-78.591307"><ele>323.6</ele></trkpt>
    <trkpt lat="38.641027" lon="-78.590812"><ele>328.2</ele></trkpt>
    <trkpt lat="38.641257" lon="-78.590427"><ele>334.8</ele></trkpt>
    <trkpt lat="38.641322" lon="-78.589827"><ele>338.2</ele></trkpt>
    <trkpt lat="38.641567" lon="-78.589537"><ele>339.8</ele></trkpt>
    <trkpt lat="38.641617" lon="-78.589097"><ele>343.8</ele></trkpt>
    <trkpt lat="38.641817" lon="-78.588712"><ele>347.2</ele></trkpt>
    <trkpt lat="38.642145" lon="-78.588440"><ele>351.8</ele></trkpt>
    <trkpt lat="38.642760" lon="-78.588397"><ele>355.8</ele></trkpt>
    <trkpt lat="38.643140" lon="-78.588605"><ele>354.4</ele></trkpt>
    <trkpt lat="38.643482" lon="-78.589107"><ele>351.8</ele></trkpt>
    <trkpt lat="38.643947" lon="-78.589035"><ele>348.4</ele></trkpt>
    <trkpt lat="38.644540" lon="-78.589292"><ele>343.4</ele></trkpt>
    <trkpt lat="38.644765" lon="-78.589277"><ele>343.2</ele></trkpt>
    <trkpt lat="38.645122" lon="-78.588807"><ele>347.2</ele></trkpt>
    <trkpt lat="38.645570" lon="-78.588437"><ele>351.8</ele></trkpt>
    <trkpt lat="38.645950" lon="-78.587687"><ele>354.6</ele></trkpt>
    <trkpt lat="38.646355" lon="-78.587342"><ele>357.0</ele></trkpt>
    <trkpt lat="38.646600" lon="-78.585940"><ele>364.4</ele></trkpt>
    <trkpt lat="38.646710" lon="-78.585727"><ele>364.8</ele></trkpt>
    <trkpt lat="38.646897" lon="-78.585700"><ele>366.2</ele></trkpt>
    <trkpt lat="38.647117" lon="-78.585797"><ele>369.0</ele></trkpt>
    <trkpt lat="38.647667" lon="-78.586190"><ele>367.4</ele></trkpt>
    <trkpt lat="38.647852" lon="-78.586135"><ele>366.6</ele></trkpt>
    <trkpt lat="38.648565" lon="-78.585535"><ele>372.0</ele></trkpt>
    <trkpt lat="38.648847" lon="-78.585590"><ele>374.4</ele></trkpt>
    <trkpt lat="38.649482" lon="-78.585917"><ele>380.0</ele></trkpt>
    <trkpt lat="38.650402" lon="-78.585837"><ele>386.8</ele></trkpt>
    <trkpt lat="38.651050" lon="-78.586405"><ele>391.8</ele></trkpt>
    <trkpt lat="38.651262" lon="-78.586747"><ele>394.4</ele></trkpt>
    <trkpt lat="38.651497" lon="-78.586840"><ele>395.6</ele></trkpt>
    <trkpt lat="38.651685" lon="-78.586792"><ele>396.4</ele></trkpt>
    <trkpt lat="38.651822" lon="-78.586632"><ele>397.0</ele></trkpt>
    <trkpt lat="38.651927" lon="-78.585962"><ele>400.8</ele></trkpt>
    <trkpt lat="38.652072" lon="-78.585730"><ele>402.8</ele></trkpt>
    <trkpt lat="38.652762" lon="-78.585805"><ele>407.8</ele></trkpt>
    <trkpt lat="38.653052" lon="-78.585320"><ele>410.6</ele></trkpt>
    <trkpt lat="38.653325" lon="-78.585207"><ele>413.2</ele></trkpt>
    <trkpt lat="38.653650" lon="-78.585697"><ele>420.2</ele></trkpt>
    <trkpt lat="38.654510" lon="-78.586355"><ele>432.2</ele></trkpt>
    <trkpt lat="38.654710" lon="-78.586640"><ele>436.0</ele></trkpt>
    <trkpt lat="38.655208" lon="-78.587022"><ele>443.0</ele></trkpt>
    <trkpt lat="38.655562" lon="-78.587137"><ele>443.4</ele></trkpt>
    <trkpt lat="38.655702" lon="-78.587135"><ele>443.6</ele></trkpt>
    <trkpt lat="38.656065" lon="-78.586715"><ele>448.2</ele></trkpt>
    <trkpt lat="38.656650" lon="-78.586597"><ele>448.8</ele></trkpt>
    <trkpt lat="38.657307" lon="-78.586312"><ele>460.8</ele></trkpt>
    <trkpt lat="38.657547" lon="-78.586307"><ele>464.8</ele></trkpt>
    <trkpt lat="38.658197" lon="-78.585775"><ele>468.6</ele></trkpt>
    <trkpt lat="38.658332" lon="-78.585747"><ele>469.4</ele></trkpt>
    <trkpt lat="38.658702" lon="-78.585903"><ele>473.8</ele></trkpt>
    <trkpt lat="38.659832" lon="-78.586672"><ele>481.2</ele></trkpt>
    <trkpt lat="38.659952" lon="-78.586487"><ele>482.4</ele></trkpt>
    <trkpt lat="38.660185" lon="-78.586422"><ele>486.2</ele></trkpt>
    <trkpt lat="38.660657" lon="-78.586697"><ele>497.8</ele></trkpt>
    <trkpt lat="38.660885" lon="-78.586632"><ele>497.8</ele></trkpt>
    <trkpt lat="38.661077" lon="-78.586127"><ele>496.2</ele></trkpt>
    <trkpt lat="38.661307" lon="-78.585962"><ele>493.2</ele></trkpt>
    <trkpt lat="38.661247" lon="-78.585800"><ele>487.2</ele></trkpt>
    <trkpt lat="38.661662" lon="-78.585837"><ele>481.6</ele></trkpt>
    <trkpt lat="38.661685" lon="-78.585405"><ele>481.4</ele></trkpt>
    <trkpt lat="38.661847" lon="-78.585537"><ele>486.0</ele></trkpt>
    <trkpt lat="38.662087" lon="-78.585467"><ele>490.6</ele></trkpt>
    <trkpt lat="38.663468" lon="-78.584100"><ele>479.8</ele></trkpt>
    <trkpt lat="38.663427" lon="-78.583842"><ele>481.4</ele></trkpt>
    <trkpt lat="38.663527" lon="-78.583595"><ele>489.4</ele></trkpt>
    <trkpt lat="38.663960" lon="-78.583507"><ele>497.0</ele></trkpt>
    <trkpt lat="38.664390" lon="-78.583572"><ele>502.0</ele></trkpt>
    <trkpt lat="38.665137" lon="-78.583335"><ele>513.2</ele></trkpt>
    <trkpt lat="38.665545" lon="-78.583102"><ele>518.6</ele></trkpt>
    <trkpt lat="38.665825" lon="-78.582705"><ele>526.6</ele></trkpt>
    <trkpt lat="38.665907" lon="-78.582262"><ele>532.2</ele></trkpt>
    <trkpt lat="38.666055" lon="-78.582102"><ele>534.8</ele></trkpt>
    <trkpt lat="38.666072" lon="-78.581912"><ele>541.0</ele></trkpt>
    <trkpt lat="38.666600" lon="-78.582112"><ele>546.8</ele></trkpt>
    <trkpt lat="38.667477" lon="-78.581922"><ele>547.8</ele></trkpt>
    <trkpt lat="38.668157" lon="-78.581585"><ele>549.0</ele></trkpt>
    <trkpt lat="38.669457" lon="-78.580362"><ele>552.2</ele></trkpt>
    <trkpt lat="38.669460" lon="-78.580607"><ele>556.6</ele></trkpt>
    <trkpt lat="38.669217" lon="-78.581017"><ele>555.2</ele></trkpt>
    <trkpt lat="38.669267" lon="-78.581030"><ele>556.4</ele></trkpt>
    <trkpt lat="38.669722" lon="-78.580567"><ele>568.8</ele></trkpt>
    <trkpt lat="38.670372" lon="-78.580180"><ele>581.4</ele></trkpt>
    <trkpt lat="38.670485" lon="-78.580192"><ele>582.4</ele></trkpt>
    <trkpt lat="38.670797" lon="-78.579862"><ele>587.6</ele></trkpt>
    <trkpt lat="38.670910" lon="-78.579872"><ele>588.4</ele></trkpt>
    <trkpt lat="38.671302" lon="-78.579607"><ele>596.0</ele></trkpt>
    <trkpt lat="38.671512" lon="-78.579355"><ele>598.0</ele></trkpt>
    <trkpt lat="38.671957" lon="-78.579155"><ele>602.6</ele></trkpt>
    <trkpt lat="38.672162" lon="-78.578887"><ele>605.0</ele></trkpt>
    <trkpt lat="38.672842" lon="-78.578382"><ele>617.6</ele></trkpt>
    <trkpt lat="38.673027" lon="-78.578332"><ele>622.0</ele></trkpt>
    <trkpt lat="38.673342" lon="-78.577892"><ele>623.6</ele></trkpt>
    <trkpt lat="38.674275" lon="-78.577208"><ele>641.0</ele></trkpt>
    <trkpt lat="38.674520" lon="-78.576927"><ele>641.8</ele></trkpt>
    <trkpt lat="38.674957" lon="-78.576627"><ele>645.4</ele></trkpt>
    <trkpt lat="38.675203" lon="-78.576572"><ele>651.0</ele></trkpt>
    <trkpt lat="38.675407" lon="-78.576297"><ele>653.0</ele></trkpt>
    <trkpt lat="38.675425" lon="-78.576162"><ele>654.8</ele></trkpt>
    <trkpt lat="38.676492" lon="-78.575312"><ele>673.2</ele></trkpt>
    <trkpt lat="38.676602" lon="-78.575052"><ele>670.6</ele></trkpt>
    <trkpt lat="38.678415" lon="-78.573365"><ele>712.4</ele></trkpt>
    <trkpt lat="38.678770" lon="-78.573187"><ele>719.0</ele></trkpt>
    <trkpt lat="38.679073" lon="-78.572812"><ele>727.0</ele></trkpt>
    <trkpt lat="38.679152" lon="-78.572517"><ele>733.0</ele></trkpt>
    <trkpt lat="38.679662" lon="-78.572322"><ele>744.2</ele></trkpt>
    <trkpt lat="38.679992" lon="-78.571820"><ele>751.4</ele></trkpt>
    <trkpt lat="38.680632" lon="-78.571247"><ele>760.6</ele></trkpt>
    <trkpt lat="38.681052" lon="-78.570650"><ele>765.0</ele></trkpt>
    <trkpt lat="38.682132" lon="-78.570232"><ele>759.4</ele></trkpt>
    <trkpt lat="38.682287" lon="-78.570047"><ele>757.2</ele></trkpt>
    <trkpt lat="38.682377" lon="-78.569702"><ele>756.2</ele></trkpt>
    <trkpt lat="38.682885" lon="-78.569885"><ele>750.8</ele></trkpt>
    <trkpt lat="38.683102" lon="-78.569867"><ele>748.8</ele></trkpt>
    <trkpt lat="38.683382" lon="-78.569732"><ele>746.8</ele></trkpt>
    <trkpt lat="38.683647" lon="-78.569375"><ele>744.0</ele></trkpt>
    <trkpt lat="38.683722" lon="-78.570142"><ele>741.6</ele></trkpt>
    <trkpt lat="38.684210" lon="-78.570330"><ele>740.6</ele></trkpt>
    <trkpt lat="38.684410" lon="-78.570292"><ele>738.6</ele></trkpt>
    <trkpt lat="38.684660" lon="-78.570450"><ele>739.2</ele></trkpt>
    <trkpt lat="38.684857" lon="-78.570435"><ele>739.4</ele></trkpt>
    <trkpt lat="38.685012" lon="-78.570695"><ele>739.2</ele></trkpt>
    <trkpt lat="38.685177" lon="-78.570802"><ele>739.0</ele></trkpt>
    <trkpt lat="38.685322" lon="-78.570815"><ele>739.2</ele></trkpt>
    <trkpt lat="38.685587" lon="-78.570642"><ele>740.0</ele></trkpt>
    <trkpt lat="38.686200" lon="-78.570763"><ele>744.4</ele></trkpt>
    <trkpt lat="38.686372" lon="-78.571012"><ele>745.6</ele></trkpt>
    <trkpt lat="38.686495" lon="-78.571722"><ele>747.0</ele></trkpt>
    <trkpt lat="38.686287" lon="-78.572492"><ele>744.2</ele></trkpt>
    <trkpt lat="38.685807" lon="-78.573420"><ele>744.8</ele></trkpt>
    <trkpt lat="38.685525" lon="-78.573660"><ele>744.6</ele></trkpt>
    <trkpt lat="38.685230" lon="-78.574087"><ele>740.2</ele></trkpt>
    <trkpt lat="38.685030" lon="-78.574792"><ele>726.4</ele></trkpt>
    <trkpt lat="38.684702" lon="-78.575460"><ele>713.0</ele></trkpt>
    <trkpt lat="38.684117" lon="-78.576053"><ele>710.8</ele></trkpt>
    <trkpt lat="38.683995" lon="-78.577127"><ele>702.2</ele></trkpt>
    <trkpt lat="38.683737" lon="-78.577802"><ele>695.8</ele></trkpt>
    <trkpt lat="38.683747" lon="-78.577927"><ele>693.2</ele></trkpt>
    <trkpt lat="38.683902" lon="-78.578000"><ele>690.6</ele></trkpt>
    <trkpt lat="38.684220" lon="-78.577897"><ele>686.2</ele></trkpt>
    <trkpt lat="38.684505" lon="-78.577672"><ele>683.8</ele></trkpt>
    <trkpt lat="38.684762" lon="-78.577767"><ele>679.4</ele></trkpt>
    <trkpt lat="38.684842" lon="-78.577982"><ele>675.6</ele></trkpt>
    <trkpt lat="38.684872" lon="-78.579222"><ele>658.2</ele></trkpt>
    <trkpt lat="38.684930" lon="-78.579317"><ele>656.4</ele></trkpt>
    <trkpt lat="38.686552" lon="-78.579387"><ele>628.0</ele></trkpt>
    <trkpt lat="38.686712" lon="-78.579542"><ele>625.2</ele></trkpt>
    <trkpt lat="38.686912" lon="-78.579567"><ele>623.8</ele></trkpt>
    <trkpt lat="38.687337" lon="-78.579502"><ele>621.8</ele></trkpt>
    <trkpt lat="38.688007" lon="-78.580062"><ele>613.4</ele></trkpt>
    <trkpt lat="38.688402" lon="-78.580163"><ele>610.0</ele></trkpt>
    <trkpt lat="38.688795" lon="-78.580507"><ele>605.2</ele></trkpt>
    <trkpt lat="38.689562" lon="-78.580817"><ele>597.0</ele></trkpt>
    <trkpt lat="38.689753" lon="-78.581107"><ele>593.2</ele></trkpt>
    <trkpt lat="38.689897" lon="-78.581152"><ele>592.0</ele></trkpt>
    <trkpt lat="38.690197" lon="-78.580995"><ele>590.4</ele></trkpt>
    <trkpt lat="38.690358" lon="-78.580730"><ele>589.4</ele></trkpt>
    <trkpt lat="38.690652" lon="-78.580637"><ele>587.2</ele></trkpt>
    <trkpt lat="38.690727" lon="-78.580377"><ele>587.0</ele></trkpt>
    <trkpt lat="38.691082" lon="-78.579967"><ele>585.8</ele></trkpt>
    <trkpt lat="38.691727" lon="-78.580030"><ele>579.6</ele></trkpt>
    <trkpt lat="38.692252" lon="-78.579380"><ele>574.6</ele></trkpt>
    <trkpt lat="38.694245" lon="-78.578492"><ele>573.4</ele></trkpt>
    <trkpt lat="38.695015" lon="-78.578002"><ele>572.2</ele></trkpt>
    <trkpt lat="38.696737" lon="-78.576392"><ele>565.0</ele></trkpt>
    <trkpt lat="38.697502" lon="-78.575537"><ele>565.2</ele></trkpt>
    <trkpt lat="38.697557" lon="-78.575337"><ele>563.6</ele></trkpt>
    <trkpt lat="38.698615" lon="-78.573897"><ele>561.0</ele></trkpt>
    <trkpt lat="38.698995" lon="-78.573052"><ele>563.8</ele></trkpt>
    <trkpt lat="38.699452" lon="-78.572490"><ele>562.2</ele></trkpt>
    <trkpt lat="38.700532" lon="-78.571590"><ele>559.4</ele></trkpt>
    <trkpt lat="38.701467" lon="-78.571127"><ele>555.0</ele></trkpt>
    <trkpt lat="38.704192" lon="-78.567300"><ele>533.4</ele></trkpt>
    <trkpt lat="38.707402" lon="-78.564507"><ele>521.2</ele></trkpt>
    <trkpt lat="38.707647" lon="-78.563877"><ele>519.8</ele></trkpt>
    <trkpt lat="38.707862" lon="-78.562447"><ele>513.2</ele></trkpt>
    <trkpt lat="38.707550" lon="-78.562237"><ele>510.2</ele></trkpt>
    <trkpt lat="38.707432" lon="-78.561842"><ele>506.0</ele></trkpt>
    <trkpt lat="38.707462" lon="-78.561607"><ele>505.2</ele></trkpt>
    <trkpt lat="38.707797" lon="-78.561192"><ele>502.8</ele></trkpt>
    <trkpt lat="38.708700" lon="-78.560482"><ele>500.6</ele></trkpt>
    <trkpt lat="38.709015" lon="-78.559860"><ele>501.4</ele></trkpt>
    <trkpt lat="38.709177" lon="-78.559322"><ele>500.8</ele></trkpt>
    <trkpt lat="38.709417" lon="-78.557117"><ele>500.2</ele></trkpt>
    <trkpt lat="38.710127" lon="-78.556137"><ele>492.4</ele></trkpt>
    <trkpt lat="38.710597" lon="-78.554880"><ele>482.6</ele></trkpt>
    <trkpt lat="38.710787" lon="-78.554712"><ele>481.6</ele></trkpt>
    <trkpt lat="38.711815" lon="-78.554407"><ele>477.2</ele></trkpt>
    <trkpt lat="38.712237" lon="-78.553817"><ele>475.8</ele></trkpt>
    <trkpt lat="38.712922" lon="-78.552587"><ele>467.8</ele></trkpt>
    <trkpt lat="38.714590" lon="-78.550682"><ele>463.2</ele></trkpt>
    <trkpt lat="38.715960" lon="-78.549822"><ele>453.4</ele></trkpt>
    <trkpt lat="38.718102" lon="-78.547850"><ele>443.4</ele></trkpt>
    <trkpt lat="38.719775" lon="-78.545612"><ele>432.4</ele></trkpt>
    <trkpt lat="38.721470" lon="-78.542423"><ele>421.6</ele></trkpt>
    <trkpt lat="38.725192" lon="-78.537987"><ele>403.4</ele></trkpt>
    <trkpt lat="38.725907" lon="-78.536252"><ele>399.0</ele></trkpt>
    <trkpt lat="38.727042" lon="-78.535005"><ele>394.6</ele></trkpt>
    <trkpt lat="38.727455" lon="-78.534257"><ele>393.0</ele></trkpt>
    <trkpt lat="38.729195" lon="-78.529570"><ele>403.6</ele></trkpt>
    <trkpt lat="38.730130" lon="-78.526615"><ele>401.0</ele></trkpt>
    <trkpt lat="38.730557" lon="-78.525480"><ele>397.2</ele></trkpt>
    <trkpt lat="38.733015" lon="-78.521457"><ele>374.0</ele></trkpt>
    <trkpt lat="38.733257" lon="-78.520952"><ele>369.4</ele></trkpt>
    <trkpt lat="38.733422" lon="-78.520232"><ele>365.6</ele></trkpt>
    <trkpt lat="38.733497" lon="-78.517892"><ele>362.6</ele></trkpt>
    <trkpt lat="38.733592" lon="-78.517872"><ele>362.6</ele></trkpt>
    <trkpt lat="38.734742" lon="-78.518432"><ele>358.4</ele></trkpt>
    <trkpt lat="38.734850" lon="-78.518385"><ele>358.0</ele></trkpt>
    <trkpt lat="38.734850" lon="-78.517952"><ele>356.8</ele></trkpt>
    <trkpt lat="38.734662" lon="-78.517540"><ele>356.6</ele></trkpt>
    <trkpt lat="38.734500" lon="-78.517387"><ele>358.0</ele></trkpt>
    <trkpt lat="38.734437" lon="-78.517162"><ele>357.8</ele></trkpt>
    <trkpt lat="38.734262" lon="-78.517020"><ele>358.2</ele></trkpt>
    <trkpt lat="38.734207" lon="-78.516787"><ele>358.8</ele></trkpt>
    <trkpt lat="38.734375" lon="-78.516363"><ele>358.8</ele></trkpt>
    <trkpt lat="38.734342" lon="-78.516077"><ele>358.6</ele></trkpt>
    <trkpt lat="38.734557" lon="-78.516157"><ele>357.8</ele></trkpt>
    <trkpt lat="38.734697" lon="-78.515767"><ele>357.4</ele></trkpt>
    <trkpt lat="38.735322" lon="-78.515280"><ele>355.0</ele></trkpt>
    <trkpt lat="38.735317" lon="-78.514822"><ele>355.0</ele></trkpt>
    <trkpt lat="38.735442" lon="-78.514265"><ele>354.8</ele></trkpt>
    <trkpt lat="38.735402" lon="-78.514052"><ele>354.8</ele></trkpt>
    <trkpt lat="38.735592" lon="-78.513827"><ele>354.8</ele></trkpt>
    <trkpt lat="38.735777" lon="-78.513315"><ele>354.8</ele></trkpt>
    <trkpt lat="38.736487" lon="-78.512592"><ele>355.0</ele></trkpt>
    <trkpt lat="38.736635" lon="-78.512337"><ele>355.0</ele></trkpt>
    <trkpt lat="38.736697" lon="-78.512020"><ele>354.6</ele></trkpt>
    <trkpt lat="38.736967" lon="-78.511787"><ele>355.0</ele></trkpt>
    <trkpt lat="38.737462" lon="-78.511497"><ele>355.4</ele></trkpt>
    <trkpt lat="38.738317" lon="-78.511302"><ele>354.4</ele></trkpt>
    <trkpt lat="38.738915" lon="-78.511352"><ele>355.0</ele></trkpt>
    <trkpt lat="38.739415" lon="-78.511202"><ele>354.8</ele></trkpt>
    <trkpt lat="38.739582" lon="-78.511312"><ele>352.2</ele></trkpt>
    <trkpt lat="38.739687" lon="-78.511540"><ele>351.0</ele></trkpt>
    <trkpt lat="38.740110" lon="-78.511297"><ele>351.2</ele></trkpt>
    <trkpt lat="38.740282" lon="-78.511420"><ele>350.8</ele></trkpt>
    <trkpt lat="38.740622" lon="-78.511457"><ele>349.8</ele></trkpt>
    <trkpt lat="38.740927" lon="-78.511730"><ele>347.8</ele></trkpt>
    <trkpt lat="38.741037" lon="-78.512797"><ele>345.0</ele></trkpt>
  </trkseg></trk>
</gpx>
