<?xml version="1.0" encoding="UTF-8"?>
<gpx version="1.1" creator="Ultrainfo (converted from the organizer's official Rocky Raccoon 100 GPX download)" xmlns="http://www.topografix.com/GPX/1/1">
  <metadata>
    <name>Rocky Raccoon 100 20-mile lap</name>
    <desc>Track points (with elevations) copy the organizer's official GPX download, linked from tejastrails.com/rocky100 on 2026-08-13; the file's embedded name is "2021 Rocky Raccoon 100" and its GPS-recorded lap measures 21.5 miles against the aid chart's 20.0-mile split frame, which governs pass miles. The 100-mile race runs 5 laps. Station waypoints are placed at the aid chart's lap miles along this track (the download carries no waypoints); the Tyler's Last Resort waypoint is the track start.</desc>
    <link href="https://www.tejastrails.com/rocky100/"><text>Rocky Raccoon 100 official page</text></link>
  </metadata>
  <wpt lat="30.614556" lon="-95.534431">
    <name>Tyler's Last Resort Aid (Start/Finish)</name>
  </wpt>
  <wpt lat="30.617955" lon="-95.520563">
    <name>Gate Aid</name>
  </wpt>
  <wpt lat="30.626103" lon="-95.529463">
    <name>Nature Center Aid</name>
  </wpt>
  <wpt lat="30.612044" lon="-95.520822">
    <name>Dam Nation Aid</name>
  </wpt>
  <trk>
    <name>Rocky Raccoon 100 20-mile lap (official GPX download)</name>
    <trkseg>
      <trkpt lat="30.614556011907087" lon="-95.53443122384247"><ele>72.0</ele></trkpt>
      <trkpt lat="30.61459899879992" lon="-95.53437167778611"><ele>72.0</ele></trkpt>
      <trkpt lat="30.61454669572413" lon="-95.53442280739546"><ele>72.0</ele></trkpt>
      <trkpt lat="30.61451341956854" lon="-95.53443303331733"><ele>71.0</ele></trkpt>
      <trkpt lat="30.614451309666038" lon="-95.53444200195372"><ele>71.0</ele></trkpt>
      <trkpt lat="30.614384338259697" lon="-95.53447427228093"><ele>71.0</ele></trkpt>
      <trkpt lat="30.614224830642343" lon="-95.53423153236508"><ele>70.0</ele></trkpt>
      <trkpt lat="30.614232290536165" lon="-95.53422130644321"><ele>70.0</ele></trkpt>
      <trkpt lat="30.61424033716321" lon="-95.53422373719513"><ele>70.0</ele></trkpt>
      <trkpt lat="30.61413237825036" lon="-95.53417763672769"><ele>69.0</ele></trkpt>
      <trkpt lat="30.61398242600262" lon="-95.53413296118379"><ele>69.0</ele></trkpt>
      <trkpt lat="30.61391394585371" lon="-95.5341166164726"><ele>69.0</ele></trkpt>
      <trkpt lat="30.613572048023343" lon="-95.53414519876242"><ele>68.0</ele></trkpt>
      <trkpt lat="30.613528043031693" lon="-95.53417386487126"><ele>68.0</ele></trkpt>
      <trkpt lat="30.61339795589447" lon="-95.53415777161717"><ele>68.0</ele></trkpt>
      <trkpt lat="30.6133739836514" lon="-95.53415500558913"><ele>68.0</ele></trkpt>
      <trkpt lat="30.613309359177947" lon="-95.53414578549564"><ele>68.0</ele></trkpt>
      <trkpt lat="30.613292763009667" lon="-95.53413572721183"><ele>68.0</ele></trkpt>
      <trkpt lat="30.61330801807344" lon="-95.5340095795691"><ele>68.0</ele></trkpt>
      <trkpt lat="30.613233502954245" lon="-95.53396389819682"><ele>68.0</ele></trkpt>
      <trkpt lat="30.61319218017161" lon="-95.5339318793267"><ele>68.0</ele></trkpt>
      <trkpt lat="30.613190671429038" lon="-95.53392911329865"><ele>68.0</ele></trkpt>
      <trkpt lat="30.61316778883338" lon="-95.53389273583889"><ele>67.0</ele></trkpt>
      <trkpt lat="30.613139290362597" lon="-95.53387647494674"><ele>68.0</ele></trkpt>
      <trkpt lat="30.613434752449393" lon="-95.5337693542242"><ele>68.0</ele></trkpt>
      <trkpt lat="30.61364463530481" lon="-95.53368729539216"><ele>68.0</ele></trkpt>
      <trkpt lat="30.613713953644037" lon="-95.53365485742688"><ele>69.0</ele></trkpt>
      <trkpt lat="30.614107819274068" lon="-95.53347498178482"><ele>70.0</ele></trkpt>
      <trkpt lat="30.614086277782917" lon="-95.53341957740486"><ele>70.0</ele></trkpt>
      <trkpt lat="30.614064065739512" lon="-95.5333758238703"><ele>70.0</ele></trkpt>
      <trkpt lat="30.614033974707127" lon="-95.53331094793975"><ele>70.0</ele></trkpt>
      <trkpt lat="30.614074962213635" lon="-95.53329301066697"><ele>70.0</ele></trkpt>
      <trkpt lat="30.614076554775238" lon="-95.53327440284193"><ele>70.0</ele></trkpt>
      <trkpt lat="30.614072112366557" lon="-95.53317013196647"><ele>70.0</ele></trkpt>
      <trkpt lat="30.61407471075654" lon="-95.53317474201322"><ele>70.0</ele></trkpt>
      <trkpt lat="30.614030621945858" lon="-95.53317172452807"><ele>70.0</ele></trkpt>
      <trkpt lat="30.614048056304455" lon="-95.53319762460887"><ele>70.0</ele></trkpt>
      <trkpt lat="30.614195074886084" lon="-95.5330909229815"><ele>88.0</ele></trkpt>
      <trkpt lat="30.614202031865716" lon="-95.53309318609536"><ele>88.0</ele></trkpt>
      <trkpt lat="30.614219969138503" lon="-95.53307625465095"><ele>88.0</ele></trkpt>
      <trkpt lat="30.61423446983099" lon="-95.53305907174945"><ele>89.0</ele></trkpt>
      <trkpt lat="30.61424922198057" lon="-95.533052617684"><ele>89.0</ele></trkpt>
      <trkpt lat="30.614264560863376" lon="-95.5330457445234"><ele>89.0</ele></trkpt>
      <trkpt lat="30.61427302658558" lon="-95.53304105065763"><ele>89.0</ele></trkpt>
      <trkpt lat="30.614289874210954" lon="-95.53303920663893"><ele>89.0</ele></trkpt>
      <trkpt lat="30.614314852282405" lon="-95.53303987719119"><ele>89.0</ele></trkpt>
      <trkpt lat="30.614356258884072" lon="-95.53303677588701"><ele>89.0</ele></trkpt>
      <trkpt lat="30.614397833123803" lon="-95.53303275257349"><ele>89.0</ele></trkpt>
      <trkpt lat="30.614415435120463" lon="-95.53303585387766"><ele>89.0</ele></trkpt>
      <trkpt lat="30.614480394870043" lon="-95.53300173953176"><ele>90.0</ele></trkpt>
      <trkpt lat="30.61451735906303" lon="-95.53298120386899"><ele>90.0</ele></trkpt>
      <trkpt lat="30.614541163668036" lon="-95.53298237733543"><ele>90.0</ele></trkpt>
      <trkpt lat="30.614558598026633" lon="-95.5329703912139"><ele>90.0</ele></trkpt>
      <trkpt lat="30.614576870575547" lon="-95.53295186720788"><ele>90.0</ele></trkpt>
      <trkpt lat="30.614637220278382" lon="-95.53288732655346"><ele>90.0</ele></trkpt>
      <trkpt lat="30.614654822275043" lon="-95.53287760354578"><ele>90.0</ele></trkpt>
      <trkpt lat="30.614718105643988" lon="-95.53285681642592"><ele>90.0</ele></trkpt>
      <trkpt lat="30.61472841538489" lon="-95.53285723552108"><ele>90.0</ele></trkpt>
      <trkpt lat="30.614751046523452" lon="-95.53286192938685"><ele>90.0</ele></trkpt>
      <trkpt lat="30.61476211063564" lon="-95.53281775675714"><ele>90.0</ele></trkpt>
      <trkpt lat="30.614857245236635" lon="-95.5328128952533"><ele>90.0</ele></trkpt>
      <trkpt lat="30.61491030268371" lon="-95.53278950974345"><ele>91.0</ele></trkpt>
      <trkpt lat="30.615081544965506" lon="-95.53271859884262"><ele>91.0</ele></trkpt>
      <trkpt lat="30.61506712809205" lon="-95.5326923634857"><ele>91.0</ele></trkpt>
      <trkpt lat="30.615170560777187" lon="-95.53257719613612"><ele>91.0</ele></trkpt>
      <trkpt lat="30.615290589630604" lon="-95.5325367115438"><ele>91.0</ele></trkpt>
      <trkpt lat="30.615377593785524" lon="-95.53253595717251"><ele>91.0</ele></trkpt>
      <trkpt lat="30.61552452854812" lon="-95.53252388723195"><ele>91.0</ele></trkpt>
      <trkpt lat="30.615785205736756" lon="-95.53239740431309"><ele>91.0</ele></trkpt>
      <trkpt lat="30.615828707814217" lon="-95.53237904794514"><ele>90.0</ele></trkpt>
      <trkpt lat="30.6160229165107" lon="-95.53232540376484"><ele>90.0</ele></trkpt>
      <trkpt lat="30.61604479327798" lon="-95.5323155131191"><ele>90.0</ele></trkpt>
      <trkpt lat="30.61605418100953" lon="-95.53235985338688"><ele>91.0</ele></trkpt>
      <trkpt lat="30.61608200892806" lon="-95.53237820975482"><ele>91.0</ele></trkpt>
      <trkpt lat="30.61608108691871" lon="-95.53245498798788"><ele>91.0</ele></trkpt>
      <trkpt lat="30.616115117445588" lon="-95.53246647119522"><ele>90.0</ele></trkpt>
      <trkpt lat="30.61614252626896" lon="-95.53245834074914"><ele>90.0</ele></trkpt>
      <trkpt lat="30.616248976439238" lon="-95.53240771405399"><ele>90.0</ele></trkpt>
      <trkpt lat="30.616344697773457" lon="-95.53235750645399"><ele>91.0</ele></trkpt>
      <trkpt lat="30.6164840888232" lon="-95.53232666105032"><ele>91.0</ele></trkpt>
      <trkpt lat="30.6165168620646" lon="-95.53232682868838"><ele>91.0</ele></trkpt>
      <trkpt lat="30.616547539830208" lon="-95.53232884034514"><ele>91.0</ele></trkpt>
      <trkpt lat="30.616593221202493" lon="-95.53233990445733"><ele>90.0</ele></trkpt>
      <trkpt lat="30.616913242265582" lon="-95.53216748870909"><ele>88.0</ele></trkpt>
      <trkpt lat="30.617043245583773" lon="-95.53207436576486"><ele>86.0</ele></trkpt>
      <trkpt lat="30.617163693532348" lon="-95.53202273324132"><ele>87.0</ele></trkpt>
      <trkpt lat="30.617281794548035" lon="-95.53203849121928"><ele>88.0</ele></trkpt>
      <trkpt lat="30.61743451282382" lon="-95.53184939548373"><ele>87.0</ele></trkpt>
      <trkpt lat="30.61748187057674" lon="-95.53180539049208"><ele>87.0</ele></trkpt>
      <trkpt lat="30.61752151697874" lon="-95.53174654953182"><ele>87.0</ele></trkpt>
      <trkpt lat="30.61756392940879" lon="-95.53173054009676"><ele>87.0</ele></trkpt>
      <trkpt lat="30.617735171690583" lon="-95.53176213987172"><ele>88.0</ele></trkpt>
      <trkpt lat="30.617848662659526" lon="-95.53174445405602"><ele>88.0</ele></trkpt>
      <trkpt lat="30.617880262434483" lon="-95.5317700188607"><ele>88.0</ele></trkpt>
      <trkpt lat="30.617890236899257" lon="-95.53178753703833"><ele>88.0</ele></trkpt>
      <trkpt lat="30.617914963513613" lon="-95.53177781403065"><ele>88.0</ele></trkpt>
      <trkpt lat="30.617923764511943" lon="-95.53176306188107"><ele>88.0</ele></trkpt>
      <trkpt lat="30.61795142479241" lon="-95.53173623979092"><ele>88.0</ele></trkpt>
      <trkpt lat="30.6180174741894" lon="-95.53168418817222"><ele>88.0</ele></trkpt>
      <trkpt lat="30.618535978719592" lon="-95.5315623153001"><ele>88.0</ele></trkpt>
      <trkpt lat="30.61879967339337" lon="-95.5314005445689"><ele>88.0</ele></trkpt>
      <trkpt lat="30.618976950645447" lon="-95.53140389733016"><ele>88.0</ele></trkpt>
      <trkpt lat="30.619543148204684" lon="-95.53125511854887"><ele>89.0</ele></trkpt>
      <trkpt lat="30.619526971131563" lon="-95.53127372637391"><ele>89.0</ele></trkpt>
      <trkpt lat="30.619625374674797" lon="-95.53127121180296"><ele>89.0</ele></trkpt>
      <trkpt lat="30.619652532041073" lon="-95.53127087652683"><ele>89.0</ele></trkpt>
      <trkpt lat="30.61971648596227" lon="-95.53128755651414"><ele>89.0</ele></trkpt>
      <trkpt lat="30.619766023010015" lon="-95.53127473220229"><ele>90.0</ele></trkpt>
      <trkpt lat="30.619840873405337" lon="-95.53123567253351"><ele>90.0</ele></trkpt>
      <trkpt lat="30.619894936680794" lon="-95.53122511133552"><ele>90.0</ele></trkpt>
      <trkpt lat="30.62010590918362" lon="-95.5312205851078"><ele>91.0</ele></trkpt>
      <trkpt lat="30.620166342705488" lon="-95.53109007887542"><ele>93.0</ele></trkpt>
      <trkpt lat="30.62021386809647" lon="-95.53113064728677"><ele>94.0</ele></trkpt>
      <trkpt lat="30.620222752913833" lon="-95.53111120127141"><ele>94.0</ele></trkpt>
      <trkpt lat="30.620218059048057" lon="-95.53111840970814"><ele>94.0</ele></trkpt>
      <trkpt lat="30.620286287739873" lon="-95.53105931729078"><ele>95.0</ele></trkpt>
      <trkpt lat="30.62031202018261" lon="-95.53100802004337"><ele>95.0</ele></trkpt>
      <trkpt lat="30.62037270516157" lon="-95.5309914238751"><ele>96.0</ele></trkpt>
      <trkpt lat="30.62036826275289" lon="-95.53098379634321"><ele>96.0</ele></trkpt>
      <trkpt lat="30.62089598737657" lon="-95.53109150379896"><ele>99.0</ele></trkpt>
      <trkpt lat="30.62087059020996" lon="-95.53111128509045"><ele>99.0</ele></trkpt>
      <trkpt lat="30.620780903846025" lon="-95.53115948103368"><ele>99.0</ele></trkpt>
      <trkpt lat="30.620883582159877" lon="-95.5310826189816"><ele>99.0</ele></trkpt>
      <trkpt lat="30.621021883562207" lon="-95.53099175915122"><ele>98.0</ele></trkpt>
      <trkpt lat="30.621025236323476" lon="-95.53098153322935"><ele>97.0</ele></trkpt>
      <trkpt lat="30.62103915028274" lon="-95.53093794733286"><ele>97.0</ele></trkpt>
      <trkpt lat="30.62104979529977" lon="-95.53091581910849"><ele>97.0</ele></trkpt>
      <trkpt lat="30.62106303870678" lon="-95.53088698536158"><ele>97.0</ele></trkpt>
      <trkpt lat="30.62120963819325" lon="-95.53086183965206"><ele>95.0</ele></trkpt>
      <trkpt lat="30.621209889650345" lon="-95.53085253573954"><ele>94.0</ele></trkpt>
      <trkpt lat="30.621233275160193" lon="-95.53089637309313"><ele>94.0</ele></trkpt>
      <trkpt lat="30.62127409502864" lon="-95.53091313689947"><ele>94.0</ele></trkpt>
      <trkpt lat="30.62141248025" lon="-95.5307874083519"><ele>93.0</ele></trkpt>
      <trkpt lat="30.621756222099066" lon="-95.53060434758663"><ele>91.0</ele></trkpt>
      <trkpt lat="30.621766867116094" lon="-95.53050183691084"><ele>92.0</ele></trkpt>
      <trkpt lat="30.621787486597896" lon="-95.53048658184707"><ele>92.0</ele></trkpt>
      <trkpt lat="30.621798131614923" lon="-95.53046965040267"><ele>92.0</ele></trkpt>
      <trkpt lat="30.621952693909407" lon="-95.53046805784106"><ele>94.0</ele></trkpt>
      <trkpt lat="30.62198806554079" lon="-95.53041717968881"><ele>95.0</ele></trkpt>
      <trkpt lat="30.622132821008563" lon="-95.53033000789583"><ele>95.0</ele></trkpt>
      <trkpt lat="30.622121253982186" lon="-95.53034568205476"><ele>95.0</ele></trkpt>
      <trkpt lat="30.622099544852972" lon="-95.53026798181236"><ele>96.0</ele></trkpt>
      <trkpt lat="30.622154949232936" lon="-95.53031542338431"><ele>96.0</ele></trkpt>
      <trkpt lat="30.6221757363528" lon="-95.53030234761536"><ele>96.0</ele></trkpt>
      <trkpt lat="30.62222451902926" lon="-95.53032548166811"><ele>96.0</ele></trkpt>
      <trkpt lat="30.622466253116727" lon="-95.53039756603539"><ele>98.0</ele></trkpt>
      <trkpt lat="30.62249282374978" lon="-95.53042287938297"><ele>98.0</ele></trkpt>
      <trkpt lat="30.622686445713043" lon="-95.53052195347846"><ele>99.0</ele></trkpt>
      <trkpt lat="30.622766576707363" lon="-95.53055338561535"><ele>100.0</ele></trkpt>
      <trkpt lat="30.622798511758447" lon="-95.53054064512253"><ele>100.0</ele></trkpt>
      <trkpt lat="30.6228441093117" lon="-95.53054047748446"><ele>101.0</ele></trkpt>
      <trkpt lat="30.622823741286993" lon="-95.53053050301969"><ele>102.0</ele></trkpt>
      <trkpt lat="30.62298878096044" lon="-95.53065162152052"><ele>103.0</ele></trkpt>
      <trkpt lat="30.623075868934393" lon="-95.53068523295224"><ele>104.0</ele></trkpt>
      <trkpt lat="30.62322179786861" lon="-95.53075061179698"><ele>104.0</ele></trkpt>
      <trkpt lat="30.623431848362088" lon="-95.53083267062902"><ele>104.0</ele></trkpt>
      <trkpt lat="30.62338851392269" lon="-95.53080861456692"><ele>104.0</ele></trkpt>
      <trkpt lat="30.623371582478285" lon="-95.53086703643203"><ele>104.0</ele></trkpt>
      <trkpt lat="30.623363871127367" lon="-95.53101095370948"><ele>103.0</ele></trkpt>
      <trkpt lat="30.623373929411173" lon="-95.53102537058294"><ele>103.0</ele></trkpt>
      <trkpt lat="30.623415922746062" lon="-95.53118504583836"><ele>104.0</ele></trkpt>
      <trkpt lat="30.623413156718016" lon="-95.53126794286072"><ele>104.0</ele></trkpt>
      <trkpt lat="30.623495131731033" lon="-95.53150967694819"><ele>104.0</ele></trkpt>
      <trkpt lat="30.623518181964755" lon="-95.53175291977823"><ele>105.0</ele></trkpt>
      <trkpt lat="30.623541232198477" lon="-95.5317752994597"><ele>106.0</ele></trkpt>
      <trkpt lat="30.623583560809493" lon="-95.53182416595519"><ele>106.0</ele></trkpt>
      <trkpt lat="30.623663859441876" lon="-95.53204360418022"><ele>107.0</ele></trkpt>
      <trkpt lat="30.62374323606491" lon="-95.53208065219223"><ele>107.0</ele></trkpt>
      <trkpt lat="30.62388204038143" lon="-95.53242816589773"><ele>108.0</ele></trkpt>
      <trkpt lat="30.62391866929829" lon="-95.53249211981893"><ele>108.0</ele></trkpt>
      <trkpt lat="30.62398706562817" lon="-95.53278020583093"><ele>108.0</ele></trkpt>
      <trkpt lat="30.623980360105634" lon="-95.53278062492609"><ele>108.0</ele></trkpt>
      <trkpt lat="30.623970553278923" lon="-95.53277869708836"><ele>107.0</ele></trkpt>
      <trkpt lat="30.62395043671131" lon="-95.5328007414937"><ele>108.0</ele></trkpt>
      <trkpt lat="30.623936522752047" lon="-95.53281197324395"><ele>108.0</ele></trkpt>
      <trkpt lat="30.62386586330831" lon="-95.53285698406398"><ele>108.0</ele></trkpt>
      <trkpt lat="30.6238629296422" lon="-95.5329254642129"><ele>108.0</ele></trkpt>
      <trkpt lat="30.623851362615824" lon="-95.5332669429481"><ele>108.0</ele></trkpt>
      <trkpt lat="30.62385655939579" lon="-95.53325110115111"><ele>109.0</ele></trkpt>
      <trkpt lat="30.62387114390731" lon="-95.53323911502957"><ele>109.0</ele></trkpt>
      <trkpt lat="30.62388774007559" lon="-95.53322050720453"><ele>109.0</ele></trkpt>
      <trkpt lat="30.624171048402786" lon="-95.5335505027324"><ele>107.0</ele></trkpt>
      <trkpt lat="30.624234415590763" lon="-95.53367941640317"><ele>107.0</ele></trkpt>
      <trkpt lat="30.624307673424482" lon="-95.53383414633572"><ele>107.0</ele></trkpt>
      <trkpt lat="30.624361485242844" lon="-95.5337336473167"><ele>107.0</ele></trkpt>
      <trkpt lat="30.62436911277473" lon="-95.53376826457679"><ele>107.0</ele></trkpt>
      <trkpt lat="30.624366430565715" lon="-95.53380405530334"><ele>106.0</ele></trkpt>
      <trkpt lat="30.624352851882577" lon="-95.53382098674774"><ele>106.0</ele></trkpt>
      <trkpt lat="30.624347822740674" lon="-95.5338853597641"><ele>106.0</ele></trkpt>
      <trkpt lat="30.624349750578403" lon="-95.53389835171402"><ele>106.0</ele></trkpt>
      <trkpt lat="30.624378584325314" lon="-95.53393942303956"><ele>106.0</ele></trkpt>
      <trkpt lat="30.624540019780397" lon="-95.53410370834172"><ele>104.0</ele></trkpt>
      <trkpt lat="30.624715285375714" lon="-95.53420630283654"><ele>104.0</ele></trkpt>
      <trkpt lat="30.624776892364025" lon="-95.53430462256074"><ele>103.0</ele></trkpt>
      <trkpt lat="30.624780245125294" lon="-95.53434980101883"><ele>103.0</ele></trkpt>
      <trkpt lat="30.624785609543324" lon="-95.53439388982952"><ele>103.0</ele></trkpt>
      <trkpt lat="30.624901531264186" lon="-95.53460318595171"><ele>102.0</ele></trkpt>
      <trkpt lat="30.62492609024048" lon="-95.53463612683117"><ele>102.0</ele></trkpt>
      <trkpt lat="30.625079479068518" lon="-95.53479622118175"><ele>102.0</ele></trkpt>
      <trkpt lat="30.625089621171355" lon="-95.5349128972739"><ele>101.0</ele></trkpt>
      <trkpt lat="30.62507419846952" lon="-95.53490325808525"><ele>101.0</ele></trkpt>
      <trkpt lat="30.62498920597136" lon="-95.53487702272832"><ele>101.0</ele></trkpt>
      <trkpt lat="30.624959701672196" lon="-95.53488481789827"><ele>100.0</ele></trkpt>
      <trkpt lat="30.624957690015435" lon="-95.53494692780077"><ele>99.0</ele></trkpt>
      <trkpt lat="30.625113174319267" lon="-95.53517516702414"><ele>99.0</ele></trkpt>
      <trkpt lat="30.625124238431454" lon="-95.53514465689659"><ele>99.0</ele></trkpt>
      <trkpt lat="30.625185510143638" lon="-95.53513451479375"><ele>99.0</ele></trkpt>
      <trkpt lat="30.62528290785849" lon="-95.53515689447522"><ele>99.0</ele></trkpt>
      <trkpt lat="30.62542799860239" lon="-95.53530106320977"><ele>99.0</ele></trkpt>
      <trkpt lat="30.62543629668653" lon="-95.53526979871094"><ele>99.0</ele></trkpt>
      <trkpt lat="30.6257710698992" lon="-95.53531371988356"><ele>100.0</ele></trkpt>
      <trkpt lat="30.625888668000698" lon="-95.53532939404249"><ele>100.0</ele></trkpt>
      <trkpt lat="30.626126546412706" lon="-95.53547197021544"><ele>100.0</ele></trkpt>
      <trkpt lat="30.626307344064116" lon="-95.53556324914098"><ele>99.0</ele></trkpt>
      <trkpt lat="30.626629628241062" lon="-95.53561639040709"><ele>98.0</ele></trkpt>
      <trkpt lat="30.626867171376944" lon="-95.5356798414141"><ele>98.0</ele></trkpt>
      <trkpt lat="30.62693447805941" lon="-95.53564899601042"><ele>98.0</ele></trkpt>
      <trkpt lat="30.626991726458073" lon="-95.53568151779473"><ele>98.0</ele></trkpt>
      <trkpt lat="30.627025086432695" lon="-95.53570926189423"><ele>99.0</ele></trkpt>
      <trkpt lat="30.627047549933195" lon="-95.53570071235299"><ele>99.0</ele></trkpt>
      <trkpt lat="30.627085184678435" lon="-95.5357123631984"><ele>99.0</ele></trkpt>
      <trkpt lat="30.62734100036323" lon="-95.53571789525449"><ele>99.0</ele></trkpt>
      <trkpt lat="30.627331780269742" lon="-95.53568151779473"><ele>98.0</ele></trkpt>
      <trkpt lat="30.62731602229178" lon="-95.53565595299006"><ele>98.0</ele></trkpt>
      <trkpt lat="30.627315267920494" lon="-95.53563340567052"><ele>98.0</ele></trkpt>
      <trkpt lat="30.627311496064067" lon="-95.53561613894999"><ele>98.0</ele></trkpt>
      <trkpt lat="30.627342257648706" lon="-95.5355934239924"><ele>97.0</ele></trkpt>
      <trkpt lat="30.62736287713051" lon="-95.53561806678772"><ele>97.0</ele></trkpt>
      <trkpt lat="30.62759505584836" lon="-95.53577757440507"><ele>97.0</ele></trkpt>
      <trkpt lat="30.627700332552195" lon="-95.53578067570925"><ele>97.0</ele></trkpt>
      <trkpt lat="30.627734698355198" lon="-95.53574119694531"><ele>97.0</ele></trkpt>
      <trkpt lat="30.628137281164527" lon="-95.53574656136334"><ele>97.0</ele></trkpt>
      <trkpt lat="30.6284961104393" lon="-95.53587203845382"><ele>96.0</ele></trkpt>
      <trkpt lat="30.628585712984204" lon="-95.53588008508086"><ele>97.0</ele></trkpt>
      <trkpt lat="30.62860012985766" lon="-95.53588452748954"><ele>97.0</ele></trkpt>
      <trkpt lat="30.62862309627235" lon="-95.53587044589221"><ele>97.0</ele></trkpt>
      <trkpt lat="30.62865830026567" lon="-95.53584471344948"><ele>98.0</ele></trkpt>
      <trkpt lat="30.62866802327335" lon="-95.53583566099405"><ele>98.0</ele></trkpt>
      <trkpt lat="30.628823088482022" lon="-95.53592978976667"><ele>98.0</ele></trkpt>
      <trkpt lat="30.62898854725063" lon="-95.53612668067217"><ele>99.0</ele></trkpt>
      <trkpt lat="30.629070354625583" lon="-95.536298006773"><ele>98.0</ele></trkpt>
      <trkpt lat="30.629113856703043" lon="-95.53637780249119"><ele>98.0</ele></trkpt>
      <trkpt lat="30.629525240510702" lon="-95.53638316690922"><ele>96.0</ele></trkpt>
      <trkpt lat="30.6297704949975" lon="-95.53636137396097"><ele>95.0</ele></trkpt>
      <trkpt lat="30.62983738258481" lon="-95.53649431094527"><ele>95.0</ele></trkpt>
      <trkpt lat="30.629845429211855" lon="-95.53654233925045"><ele>95.0</ele></trkpt>
      <trkpt lat="30.629777116701007" lon="-95.53662816993892"><ele>94.0</ele></trkpt>
      <trkpt lat="30.629804441705346" lon="-95.53665826097131"><ele>94.0</ele></trkpt>
      <trkpt lat="30.629848865792155" lon="-95.53669832646847"><ele>94.0</ele></trkpt>
      <trkpt lat="30.629877196624875" lon="-95.5367414932698"><ele>93.0</ele></trkpt>
      <trkpt lat="30.629935450851917" lon="-95.53676965646446"><ele>93.0</ele></trkpt>
      <trkpt lat="30.630053635686636" lon="-95.53644745610654"><ele>93.0</ele></trkpt>
      <trkpt lat="30.629940563812852" lon="-95.53624033927917"><ele>94.0</ele></trkpt>
      <trkpt lat="30.629910891875625" lon="-95.53615987300873"><ele>94.0</ele></trkpt>
      <trkpt lat="30.62987258657813" lon="-95.53607446141541"><ele>95.0</ele></trkpt>
      <trkpt lat="30.629852637648582" lon="-95.53592769429088"><ele>96.0</ele></trkpt>
      <trkpt lat="30.62990913167596" lon="-95.53570113144815"><ele>97.0</ele></trkpt>
      <trkpt lat="30.629940815269947" lon="-95.5356486607343"><ele>97.0</ele></trkpt>
      <trkpt lat="30.62995657324791" lon="-95.5356328189373"><ele>97.0</ele></trkpt>
      <trkpt lat="30.63001088798046" lon="-95.53559099324048"><ele>97.0</ele></trkpt>
      <trkpt lat="30.629994459450245" lon="-95.53555821999907"><ele>98.0</ele></trkpt>
      <trkpt lat="30.629988005384803" lon="-95.53555235266685"><ele>98.0</ele></trkpt>
      <trkpt lat="30.62997560016811" lon="-95.53554656915367"><ele>98.0</ele></trkpt>
      <trkpt lat="30.629964116960764" lon="-95.53554019890726"><ele>98.0</ele></trkpt>
      <trkpt lat="30.629907120019197" lon="-95.53551957942545"><ele>98.0</ele></trkpt>
      <trkpt lat="30.62983143143356" lon="-95.53527432493865"><ele>98.0</ele></trkpt>
      <trkpt lat="30.6298413220793" lon="-95.53519796580076"><ele>98.0</ele></trkpt>
      <trkpt lat="30.62983696348965" lon="-95.53517566993833"><ele>98.0</ele></trkpt>
      <trkpt lat="30.629831179976463" lon="-95.53515907377005"><ele>98.0</ele></trkpt>
      <trkpt lat="30.629822965711355" lon="-95.53514692001045"><ele>98.0</ele></trkpt>
      <trkpt lat="30.629761945456266" lon="-95.53502948954701"><ele>98.0</ele></trkpt>
      <trkpt lat="30.6298016756773" lon="-95.5348854046315"><ele>98.0</ele></trkpt>
      <trkpt lat="30.62981986440718" lon="-95.53486403077841"><ele>98.0</ele></trkpt>
      <trkpt lat="30.62968835234642" lon="-95.53467183373868"><ele>97.0</ele></trkpt>
      <trkpt lat="30.629725567996502" lon="-95.53463252261281"><ele>97.0</ele></trkpt>
      <trkpt lat="30.629727076739073" lon="-95.53461592644453"><ele>97.0</ele></trkpt>
      <trkpt lat="30.629637222737074" lon="-95.53457443602383"><ele>96.0</ele></trkpt>
      <trkpt lat="30.62957745976746" lon="-95.53457577712834"><ele>97.0</ele></trkpt>
      <trkpt lat="30.629558684304357" lon="-95.53458633832633"><ele>97.0</ele></trkpt>
      <trkpt lat="30.629525240510702" lon="-95.53458751179278"><ele>97.0</ele></trkpt>
      <trkpt lat="30.629484839737415" lon="-95.53459958173335"><ele>98.0</ele></trkpt>
      <trkpt lat="30.6294596940279" lon="-95.53460058756173"><ele>98.0</ele></trkpt>
      <trkpt lat="30.629437984898686" lon="-95.53460150957108"><ele>98.0</ele></trkpt>
      <trkpt lat="30.629452485591173" lon="-95.5345912836492"><ele>98.0</ele></trkpt>
      <trkpt lat="30.629417533054948" lon="-95.53461123257875"><ele>98.0</ele></trkpt>
      <trkpt lat="30.629381323233247" lon="-95.5345896910876"><ele>99.0</ele></trkpt>
      <trkpt lat="30.629347376525402" lon="-95.5345896910876"><ele>99.0</ele></trkpt>
      <trkpt lat="30.629257187247276" lon="-95.53451626561582"><ele>100.0</ele></trkpt>
      <trkpt lat="30.629224330186844" lon="-95.53450738079846"><ele>100.0</ele></trkpt>
      <trkpt lat="30.629158951342106" lon="-95.5345016811043"><ele>100.0</ele></trkpt>
      <trkpt lat="30.629127100110054" lon="-95.53449531085789"><ele>100.0</ele></trkpt>
      <trkpt lat="30.629097009077668" lon="-95.53448181599379"><ele>100.0</ele></trkpt>
      <trkpt lat="30.629069097340107" lon="-95.5344641301781"><ele>100.0</ele></trkpt>
      <trkpt lat="30.628790063783526" lon="-95.53431250154972"><ele>100.0</ele></trkpt>
      <trkpt lat="30.628736335784197" lon="-95.53427989594638"><ele>100.0</ele></trkpt>
      <trkpt lat="30.62848831526935" lon="-95.53416062146425"><ele>101.0</ele></trkpt>
      <trkpt lat="30.628431821241975" lon="-95.53415265865624"><ele>101.0</ele></trkpt>
      <trkpt lat="30.62837834469974" lon="-95.53412918932736"><ele>101.0</ele></trkpt>
      <trkpt lat="30.628298046067357" lon="-95.5340476334095"><ele>102.0</ele></trkpt>
      <trkpt lat="30.628198804333806" lon="-95.53407068364322"><ele>102.0</ele></trkpt>
      <trkpt lat="30.628136107698083" lon="-95.53405467420816"><ele>102.0</ele></trkpt>
      <trkpt lat="30.628112303093076" lon="-95.53408711217344"><ele>102.0</ele></trkpt>
      <trkpt lat="30.62809838913381" lon="-95.53412139415741"><ele>102.0</ele></trkpt>
      <trkpt lat="30.62805245630443" lon="-95.5341665726155"><ele>102.0</ele></trkpt>
      <trkpt lat="30.62802948988974" lon="-95.53418685682118"><ele>102.0</ele></trkpt>
      <trkpt lat="30.628007780760527" lon="-95.53419926203787"><ele>102.0</ele></trkpt>
      <trkpt lat="30.627987748011947" lon="-95.53422692231834"><ele>102.0</ele></trkpt>
      <trkpt lat="30.627960339188576" lon="-95.53422985598445"><ele>102.0</ele></trkpt>
      <trkpt lat="30.62790577299893" lon="-95.53427025675774"><ele>101.0</ele></trkpt>
      <trkpt lat="30.627467399463058" lon="-95.53363591432571"><ele>103.0</ele></trkpt>
      <trkpt lat="30.627453736960888" lon="-95.53357858210802"><ele>103.0</ele></trkpt>
      <trkpt lat="30.62744745053351" lon="-95.53355201147497"><ele>104.0</ele></trkpt>
      <trkpt lat="30.627403696998954" lon="-95.53353851661086"><ele>104.0</ele></trkpt>
      <trkpt lat="30.62729892320931" lon="-95.53352552466094"><ele>105.0</ele></trkpt>
      <trkpt lat="30.627245362848043" lon="-95.53352795541286"><ele>105.0</ele></trkpt>
      <trkpt lat="30.627192305400968" lon="-95.53352762013674"><ele>105.0</ele></trkpt>
      <trkpt lat="30.62720119021833" lon="-95.53352133370936"><ele>106.0</ele></trkpt>
      <trkpt lat="30.627158107236028" lon="-95.53347690962255"><ele>107.0</ele></trkpt>
      <trkpt lat="30.627079904079437" lon="-95.53335042670369"><ele>108.0</ele></trkpt>
      <trkpt lat="30.62710354104638" lon="-95.5332981236279"><ele>108.0</ele></trkpt>
      <trkpt lat="30.627102283760905" lon="-95.53327457047999"><ele>108.0</ele></trkpt>
      <trkpt lat="30.62708107754588" lon="-95.53317742422223"><ele>108.0</ele></trkpt>
      <trkpt lat="30.627036653459072" lon="-95.53309100680053"><ele>107.0</ele></trkpt>
      <trkpt lat="30.627034474164248" lon="-95.53308270871639"><ele>107.0</ele></trkpt>
      <trkpt lat="30.62703556381166" lon="-95.5329836346209"><ele>107.0</ele></trkpt>
      <trkpt lat="30.627053501084447" lon="-95.53293133154511"><ele>108.0</ele></trkpt>
      <trkpt lat="30.6270644813776" lon="-95.53287617862225"><ele>108.0</ele></trkpt>
      <trkpt lat="30.626982087269425" lon="-95.53286897018552"><ele>108.0</ele></trkpt>
      <trkpt lat="30.626948224380612" lon="-95.53278733044863"><ele>109.0</ele></trkpt>
      <trkpt lat="30.62694177031517" lon="-95.53277743980289"><ele>109.0</ele></trkpt>
      <trkpt lat="30.62687731347978" lon="-95.53265606984496"><ele>108.0</ele></trkpt>
      <trkpt lat="30.62681268900633" lon="-95.53270233795047"><ele>107.0</ele></trkpt>
      <trkpt lat="30.62670665793121" lon="-95.53273770958185"><ele>107.0</ele></trkpt>
      <trkpt lat="30.626681931316853" lon="-95.53274491801858"><ele>106.0</ele></trkpt>
      <trkpt lat="30.626632310450077" lon="-95.53264332935214"><ele>106.0</ele></trkpt>
      <trkpt lat="30.626661060377955" lon="-95.5325985699892"><ele>105.0</ele></trkpt>
      <trkpt lat="30.62674378976226" lon="-95.53259370848536"><ele>105.0</ele></trkpt>
      <trkpt lat="30.626747896894813" lon="-95.53259270265698"><ele>105.0</ele></trkpt>
      <trkpt lat="30.62674772925675" lon="-95.53260812535882"><ele>105.0</ele></trkpt>
      <trkpt lat="30.626739766448736" lon="-95.53265254944563"><ele>105.0</ele></trkpt>
      <trkpt lat="30.626701042056084" lon="-95.53264123387635"><ele>105.0</ele></trkpt>
      <trkpt lat="30.62668042257428" lon="-95.5326265655458"><ele>105.0</ele></trkpt>
      <trkpt lat="30.62665787525475" lon="-95.53260007873178"><ele>105.0</ele></trkpt>
      <trkpt lat="30.6265826895833" lon="-95.53239748813212"><ele>104.0</ele></trkpt>
      <trkpt lat="30.626646978780627" lon="-95.53203798830509"><ele>104.0</ele></trkpt>
      <trkpt lat="30.62665645033121" lon="-95.53203941322863"><ele>103.0</ele></trkpt>
      <trkpt lat="30.626599621027708" lon="-95.53206925280392"><ele>103.0</ele></trkpt>
      <trkpt lat="30.626582354307175" lon="-95.53188753314316"><ele>102.0</ele></trkpt>
      <trkpt lat="30.626611104235053" lon="-95.53172416985035"><ele>101.0</ele></trkpt>
      <trkpt lat="30.62665452249348" lon="-95.53169382736087"><ele>100.0</ele></trkpt>
      <trkpt lat="30.62669349834323" lon="-95.53166516125202"><ele>101.0</ele></trkpt>
      <trkpt lat="30.626722583547235" lon="-95.53162895143032"><ele>101.0</ele></trkpt>
      <trkpt lat="30.626816293224692" lon="-95.53153742104769"><ele>99.0</ele></trkpt>
      <trkpt lat="30.626833979040384" lon="-95.53149442188442"><ele>99.0</ele></trkpt>
      <trkpt lat="30.62689441256225" lon="-95.53141739219427"><ele>99.0</ele></trkpt>
      <trkpt lat="30.62690455466509" lon="-95.53140498697758"><ele>99.0</ele></trkpt>
      <trkpt lat="30.626945290714502" lon="-95.53142845630646"><ele>99.0</ele></trkpt>
      <trkpt lat="30.626947302371264" lon="-95.53140255622566"><ele>99.0</ele></trkpt>
      <trkpt lat="30.626917127519846" lon="-95.53135628812015"><ele>98.0</ele></trkpt>
      <trkpt lat="30.62690857797861" lon="-95.53136131726205"><ele>98.0</ele></trkpt>
      <trkpt lat="30.626885863021016" lon="-95.53135310299695"><ele>98.0</ele></trkpt>
      <trkpt lat="30.626679081469774" lon="-95.53116736002266"><ele>97.0</ele></trkpt>
      <trkpt lat="30.626559052616358" lon="-95.53111773915589"><ele>96.0</ele></trkpt>
      <trkpt lat="30.626348834484816" lon="-95.53073368035257"><ele>96.0</ele></trkpt>
      <trkpt lat="30.626314552500844" lon="-95.53073309361935"><ele>96.0</ele></trkpt>
      <trkpt lat="30.626244815066457" lon="-95.53066679276526"><ele>96.0</ele></trkpt>
      <trkpt lat="30.62622151337564" lon="-95.53060116246343"><ele>96.0</ele></trkpt>
      <trkpt lat="30.626186560839415" lon="-95.53050762042403"><ele>96.0</ele></trkpt>
      <trkpt lat="30.626087486743927" lon="-95.53044123575091"><ele>96.0</ele></trkpt>
      <trkpt lat="30.626010624691844" lon="-95.53038457408547"><ele>97.0</ele></trkpt>
      <trkpt lat="30.625974582508206" lon="-95.5304332729429"><ele>97.0</ele></trkpt>
      <trkpt lat="30.625862516462803" lon="-95.53044299595058"><ele>97.0</ele></trkpt>
      <trkpt lat="30.625835778191686" lon="-95.53047099150717"><ele>97.0</ele></trkpt>
      <trkpt lat="30.62578565441072" lon="-95.53047853522003"><ele>97.0</ele></trkpt>
      <trkpt lat="30.625760592520237" lon="-95.53046663291752"><ele>97.0</ele></trkpt>
      <trkpt lat="30.62573527917266" lon="-95.5304607655853"><ele>97.0</ele></trkpt>
      <trkpt lat="30.625704769045115" lon="-95.5304348655045"><ele>97.0</ele></trkpt>
      <trkpt lat="30.62569814734161" lon="-95.53043520078063"><ele>98.0</ele></trkpt>
      <trkpt lat="30.625699488446116" lon="-95.53042036481202"><ele>98.0</ele></trkpt>
      <trkpt lat="30.625699572265148" lon="-95.53036638535559"><ele>98.0</ele></trkpt>
      <trkpt lat="30.62560820952058" lon="-95.52993496879935"><ele>97.0</ele></trkpt>
      <trkpt lat="30.62554383650422" lon="-95.52988576702774"><ele>96.0</ele></trkpt>
      <trkpt lat="30.625498741865158" lon="-95.52985073067248"><ele>96.0</ele></trkpt>
      <trkpt lat="30.625449875369668" lon="-95.5298291053623"><ele>95.0</ele></trkpt>
      <trkpt lat="30.62541676685214" lon="-95.52965878508985"><ele>94.0</ele></trkpt>
      <trkpt lat="30.62538642436266" lon="-95.52965224720538"><ele>95.0</ele></trkpt>
      <trkpt lat="30.62538642436266" lon="-95.5295595433563"><ele>95.0</ele></trkpt>
      <trkpt lat="30.625301767140627" lon="-95.5293917376548"><ele>95.0</ele></trkpt>
      <trkpt lat="30.625319788232446" lon="-95.52932233549654"><ele>96.0</ele></trkpt>
      <trkpt lat="30.62533806078136" lon="-95.52932610735297"><ele>97.0</ele></trkpt>
      <trkpt lat="30.625455994158983" lon="-95.52914338186383"><ele>96.0</ele></trkpt>
      <trkpt lat="30.62549689784646" lon="-95.52922150120139"><ele>97.0</ele></trkpt>
      <trkpt lat="30.625621117651463" lon="-95.52926382981241"><ele>97.0</ele></trkpt>
      <trkpt lat="30.625594714656472" lon="-95.52918705157936"><ele>97.0</ele></trkpt>
      <trkpt lat="30.625593960285187" lon="-95.52931412123144"><ele>97.0</ele></trkpt>
      <trkpt lat="30.62560980208218" lon="-95.52934295497835"><ele>97.0</ele></trkpt>
      <trkpt lat="30.625663278624415" lon="-95.52936751395464"><ele>96.0</ele></trkpt>
      <trkpt lat="30.625706193968654" lon="-95.52935720421374"><ele>97.0</ele></trkpt>
      <trkpt lat="30.625705774873495" lon="-95.52936525084078"><ele>97.0</ele></trkpt>
      <trkpt lat="30.625661853700876" lon="-95.52928872406483"><ele>98.0</ele></trkpt>
      <trkpt lat="30.625697392970324" lon="-95.52930163219571"><ele>98.0</ele></trkpt>
      <trkpt lat="30.625722371041775" lon="-95.52928637713194"><ele>99.0</ele></trkpt>
      <trkpt lat="30.625714072957635" lon="-95.52921823225915"><ele>99.0</ele></trkpt>
      <trkpt lat="30.625765454024076" lon="-95.52909317426383"><ele>100.0</ele></trkpt>
      <trkpt lat="30.625793281942606" lon="-95.52908412180841"><ele>100.0</ele></trkpt>
      <trkpt lat="30.625820104032755" lon="-95.52908906713128"><ele>100.0</ele></trkpt>
      <trkpt lat="30.625867629423738" lon="-95.52909971214831"><ele>100.0</ele></trkpt>
      <trkpt lat="30.6259489338845" lon="-95.52890315651894"><ele>101.0</ele></trkpt>
      <trkpt lat="30.626118164509535" lon="-95.52883023396134"><ele>102.0</ele></trkpt>
      <trkpt lat="30.626074830070138" lon="-95.52874993532896"><ele>103.0</ele></trkpt>
      <trkpt lat="30.626084972172976" lon="-95.52870006300509"><ele>103.0</ele></trkpt>
      <trkpt lat="30.6261492613703" lon="-95.5286527890712"><ele>103.0</ele></trkpt>
      <trkpt lat="30.626126965507865" lon="-95.5286303255707"><ele>103.0</ele></trkpt>
      <trkpt lat="30.626107770949602" lon="-95.52864834666252"><ele>104.0</ele></trkpt>
      <trkpt lat="30.626092264428735" lon="-95.52863803692162"><ele>103.0</ele></trkpt>
      <trkpt lat="30.62612093053758" lon="-95.52866879850626"><ele>103.0</ele></trkpt>
      <trkpt lat="30.626124870032072" lon="-95.52867055870593"><ele>104.0</ele></trkpt>
      <trkpt lat="30.626131324097514" lon="-95.52867148071527"><ele>104.0</ele></trkpt>
      <trkpt lat="30.626139622181654" lon="-95.52866888232529"><ele>104.0</ele></trkpt>
      <trkpt lat="30.626187650486827" lon="-95.52867634221911"><ele>104.0</ele></trkpt>
      <trkpt lat="30.626209611073136" lon="-95.52867726422846"><ele>104.0</ele></trkpt>
      <trkpt lat="30.62610039487481" lon="-95.52860023453832"><ele>104.0</ele></trkpt>
      <trkpt lat="30.62600794248283" lon="-95.52859872579575"><ele>105.0</ele></trkpt>
      <trkpt lat="30.62589704990387" lon="-95.52853100001812"><ele>105.0</ele></trkpt>
      <trkpt lat="30.625769225880504" lon="-95.52844148129225"><ele>104.0</ele></trkpt>
      <trkpt lat="30.625726394355297" lon="-95.52841608412564"><ele>104.0</ele></trkpt>
      <trkpt lat="30.625583650544286" lon="-95.52846654318273"><ele>104.0</ele></trkpt>
      <trkpt lat="30.625364128500223" lon="-95.52856201305985"><ele>103.0</ele></trkpt>
      <trkpt lat="30.625299839302897" lon="-95.52858397364616"><ele>102.0</ele></trkpt>
      <trkpt lat="30.625140331685543" lon="-95.52852714434266"><ele>101.0</ele></trkpt>
      <trkpt lat="30.62490899115801" lon="-95.52843930199742"><ele>100.0</ele></trkpt>
      <trkpt lat="30.6249594502151" lon="-95.52848448045552"><ele>100.0</ele></trkpt>
      <trkpt lat="30.62495148740709" lon="-95.52850535139441"><ele>100.0</ele></trkpt>
      <trkpt lat="30.62495157122612" lon="-95.52853368222713"><ele>100.0</ele></trkpt>
      <trkpt lat="30.624942183494568" lon="-95.52856746129692"><ele>100.0</ele></trkpt>
      <trkpt lat="30.624921144917607" lon="-95.52857584320009"><ele>100.0</ele></trkpt>
      <trkpt lat="30.624905303120613" lon="-95.52859109826386"><ele>99.0</ele></trkpt>
      <trkpt lat="30.624876217916608" lon="-95.52858833223581"><ele>99.0</ele></trkpt>
      <trkpt lat="30.624849647283554" lon="-95.52864943630993"><ele>98.0</ele></trkpt>
      <trkpt lat="30.624599531292915" lon="-95.5287257116288"><ele>97.0</ele></trkpt>
      <trkpt lat="30.624228045344353" lon="-95.5289014801383"><ele>95.0</ele></trkpt>
      <trkpt lat="30.623975917696953" lon="-95.5289583094418"><ele>92.0</ele></trkpt>
      <trkpt lat="30.62384725548327" lon="-95.52896811626852"><ele>91.0</ele></trkpt>
      <trkpt lat="30.623824037611485" lon="-95.52900063805282"><ele>91.0</ele></trkpt>
      <trkpt lat="30.62370451167226" lon="-95.52904799580574"><ele>90.0</ele></trkpt>
      <trkpt lat="30.62354383058846" lon="-95.52909987978637"><ele>89.0</ele></trkpt>
      <trkpt lat="30.623350040987134" lon="-95.5290468223393"><ele>88.0</ele></trkpt>
      <trkpt lat="30.623307963833213" lon="-95.52901681512594"><ele>88.0</ele></trkpt>
      <trkpt lat="30.623307125642896" lon="-95.52903005853295"><ele>88.0</ele></trkpt>
      <trkpt lat="30.62330385670066" lon="-95.52901916205883"><ele>88.0</ele></trkpt>
      <trkpt lat="30.623278208076954" lon="-95.52908906713128"><ele>88.0</ele></trkpt>
      <trkpt lat="30.623270077630877" lon="-95.52909292280674"><ele>88.0</ele></trkpt>
      <trkpt lat="30.623264210298657" lon="-95.52920607849956"><ele>88.0</ele></trkpt>
      <trkpt lat="30.623261192813516" lon="-95.5292159691453"><ele>88.0</ele></trkpt>
      <trkpt lat="30.62324627302587" lon="-95.52924413233995"><ele>88.0</ele></trkpt>
      <trkpt lat="30.623296732082963" lon="-95.52896928973496"><ele>89.0</ele></trkpt>
      <trkpt lat="30.623360266909003" lon="-95.52901513874531"><ele>89.0</ele></trkpt>
      <trkpt lat="30.62335087917745" lon="-95.52892218343914"><ele>87.0</ele></trkpt>
      <trkpt lat="30.623350543901324" lon="-95.52883744239807"><ele>87.0</ele></trkpt>
      <trkpt lat="30.623408211395144" lon="-95.5286599136889"><ele>86.0</ele></trkpt>
      <trkpt lat="30.623555229976773" lon="-95.52846922539175"><ele>86.0</ele></trkpt>
      <trkpt lat="30.623531341552734" lon="-95.52848783321679"><ele>86.0</ele></trkpt>
      <trkpt lat="30.62346319667995" lon="-95.52849487401545"><ele>86.0</ele></trkpt>
      <trkpt lat="30.623449869453907" lon="-95.52843351848423"><ele>86.0</ele></trkpt>
      <trkpt lat="30.623441319912672" lon="-95.52842329256237"><ele>86.0</ele></trkpt>
      <trkpt lat="30.62344408594072" lon="-95.52841692231596"><ele>86.0</ele></trkpt>
      <trkpt lat="30.623443331569433" lon="-95.52839965559542"><ele>86.0</ele></trkpt>
      <trkpt lat="30.623447690159082" lon="-95.5283417366445"><ele>86.0</ele></trkpt>
      <trkpt lat="30.623443415388465" lon="-95.52830024622381"><ele>86.0</ele></trkpt>
      <trkpt lat="30.623467722907662" lon="-95.52817669697106"><ele>86.0</ele></trkpt>
      <trkpt lat="30.623464537784457" lon="-95.52815121598542"><ele>86.0</ele></trkpt>
      <trkpt lat="30.623201094567776" lon="-95.52778299897909"><ele>86.0</ele></trkpt>
      <trkpt lat="30.623144851997495" lon="-95.5276239104569"><ele>87.0</ele></trkpt>
      <trkpt lat="30.623161364346743" lon="-95.52753187716007"><ele>86.0</ele></trkpt>
      <trkpt lat="30.62287679873407" lon="-95.52731361240149"><ele>86.0</ele></trkpt>
      <trkpt lat="30.62261000275612" lon="-95.52717681974173"><ele>86.0</ele></trkpt>
      <trkpt lat="30.62261888757348" lon="-95.5271955113858"><ele>86.0</ele></trkpt>
      <trkpt lat="30.62261645682156" lon="-95.52722920663655"><ele>86.0</ele></trkpt>
      <trkpt lat="30.62261058948934" lon="-95.52723188884556"><ele>86.0</ele></trkpt>
      <trkpt lat="30.622605560347438" lon="-95.52725871093571"><ele>86.0</ele></trkpt>
      <trkpt lat="30.622591730207205" lon="-95.52729047834873"><ele>86.0</ele></trkpt>
      <trkpt lat="30.622582007199526" lon="-95.52730129100382"><ele>86.0</ele></trkpt>
      <trkpt lat="30.622578151524067" lon="-95.52731319330633"><ele>86.0</ele></trkpt>
      <trkpt lat="30.622561974450946" lon="-95.52731378003955"><ele>87.0</ele></trkpt>
      <trkpt lat="30.62232376076281" lon="-95.52724555134773"><ele>87.0</ele></trkpt>
      <trkpt lat="30.622298112139106" lon="-95.5272509995848"><ele>88.0</ele></trkpt>
      <trkpt lat="30.622073225677013" lon="-95.52709777839482"><ele>90.0</ele></trkpt>
      <trkpt lat="30.621987646445632" lon="-95.52710205316544"><ele>92.0</ele></trkpt>
      <trkpt lat="30.621964763849974" lon="-95.52710213698447"><ele>92.0</ele></trkpt>
      <trkpt lat="30.62194154597819" lon="-95.52709450945258"><ele>92.0</ele></trkpt>
      <trkpt lat="30.621918914839625" lon="-95.52710238844156"><ele>93.0</ele></trkpt>
      <trkpt lat="30.62187465839088" lon="-95.52710582502186"><ele>93.0</ele></trkpt>
      <trkpt lat="30.621827132999897" lon="-95.52710347808897"><ele>93.0</ele></trkpt>
      <trkpt lat="30.62178622931242" lon="-95.52707338705659"><ele>93.0</ele></trkpt>
      <trkpt lat="30.621721353381872" lon="-95.5269367620349"><ele>94.0</ele></trkpt>
      <trkpt lat="30.621670726686716" lon="-95.52694765850902"><ele>95.0</ele></trkpt>
      <trkpt lat="30.6216162443161" lon="-95.52696785889566"><ele>95.0</ele></trkpt>
      <trkpt lat="30.62150426208973" lon="-95.52697992883623"><ele>94.0</ele></trkpt>
      <trkpt lat="30.621484145522118" lon="-95.52697783336043"><ele>95.0</ele></trkpt>
      <trkpt lat="30.621462520211935" lon="-95.52688336931169"><ele>95.0</ele></trkpt>
      <trkpt lat="30.621403260156512" lon="-95.52683508954942"><ele>95.0</ele></trkpt>
      <trkpt lat="30.621382305398583" lon="-95.52681966684759"><ele>95.0</ele></trkpt>
      <trkpt lat="30.6213693972677" lon="-95.52682821638882"><ele>94.0</ele></trkpt>
      <trkpt lat="30.6213313434273" lon="-95.52682008594275"><ele>94.0</ele></trkpt>
      <trkpt lat="30.62129077501595" lon="-95.52683056332171"><ele>94.0</ele></trkpt>
      <trkpt lat="30.621265713125467" lon="-95.52684313617647"><ele>94.0</ele></trkpt>
      <trkpt lat="30.621252469718456" lon="-95.5268500931561"><ele>94.0</ele></trkpt>
      <trkpt lat="30.621215337887406" lon="-95.52686803042889"><ele>94.0</ele></trkpt>
      <trkpt lat="30.62099170871079" lon="-95.52683282643557"><ele>95.0</ele></trkpt>
      <trkpt lat="30.620953990146518" lon="-95.5268276296556"><ele>95.0</ele></trkpt>
      <trkpt lat="30.62090470455587" lon="-95.52687272429466"><ele>96.0</ele></trkpt>
      <trkpt lat="30.62084326520562" lon="-95.52686979062855"><ele>97.0</ele></trkpt>
      <trkpt lat="30.62084653414786" lon="-95.52689066156745"><ele>97.0</ele></trkpt>
      <trkpt lat="30.620842343196273" lon="-95.52691597491503"><ele>97.0</ele></trkpt>
      <trkpt lat="30.62075760215521" lon="-95.52691371180117"><ele>99.0</ele></trkpt>
      <trkpt lat="30.620657689869404" lon="-95.52693818695843"><ele>100.0</ele></trkpt>
      <trkpt lat="30.62065123580396" lon="-95.52691966295242"><ele>101.0</ele></trkpt>
      <trkpt lat="30.620640171691775" lon="-95.52690055221319"><ele>101.0</ele></trkpt>
      <trkpt lat="30.620611170306802" lon="-95.52692083641887"><ele>102.0</ele></trkpt>
      <trkpt lat="30.620627012103796" lon="-95.52693910896778"><ele>103.0</ele></trkpt>
      <trkpt lat="30.620608488097787" lon="-95.5269521009177"><ele>103.0</ele></trkpt>
      <trkpt lat="30.620566494762897" lon="-95.52695411257446"><ele>103.0</ele></trkpt>
      <trkpt lat="30.620512180030346" lon="-95.52691094577312"><ele>104.0</ele></trkpt>
      <trkpt lat="30.620399862527847" lon="-95.52684967406094"><ele>105.0</ele></trkpt>
      <trkpt lat="30.6200448051095" lon="-95.5267533659935"><ele>106.0</ele></trkpt>
      <trkpt lat="30.61998655088246" lon="-95.52673945203424"><ele>106.0</ele></trkpt>
      <trkpt lat="30.619992082938552" lon="-95.5267464928329"><ele>106.0</ele></trkpt>
      <trkpt lat="30.619974983856082" lon="-95.52672226913273"><ele>106.0</ele></trkpt>
      <trkpt lat="30.61995721422136" lon="-95.52673207595944"><ele>106.0</ele></trkpt>
      <trkpt lat="30.61991966329515" lon="-95.52675118669868"><ele>106.0</ele></trkpt>
      <trkpt lat="30.619872473180294" lon="-95.52682369016111"><ele>106.0</ele></trkpt>
      <trkpt lat="30.619617411866784" lon="-95.52686945535243"><ele>106.0</ele></trkpt>
      <trkpt lat="30.61955278739333" lon="-95.52690834738314"><ele>106.0</ele></trkpt>
      <trkpt lat="30.61945446766913" lon="-95.52700700238347"><ele>106.0</ele></trkpt>
      <trkpt lat="30.619255481287837" lon="-95.52708772011101"><ele>107.0</ele></trkpt>
      <trkpt lat="30.619106953963637" lon="-95.52702309563756"><ele>107.0</ele></trkpt>
      <trkpt lat="30.61838141642511" lon="-95.52688278257847"><ele>106.0</ele></trkpt>
      <trkpt lat="30.618318049237132" lon="-95.52691170014441"><ele>105.0</ele></trkpt>
      <trkpt lat="30.618308829143643" lon="-95.52692687138915"><ele>105.0</ele></trkpt>
      <trkpt lat="30.61827597208321" lon="-95.52699040621519"><ele>105.0</ele></trkpt>
      <trkpt lat="30.61826230958104" lon="-95.52700473926961"><ele>105.0</ele></trkpt>
      <trkpt lat="30.618217634037137" lon="-95.52701018750668"><ele>104.0</ele></trkpt>
      <trkpt lat="30.618202798068523" lon="-95.52700608037412"><ele>104.0</ele></trkpt>
      <trkpt lat="30.61818988993764" lon="-95.52698479034007"><ele>104.0</ele></trkpt>
      <trkpt lat="30.618029627949" lon="-95.5268741492182"><ele>103.0</ele></trkpt>
      <trkpt lat="30.618006074801087" lon="-95.52672436460853"><ele>103.0</ele></trkpt>
      <trkpt lat="30.617830557748675" lon="-95.52646368741989"><ele>102.0</ele></trkpt>
      <trkpt lat="30.61777657829225" lon="-95.52639906294644"><ele>102.0</ele></trkpt>
      <trkpt lat="30.617704577744007" lon="-95.52635916508734"><ele>102.0</ele></trkpt>
      <trkpt lat="30.617705499753356" lon="-95.52629579789937"><ele>102.0</ele></trkpt>
      <trkpt lat="30.61770709231496" lon="-95.52623402327299"><ele>102.0</ele></trkpt>
      <trkpt lat="30.617710696533322" lon="-95.52620569244027"><ele>102.0</ele></trkpt>
      <trkpt lat="30.617663003504276" lon="-95.52611441351473"><ele>102.0</ele></trkpt>
      <trkpt lat="30.6176670268178" lon="-95.52605372853577"><ele>102.0</ele></trkpt>
      <trkpt lat="30.61767398379743" lon="-95.52602187730372"><ele>103.0</ele></trkpt>
      <trkpt lat="30.617699213325977" lon="-95.52592607215047"><ele>103.0</ele></trkpt>
      <trkpt lat="30.61776283197105" lon="-95.52573689259589"><ele>103.0</ele></trkpt>
      <trkpt lat="30.61773844063282" lon="-95.52563547156751"><ele>103.0</ele></trkpt>
      <trkpt lat="30.617748918011785" lon="-95.52548736333847"><ele>103.0</ele></trkpt>
      <trkpt lat="30.61776392161846" lon="-95.52546883933246"><ele>103.0</ele></trkpt>
      <trkpt lat="30.617780098691583" lon="-95.52546397782862"><ele>103.0</ele></trkpt>
      <trkpt lat="30.617784708738327" lon="-95.52545584738255"><ele>103.0</ele></trkpt>
      <trkpt lat="30.61778588220477" lon="-95.5254496447742"><ele>103.0</ele></trkpt>
      <trkpt lat="30.61778345145285" lon="-95.52543631754816"><ele>103.0</ele></trkpt>
      <trkpt lat="30.617827204987407" lon="-95.52545350044966"><ele>103.0</ele></trkpt>
      <trkpt lat="30.617766017094254" lon="-95.52518502809107"><ele>103.0</ele></trkpt>
      <trkpt lat="30.61762511730194" lon="-95.52489987574518"><ele>102.0</ele></trkpt>
      <trkpt lat="30.617628302425146" lon="-95.52483248524368"><ele>102.0</ele></trkpt>
      <trkpt lat="30.617679515853524" lon="-95.52460609003901"><ele>100.0</ele></trkpt>
      <trkpt lat="30.61765437014401" lon="-95.52444742061198"><ele>99.0</ele></trkpt>
      <trkpt lat="30.617583207786083" lon="-95.52427156828344"><ele>96.0</ele></trkpt>
      <trkpt lat="30.61743007041514" lon="-95.52418045699596"><ele>94.0</ele></trkpt>
      <trkpt lat="30.617404924705625" lon="-95.52416235208511"><ele>94.0</ele></trkpt>
      <trkpt lat="30.617296881973743" lon="-95.52408456802368"><ele>94.0</ele></trkpt>
      <trkpt lat="30.617293613031507" lon="-95.52410527132452"><ele>94.0</ele></trkpt>
      <trkpt lat="30.6172335986048" lon="-95.52402681671083"><ele>93.0</ele></trkpt>
      <trkpt lat="30.6172058545053" lon="-95.52399488165975"><ele>93.0</ele></trkpt>
      <trkpt lat="30.61719940043986" lon="-95.52398348227143"><ele>93.0</ele></trkpt>
      <trkpt lat="30.617146510630846" lon="-95.52387946285307"><ele>92.0</ele></trkpt>
      <trkpt lat="30.61672649346292" lon="-95.52332885563374"><ele>91.0</ele></trkpt>
      <trkpt lat="30.616707298904657" lon="-95.52325769327581"><ele>91.0</ele></trkpt>
      <trkpt lat="30.61654284596443" lon="-95.52304722368717"><ele>91.0</ele></trkpt>
      <trkpt lat="30.61649003997445" lon="-95.52300657145679"><ele>91.0</ele></trkpt>
      <trkpt lat="30.616489872336388" lon="-95.52297061309218"><ele>91.0</ele></trkpt>
      <trkpt lat="30.616480484604836" lon="-95.52295845933259"><ele>91.0</ele></trkpt>
      <trkpt lat="30.616192063316703" lon="-95.52259661257267"><ele>91.0</ele></trkpt>
      <trkpt lat="30.616114111617208" lon="-95.52255855873227"><ele>92.0</ele></trkpt>
      <trkpt lat="30.61619290150702" lon="-95.52257146686316"><ele>92.0</ele></trkpt>
      <trkpt lat="30.616256184875965" lon="-95.52258219569921"><ele>92.0</ele></trkpt>
      <trkpt lat="30.6162803247571" lon="-95.52256543189287"><ele>92.0</ele></trkpt>
      <trkpt lat="30.616301111876965" lon="-95.5225396156311"><ele>92.0</ele></trkpt>
      <trkpt lat="30.616295831277966" lon="-95.52248798310757"><ele>92.0</ele></trkpt>
      <trkpt lat="30.616268925368786" lon="-95.52229125984013"><ele>91.0</ele></trkpt>
      <trkpt lat="30.61626766808331" lon="-95.5222288146615"><ele>92.0</ele></trkpt>
      <trkpt lat="30.616301111876965" lon="-95.5221841391176"><ele>91.0</ele></trkpt>
      <trkpt lat="30.61631024815142" lon="-95.52215597592294"><ele>91.0</ele></trkpt>
      <trkpt lat="30.61630873940885" lon="-95.52212513051927"><ele>90.0</ele></trkpt>
      <trkpt lat="30.616277055814862" lon="-95.52204458042979"><ele>89.0</ele></trkpt>
      <trkpt lat="30.616225423291326" lon="-95.52197861485183"><ele>88.0</ele></trkpt>
      <trkpt lat="30.61623338609934" lon="-95.52186721935868"><ele>88.0</ele></trkpt>
      <trkpt lat="30.61625249683857" lon="-95.52184894680977"><ele>88.0</ele></trkpt>
      <trkpt lat="30.616189381107688" lon="-95.52146153524518"><ele>92.0</ele></trkpt>
      <trkpt lat="30.61618267558515" lon="-95.52131988108158"><ele>92.0</ele></trkpt>
      <trkpt lat="30.61616012826562" lon="-95.52127042785287"><ele>92.0</ele></trkpt>
      <trkpt lat="30.616123415529728" lon="-95.5212063062936"><ele>93.0</ele></trkpt>
      <trkpt lat="30.616120900958776" lon="-95.52118401043117"><ele>93.0</ele></trkpt>
      <trkpt lat="30.61609466560185" lon="-95.52117395214736"><ele>93.0</ele></trkpt>
      <trkpt lat="30.616098772734404" lon="-95.5211700964719"><ele>92.0</ele></trkpt>
      <trkpt lat="30.616076560691" lon="-95.52112424746156"><ele>92.0</ele></trkpt>
      <trkpt lat="30.61607371084392" lon="-95.52110572345555"><ele>92.0</ele></trkpt>
      <trkpt lat="30.61607421375811" lon="-95.52108225412667"><ele>92.0</ele></trkpt>
      <trkpt lat="30.61606683768332" lon="-95.52104554139078"><ele>91.0</ele></trkpt>
      <trkpt lat="30.61604001559317" lon="-95.52093624137342"><ele>91.0</ele></trkpt>
      <trkpt lat="30.616004643961787" lon="-95.5208650790155"><ele>90.0</ele></trkpt>
      <trkpt lat="30.61598184518516" lon="-95.52063281647861"><ele>89.0</ele></trkpt>
      <trkpt lat="30.616015372797847" lon="-95.52053483203053"><ele>88.0</ele></trkpt>
      <trkpt lat="30.616031801328063" lon="-95.52036476321518"><ele>88.0</ele></trkpt>
      <trkpt lat="30.616007493808866" lon="-95.52015085704625"><ele>88.0</ele></trkpt>
      <trkpt lat="30.615999111905694" lon="-95.51998087204993"><ele>88.0</ele></trkpt>
      <trkpt lat="30.61601897701621" lon="-95.52005278877914"><ele>88.0</ele></trkpt>
      <trkpt lat="30.616047643125057" lon="-95.52013258449733"><ele>88.0</ele></trkpt>
      <trkpt lat="30.616069519892335" lon="-95.5202120449394"><ele>88.0</ele></trkpt>
      <trkpt lat="30.616218969225883" lon="-95.52042762748897"><ele>88.0</ele></trkpt>
      <trkpt lat="30.61621041968465" lon="-95.52038161084056"><ele>88.0</ele></trkpt>
      <trkpt lat="30.61625006608665" lon="-95.52035562694073"><ele>88.0</ele></trkpt>
      <trkpt lat="30.616311253979802" lon="-95.52037021145225"><ele>88.0</ele></trkpt>
      <trkpt lat="30.616468749940395" lon="-95.52041446790099"><ele>89.0</ele></trkpt>
      <trkpt lat="30.616695396602154" lon="-95.52049593999982"><ele>91.0</ele></trkpt>
      <trkpt lat="30.61672850511968" lon="-95.52050809375942"><ele>91.0</ele></trkpt>
      <trkpt lat="30.61676169745624" lon="-95.52051530219615"><ele>91.0</ele></trkpt>
      <trkpt lat="30.616794135421515" lon="-95.52051974460483"><ele>91.0</ele></trkpt>
      <trkpt lat="30.61682523228228" lon="-95.52052728831768"><ele>92.0</ele></trkpt>
      <trkpt lat="30.616883570328355" lon="-95.52054589614272"><ele>92.0</ele></trkpt>
      <trkpt lat="30.616909470409155" lon="-95.52055779844522"><ele>92.0</ele></trkpt>
      <trkpt lat="30.61696101911366" lon="-95.52057682536542"><ele>93.0</ele></trkpt>
      <trkpt lat="30.616987757384777" lon="-95.52057883702219"><ele>93.0</ele></trkpt>
      <trkpt lat="30.617066798731685" lon="-95.52057204768062"><ele>94.0</ele></trkpt>
      <trkpt lat="30.617117257788777" lon="-95.52055804990232"><ele>94.0</ele></trkpt>
      <trkpt lat="30.617214404046535" lon="-95.52052393555641"><ele>96.0</ele></trkpt>
      <trkpt lat="30.617239382117987" lon="-95.52051907405257"><ele>96.0</ele></trkpt>
      <trkpt lat="30.617342898622155" lon="-95.52052586339414"><ele>97.0</ele></trkpt>
      <trkpt lat="30.617602905258536" lon="-95.52049954421818"><ele>96.0</ele></trkpt>
      <trkpt lat="30.617620423436165" lon="-95.52050055004656"><ele>96.0</ele></trkpt>
      <trkpt lat="30.617612628266215" lon="-95.52047087810934"><ele>95.0</ele></trkpt>
      <trkpt lat="30.61759519390762" lon="-95.5204639211297"><ele>95.0</ele></trkpt>
      <trkpt lat="30.617562839761376" lon="-95.52044807933271"><ele>94.0</ele></trkpt>
      <trkpt lat="30.617572981864214" lon="-95.52044548094273"><ele>94.0</ele></trkpt>
      <trkpt lat="30.617585303261876" lon="-95.52043952979147"><ele>95.0</ele></trkpt>
      <trkpt lat="30.617668787017465" lon="-95.52049887366593"><ele>94.0</ele></trkpt>
      <trkpt lat="30.61795494519174" lon="-95.52056333050132"><ele>95.0</ele></trkpt>
      <trkpt lat="30.618261974304914" lon="-95.52053642459214"><ele>95.0</ele></trkpt>
      <trkpt lat="30.618673274293542" lon="-95.52061965689063"><ele>95.0</ele></trkpt>
      <trkpt lat="30.618837978690863" lon="-95.52060725167394"><ele>95.0</ele></trkpt>
      <trkpt lat="30.61907929368317" lon="-95.52064237184823"><ele>94.0</ele></trkpt>
      <trkpt lat="30.619089351966977" lon="-95.52064840681851"><ele>94.0</ele></trkpt>
      <trkpt lat="30.619087927043438" lon="-95.52066458389163"><ele>94.0</ele></trkpt>
      <trkpt lat="30.61915439553559" lon="-95.52069869823754"><ele>94.0</ele></trkpt>
      <trkpt lat="30.61917166225612" lon="-95.5207075830549"><ele>95.0</ele></trkpt>
      <trkpt lat="30.619249446317554" lon="-95.52073826082051"><ele>95.0</ele></trkpt>
      <trkpt lat="30.619253888726234" lon="-95.5207440443337"><ele>95.0</ele></trkpt>
      <trkpt lat="30.61991580761969" lon="-95.52059920504689"><ele>98.0</ele></trkpt>
      <trkpt lat="30.619989903643727" lon="-95.5205622408539"><ele>98.0</ele></trkpt>
      <trkpt lat="30.619995770975947" lon="-95.52055025473237"><ele>99.0</ele></trkpt>
      <trkpt lat="30.620008846744895" lon="-95.52053919062018"><ele>99.0</ele></trkpt>
      <trkpt lat="30.620043044909835" lon="-95.52053072489798"><ele>100.0</ele></trkpt>
      <trkpt lat="30.620096353814006" lon="-95.52051530219615"><ele>101.0</ele></trkpt>
      <trkpt lat="30.620164582505822" lon="-95.52050331607461"><ele>102.0</ele></trkpt>
      <trkpt lat="30.620185788720846" lon="-95.5204868875444"><ele>102.0</ele></trkpt>
      <trkpt lat="30.620209760963917" lon="-95.52047255448997"><ele>102.0</ele></trkpt>
      <trkpt lat="30.620299028232694" lon="-95.52044925279915"><ele>102.0</ele></trkpt>
      <trkpt lat="30.620554173365235" lon="-95.52041329443455"><ele>103.0</ele></trkpt>
      <trkpt lat="30.620541097596288" lon="-95.52040675655007"><ele>103.0</ele></trkpt>
      <trkpt lat="30.620545875281096" lon="-95.52041932940483"><ele>103.0</ele></trkpt>
      <trkpt lat="30.620548641309142" lon="-95.52041388116777"><ele>103.0</ele></trkpt>
      <trkpt lat="30.620553083717823" lon="-95.52041362971067"><ele>103.0</ele></trkpt>
      <trkpt lat="30.620545875281096" lon="-95.52039770409465"><ele>103.0</ele></trkpt>
      <trkpt lat="30.620575128123164" lon="-95.5203867238015"><ele>103.0</ele></trkpt>
      <trkpt lat="30.620589461177588" lon="-95.5203896574676"><ele>103.0</ele></trkpt>
      <trkpt lat="30.620657186955214" lon="-95.52043307572603"><ele>103.0</ele></trkpt>
      <trkpt lat="30.62071510590613" lon="-95.5204229336232"><ele>103.0</ele></trkpt>
      <trkpt lat="30.62125657685101" lon="-95.52022478543222"><ele>105.0</ele></trkpt>
      <trkpt lat="30.62163175083697" lon="-95.52008086815476"><ele>106.0</ele></trkpt>
      <trkpt lat="30.621677180752158" lon="-95.52007550373673"><ele>107.0</ele></trkpt>
      <trkpt lat="30.621798634529114" lon="-95.52007340826094"><ele>106.0</ele></trkpt>
      <trkpt lat="30.622062580659986" lon="-95.51991540938616"><ele>106.0</ele></trkpt>
      <trkpt lat="30.62203844077885" lon="-95.5198890902102"><ele>106.0</ele></trkpt>
      <trkpt lat="30.62202863395214" lon="-95.5198634415865"><ele>106.0</ele></trkpt>
      <trkpt lat="30.62208093702793" lon="-95.51986042410135"><ele>107.0</ele></trkpt>
      <trkpt lat="30.62218051403761" lon="-95.51995798945427"><ele>106.0</ele></trkpt>
      <trkpt lat="30.622198451310396" lon="-95.51995421759784"><ele>107.0</ele></trkpt>
      <trkpt lat="30.622237846255302" lon="-95.519909709692"><ele>107.0</ele></trkpt>
      <trkpt lat="30.62222510576248" lon="-95.51994508132339"><ele>107.0</ele></trkpt>
      <trkpt lat="30.622460888698697" lon="-95.51969211548567"><ele>107.0</ele></trkpt>
      <trkpt lat="30.622519310563803" lon="-95.51971860229969"><ele>108.0</ele></trkpt>
      <trkpt lat="30.622713016346097" lon="-95.51948650740087"><ele>109.0</ele></trkpt>
      <trkpt lat="30.622791219502687" lon="-95.51931166090071"><ele>109.0</ele></trkpt>
      <trkpt lat="30.622794656082988" lon="-95.51927327178419"><ele>108.0</ele></trkpt>
      <trkpt lat="30.6228044629097" lon="-95.51923387683928"><ele>108.0</ele></trkpt>
      <trkpt lat="30.623357333242893" lon="-95.51861294545233"><ele>108.0</ele></trkpt>
      <trkpt lat="30.62337577342987" lon="-95.5186527594924"><ele>108.0</ele></trkpt>
      <trkpt lat="30.623452216386795" lon="-95.51886700093746"><ele>109.0</ele></trkpt>
      <trkpt lat="30.623485576361418" lon="-95.51896615885198"><ele>109.0</ele></trkpt>
      <trkpt lat="30.623560762032866" lon="-95.51901552826166"><ele>109.0</ele></trkpt>
      <trkpt lat="30.623558247461915" lon="-95.51900186575949"><ele>109.0</ele></trkpt>
      <trkpt lat="30.623573921620846" lon="-95.5189722776413"><ele>109.0</ele></trkpt>
      <trkpt lat="30.623580878600478" lon="-95.5189514067024"><ele>109.0</ele></trkpt>
      <trkpt lat="30.624287724494934" lon="-95.51878058351576"><ele>108.0</ele></trkpt>
      <trkpt lat="30.624374812468886" lon="-95.5187542643398"><ele>108.0</ele></trkpt>
      <trkpt lat="30.62444052658975" lon="-95.51861772313714"><ele>109.0</ele></trkpt>
      <trkpt lat="30.624428372830153" lon="-95.51852493546903"><ele>110.0</ele></trkpt>
      <trkpt lat="30.62442434951663" lon="-95.51852694712579"><ele>111.0</ele></trkpt>
      <trkpt lat="30.624431306496263" lon="-95.51853507757187"><ele>112.0</ele></trkpt>
      <trkpt lat="30.62459240667522" lon="-95.51839367486537"><ele>113.0</ele></trkpt>
      <trkpt lat="30.62474244274199" lon="-95.5182851292193"><ele>113.0</ele></trkpt>
      <trkpt lat="30.624781167134643" lon="-95.51832720637321"><ele>113.0</ele></trkpt>
      <trkpt lat="30.624797511845827" lon="-95.51833399571478"><ele>113.0</ele></trkpt>
      <trkpt lat="30.62482592649758" lon="-95.51834204234183"><ele>113.0</ele></trkpt>
      <trkpt lat="30.62482894398272" lon="-95.5183453951031"><ele>113.0</ele></trkpt>
      <trkpt lat="30.62491158954799" lon="-95.51836215890944"><ele>114.0</ele></trkpt>
      <trkpt lat="30.624944362789392" lon="-95.51835679449141"><ele>114.0</ele></trkpt>
      <trkpt lat="30.625170757994056" lon="-95.51809905096889"><ele>114.0</ele></trkpt>
      <trkpt lat="30.62519238330424" lon="-95.51805295050144"><ele>114.0</ele></trkpt>
      <trkpt lat="30.625301264226437" lon="-95.51792562939227"><ele>114.0</ele></trkpt>
      <trkpt lat="30.625386089086533" lon="-95.51779084838927"><ele>114.0</ele></trkpt>
      <trkpt lat="30.625499999150634" lon="-95.51767786033452"><ele>114.0</ele></trkpt>
      <trkpt lat="30.62569973990321" lon="-95.5174798797816"><ele>113.0</ele></trkpt>
      <trkpt lat="30.626017162576318" lon="-95.51716857589781"><ele>112.0</ele></trkpt>
      <trkpt lat="30.62602604739368" lon="-95.5171550810337"><ele>112.0</ele></trkpt>
      <trkpt lat="30.62603929080069" lon="-95.51703253760934"><ele>112.0</ele></trkpt>
      <trkpt lat="30.62605245038867" lon="-95.51699574105442"><ele>112.0</ele></trkpt>
      <trkpt lat="30.626093856990337" lon="-95.5169288534671"><ele>112.0</ele></trkpt>
      <trkpt lat="30.62644924968481" lon="-95.51651604473591"><ele>111.0</ele></trkpt>
      <trkpt lat="30.62647121027112" lon="-95.51649768836796"><ele>110.0</ele></trkpt>
      <trkpt lat="30.626487722620368" lon="-95.51641847938299"><ele>110.0</ele></trkpt>
      <trkpt lat="30.62660406343639" lon="-95.51628981716931"><ele>109.0</ele></trkpt>
      <trkpt lat="30.62662124633789" lon="-95.51622536033392"><ele>108.0</ele></trkpt>
      <trkpt lat="30.626912601292133" lon="-95.51600256934762"><ele>108.0</ele></trkpt>
      <trkpt lat="30.627114856615663" lon="-95.51574281416833"><ele>108.0</ele></trkpt>
      <trkpt lat="30.627191718667746" lon="-95.51576125435531"><ele>108.0</ele></trkpt>
      <trkpt lat="30.6271958258003" lon="-95.51575924269855"><ele>108.0</ele></trkpt>
      <trkpt lat="30.62720848247409" lon="-95.51574901677668"><ele>108.0</ele></trkpt>
      <trkpt lat="30.627365559339523" lon="-95.51553385332227"><ele>109.0</ele></trkpt>
      <trkpt lat="30.627533616498113" lon="-95.51529480144382"><ele>108.0</ele></trkpt>
      <trkpt lat="30.627794964239" lon="-95.51514686085284"><ele>109.0</ele></trkpt>
      <trkpt lat="30.62779873609543" lon="-95.51514501683414"><ele>109.0</ele></trkpt>
      <trkpt lat="30.62781290151179" lon="-95.51511375233531"><ele>109.0</ele></trkpt>
      <trkpt lat="30.627830419689417" lon="-95.5150777939707"><ele>109.0</ele></trkpt>
      <trkpt lat="30.627935780212283" lon="-95.51484243012965"><ele>110.0</ele></trkpt>
      <trkpt lat="30.62810174189508" lon="-95.51457571797073"><ele>109.0</ele></trkpt>
      <trkpt lat="30.62812177464366" lon="-95.51460295915604"><ele>109.0</ele></trkpt>
      <trkpt lat="30.628168797120452" lon="-95.51456272602081"><ele>109.0</ele></trkpt>
      <trkpt lat="30.628160163760185" lon="-95.51454571075737"><ele>109.0</ele></trkpt>
      <trkpt lat="30.628175418823957" lon="-95.51451796665788"><ele>108.0</ele></trkpt>
      <trkpt lat="30.628203665837646" lon="-95.51449231803417"><ele>108.0</ele></trkpt>
      <trkpt lat="30.628219172358513" lon="-95.51448720507324"><ele>108.0</ele></trkpt>
      <trkpt lat="30.628372309729457" lon="-95.51445879042149"><ele>108.0</ele></trkpt>
      <trkpt lat="30.62858118675649" lon="-95.51418403163552"><ele>108.0</ele></trkpt>
      <trkpt lat="30.628598872572184" lon="-95.5141607299447"><ele>108.0</ele></trkpt>
      <trkpt lat="30.6286084279418" lon="-95.51414270885289"><ele>108.0</ele></trkpt>
      <trkpt lat="30.628626281395555" lon="-95.51407003775239"><ele>108.0</ele></trkpt>
      <trkpt lat="30.62868512235582" lon="-95.51391187123954"><ele>109.0</ele></trkpt>
      <trkpt lat="30.62876684591174" lon="-95.51368195563555"><ele>109.0</ele></trkpt>
      <trkpt lat="30.628799619153142" lon="-95.51362143829465"><ele>110.0</ele></trkpt>
      <trkpt lat="30.62894605100155" lon="-95.513373920694"><ele>110.0</ele></trkpt>
      <trkpt lat="30.62901687808335" lon="-95.51323788240552"><ele>110.0</ele></trkpt>
      <trkpt lat="30.629104133695364" lon="-95.51301249302924"><ele>110.0</ele></trkpt>
      <trkpt lat="30.629148725420237" lon="-95.51319748163223"><ele>110.0</ele></trkpt>
      <trkpt lat="30.629207398742437" lon="-95.51324953325093"><ele>110.0</ele></trkpt>
      <trkpt lat="30.629250146448612" lon="-95.51323050633073"><ele>110.0</ele></trkpt>
      <trkpt lat="30.62936883419752" lon="-95.51326755434275"><ele>110.0</ele></trkpt>
      <trkpt lat="30.629393393173814" lon="-95.51324299536645"><ele>110.0</ele></trkpt>
      <trkpt lat="30.62939766794443" lon="-95.5132357031107"><ele>110.0</ele></trkpt>
      <trkpt lat="30.629496155306697" lon="-95.51310737617314"><ele>110.0</ele></trkpt>
      <trkpt lat="30.629591289907694" lon="-95.51288777031004"><ele>110.0</ele></trkpt>
      <trkpt lat="30.629735374823213" lon="-95.5127880256623"><ele>109.0</ele></trkpt>
      <trkpt lat="30.629763286560774" lon="-95.51275692880154"><ele>109.0</ele></trkpt>
      <trkpt lat="30.629903431981802" lon="-95.51260245032609"><ele>108.0</ele></trkpt>
      <trkpt lat="30.62995565123856" lon="-95.51258359104395"><ele>108.0</ele></trkpt>
      <trkpt lat="30.630354965105653" lon="-95.5122784897685"><ele>108.0</ele></trkpt>
      <trkpt lat="30.630421182140708" lon="-95.51216089166701"><ele>109.0</ele></trkpt>
      <trkpt lat="30.630509108304977" lon="-95.51202971488237"><ele>109.0</ele></trkpt>
      <trkpt lat="30.63060055486858" lon="-95.51202954724431"><ele>109.0</ele></trkpt>
      <trkpt lat="30.630649589002132" lon="-95.51199342124164"><ele>109.0</ele></trkpt>
      <trkpt lat="30.630634417757392" lon="-95.51193282008171"><ele>109.0</ele></trkpt>
      <trkpt lat="30.630633076652884" lon="-95.51191722974181"><ele>109.0</ele></trkpt>
      <trkpt lat="30.63064405694604" lon="-95.51193441264331"><ele>109.0</ele></trkpt>
      <trkpt lat="30.63065243884921" lon="-95.51192334853113"><ele>109.0</ele></trkpt>
      <trkpt lat="30.63069292344153" lon="-95.51189300604165"><ele>110.0</ele></trkpt>
      <trkpt lat="30.630715722218156" lon="-95.51184623502195"><ele>110.0</ele></trkpt>
      <trkpt lat="30.630841786041856" lon="-95.5116328317672"><ele>111.0</ele></trkpt>
      <trkpt lat="30.63099450431764" lon="-95.51156091503799"><ele>109.0</ele></trkpt>
      <trkpt lat="30.630969693884254" lon="-95.51138221286237"><ele>108.0</ele></trkpt>
      <trkpt lat="30.631003053858876" lon="-95.51111189648509"><ele>109.0</ele></trkpt>
      <trkpt lat="30.631035156548023" lon="-95.51100502721965"><ele>109.0</ele></trkpt>
      <trkpt lat="30.63117722980678" lon="-95.51099480129778"><ele>109.0</ele></trkpt>
      <trkpt lat="30.631196340546012" lon="-95.51100108772516"><ele>109.0</ele></trkpt>
      <trkpt lat="30.631237579509616" lon="-95.51095146685839"><ele>109.0</ele></trkpt>
      <trkpt lat="30.631328523159027" lon="-95.51083403639495"><ele>110.0</ele></trkpt>
      <trkpt lat="30.63135987147689" lon="-95.51075926981866"><ele>110.0</ele></trkpt>
      <trkpt lat="30.631474619731307" lon="-95.51055919378996"><ele>111.0</ele></trkpt>
      <trkpt lat="30.631531197577715" lon="-95.51062323153019"><ele>111.0</ele></trkpt>
      <trkpt lat="30.63156807795167" lon="-95.51061443053186"><ele>111.0</ele></trkpt>
      <trkpt lat="30.6316770426929" lon="-95.51064527593553"><ele>111.0</ele></trkpt>
      <trkpt lat="30.631673773750663" lon="-95.51062809303403"><ele>111.0</ele></trkpt>
      <trkpt lat="30.63170151785016" lon="-95.51059699617326"><ele>112.0</ele></trkpt>
      <trkpt lat="30.63170931302011" lon="-95.51058945246041"><ele>112.0</ele></trkpt>
      <trkpt lat="30.631730100139976" lon="-95.51059406250715"><ele>112.0</ele></trkpt>
      <trkpt lat="30.631755916401744" lon="-95.5105897039175"><ele>112.0</ele></trkpt>
      <trkpt lat="30.631775530055165" lon="-95.51057838834822"><ele>112.0</ele></trkpt>
      <trkpt lat="30.63190226443112" lon="-95.51032315939665"><ele>113.0</ele></trkpt>
      <trkpt lat="30.63205623999238" lon="-95.51009274087846"><ele>113.0</ele></trkpt>
      <trkpt lat="30.632077362388372" lon="-95.51007647998631"><ele>113.0</ele></trkpt>
      <trkpt lat="30.632074680179358" lon="-95.51007128320634"><ele>113.0</ele></trkpt>
      <trkpt lat="30.63207627274096" lon="-95.51003884524107"><ele>113.0</ele></trkpt>
      <trkpt lat="30.632131677120924" lon="-95.509864250198"><ele>113.0</ele></trkpt>
      <trkpt lat="30.632284060120583" lon="-95.50959720276296"><ele>113.0</ele></trkpt>
      <trkpt lat="30.63234164379537" lon="-95.50952084362507"><ele>113.0</ele></trkpt>
      <trkpt lat="30.63266895711422" lon="-95.50929922610521"><ele>113.0</ele></trkpt>
      <trkpt lat="30.632664933800697" lon="-95.50928832963109"><ele>113.0</ele></trkpt>
      <trkpt lat="30.632674992084503" lon="-95.50928522832692"><ele>113.0</ele></trkpt>
      <trkpt lat="30.632688319310546" lon="-95.5092822946608"><ele>113.0</ele></trkpt>
      <trkpt lat="30.632728720083833" lon="-95.50927148200572"><ele>114.0</ele></trkpt>
      <trkpt lat="30.632831482216716" lon="-95.50933359190822"><ele>114.0</ele></trkpt>
      <trkpt lat="30.632838271558285" lon="-95.50932596437633"><ele>114.0</ele></trkpt>
      <trkpt lat="30.632931562140584" lon="-95.50928145647049"><ele>114.0</ele></trkpt>
      <trkpt lat="30.632960060611367" lon="-95.50927114672959"><ele>115.0</ele></trkpt>
      <trkpt lat="30.633211517706513" lon="-95.50926184281707"><ele>116.0</ele></trkpt>
      <trkpt lat="30.633238842710853" lon="-95.50925220362842"><ele>115.0</ele></trkpt>
      <trkpt lat="30.63334763981402" lon="-95.50925438292325"><ele>113.0</ele></trkpt>
      <trkpt lat="30.63336524181068" lon="-95.50925907678902"><ele>113.0</ele></trkpt>
      <trkpt lat="30.633378149941564" lon="-95.50924725830555"><ele>113.0</ele></trkpt>
      <trkpt lat="30.633723065257072" lon="-95.50937139429152"><ele>109.0</ele></trkpt>
      <trkpt lat="30.634091198444366" lon="-95.5095933470875"><ele>109.0</ele></trkpt>
      <trkpt lat="30.634095473214984" lon="-95.50961907953024"><ele>109.0</ele></trkpt>
      <trkpt lat="30.63409429974854" lon="-95.50963609479368"><ele>109.0</ele></trkpt>
      <trkpt lat="30.63414517790079" lon="-95.50964062102139"><ele>109.0</ele></trkpt>
      <trkpt lat="30.63407720066607" lon="-95.50984681583941"><ele>109.0</ele></trkpt>
      <trkpt lat="30.634244503453374" lon="-95.50978671759367"><ele>108.0</ele></trkpt>
      <trkpt lat="30.634220950305462" lon="-95.50996382720768"><ele>108.0</ele></trkpt>
      <trkpt lat="30.634630909189582" lon="-95.51036733202636"><ele>108.0</ele></trkpt>
      <trkpt lat="30.634692516177893" lon="-95.51045140251517"><ele>108.0</ele></trkpt>
      <trkpt lat="30.635096691548824" lon="-95.51092782989144"><ele>110.0</ele></trkpt>
      <trkpt lat="30.63501739874482" lon="-95.51102623343468"><ele>110.0</ele></trkpt>
      <trkpt lat="30.635004322975874" lon="-95.51104316487908"><ele>110.0</ele></trkpt>
      <trkpt lat="30.634980350732803" lon="-95.51105288788676"><ele>110.0</ele></trkpt>
      <trkpt lat="30.63497439958155" lon="-95.51105816848576"><ele>110.0</ele></trkpt>
      <trkpt lat="30.634971298277378" lon="-95.51106847822666"><ele>110.0</ele></trkpt>
      <trkpt lat="30.634979428723454" lon="-95.51107803359628"><ele>110.0</ele></trkpt>
      <trkpt lat="30.635132314637303" lon="-95.51118004135787"><ele>110.0</ele></trkpt>
      <trkpt lat="30.635186042636633" lon="-95.51121256314218"><ele>110.0</ele></trkpt>
      <trkpt lat="30.635205572471023" lon="-95.51121256314218"><ele>111.0</ele></trkpt>
      <trkpt lat="30.63519023358822" lon="-95.51122614182532"><ele>111.0</ele></trkpt>
      <trkpt lat="30.63540673814714" lon="-95.51138120703399"><ele>112.0</ele></trkpt>
      <trkpt lat="30.635498519986868" lon="-95.51174213178456"><ele>113.0</ele></trkpt>
      <trkpt lat="30.635454766452312" lon="-95.51187716424465"><ele>113.0</ele></trkpt>
      <trkpt lat="30.63565308228135" lon="-95.51209752447903"><ele>114.0</ele></trkpt>
      <trkpt lat="30.63577814027667" lon="-95.51221353001893"><ele>114.0</ele></trkpt>
      <trkpt lat="30.63591887243092" lon="-95.5123096704483"><ele>114.0</ele></trkpt>
      <trkpt lat="30.635924488306046" lon="-95.51233037374914"><ele>114.0</ele></trkpt>
      <trkpt lat="30.635904958471656" lon="-95.51238778978586"><ele>114.0</ele></trkpt>
      <trkpt lat="30.635887691751122" lon="-95.51241922192276"><ele>114.0</ele></trkpt>
      <trkpt lat="30.635885763913393" lon="-95.51242944784462"><ele>114.0</ele></trkpt>
      <trkpt lat="30.635929014533758" lon="-95.51256925798953"><ele>114.0</ele></trkpt>
      <trkpt lat="30.63595592044294" lon="-95.51271367818117"><ele>115.0</ele></trkpt>
      <trkpt lat="30.63596924766898" lon="-95.5129000917077"><ele>114.0</ele></trkpt>
      <trkpt lat="30.63579431734979" lon="-95.51307309418917"><ele>115.0</ele></trkpt>
      <trkpt lat="30.635745115578175" lon="-95.5133718252182"><ele>115.0</ele></trkpt>
      <trkpt lat="30.635673701763153" lon="-95.5135496892035"><ele>115.0</ele></trkpt>
      <trkpt lat="30.635564737021923" lon="-95.51368623040617"><ele>115.0</ele></trkpt>
      <trkpt lat="30.635557612404227" lon="-95.51367424428463"><ele>115.0</ele></trkpt>
      <trkpt lat="30.635541351512074" lon="-95.51358313299716"><ele>115.0</ele></trkpt>
      <trkpt lat="30.635566329583526" lon="-95.51356645300984"><ele>115.0</ele></trkpt>
      <trkpt lat="30.635591223835945" lon="-95.51354382187128"><ele>115.0</ele></trkpt>
      <trkpt lat="30.635619470849633" lon="-95.51351599395275"><ele>115.0</ele></trkpt>
      <trkpt lat="30.635639671236277" lon="-95.51350811496377"><ele>115.0</ele></trkpt>
      <trkpt lat="30.635677138343453" lon="-95.51346964202821"><ele>115.0</ele></trkpt>
      <trkpt lat="30.635851146653295" lon="-95.51300134509802"><ele>114.0</ele></trkpt>
      <trkpt lat="30.635856678709388" lon="-95.51248560659587"><ele>114.0</ele></trkpt>
      <trkpt lat="30.635887691751122" lon="-95.51231981255114"><ele>114.0</ele></trkpt>
      <trkpt lat="30.635945443063974" lon="-95.51214496605098"><ele>114.0</ele></trkpt>
      <trkpt lat="30.635982491075993" lon="-95.51192452199757"><ele>113.0</ele></trkpt>
      <trkpt lat="30.63596430234611" lon="-95.51188454031944"><ele>114.0</ele></trkpt>
      <trkpt lat="30.635966649279" lon="-95.5118849594146"><ele>112.0</ele></trkpt>
      <trkpt lat="30.635941922664642" lon="-95.51185000687838"><ele>112.0</ele></trkpt>
      <trkpt lat="30.63590948469937" lon="-95.51181354559958"><ele>113.0</ele></trkpt>
      <trkpt lat="30.63588568009436" lon="-95.51177507266402"><ele>113.0</ele></trkpt>
      <trkpt lat="30.635888865217566" lon="-95.51178923808038"><ele>113.0</ele></trkpt>
      <trkpt lat="30.635879058390856" lon="-95.51178328692913"><ele>113.0</ele></trkpt>
      <trkpt lat="30.63585391268134" lon="-95.51175981760025"><ele>113.0</ele></trkpt>
      <trkpt lat="30.635781241580844" lon="-95.51169049926102"><ele>113.0</ele></trkpt>
      <trkpt lat="30.635740170255303" lon="-95.51164741627872"><ele>114.0</ele></trkpt>
      <trkpt lat="30.635530622676015" lon="-95.51153099164367"><ele>114.0</ele></trkpt>
      <trkpt lat="30.63543163239956" lon="-95.51138028502464"><ele>113.0</ele></trkpt>
      <trkpt lat="30.635380251333117" lon="-95.51128045655787"><ele>113.0</ele></trkpt>
      <trkpt lat="30.635173050686717" lon="-95.51118364557624"><ele>113.0</ele></trkpt>
      <trkpt lat="30.635156454518437" lon="-95.51108356565237"><ele>112.0</ele></trkpt>
      <trkpt lat="30.635119322687387" lon="-95.51098801195621"><ele>112.0</ele></trkpt>
      <trkpt lat="30.635070791468024" lon="-95.51077066920698"><ele>112.0</ele></trkpt>
      <trkpt lat="30.634993761777878" lon="-95.51067151129246"><ele>111.0</ele></trkpt>
      <trkpt lat="30.634881276637316" lon="-95.51059573888779"><ele>111.0</ele></trkpt>
      <trkpt lat="30.634694444015622" lon="-95.5104152765125"><ele>110.0</ele></trkpt>
      <trkpt lat="30.63468757085502" lon="-95.51039817743003"><ele>110.0</ele></trkpt>
      <trkpt lat="30.63468790613115" lon="-95.51039574667811"><ele>109.0</ele></trkpt>
      <trkpt lat="30.634661754593253" lon="-95.51036490127444"><ele>109.0</ele></trkpt>
      <trkpt lat="30.63465672545135" lon="-95.51033732481301"><ele>109.0</ele></trkpt>
      <trkpt lat="30.63458732329309" lon="-95.51027898676693"><ele>109.0</ele></trkpt>
      <trkpt lat="30.634532338008285" lon="-95.51019256934524"><ele>109.0</ele></trkpt>
      <trkpt lat="30.63435036689043" lon="-95.50996340811253"><ele>108.0</ele></trkpt>
      <trkpt lat="30.63404685817659" lon="-95.50974958576262"><ele>109.0</ele></trkpt>
      <trkpt lat="30.634013833478093" lon="-95.50953802652657"><ele>109.0</ele></trkpt>
      <trkpt lat="30.633807722479105" lon="-95.50942369736731"><ele>110.0</ele></trkpt>
      <trkpt lat="30.633685681968927" lon="-95.50937918946147"><ele>111.0</ele></trkpt>
      <trkpt lat="30.63363161869347" lon="-95.50934021361172"><ele>111.0</ele></trkpt>
      <trkpt lat="30.633597755804658" lon="-95.50926586613059"><ele>111.0</ele></trkpt>
      <trkpt lat="30.633558109402657" lon="-95.50905019976199"><ele>112.0</ele></trkpt>
      <trkpt lat="30.6335177924484" lon="-95.5090134870261"><ele>112.0</ele></trkpt>
      <trkpt lat="30.633541764691472" lon="-95.50902983173728"><ele>113.0</ele></trkpt>
      <trkpt lat="30.633553666993976" lon="-95.50903636962175"><ele>113.0</ele></trkpt>
      <trkpt lat="30.63355383463204" lon="-95.50903704017401"><ele>113.0</ele></trkpt>
      <trkpt lat="30.633544865995646" lon="-95.50901859998703"><ele>113.0</ele></trkpt>
      <trkpt lat="30.633542435243726" lon="-95.50901449285448"><ele>113.0</ele></trkpt>
      <trkpt lat="30.63352064229548" lon="-95.50900577567518"><ele>114.0</ele></trkpt>
      <trkpt lat="30.633481414988637" lon="-95.50901365466416"><ele>114.0</ele></trkpt>
      <trkpt lat="30.633495580404997" lon="-95.50904952920973"><ele>114.0</ele></trkpt>
      <trkpt lat="30.633244793862104" lon="-95.5091548897326"><ele>116.0</ele></trkpt>
      <trkpt lat="30.633156364783645" lon="-95.50920275039971"><ele>117.0</ele></trkpt>
      <trkpt lat="30.632917899638414" lon="-95.50918783061206"><ele>117.0</ele></trkpt>
      <trkpt lat="30.63289761543274" lon="-95.50917324610054"><ele>117.0</ele></trkpt>
      <trkpt lat="30.63279996626079" lon="-95.50921079702675"><ele>116.0</ele></trkpt>
      <trkpt lat="30.632699886336923" lon="-95.50921708345413"><ele>116.0</ele></trkpt>
      <trkpt lat="30.63257323578" lon="-95.5093153193593"><ele>115.0</ele></trkpt>
      <trkpt lat="30.63229571096599" lon="-95.50976484082639"><ele>114.0</ele></trkpt>
      <trkpt lat="30.632253298535943" lon="-95.50982275977731"><ele>114.0</ele></trkpt>
      <trkpt lat="30.632254891097546" lon="-95.50982544198632"><ele>114.0</ele></trkpt>
      <trkpt lat="30.632233014330268" lon="-95.50983055494726"><ele>115.0</ele></trkpt>
      <trkpt lat="30.63220728188753" lon="-95.50984480418265"><ele>114.0</ele></trkpt>
      <trkpt lat="30.632200241088867" lon="-95.50985913723707"><ele>114.0</ele></trkpt>
      <trkpt lat="30.632190937176347" lon="-95.50988118164241"><ele>114.0</ele></trkpt>
      <trkpt lat="30.632020952180028" lon="-95.50998838618398"><ele>114.0</ele></trkpt>
      <trkpt lat="30.63176312483847" lon="-95.51042256876826"><ele>114.0</ele></trkpt>
      <trkpt lat="30.63155299052596" lon="-95.51054938696325"><ele>113.0</ele></trkpt>
      <trkpt lat="30.63146933913231" lon="-95.51058878190815"><ele>112.0</ele></trkpt>
      <trkpt lat="30.6312592048198" lon="-95.5107435118407"><ele>110.0</ele></trkpt>
      <trkpt lat="30.631227269768715" lon="-95.51074476912618"><ele>110.0</ele></trkpt>
      <trkpt lat="30.631163232028484" lon="-95.5107657238841"><ele>110.0</ele></trkpt>
      <trkpt lat="30.630947398021817" lon="-95.510966302827"><ele>110.0</ele></trkpt>
      <trkpt lat="30.63107547350228" lon="-95.51104442216456"><ele>110.0</ele></trkpt>
      <trkpt lat="30.63108829781413" lon="-95.51109538413584"><ele>110.0</ele></trkpt>
      <trkpt lat="30.63108100555837" lon="-95.51114022731781"><ele>110.0</ele></trkpt>
      <trkpt lat="30.631095003336668" lon="-95.51122723147273"><ele>110.0</ele></trkpt>
      <trkpt lat="30.631070360541344" lon="-95.51125422120094"><ele>110.0</ele></trkpt>
      <trkpt lat="30.63101696781814" lon="-95.51130811683834"><ele>110.0</ele></trkpt>
      <trkpt lat="30.63089140690863" lon="-95.51137676462531"><ele>109.0</ele></trkpt>
      <trkpt lat="30.630564847961068" lon="-95.51158019341528"><ele>110.0</ele></trkpt>
      <trkpt lat="30.630579013377428" lon="-95.51159695722163"><ele>110.0</ele></trkpt>
      <trkpt lat="30.630613211542368" lon="-95.51168580539525"><ele>111.0</ele></trkpt>
      <trkpt lat="30.630615474656224" lon="-95.51172025501728"><ele>111.0</ele></trkpt>
      <trkpt lat="30.63061916269362" lon="-95.51175395026803"><ele>111.0</ele></trkpt>
      <trkpt lat="30.630621341988444" lon="-95.51178789697587"><ele>111.0</ele></trkpt>
      <trkpt lat="30.630622934550047" lon="-95.51182150840759"><ele>111.0</ele></trkpt>
      <trkpt lat="30.63060306943953" lon="-95.5119158886373"><ele>111.0</ele></trkpt>
      <trkpt lat="30.630551604554057" lon="-95.5119991209358"><ele>111.0</ele></trkpt>
      <trkpt lat="30.630518831312656" lon="-95.51209911704063"><ele>111.0</ele></trkpt>
      <trkpt lat="30.6304872315377" lon="-95.5121558625251"><ele>110.0</ele></trkpt>
      <trkpt lat="30.630265530198812" lon="-95.51231411285698"><ele>109.0</ele></trkpt>
      <trkpt lat="30.63016042113304" lon="-95.51243338733912"><ele>109.0</ele></trkpt>
      <trkpt lat="30.630008205771446" lon="-95.51251703873277"><ele>109.0</ele></trkpt>
      <trkpt lat="30.629979791119695" lon="-95.51253170706332"><ele>109.0</ele></trkpt>
      <trkpt lat="30.6299121491611" lon="-95.51251435652375"><ele>109.0</ele></trkpt>
      <trkpt lat="30.629921620711684" lon="-95.51255710422993"><ele>109.0</ele></trkpt>
      <trkpt lat="30.629900582134724" lon="-95.51261393353343"><ele>109.0</ele></trkpt>
      <trkpt lat="30.629883483052254" lon="-95.51264813169837"><ele>109.0</ele></trkpt>
      <trkpt lat="30.629876358434558" lon="-95.51265492103994"><ele>109.0</ele></trkpt>
      <trkpt lat="30.62986521050334" lon="-95.5126659013331"><ele>109.0</ele></trkpt>
      <trkpt lat="30.62980318441987" lon="-95.51272197626531"><ele>109.0</ele></trkpt>
      <trkpt lat="30.629718946292996" lon="-95.51287159323692"><ele>110.0</ele></trkpt>
      <trkpt lat="30.62961895018816" lon="-95.51293554715812"><ele>110.0</ele></trkpt>
      <trkpt lat="30.629551811143756" lon="-95.51316051743925"><ele>111.0</ele></trkpt>
      <trkpt lat="30.62941418029368" lon="-95.5133424885571"><ele>111.0</ele></trkpt>
      <trkpt lat="30.629386603832245" lon="-95.51335506141186"><ele>111.0</ele></trkpt>
      <trkpt lat="30.62915132381022" lon="-95.51347215659916"><ele>111.0</ele></trkpt>
      <trkpt lat="30.62900623306632" lon="-95.5135084502399"><ele>112.0</ele></trkpt>
      <trkpt lat="30.628945967182517" lon="-95.51352965645492"><ele>112.0</ele></trkpt>
      <trkpt lat="30.628706077113748" lon="-95.51363904029131"><ele>111.0</ele></trkpt>
      <trkpt lat="30.628617648035288" lon="-95.5136688798666"><ele>111.0</ele></trkpt>
      <trkpt lat="30.628719655796885" lon="-95.51374171860516"><ele>111.0</ele></trkpt>
      <trkpt lat="30.62874874100089" lon="-95.51382998004556"><ele>111.0</ele></trkpt>
      <trkpt lat="30.628759553655982" lon="-95.5138366855681"><ele>111.0</ele></trkpt>
      <trkpt lat="30.628741029649973" lon="-95.51390139386058"><ele>111.0</ele></trkpt>
      <trkpt lat="30.628727786242962" lon="-95.51395889371634"><ele>110.0</ele></trkpt>
      <trkpt lat="30.628716219216585" lon="-95.51398764364421"><ele>110.0</ele></trkpt>
      <trkpt lat="30.628708424046636" lon="-95.51399384625256"><ele>110.0</ele></trkpt>
      <trkpt lat="30.628671627491713" lon="-95.51405319012702"><ele>110.0</ele></trkpt>
      <trkpt lat="30.62863189727068" lon="-95.51409090869129"><ele>110.0</ele></trkpt>
      <trkpt lat="30.62847758643329" lon="-95.5142579600215"><ele>107.0</ele></trkpt>
      <trkpt lat="30.62830357812345" lon="-95.51442266441882"><ele>107.0</ele></trkpt>
      <trkpt lat="30.628058491274714" lon="-95.5144736263901"><ele>107.0</ele></trkpt>
      <trkpt lat="30.628018006682396" lon="-95.5145272705704"><ele>108.0</ele></trkpt>
      <trkpt lat="30.627990011125803" lon="-95.51454068161547"><ele>108.0</ele></trkpt>
      <trkpt lat="30.6278502009809" lon="-95.51478954032063"><ele>109.0</ele></trkpt>
      <trkpt lat="30.627827486023307" lon="-95.51484486088157"><ele>110.0</ele></trkpt>
      <trkpt lat="30.6278208643198" lon="-95.51487738266587"><ele>110.0</ele></trkpt>
      <trkpt lat="30.62775976024568" lon="-95.5149638839066"><ele>110.0</ele></trkpt>
      <trkpt lat="30.62769966199994" lon="-95.51499699242413"><ele>110.0</ele></trkpt>
      <trkpt lat="30.627403110265732" lon="-95.5150140915066"><ele>109.0</ele></trkpt>
      <trkpt lat="30.62774408608675" lon="-95.51529513671994"><ele>109.0</ele></trkpt>
      <trkpt lat="30.627576364204288" lon="-95.51522037014365"><ele>109.0</ele></trkpt>
      <trkpt lat="30.62759161926806" lon="-95.5152368824929"><ele>109.0</ele></trkpt>
      <trkpt lat="30.62755205668509" lon="-95.51527569070458"><ele>108.0</ele></trkpt>
      <trkpt lat="30.62729850411415" lon="-95.5154218710959"><ele>108.0</ele></trkpt>
      <trkpt lat="30.627174200490117" lon="-95.51558380946517"><ele>109.0</ele></trkpt>
      <trkpt lat="30.627034893259406" lon="-95.51583903841674"><ele>109.0</ele></trkpt>
      <trkpt lat="30.62696381472051" lon="-95.5159414652735"><ele>109.0</ele></trkpt>
      <trkpt lat="30.62650742009282" lon="-95.51640255376697"><ele>110.0</ele></trkpt>
      <trkpt lat="30.62649032101035" lon="-95.5164457205683"><ele>110.0</ele></trkpt>
      <trkpt lat="30.626441622152925" lon="-95.51649400033057"><ele>110.0</ele></trkpt>
      <trkpt lat="30.626427037641406" lon="-95.5165133625269"><ele>110.0</ele></trkpt>
      <trkpt lat="30.62639208510518" lon="-95.51653314381838"><ele>110.0</ele></trkpt>
      <trkpt lat="30.626348331570625" lon="-95.51658167503774"><ele>110.0</ele></trkpt>
      <trkpt lat="30.626335674896836" lon="-95.51661654375494"><ele>110.0</ele></trkpt>
      <trkpt lat="30.626287311315536" lon="-95.5166618898511"><ele>110.0</ele></trkpt>
      <trkpt lat="30.626199385151267" lon="-95.51676507107913"><ele>110.0</ele></trkpt>
      <trkpt lat="30.626068376004696" lon="-95.51696950569749"><ele>111.0</ele></trkpt>
      <trkpt lat="30.626050354912877" lon="-95.51698953844607"><ele>111.0</ele></trkpt>
      <trkpt lat="30.62600408680737" lon="-95.51729212515056"><ele>112.0</ele></trkpt>
      <trkpt lat="30.62599427998066" lon="-95.51735482178628"><ele>113.0</ele></trkpt>
      <trkpt lat="30.6260025780648" lon="-95.51737720146775"><ele>113.0</ele></trkpt>
      <trkpt lat="30.625958824530244" lon="-95.51747049205005"><ele>113.0</ele></trkpt>
      <trkpt lat="30.625461861491203" lon="-95.51764005795121"><ele>115.0</ele></trkpt>
      <trkpt lat="30.62549497000873" lon="-95.5176460929215"><ele>115.0</ele></trkpt>
      <trkpt lat="30.625372510403395" lon="-95.51773510873318"><ele>115.0</ele></trkpt>
      <trkpt lat="30.62522708438337" lon="-95.51791640929878"><ele>115.0</ele></trkpt>
      <trkpt lat="30.62516371719539" lon="-95.51793350838125"><ele>115.0</ele></trkpt>
      <trkpt lat="30.625090543180704" lon="-95.51808731630445"><ele>115.0</ele></trkpt>
      <trkpt lat="30.624829530715942" lon="-95.5184162221849"><ele>115.0</ele></trkpt>
      <trkpt lat="30.62465594150126" lon="-95.51852568984032"><ele>114.0</ele></trkpt>
      <trkpt lat="30.624600620940328" lon="-95.51853465847671"><ele>114.0</ele></trkpt>
      <trkpt lat="30.624574134126306" lon="-95.51854161545634"><ele>114.0</ele></trkpt>
      <trkpt lat="30.62443465925753" lon="-95.51855645142496"><ele>113.0</ele></trkpt>
      <trkpt lat="30.624411944299936" lon="-95.51856726408005"><ele>113.0</ele></trkpt>
      <trkpt lat="30.624389313161373" lon="-95.51858042366803"><ele>113.0</ele></trkpt>
      <trkpt lat="30.62436416745186" lon="-95.51858017221093"><ele>112.0</ele></trkpt>
      <trkpt lat="30.62434379942715" lon="-95.51856726408005"><ele>112.0</ele></trkpt>
      <trkpt lat="30.6242498382926" lon="-95.5185782443732"><ele>111.0</ele></trkpt>
      <trkpt lat="30.62404473312199" lon="-95.51852359436452"><ele>111.0</ele></trkpt>
      <trkpt lat="30.624037189409137" lon="-95.51852761767805"><ele>111.0</ele></trkpt>
      <trkpt lat="30.62401732429862" lon="-95.51855494268239"><ele>111.0</ele></trkpt>
      <trkpt lat="30.624006344005466" lon="-95.51855871453881"><ele>111.0</ele></trkpt>
      <trkpt lat="30.623981533572078" lon="-95.51856885664165"><ele>111.0</ele></trkpt>
      <trkpt lat="30.623971978202462" lon="-95.51857531070709"><ele>111.0</ele></trkpt>
      <trkpt lat="30.623949514701962" lon="-95.51857992075384"><ele>111.0</ele></trkpt>
      <trkpt lat="30.623934427276254" lon="-95.51858779974282"><ele>110.0</ele></trkpt>
      <trkpt lat="30.623925710096955" lon="-95.51859961822629"><ele>110.0</ele></trkpt>
      <trkpt lat="30.62378078699112" lon="-95.51872643642128"><ele>111.0</ele></trkpt>
      <trkpt lat="30.62365430407226" lon="-95.51891637034714"><ele>111.0</ele></trkpt>
      <trkpt lat="30.623461436480284" lon="-95.5189511552453"><ele>111.0</ele></trkpt>
      <trkpt lat="30.62327854335308" lon="-95.51904670894146"><ele>111.0</ele></trkpt>
      <trkpt lat="30.623231939971447" lon="-95.519053414464"><ele>111.0</ele></trkpt>
      <trkpt lat="30.62298635020852" lon="-95.51931895315647"><ele>111.0</ele></trkpt>
      <trkpt lat="30.622827261686325" lon="-95.51954132504761"><ele>111.0</ele></trkpt>
      <trkpt lat="30.62276154756546" lon="-95.51949748769403"><ele>111.0</ele></trkpt>
      <trkpt lat="30.622692815959454" lon="-95.51952799782157"><ele>111.0</ele></trkpt>
      <trkpt lat="30.622661719098687" lon="-95.51952640525997"><ele>112.0</ele></trkpt>
      <trkpt lat="30.62263539992273" lon="-95.51953973248601"><ele>112.0</ele></trkpt>
      <trkpt lat="30.62240866944194" lon="-95.51960611715913"><ele>112.0</ele></trkpt>
      <trkpt lat="30.62237204052508" lon="-95.51982413046062"><ele>110.0</ele></trkpt>
      <trkpt lat="30.62229006551206" lon="-95.51987173967063"><ele>110.0</ele></trkpt>
      <trkpt lat="30.62224362976849" lon="-95.51991306245327"><ele>110.0</ele></trkpt>
      <trkpt lat="30.621956633403897" lon="-95.51998816430569"><ele>110.0</ele></trkpt>
      <trkpt lat="30.62171540223062" lon="-95.51995589397848"><ele>110.0</ele></trkpt>
      <trkpt lat="30.62133184634149" lon="-95.5200978834182"><ele>110.0</ele></trkpt>
      <trkpt lat="30.621220115572214" lon="-95.52016787230968"><ele>110.0</ele></trkpt>
      <trkpt lat="30.621177200227976" lon="-95.52018078044057"><ele>110.0</ele></trkpt>
      <trkpt lat="30.62115733511746" lon="-95.52019368857145"><ele>110.0</ele></trkpt>
      <trkpt lat="30.621080389246345" lon="-95.52027281373739"><ele>110.0</ele></trkpt>
      <trkpt lat="30.620851647108793" lon="-95.52023358643055"><ele>109.0</ele></trkpt>
      <trkpt lat="30.620818119496107" lon="-95.52023417316377"><ele>109.0</ele></trkpt>
      <trkpt lat="30.62060823664069" lon="-95.52021053619683"><ele>108.0</ele></trkpt>
      <trkpt lat="30.620412854477763" lon="-95.52019595168531"><ele>108.0</ele></trkpt>
      <trkpt lat="30.620081517845392" lon="-95.52028111182153"><ele>105.0</ele></trkpt>
      <trkpt lat="30.620054276660085" lon="-95.52028966136277"><ele>104.0</ele></trkpt>
      <trkpt lat="30.619876328855753" lon="-95.52043374627829"><ele>102.0</ele></trkpt>
      <trkpt lat="30.6196753308177" lon="-95.52052737213671"><ele>101.0</ele></trkpt>
      <trkpt lat="30.61963342130184" lon="-95.52055293694139"><ele>101.0</ele></trkpt>
      <trkpt lat="30.61962797306478" lon="-95.52056140266359"><ele>100.0</ele></trkpt>
      <trkpt lat="30.619603414088488" lon="-95.52057271823287"><ele>100.0</ele></trkpt>
      <trkpt lat="30.61957365833223" lon="-95.52059828303754"><ele>100.0</ele></trkpt>
      <trkpt lat="30.619559912011027" lon="-95.52061202935874"><ele>100.0</ele></trkpt>
      <trkpt lat="30.61947994865477" lon="-95.52065569907427"><ele>100.0</ele></trkpt>
      <trkpt lat="30.619336869567633" lon="-95.52061119116843"><ele>99.0</ele></trkpt>
      <trkpt lat="30.619052052497864" lon="-95.52056877873838"><ele>98.0</ele></trkpt>
      <trkpt lat="30.619010645896196" lon="-95.5205709580332"><ele>98.0</ele></trkpt>
      <trkpt lat="30.61898298561573" lon="-95.52057665772736"><ele>98.0</ele></trkpt>
      <trkpt lat="30.61875474639237" lon="-95.52069098688662"><ele>98.0</ele></trkpt>
      <trkpt lat="30.618716021999717" lon="-95.52080699242651"><ele>97.0</ele></trkpt>
      <trkpt lat="30.6184923928231" lon="-95.52096566185355"><ele>97.0</ele></trkpt>
      <trkpt lat="30.618369849398732" lon="-95.52102198824286"><ele>96.0</ele></trkpt>
      <trkpt lat="30.61833456158638" lon="-95.52103330381215"><ele>96.0</ele></trkpt>
      <trkpt lat="30.618108501657844" lon="-95.52102877758443"><ele>96.0</ele></trkpt>
      <trkpt lat="30.618123756721616" lon="-95.52104914560914"><ele>97.0</ele></trkpt>
      <trkpt lat="30.618097856640816" lon="-95.52106909453869"><ele>97.0</ele></trkpt>
      <trkpt lat="30.61805510893464" lon="-95.52108644507825"><ele>97.0</ele></trkpt>
      <trkpt lat="30.618061730638146" lon="-95.52112190052867"><ele>97.0</ele></trkpt>
      <trkpt lat="30.618036836385727" lon="-95.52110832184553"><ele>96.0</ele></trkpt>
      <trkpt lat="30.617998111993074" lon="-95.5211499799043"><ele>96.0</ele></trkpt>
      <trkpt lat="30.617805747315288" lon="-95.52119574509561"><ele>96.0</ele></trkpt>
      <trkpt lat="30.617661578580737" lon="-95.52120077423751"><ele>96.0</ele></trkpt>
      <trkpt lat="30.617596367374063" lon="-95.52119700238109"><ele>96.0</ele></trkpt>
      <trkpt lat="30.617538364604115" lon="-95.52117604762316"><ele>96.0</ele></trkpt>
      <trkpt lat="30.61743065714836" lon="-95.52118300460279"><ele>97.0</ele></trkpt>
      <trkpt lat="30.617354465648532" lon="-95.5211478844285"><ele>96.0</ele></trkpt>
      <trkpt lat="30.617300486192107" lon="-95.52121401764452"><ele>96.0</ele></trkpt>
      <trkpt lat="30.617069229483604" lon="-95.52132180891931"><ele>95.0</ele></trkpt>
      <trkpt lat="30.616954397410154" lon="-95.52136531099677"><ele>95.0</ele></trkpt>
      <trkpt lat="30.616884995251894" lon="-95.52144317887723"><ele>95.0</ele></trkpt>
      <trkpt lat="30.616856664419174" lon="-95.52151928655803"><ele>95.0</ele></trkpt>
      <trkpt lat="30.61669623479247" lon="-95.52156019024551"><ele>95.0</ele></trkpt>
      <trkpt lat="30.616747112944722" lon="-95.52166286855936"><ele>95.0</ele></trkpt>
      <trkpt lat="30.616847947239876" lon="-95.52178474143147"><ele>95.0</ele></trkpt>
      <trkpt lat="30.616727247834206" lon="-95.52182371728122"><ele>94.0</ele></trkpt>
      <trkpt lat="30.616571847349405" lon="-95.52185498178005"><ele>94.0</ele></trkpt>
      <trkpt lat="30.616533709689975" lon="-95.52188884466887"><ele>94.0</ele></trkpt>
      <trkpt lat="30.616277726367116" lon="-95.5224658548832"><ele>96.0</ele></trkpt>
      <trkpt lat="30.61613665893674" lon="-95.52281278185546"><ele>97.0</ele></trkpt>
      <trkpt lat="30.616141352802515" lon="-95.52311277016997"><ele>97.0</ele></trkpt>
      <trkpt lat="30.616139508783817" lon="-95.52341896109283"><ele>97.0</ele></trkpt>
      <trkpt lat="30.616439413279295" lon="-95.52330488339067"><ele>97.0</ele></trkpt>
      <trkpt lat="30.61660294421017" lon="-95.52331443876028"><ele>97.0</ele></trkpt>
      <trkpt lat="30.616598250344396" lon="-95.5233805719763"><ele>97.0</ele></trkpt>
      <trkpt lat="30.616612834855914" lon="-95.52337638102472"><ele>97.0</ele></trkpt>
      <trkpt lat="30.616661198437214" lon="-95.52335777319968"><ele>97.0</ele></trkpt>
      <trkpt lat="30.616681901738048" lon="-95.5233514867723"><ele>97.0</ele></trkpt>
      <trkpt lat="30.616704868152738" lon="-95.52333782427013"><ele>98.0</ele></trkpt>
      <trkpt lat="30.616761362180114" lon="-95.52326146513224"><ele>98.0</ele></trkpt>
      <trkpt lat="30.616856748238206" lon="-95.52311721257865"><ele>98.0</ele></trkpt>
      <trkpt lat="30.616880636662245" lon="-95.52316213957965"><ele>99.0</ele></trkpt>
      <trkpt lat="30.61684367246926" lon="-95.52316255867481"><ele>99.0</ele></trkpt>
      <trkpt lat="30.61685934662819" lon="-95.52321796305478"><ele>100.0</ele></trkpt>
      <trkpt lat="30.616913996636868" lon="-95.52321100607514"><ele>101.0</ele></trkpt>
      <trkpt lat="30.616982309147716" lon="-95.52316431887448"><ele>102.0</ele></trkpt>
      <trkpt lat="30.617219181731343" lon="-95.52300749346614"><ele>103.0</ele></trkpt>
      <trkpt lat="30.617579435929656" lon="-95.52250164560974"><ele>104.0</ele></trkpt>
      <trkpt lat="30.617704577744007" lon="-95.52235865034163"><ele>103.0</ele></trkpt>
      <trkpt lat="30.6177032366395" lon="-95.52227147854865"><ele>103.0</ele></trkpt>
      <trkpt lat="30.617689825594425" lon="-95.52222512662411"><ele>103.0</ele></trkpt>
      <trkpt lat="30.617691166698933" lon="-95.52221867255867"><ele>103.0</ele></trkpt>
      <trkpt lat="30.617693681269884" lon="-95.52221339195967"><ele>103.0</ele></trkpt>
      <trkpt lat="30.617908257991076" lon="-95.52200384438038"><ele>103.0</ele></trkpt>
      <trkpt lat="30.61795335263014" lon="-95.52197584882379"><ele>102.0</ele></trkpt>
      <trkpt lat="30.61795435845852" lon="-95.52197920158505"><ele>102.0</ele></trkpt>
      <trkpt lat="30.618450483307242" lon="-95.52170243114233"><ele>101.0</ele></trkpt>
      <trkpt lat="30.618562633171678" lon="-95.52169186994433"><ele>102.0</ele></trkpt>
      <trkpt lat="30.618670340627432" lon="-95.52163537591696"><ele>102.0</ele></trkpt>
      <trkpt lat="30.618690876290202" lon="-95.52161157131195"><ele>102.0</ele></trkpt>
      <trkpt lat="30.618714848533273" lon="-95.52160117775202"><ele>102.0</ele></trkpt>
      <trkpt lat="30.618726164102554" lon="-95.52160335704684"><ele>102.0</ele></trkpt>
      <trkpt lat="30.618777461349964" lon="-95.52155658602715"><ele>102.0</ele></trkpt>
      <trkpt lat="30.618793135508895" lon="-95.52156396210194"><ele>102.0</ele></trkpt>
      <trkpt lat="30.61879824846983" lon="-95.52156714722514"><ele>102.0</ele></trkpt>
      <trkpt lat="30.618793638423085" lon="-95.52156488411129"><ele>102.0</ele></trkpt>
      <trkpt lat="30.61886572279036" lon="-95.52150671370327"><ele>102.0</ele></trkpt>
      <trkpt lat="30.618900088593364" lon="-95.52149363793433"><ele>102.0</ele></trkpt>
      <trkpt lat="30.618965551257133" lon="-95.52153546363115"><ele>101.0</ele></trkpt>
      <trkpt lat="30.619110809639096" lon="-95.52150344476104"><ele>102.0</ele></trkpt>
      <trkpt lat="30.61916470527649" lon="-95.52150696516037"><ele>102.0</ele></trkpt>
      <trkpt lat="30.619337372481823" lon="-95.52146111615002"><ele>103.0</ele></trkpt>
      <trkpt lat="30.619390346109867" lon="-95.52146882750094"><ele>103.0</ele></trkpt>
      <trkpt lat="30.619441559538245" lon="-95.52148441784084"><ele>103.0</ele></trkpt>
      <trkpt lat="30.61952688731253" lon="-95.521484836936"><ele>104.0</ele></trkpt>
      <trkpt lat="30.619562678039074" lon="-95.52148240618408"><ele>104.0</ele></trkpt>
      <trkpt lat="30.619790833443403" lon="-95.52150067873299"><ele>105.0</ele></trkpt>
      <trkpt lat="30.619849674403667" lon="-95.52150771953166"><ele>105.0</ele></trkpt>
      <trkpt lat="30.620232140645385" lon="-95.52154099568725"><ele>106.0</ele></trkpt>
      <trkpt lat="30.620067352429032" lon="-95.52158734761178"><ele>106.0</ele></trkpt>
      <trkpt lat="30.620093755424023" lon="-95.52158324047923"><ele>106.0</ele></trkpt>
      <trkpt lat="30.62018947675824" lon="-95.52163822576404"><ele>106.0</ele></trkpt>
      <trkpt lat="30.62027639709413" lon="-95.52164509892464"><ele>106.0</ele></trkpt>
      <trkpt lat="30.620283018797636" lon="-95.52165230736136"><ele>106.0</ele></trkpt>
      <trkpt lat="30.620293663814664" lon="-95.52166052162647"><ele>106.0</ele></trkpt>
      <trkpt lat="30.620295759290457" lon="-95.52166563458741"><ele>107.0</ele></trkpt>
      <trkpt lat="30.620311265811324" lon="-95.5217176862061"><ele>107.0</ele></trkpt>
      <trkpt lat="30.62028461135924" lon="-95.52193402312696"><ele>108.0</ele></trkpt>
      <trkpt lat="30.620230715721846" lon="-95.52191818132997"><ele>109.0</ele></trkpt>
      <trkpt lat="30.620137341320515" lon="-95.52205338142812"><ele>110.0</ele></trkpt>
      <trkpt lat="30.620260974392295" lon="-95.52222713828087"><ele>111.0</ele></trkpt>
      <trkpt lat="30.620268350467086" lon="-95.52225421182811"><ele>112.0</ele></trkpt>
      <trkpt lat="30.62028813175857" lon="-95.5224497616291"><ele>112.0</ele></trkpt>
      <trkpt lat="30.62028327025473" lon="-95.52250424399972"><ele>112.0</ele></trkpt>
      <trkpt lat="30.620296010747552" lon="-95.52255084738135"><ele>112.0</ele></trkpt>
      <trkpt lat="30.62039600685239" lon="-95.52255344577134"><ele>112.0</ele></trkpt>
      <trkpt lat="30.620423583313823" lon="-95.52254590205848"><ele>112.0</ele></trkpt>
      <trkpt lat="30.62047907151282" lon="-95.52248890511692"><ele>112.0</ele></trkpt>
      <trkpt lat="30.62048896215856" lon="-95.52249016240239"><ele>113.0</ele></trkpt>
      <trkpt lat="30.62053833156824" lon="-95.52248680964112"><ele>113.0</ele></trkpt>
      <trkpt lat="30.620532631874084" lon="-95.5224843788892"><ele>113.0</ele></trkpt>
      <trkpt lat="30.62054361216724" lon="-95.52248261868954"><ele>113.0</ele></trkpt>
      <trkpt lat="30.620724828913808" lon="-95.52249670028687"><ele>113.0</ele></trkpt>
      <trkpt lat="30.62074494548142" lon="-95.52251522429287"><ele>113.0</ele></trkpt>
      <trkpt lat="30.620826417580247" lon="-95.52259242162108"><ele>113.0</ele></trkpt>
      <trkpt lat="30.620875535532832" lon="-95.52256786264479"><ele>113.0</ele></trkpt>
      <trkpt lat="30.621356153860688" lon="-95.52248060703278"><ele>114.0</ele></trkpt>
      <trkpt lat="30.62141340225935" lon="-95.52245981991291"><ele>114.0</ele></trkpt>
      <trkpt lat="30.621768459677696" lon="-95.5224185809493"><ele>115.0</ele></trkpt>
      <trkpt lat="30.62180768698454" lon="-95.52242168225348"><ele>115.0</ele></trkpt>
      <trkpt lat="30.621813973411918" lon="-95.52242377772927"><ele>115.0</ele></trkpt>
      <trkpt lat="30.621843058615923" lon="-95.52242771722376"><ele>116.0</ele></trkpt>
      <trkpt lat="30.621865605935454" lon="-95.52242428064346"><ele>116.0</ele></trkpt>
      <trkpt lat="30.621872479096055" lon="-95.52242268808186"><ele>116.0</ele></trkpt>
      <trkpt lat="30.62209317460656" lon="-95.52244808524847"><ele>115.0</ele></trkpt>
      <trkpt lat="30.622008265927434" lon="-95.52245210856199"><ele>115.0</ele></trkpt>
      <trkpt lat="30.622145980596542" lon="-95.5223757494241"><ele>114.0</ele></trkpt>
      <trkpt lat="30.622177831828594" lon="-95.52239628508687"><ele>114.0</ele></trkpt>
      <trkpt lat="30.62225284986198" lon="-95.52239226177335"><ele>113.0</ele></trkpt>
      <trkpt lat="30.622333735227585" lon="-95.52252922207117"><ele>112.0</ele></trkpt>
      <trkpt lat="30.622378243133426" lon="-95.52261748351157"><ele>111.0</ele></trkpt>
      <trkpt lat="30.62246843241155" lon="-95.52267934195697"><ele>110.0</ele></trkpt>
      <trkpt lat="30.622555688023567" lon="-95.52277145907283"><ele>110.0</ele></trkpt>
      <trkpt lat="30.62252400442958" lon="-95.52282040938735"><ele>109.0</ele></trkpt>
      <trkpt lat="30.62252165749669" lon="-95.5228401068598"><ele>109.0</ele></trkpt>
      <trkpt lat="30.62250749208033" lon="-95.52284345962107"><ele>109.0</ele></trkpt>
      <trkpt lat="30.622475389391184" lon="-95.5228971876204"><ele>109.0</ele></trkpt>
      <trkpt lat="30.622465163469315" lon="-95.52290171384811"><ele>109.0</ele></trkpt>
      <trkpt lat="30.62246197834611" lon="-95.52291931584477"><ele>109.0</ele></trkpt>
      <trkpt lat="30.622449154034257" lon="-95.52292786538601"><ele>108.0</ele></trkpt>
      <trkpt lat="30.622445717453957" lon="-95.52298184484243"><ele>108.0</ele></trkpt>
      <trkpt lat="30.62244010157883" lon="-95.52302442491055"><ele>108.0</ele></trkpt>
      <trkpt lat="30.62263397499919" lon="-95.52338945679367"><ele>107.0</ele></trkpt>
      <trkpt lat="30.622673118487" lon="-95.52343748509884"><ele>107.0</ele></trkpt>
      <trkpt lat="30.622711088508368" lon="-95.52346455864608"><ele>107.0</ele></trkpt>
      <trkpt lat="30.622705053538084" lon="-95.52355055697262"><ele>106.0</ele></trkpt>
      <trkpt lat="30.622758446261287" lon="-95.52352675236762"><ele>105.0</ele></trkpt>
      <trkpt lat="30.622724080458283" lon="-95.52348995581269"><ele>104.0</ele></trkpt>
      <trkpt lat="30.622766660526395" lon="-95.52366765215993"><ele>102.0</ele></trkpt>
      <trkpt lat="30.62281728722155" lon="-95.52376328967512"><ele>102.0</ele></trkpt>
      <trkpt lat="30.622848216444254" lon="-95.52384652197361"><ele>101.0</ele></trkpt>
      <trkpt lat="30.623049717396498" lon="-95.52375909872353"><ele>101.0</ele></trkpt>
      <trkpt lat="30.62308215536177" lon="-95.52377494052052"><ele>101.0</ele></trkpt>
      <trkpt lat="30.623109312728047" lon="-95.5237933807075"><ele>101.0</ele></trkpt>
      <trkpt lat="30.62311476096511" lon="-95.5237970687449"><ele>101.0</ele></trkpt>
      <trkpt lat="30.623117862269282" lon="-95.52380142733455"><ele>101.0</ele></trkpt>
      <trkpt lat="30.623127333819866" lon="-95.52380486391485"><ele>100.0</ele></trkpt>
      <trkpt lat="30.623152060434222" lon="-95.5238298419863"><ele>100.0</ele></trkpt>
      <trkpt lat="30.623447187244892" lon="-95.52405313588679"><ele>99.0</ele></trkpt>
      <trkpt lat="30.623644581064582" lon="-95.52421071566641"><ele>98.0</ele></trkpt>
      <trkpt lat="30.62367182224989" lon="-95.52433141507208"><ele>97.0</ele></trkpt>
      <trkpt lat="30.623668804764748" lon="-95.52435915917158"><ele>96.0</ele></trkpt>
      <trkpt lat="30.62365422025323" lon="-95.52436393685639"><ele>96.0</ele></trkpt>
      <trkpt lat="30.623807441443205" lon="-95.52444758825004"><ele>94.0</ele></trkpt>
      <trkpt lat="30.623959321528673" lon="-95.52446108311415"><ele>94.0</ele></trkpt>
      <trkpt lat="30.62425520271063" lon="-95.52455328404903"><ele>94.0</ele></trkpt>
      <trkpt lat="30.624253107234836" lon="-95.52455521188676"><ele>94.0</ele></trkpt>
      <trkpt lat="30.624227207154036" lon="-95.52452553994954"><ele>93.0</ele></trkpt>
      <trkpt lat="30.624279007315636" lon="-95.52450810559094"><ele>93.0</ele></trkpt>
      <trkpt lat="30.62429484911263" lon="-95.52450299263"><ele>93.0</ele></trkpt>
      <trkpt lat="30.624295016750693" lon="-95.52449385635555"><ele>93.0</ele></trkpt>
      <trkpt lat="30.624231481924653" lon="-95.52447985857725"><ele>93.0</ele></trkpt>
      <trkpt lat="30.624103406444192" lon="-95.52446267567575"><ele>94.0</ele></trkpt>
      <trkpt lat="30.62412000261247" lon="-95.52448480390012"><ele>94.0</ele></trkpt>
      <trkpt lat="30.62417264096439" lon="-95.524489749223"><ele>94.0</ele></trkpt>
      <trkpt lat="30.624137772247195" lon="-95.52450793795288"><ele>94.0</ele></trkpt>
      <trkpt lat="30.624207090586424" lon="-95.52449385635555"><ele>94.0</ele></trkpt>
      <trkpt lat="30.624245898798108" lon="-95.52452009171247"><ele>94.0</ele></trkpt>
      <trkpt lat="30.62433348968625" lon="-95.52449326962233"><ele>93.0</ele></trkpt>
      <trkpt lat="30.624425522983074" lon="-95.52450927905738"><ele>93.0</ele></trkpt>
      <trkpt lat="30.624582264572382" lon="-95.52439763210714"><ele>94.0</ele></trkpt>
      <trkpt lat="30.62462124042213" lon="-95.52432873286307"><ele>94.0</ele></trkpt>
      <trkpt lat="30.62464135698974" lon="-95.52432672120631"><ele>95.0</ele></trkpt>
      <trkpt lat="30.624762726947665" lon="-95.52431029267609"><ele>95.0</ele></trkpt>
      <trkpt lat="30.624843947589397" lon="-95.52430367097259"><ele>96.0</ele></trkpt>
      <trkpt lat="30.625093644484878" lon="-95.52437826991081"><ele>96.0</ele></trkpt>
      <trkpt lat="30.625064307823777" lon="-95.52445965819061"><ele>96.0</ele></trkpt>
      <trkpt lat="30.6250580213964" lon="-95.52452269010246"><ele>96.0</ele></trkpt>
      <trkpt lat="30.625027595087886" lon="-95.52454766817391"><ele>96.0</ele></trkpt>
      <trkpt lat="30.62500680796802" lon="-95.52453769370914"><ele>96.0</ele></trkpt>
      <trkpt lat="30.625005634501576" lon="-95.52460583858192"><ele>97.0</ele></trkpt>
      <trkpt lat="30.625013010576367" lon="-95.52461572922766"><ele>97.0</ele></trkpt>
      <trkpt lat="30.625017201527953" lon="-95.52463995292783"><ele>97.0</ele></trkpt>
      <trkpt lat="30.625050058588386" lon="-95.5248449742794"><ele>98.0</ele></trkpt>
      <trkpt lat="30.625495053827763" lon="-95.52505653351545"><ele>99.0</ele></trkpt>
      <trkpt lat="30.625722371041775" lon="-95.52521595731378"><ele>100.0</ele></trkpt>
      <trkpt lat="30.62573980540037" lon="-95.52523858845234"><ele>100.0</ele></trkpt>
      <trkpt lat="30.62575975432992" lon="-95.52525744773448"><ele>100.0</ele></trkpt>
      <trkpt lat="30.625808285549283" lon="-95.52530338056386"><ele>101.0</ele></trkpt>
      <trkpt lat="30.625814823433757" lon="-95.52528091706336"><ele>101.0</ele></trkpt>
      <trkpt lat="30.62584717758" lon="-95.52531578578055"><ele>101.0</ele></trkpt>
      <trkpt lat="30.625852961093187" lon="-95.52534168586135"><ele>102.0</ele></trkpt>
      <trkpt lat="30.62590098939836" lon="-95.52543648518622"><ele>102.0</ele></trkpt>
      <trkpt lat="30.625924291089177" lon="-95.52549180574715"><ele>102.0</ele></trkpt>
      <trkpt lat="30.625923285260797" lon="-95.52546649239957"><ele>102.0</ele></trkpt>
      <trkpt lat="30.62592437490821" lon="-95.52543631754816"><ele>103.0</ele></trkpt>
      <trkpt lat="30.62593719922006" lon="-95.52548677660525"><ele>103.0</ele></trkpt>
      <trkpt lat="30.625945162028074" lon="-95.52547269500792"><ele>103.0</ele></trkpt>
      <trkpt lat="30.625965278595686" lon="-95.52548627369106"><ele>103.0</ele></trkpt>
      <trkpt lat="30.62597969546914" lon="-95.52547588013113"><ele>103.0</ele></trkpt>
      <trkpt lat="30.62599863857031" lon="-95.52545769140124"><ele>103.0</ele></trkpt>
      <trkpt lat="30.626016911119223" lon="-95.52545400336385"><ele>103.0</ele></trkpt>
      <trkpt lat="30.626026215031743" lon="-95.52552307024598"><ele>103.0</ele></trkpt>
      <trkpt lat="30.626080026850104" lon="-95.52566480822861"><ele>104.0</ele></trkpt>
      <trkpt lat="30.62607256695628" lon="-95.52569045685232"><ele>104.0</ele></trkpt>
      <trkpt lat="30.626110285520554" lon="-95.52573412656784"><ele>104.0</ele></trkpt>
      <trkpt lat="30.62612822279334" lon="-95.5257570091635"><ele>104.0</ele></trkpt>
      <trkpt lat="30.626144064590335" lon="-95.52578072994947"><ele>104.0</ele></trkpt>
      <trkpt lat="30.626220842823386" lon="-95.52583387121558"><ele>105.0</ele></trkpt>
      <trkpt lat="30.626191589981318" lon="-95.52582708187401"><ele>105.0</ele></trkpt>
      <trkpt lat="30.62637356109917" lon="-95.52598868496716"><ele>106.0</ele></trkpt>
      <trkpt lat="30.62636760994792" lon="-95.5260109808296"><ele>107.0</ele></trkpt>
      <trkpt lat="30.626381607726216" lon="-95.5260295048356"><ele>107.0</ele></trkpt>
      <trkpt lat="30.62644246034324" lon="-95.52608356811106"><ele>107.0</ele></trkpt>
      <trkpt lat="30.626490488648415" lon="-95.52610603161156"><ele>107.0</ele></trkpt>
      <trkpt lat="30.62659584917128" lon="-95.52623871713877"><ele>107.0</ele></trkpt>
      <trkpt lat="30.626503229141235" lon="-95.5263944528997"><ele>107.0</ele></trkpt>
      <trkpt lat="30.626462744548917" lon="-95.52643686532974"><ele>107.0</ele></trkpt>
      <trkpt lat="30.626444723457098" lon="-95.52644147537649"><ele>107.0</ele></trkpt>
      <trkpt lat="30.626437263563275" lon="-95.52646209485829"><ele>107.0</ele></trkpt>
      <trkpt lat="30.62647313810885" lon="-95.52673366852105"><ele>107.0</ele></trkpt>
      <trkpt lat="30.62643793411553" lon="-95.52672168239951"><ele>107.0</ele></trkpt>
      <trkpt lat="30.626428462564945" lon="-95.52672302350402"><ele>107.0</ele></trkpt>
      <trkpt lat="30.62631773762405" lon="-95.5268567148596"><ele>107.0</ele></trkpt>
      <trkpt lat="30.6262771692127" lon="-95.5269108619541"><ele>107.0</ele></trkpt>
      <trkpt lat="30.62618136405945" lon="-95.526984622702"><ele>107.0</ele></trkpt>
      <trkpt lat="30.62616736628115" lon="-95.52701328881085"><ele>108.0</ele></trkpt>
      <trkpt lat="30.626168539747596" lon="-95.52714195102453"><ele>109.0</ele></trkpt>
      <trkpt lat="30.626168455928564" lon="-95.52717422135174"><ele>109.0</ele></trkpt>
      <trkpt lat="30.626211622729897" lon="-95.52735543809831"><ele>109.0</ele></trkpt>
      <trkpt lat="30.626190835610032" lon="-95.5274040531367"><ele>109.0</ele></trkpt>
      <trkpt lat="30.626182621344924" lon="-95.52749214693904"><ele>109.0</ele></trkpt>
      <trkpt lat="30.62619368545711" lon="-95.52756221964955"><ele>110.0</ele></trkpt>
      <trkpt lat="30.626176670193672" lon="-95.5275618005544"><ele>110.0</ele></trkpt>
      <trkpt lat="30.62614037655294" lon="-95.5275631416589"><ele>111.0</ele></trkpt>
      <trkpt lat="30.626144064590335" lon="-95.52763195708394"><ele>111.0</ele></trkpt>
      <trkpt lat="30.626155799254775" lon="-95.5276786442846"><ele>111.0</ele></trkpt>
      <trkpt lat="30.626183208078146" lon="-95.5276809912175"><ele>111.0</ele></trkpt>
      <trkpt lat="30.62619611620903" lon="-95.5276809912175"><ele>111.0</ele></trkpt>
      <trkpt lat="30.626155212521553" lon="-95.5277000181377"><ele>111.0</ele></trkpt>
      <trkpt lat="30.62615948729217" lon="-95.52778878249228"><ele>111.0</ele></trkpt>
      <trkpt lat="30.626166192814708" lon="-95.52780378609896"><ele>111.0</ele></trkpt>
      <trkpt lat="30.626166947185993" lon="-95.5278202984482"><ele>111.0</ele></trkpt>
      <trkpt lat="30.626165606081486" lon="-95.52782348357141"><ele>111.0</ele></trkpt>
      <trkpt lat="30.626150770112872" lon="-95.52787159569561"><ele>111.0</ele></trkpt>
      <trkpt lat="30.626116739585996" lon="-95.52785743027925"><ele>111.0</ele></trkpt>
      <trkpt lat="30.626129480078816" lon="-95.52825255319476"><ele>111.0</ele></trkpt>
      <trkpt lat="30.626076003536582" lon="-95.52819790318608"><ele>111.0</ele></trkpt>
      <trkpt lat="30.626089330762625" lon="-95.52815532311797"><ele>111.0</ele></trkpt>
      <trkpt lat="30.625998470932245" lon="-95.52826353348792"><ele>110.0</ele></trkpt>
      <trkpt lat="30.6259748339653" lon="-95.52829287014902"><ele>110.0</ele></trkpt>
      <trkpt lat="30.62596594914794" lon="-95.5283039342612"><ele>110.0</ele></trkpt>
      <trkpt lat="30.625950694084167" lon="-95.5283229611814"><ele>110.0</ele></trkpt>
      <trkpt lat="30.62594843097031" lon="-95.52832572720945"><ele>109.0</ele></trkpt>
      <trkpt lat="30.625933930277824" lon="-95.52834391593933"><ele>109.0</ele></trkpt>
      <trkpt lat="30.625914903357625" lon="-95.52836696617305"><ele>109.0</ele></trkpt>
      <trkpt lat="30.62588674016297" lon="-95.52839420735836"><ele>109.0</ele></trkpt>
      <trkpt lat="30.625842483714223" lon="-95.52835430949926"><ele>109.0</ele></trkpt>
      <trkpt lat="30.626413794234395" lon="-95.52793638780713"><ele>109.0</ele></trkpt>
      <trkpt lat="30.62633433379233" lon="-95.52797041833401"><ele>109.0</ele></trkpt>
      <trkpt lat="30.6263065058738" lon="-95.52797301672399"><ele>109.0</ele></trkpt>
      <trkpt lat="30.62619804404676" lon="-95.5280896089971"><ele>108.0</ele></trkpt>
      <trkpt lat="30.626195780932903" lon="-95.52809916436672"><ele>108.0</ele></trkpt>
      <trkpt lat="30.626184046268463" lon="-95.5281503777951"><ele>108.0</ele></trkpt>
      <trkpt lat="30.626179603859782" lon="-95.52816957235336"><ele>108.0</ele></trkpt>
      <trkpt lat="30.626221848651767" lon="-95.52826487459242"><ele>108.0</ele></trkpt>
      <trkpt lat="30.626279851421714" lon="-95.52824852988124"><ele>108.0</ele></trkpt>
      <trkpt lat="30.626331148669124" lon="-95.52812246605754"><ele>108.0</ele></trkpt>
      <trkpt lat="30.626329807564616" lon="-95.52808047272265"><ele>108.0</ele></trkpt>
      <trkpt lat="30.626331651583314" lon="-95.52809773944318"><ele>108.0</ele></trkpt>
      <trkpt lat="30.62619997188449" lon="-95.52826805971563"><ele>108.0</ele></trkpt>
      <trkpt lat="30.626088408753276" lon="-95.52840820513666"><ele>108.0</ele></trkpt>
      <trkpt lat="30.626058066263795" lon="-95.52844642661512"><ele>108.0</ele></trkpt>
      <trkpt lat="30.626046918332577" lon="-95.52846042439342"><ele>108.0</ele></trkpt>
      <trkpt lat="30.625998806208372" lon="-95.52852085791528"><ele>108.0</ele></trkpt>
      <trkpt lat="30.625955555588007" lon="-95.5285753402859"><ele>108.0</ele></trkpt>
      <trkpt lat="30.62594097107649" lon="-95.52859361283481"><ele>108.0</ele></trkpt>
      <trkpt lat="30.625924626365304" lon="-95.52861423231661"><ele>108.0</ele></trkpt>
      <trkpt lat="30.625803424045444" lon="-95.52873166278005"><ele>108.0</ele></trkpt>
      <trkpt lat="30.62623324804008" lon="-95.52781166508794"><ele>108.0</ele></trkpt>
      <trkpt lat="30.626264428719878" lon="-95.52778149023652"><ele>107.0</ele></trkpt>
      <trkpt lat="30.62641312368214" lon="-95.52771569229662"><ele>107.0</ele></trkpt>
      <trkpt lat="30.626516975462437" lon="-95.52764578722417"><ele>107.0</ele></trkpt>
      <trkpt lat="30.626523178070784" lon="-95.52764168009162"><ele>107.0</ele></trkpt>
      <trkpt lat="30.62655963934958" lon="-95.52761712111533"><ele>107.0</ele></trkpt>
      <trkpt lat="30.626605739817023" lon="-95.52758619189262"><ele>107.0</ele></trkpt>
      <trkpt lat="30.626690229400992" lon="-95.52752936258912"><ele>107.0</ele></trkpt>
      <trkpt lat="30.62673507258296" lon="-95.52758309058845"><ele>108.0</ele></trkpt>
      <trkpt lat="30.626622335985303" lon="-95.5277309473604"><ele>107.0</ele></trkpt>
      <trkpt lat="30.62638864852488" lon="-95.52811240777373"><ele>107.0</ele></trkpt>
      <trkpt lat="30.62639736570418" lon="-95.52816202864051"><ele>109.0</ele></trkpt>
      <trkpt lat="30.62640222720802" lon="-95.52818977274"><ele>109.0</ele></trkpt>
      <trkpt lat="30.626391833648086" lon="-95.52814736030996"><ele>109.0</ele></trkpt>
      <trkpt lat="30.626385966315866" lon="-95.52813872694969"><ele>109.0</ele></trkpt>
      <trkpt lat="30.626384625211358" lon="-95.52812933921814"><ele>109.0</ele></trkpt>
      <trkpt lat="30.6263738963753" lon="-95.52812154404819"><ele>109.0</ele></trkpt>
      <trkpt lat="30.62639493495226" lon="-95.52812154404819"><ele>109.0</ele></trkpt>
      <trkpt lat="30.62636367045343" lon="-95.52815238945186"><ele>109.0</ele></trkpt>
      <trkpt lat="30.626374231651425" lon="-95.52813093177974"><ele>109.0</ele></trkpt>
      <trkpt lat="30.62632653862238" lon="-95.52811995148659"><ele>109.0</ele></trkpt>
      <trkpt lat="30.626334082335234" lon="-95.52811844274402"><ele>109.0</ele></trkpt>
      <trkpt lat="30.626337099820375" lon="-95.52811827510595"><ele>109.0</ele></trkpt>
      <trkpt lat="30.626338105648756" lon="-95.52811819128692"><ele>109.0</ele></trkpt>
      <trkpt lat="30.626340368762612" lon="-95.52811802364886"><ele>110.0</ele></trkpt>
      <trkpt lat="30.6263427156955" lon="-95.5281178560108"><ele>110.0</ele></trkpt>
      <trkpt lat="30.626344978809357" lon="-95.52811777219176"><ele>110.0</ele></trkpt>
      <trkpt lat="30.62633332796395" lon="-95.52811911329627"><ele>111.0</ele></trkpt>
      <trkpt lat="30.626332825049758" lon="-95.52812892012298"><ele>110.0</ele></trkpt>
      <trkpt lat="30.626322850584984" lon="-95.5281730927527"><ele>110.0</ele></trkpt>
      <trkpt lat="30.626311032101512" lon="-95.52820494398475"><ele>111.0</ele></trkpt>
      <trkpt lat="30.626291166990995" lon="-95.52823578938842"><ele>111.0</ele></trkpt>
      <trkpt lat="30.626278091222048" lon="-95.5283108074218"><ele>110.0</ele></trkpt>
      <trkpt lat="30.62626987695694" lon="-95.5283227097243"><ele>110.0</ele></trkpt>
      <trkpt lat="30.626282785087824" lon="-95.52833343856037"><ele>110.0</ele></trkpt>
      <trkpt lat="30.626310696825385" lon="-95.52844315767288"><ele>110.0</ele></trkpt>
      <trkpt lat="30.626310780644417" lon="-95.52844525314867"><ele>110.0</ele></trkpt>
      <trkpt lat="30.626265853643417" lon="-95.52855690009892"><ele>109.0</ele></trkpt>
      <trkpt lat="30.626248586922884" lon="-95.52861993201077"><ele>109.0</ele></trkpt>
      <trkpt lat="30.62626166269183" lon="-95.52863954566419"><ele>109.0</ele></trkpt>
      <trkpt lat="30.626372303813696" lon="-95.52878614515066"><ele>108.0</ele></trkpt>
      <trkpt lat="30.62643164768815" lon="-95.52889108657837"><ele>108.0</ele></trkpt>
      <trkpt lat="30.626308852806687" lon="-95.52908663637936"><ele>107.0</ele></trkpt>
      <trkpt lat="30.626390744000673" lon="-95.52906140685081"><ele>107.0</ele></trkpt>
      <trkpt lat="30.626380685716867" lon="-95.52896996028721"><ele>106.0</ele></trkpt>
      <trkpt lat="30.626364927738905" lon="-95.5289498437196"><ele>106.0</ele></trkpt>
      <trkpt lat="30.62633299268782" lon="-95.52898840047419"><ele>106.0</ele></trkpt>
      <trkpt lat="30.626239702105522" lon="-95.52911446429789"><ele>106.0</ele></trkpt>
      <trkpt lat="30.626208689063787" lon="-95.52913659252226"><ele>106.0</ele></trkpt>
      <trkpt lat="30.626199385151267" lon="-95.52915302105248"><ele>106.0</ele></trkpt>
      <trkpt lat="30.626182202249765" lon="-95.52917120978236"><ele>106.0</ele></trkpt>
      <trkpt lat="30.626179184764624" lon="-95.52918495610356"><ele>106.0</ele></trkpt>
      <trkpt lat="30.62617465853691" lon="-95.52919836714864"><ele>106.0</ele></trkpt>
      <trkpt lat="30.62613115645945" lon="-95.52940590307117"><ele>105.0</ele></trkpt>
      <trkpt lat="30.62610282562673" lon="-95.52946290001273"><ele>104.0</ele></trkpt>
      <trkpt lat="30.626155463978648" lon="-95.52977881394327"><ele>103.0</ele></trkpt>
      <trkpt lat="30.626179100945592" lon="-95.52979884669185"><ele>104.0</ele></trkpt>
      <trkpt lat="30.626358557492495" lon="-95.53005214780569"><ele>104.0</ele></trkpt>
      <trkpt lat="30.626477412879467" lon="-95.53013630211353"><ele>105.0</ele></trkpt>
      <trkpt lat="30.626501217484474" lon="-95.53016195073724"><ele>105.0</ele></trkpt>
      <trkpt lat="30.626766672357917" lon="-95.53028851747513"><ele>107.0</ele></trkpt>
      <trkpt lat="30.626705065369606" lon="-95.5304594244808"><ele>107.0</ele></trkpt>
      <trkpt lat="30.626693414524198" lon="-95.53051172755659"><ele>107.0</ele></trkpt>
      <trkpt lat="30.62667790800333" lon="-95.53057484328747"><ele>108.0</ele></trkpt>
      <trkpt lat="30.626691402867436" lon="-95.53059428930283"><ele>108.0</ele></trkpt>
      <trkpt lat="30.62671788968146" lon="-95.53061314858496"><ele>108.0</ele></trkpt>
      <trkpt lat="30.626725098118186" lon="-95.53062597289681"><ele>108.0</ele></trkpt>
      <trkpt lat="30.62675954774022" lon="-95.5306301638484"><ele>109.0</ele></trkpt>
      <trkpt lat="30.62684403732419" lon="-95.53058473393321"><ele>108.0</ele></trkpt>
      <trkpt lat="30.626862226054072" lon="-95.53057584911585"><ele>108.0</ele></trkpt>
      <trkpt lat="30.62694168649614" lon="-95.53059814497828"><ele>108.0</ele></trkpt>
      <trkpt lat="30.627004634588957" lon="-95.53065715357661"><ele>107.0</ele></trkpt>
      <trkpt lat="30.627034474164248" lon="-95.53077441640198"><ele>106.0</ele></trkpt>
      <trkpt lat="30.627059116959572" lon="-95.53082697093487"><ele>106.0</ele></trkpt>
      <trkpt lat="30.627080239355564" lon="-95.53084482438862"><ele>106.0</ele></trkpt>
      <trkpt lat="30.62730864621699" lon="-95.53101916797459"><ele>103.0</ele></trkpt>
      <trkpt lat="30.627473602071404" lon="-95.53107172250748"><ele>104.0</ele></trkpt>
      <trkpt lat="30.627494640648365" lon="-95.53106987848878"><ele>104.0</ele></trkpt>
      <trkpt lat="30.627556582912803" lon="-95.5310702137649"><ele>105.0</ele></trkpt>
      <trkpt lat="30.627607461065054" lon="-95.53107432089746"><ele>105.0</ele></trkpt>
      <trkpt lat="30.627660350874066" lon="-95.5310878995806"><ele>106.0</ele></trkpt>
      <trkpt lat="30.627908371388912" lon="-95.53112645633519"><ele>107.0</ele></trkpt>
      <trkpt lat="30.6279781088233" lon="-95.5311085190624"><ele>107.0</ele></trkpt>
      <trkpt lat="30.6279522087425" lon="-95.53118026815355"><ele>108.0</ele></trkpt>
      <trkpt lat="30.627867551520467" lon="-95.53141102194786"><ele>108.0</ele></trkpt>
      <trkpt lat="30.62777342274785" lon="-95.53159986622632"><ele>108.0</ele></trkpt>
      <trkpt lat="30.62779387459159" lon="-95.53162383846939"><ele>108.0</ele></trkpt>
      <trkpt lat="30.627807872369885" lon="-95.53162132389843"><ele>108.0</ele></trkpt>
      <trkpt lat="30.627820612862706" lon="-95.53161872550845"><ele>109.0</ele></trkpt>
      <trkpt lat="30.627828910946846" lon="-95.53162534721196"><ele>109.0</ele></trkpt>
      <trkpt lat="30.627838214859366" lon="-95.53164906799793"><ele>109.0</ele></trkpt>
      <trkpt lat="30.62784718349576" lon="-95.53165116347373"><ele>109.0</ele></trkpt>
      <trkpt lat="30.62786428257823" lon="-95.53165418095887"><ele>109.0</ele></trkpt>
      <trkpt lat="30.627961680293083" lon="-95.53176591172814"><ele>110.0</ele></trkpt>
      <trkpt lat="30.627987580373883" lon="-95.53179508075118"><ele>110.0</ele></trkpt>
      <trkpt lat="30.62801532447338" lon="-95.53181938827038"><ele>110.0</ele></trkpt>
      <trkpt lat="30.628134598955512" lon="-95.5318752117455"><ele>111.0</ele></trkpt>
      <trkpt lat="30.62860901467502" lon="-95.53237653337419"><ele>114.0</ele></trkpt>
      <trkpt lat="30.628695180639625" lon="-95.53279001265764"><ele>114.0</ele></trkpt>
      <trkpt lat="30.628559393808246" lon="-95.53305412642658"><ele>113.0</ele></trkpt>
      <trkpt lat="30.62856735661626" lon="-95.53305228240788"><ele>113.0</ele></trkpt>
      <trkpt lat="30.62857188284397" lon="-95.53304348140955"><ele>113.0</ele></trkpt>
      <trkpt lat="30.628597112372518" lon="-95.53300308063626"><ele>112.0</ele></trkpt>
      <trkpt lat="30.62878042459488" lon="-95.53275665268302"><ele>112.0</ele></trkpt>
      <trkpt lat="30.628842869773507" lon="-95.53282739594579"><ele>112.0</ele></trkpt>
      <trkpt lat="30.628853430971503" lon="-95.53283527493477"><ele>112.0</ele></trkpt>
      <trkpt lat="30.628876816481352" lon="-95.53285648114979"><ele>112.0</ele></trkpt>
      <trkpt lat="30.628952756524086" lon="-95.53289763629436"><ele>111.0</ele></trkpt>
      <trkpt lat="30.629082089290023" lon="-95.53300509229302"><ele>110.0</ele></trkpt>
      <trkpt lat="30.629306975752115" lon="-95.5331599060446"><ele>109.0</ele></trkpt>
      <trkpt lat="30.62932767905295" lon="-95.53317809477448"><ele>109.0</ele></trkpt>
      <trkpt lat="30.6294337939471" lon="-95.5332603212446"><ele>109.0</ele></trkpt>
      <trkpt lat="30.629551894962788" lon="-95.53341681137681"><ele>109.0</ele></trkpt>
      <trkpt lat="30.62973914667964" lon="-95.53351596929133"><ele>108.0</ele></trkpt>
      <trkpt lat="30.629788767546415" lon="-95.53359006531537"><ele>107.0</ele></trkpt>
      <trkpt lat="30.629953974857926" lon="-95.53382970392704"><ele>107.0</ele></trkpt>
      <trkpt lat="30.629944168031216" lon="-95.53386750631034"><ele>106.0</ele></trkpt>
      <trkpt lat="30.629959255456924" lon="-95.5338766425848"><ele>106.0</ele></trkpt>
      <trkpt lat="30.629913322627544" lon="-95.53400178439915"><ele>106.0</ele></trkpt>
      <trkpt lat="30.62988289631903" lon="-95.53407428786159"><ele>106.0</ele></trkpt>
      <trkpt lat="30.629848865792155" lon="-95.53420772776008"><ele>106.0</ele></trkpt>
      <trkpt lat="30.629855571314692" lon="-95.53425148129463"><ele>106.0</ele></trkpt>
      <trkpt lat="30.629868982359767" lon="-95.53430772386491"><ele>105.0</ele></trkpt>
      <trkpt lat="30.62988432124257" lon="-95.53433999419212"><ele>105.0</ele></trkpt>
      <trkpt lat="30.629974845796824" lon="-95.53437352180481"><ele>104.0</ele></trkpt>
      <trkpt lat="30.63011792488396" lon="-95.53442230448127"><ele>103.0</ele></trkpt>
      <trkpt lat="30.63018967397511" lon="-95.53440981544554"><ele>102.0</ele></trkpt>
      <trkpt lat="30.630293106660247" lon="-95.534389866516"><ele>101.0</ele></trkpt>
      <trkpt lat="30.63061287626624" lon="-95.53456437774003"><ele>99.0</ele></trkpt>
      <trkpt lat="30.63127932138741" lon="-95.53483611904085"><ele>98.0</ele></trkpt>
      <trkpt lat="30.631300695240498" lon="-95.53485640324652"><ele>97.0</ele></trkpt>
      <trkpt lat="30.631320225074887" lon="-95.53487090393901"><ele>97.0</ele></trkpt>
      <trkpt lat="30.63135257922113" lon="-95.53488800302148"><ele>97.0</ele></trkpt>
      <trkpt lat="30.631287032738328" lon="-95.53492278791964"><ele>97.0</ele></trkpt>
      <trkpt lat="30.631153509020805" lon="-95.53524155169725"><ele>97.0</ele></trkpt>
      <trkpt lat="30.63111260533333" lon="-95.53538270294666"><ele>97.0</ele></trkpt>
      <trkpt lat="30.631105564534664" lon="-95.53541220724583"><ele>97.0</ele></trkpt>
      <trkpt lat="30.631111096590757" lon="-95.53545000962913"><ele>97.0</ele></trkpt>
      <trkpt lat="30.6311019603163" lon="-95.53564296104014"><ele>97.0</ele></trkpt>
      <trkpt lat="30.63161116093397" lon="-95.53595711477101"><ele>95.0</ele></trkpt>
      <trkpt lat="30.631885919719934" lon="-95.53648190572858"><ele>93.0</ele></trkpt>
      <trkpt lat="30.631976863369346" lon="-95.53659732453525"><ele>93.0</ele></trkpt>
      <trkpt lat="30.63185985200107" lon="-95.53655642084777"><ele>92.0</ele></trkpt>
      <trkpt lat="30.631804699078202" lon="-95.53671014495194"><ele>92.0</ele></trkpt>
      <trkpt lat="30.631834538653493" lon="-95.53673654794693"><ele>92.0</ele></trkpt>
      <trkpt lat="30.63185197301209" lon="-95.53673420101404"><ele>92.0</ele></trkpt>
      <trkpt lat="30.631860019639134" lon="-95.53674962371588"><ele>92.0</ele></trkpt>
      <trkpt lat="30.631877286359668" lon="-95.53674635477364"><ele>92.0</ele></trkpt>
      <trkpt lat="30.631893798708916" lon="-95.53674375638366"><ele>92.0</ele></trkpt>
      <trkpt lat="30.63193067908287" lon="-95.5367311835289"><ele>92.0</ele></trkpt>
      <trkpt lat="30.6319447606802" lon="-95.53677049465477"><ele>92.0</ele></trkpt>
      <trkpt lat="30.63225748948753" lon="-95.53703921847045"><ele>92.0</ele></trkpt>
      <trkpt lat="30.63237869180739" lon="-95.53708204999566"><ele>93.0</ele></trkpt>
      <trkpt lat="30.632493188604712" lon="-95.53712454624474"><ele>93.0</ele></trkpt>
      <trkpt lat="30.632536355406046" lon="-95.53726988844573"><ele>95.0</ele></trkpt>
      <trkpt lat="30.632583796977997" lon="-95.53731917403638"><ele>95.0</ele></trkpt>
      <trkpt lat="30.632921336218715" lon="-95.53731230087578"><ele>95.0</ele></trkpt>
      <trkpt lat="30.6329532712698" lon="-95.5373147316277"><ele>95.0</ele></trkpt>
      <trkpt lat="30.63300758600235" lon="-95.53755613043904"><ele>96.0</ele></trkpt>
      <trkpt lat="30.63303843140602" lon="-95.53758638910949"><ele>95.0</ele></trkpt>
      <trkpt lat="30.633037760853767" lon="-95.53759426809847"><ele>95.0</ele></trkpt>
      <trkpt lat="30.633039940148592" lon="-95.53761497139931"><ele>95.0</ele></trkpt>
      <trkpt lat="30.63304379582405" lon="-95.53762838244438"><ele>95.0</ele></trkpt>
      <trkpt lat="30.63305930234492" lon="-95.53763316012919"><ele>95.0</ele></trkpt>
      <trkpt lat="30.63305150717497" lon="-95.53764338605106"><ele>95.0</ele></trkpt>
      <trkpt lat="30.633075144141912" lon="-95.53768621757627"><ele>95.0</ele></trkpt>
      <trkpt lat="30.63317379914224" lon="-95.53791294805706"><ele>94.0</ele></trkpt>
      <trkpt lat="30.633183270692825" lon="-95.53797187283635"><ele>93.0</ele></trkpt>
      <trkpt lat="30.63317514024675" lon="-95.53801151923835"><ele>93.0</ele></trkpt>
      <trkpt lat="30.633191652595997" lon="-95.53820949979126"><ele>93.0</ele></trkpt>
      <trkpt lat="30.63337605446577" lon="-95.53847319446504"><ele>93.0</ele></trkpt>
      <trkpt lat="30.63330514356494" lon="-95.53864921443164"><ele>93.0</ele></trkpt>
      <trkpt lat="30.63326600007713" lon="-95.53880327381194"><ele>93.0</ele></trkpt>
      <trkpt lat="30.633260803297162" lon="-95.53880419582129"><ele>93.0</ele></trkpt>
      <trkpt lat="30.63322165980935" lon="-95.53878064267337"><ele>93.0</ele></trkpt>
      <trkpt lat="30.633141193538904" lon="-95.53884057328105"><ele>93.0</ele></trkpt>
      <trkpt lat="30.63307204283774" lon="-95.5389295052737"><ele>93.0</ele></trkpt>
      <trkpt lat="30.63298461958766" lon="-95.53916436620057"><ele>94.0</ele></trkpt>
      <trkpt lat="30.632724780589342" lon="-95.53947516717017"><ele>94.0</ele></trkpt>
      <trkpt lat="30.632676081731915" lon="-95.53963945247233"><ele>95.0</ele></trkpt>
      <trkpt lat="30.632675578817725" lon="-95.53973307833076"><ele>96.0</ele></trkpt>
      <trkpt lat="30.632684295997024" lon="-95.53981228731573"><ele>97.0</ele></trkpt>
      <trkpt lat="30.632631154730916" lon="-95.53990633226931"><ele>97.0</ele></trkpt>
      <trkpt lat="30.632583713158965" lon="-95.54001797921956"><ele>97.0</ele></trkpt>
      <trkpt lat="30.632621934637427" lon="-95.54003532975912"><ele>98.0</ele></trkpt>
      <trkpt lat="30.632644146680832" lon="-95.54006500169635"><ele>98.0</ele></trkpt>
      <trkpt lat="30.632646242156625" lon="-95.54009819403291"><ele>98.0</ele></trkpt>
      <trkpt lat="30.63264993019402" lon="-95.54012023843825"><ele>98.0</ele></trkpt>
      <trkpt lat="30.632682032883167" lon="-95.54018268361688"><ele>98.0</ele></trkpt>
      <trkpt lat="30.632492266595364" lon="-95.54030195809901"><ele>96.0</ele></trkpt>
      <trkpt lat="30.63247013837099" lon="-95.5403175484389"><ele>96.0</ele></trkpt>
      <trkpt lat="30.63218272291124" lon="-95.54037597030401"><ele>97.0</ele></trkpt>
      <trkpt lat="30.632150871679187" lon="-95.54037890397012"><ele>98.0</ele></trkpt>
      <trkpt lat="30.63213385641575" lon="-95.54035141132772"><ele>98.0</ele></trkpt>
      <trkpt lat="30.632127318531275" lon="-95.54039508104324"><ele>99.0</ele></trkpt>
      <trkpt lat="30.632073925808072" lon="-95.54042290896177"><ele>100.0</ele></trkpt>
      <trkpt lat="30.632084822282195" lon="-95.54047403857112"><ele>101.0</ele></trkpt>
      <trkpt lat="30.632023802027106" lon="-95.54045333527029"><ele>101.0</ele></trkpt>
      <trkpt lat="30.632009636610746" lon="-95.5405495595187"><ele>101.0</ele></trkpt>
      <trkpt lat="30.63167796470225" lon="-95.54126562550664"><ele>101.0</ele></trkpt>
      <trkpt lat="30.63162080012262" lon="-95.54141549393535"><ele>101.0</ele></trkpt>
      <trkpt lat="30.631616106256843" lon="-95.5414853990078"><ele>102.0</ele></trkpt>
      <trkpt lat="30.63156615011394" lon="-95.54155044257641"><ele>102.0</ele></trkpt>
      <trkpt lat="30.631522899493575" lon="-95.54158883169293"><ele>102.0</ele></trkpt>
      <trkpt lat="30.63149674795568" lon="-95.54160836152732"><ele>102.0</ele></trkpt>
      <trkpt lat="30.631379317492247" lon="-95.54181941784918"><ele>103.0</ele></trkpt>
      <trkpt lat="30.63135693781078" lon="-95.54195428267121"><ele>103.0</ele></trkpt>
      <trkpt lat="30.631388034671545" lon="-95.54199325852096"><ele>103.0</ele></trkpt>
      <trkpt lat="30.63115769997239" lon="-95.54208185523748"><ele>103.0</ele></trkpt>
      <trkpt lat="30.630967346951365" lon="-95.54226826876402"><ele>103.0</ele></trkpt>
      <trkpt lat="30.630922419950366" lon="-95.54231353104115"><ele>104.0</ele></trkpt>
      <trkpt lat="30.63089861534536" lon="-95.54241553880274"><ele>104.0</ele></trkpt>
      <trkpt lat="30.630785124376416" lon="-95.54245543666184"><ele>104.0</ele></trkpt>
      <trkpt lat="30.630714632570744" lon="-95.54245686158538"><ele>104.0</ele></trkpt>
      <trkpt lat="30.630557723343372" lon="-95.54263656958938"><ele>105.0</ele></trkpt>
      <trkpt lat="30.63051162287593" lon="-95.54276414215565"><ele>106.0</ele></trkpt>
      <trkpt lat="30.630505587905645" lon="-95.54285827092826"><ele>106.0</ele></trkpt>
      <trkpt lat="30.630491422489285" lon="-95.54288576357067"><ele>106.0</ele></trkpt>
      <trkpt lat="30.63045211136341" lon="-95.54291535168886"><ele>106.0</ele></trkpt>
      <trkpt lat="30.630418080836535" lon="-95.54294049739838"><ele>106.0</ele></trkpt>
      <trkpt lat="30.630377093330026" lon="-95.54298693314195"><ele>107.0</ele></trkpt>
      <trkpt lat="30.630190344527364" lon="-95.54305071942508"><ele>108.0</ele></trkpt>
      <trkpt lat="30.629724813625216" lon="-95.5435952078551"><ele>108.0</ele></trkpt>
      <trkpt lat="30.62938970513642" lon="-95.5442482419312"><ele>111.0</ele></trkpt>
      <trkpt lat="30.629369840025902" lon="-95.54424748755991"><ele>111.0</ele></trkpt>
      <trkpt lat="30.62933170236647" lon="-95.5442432127893"><ele>111.0</ele></trkpt>
      <trkpt lat="30.629159873351455" lon="-95.54420096799731"><ele>111.0</ele></trkpt>
      <trkpt lat="30.629121400415897" lon="-95.54422527551651"><ele>111.0</ele></trkpt>
      <trkpt lat="30.629129447042942" lon="-95.54430725052953"><ele>112.0</ele></trkpt>
      <trkpt lat="30.629078149795532" lon="-95.5442376807332"><ele>112.0</ele></trkpt>
      <trkpt lat="30.629046550020576" lon="-95.54446868598461"><ele>112.0</ele></trkpt>
      <trkpt lat="30.628940099850297" lon="-95.54460355080664"><ele>112.0</ele></trkpt>
      <trkpt lat="30.628918474540114" lon="-95.54471067152917"><ele>112.0</ele></trkpt>
      <trkpt lat="30.628915457054973" lon="-95.54476230405271"><ele>112.0</ele></trkpt>
      <trkpt lat="30.62891042791307" lon="-95.544813266024"><ele>112.0</ele></trkpt>
      <trkpt lat="30.628722170367837" lon="-95.54511576890945"><ele>112.0</ele></trkpt>
      <trkpt lat="30.62855855561793" lon="-95.54540796205401"><ele>112.0</ele></trkpt>
      <trkpt lat="30.62838521786034" lon="-95.54566201753914"><ele>112.0</ele></trkpt>
      <trkpt lat="30.628305673599243" lon="-95.54581448435783"><ele>112.0</ele></trkpt>
      <trkpt lat="30.62806997448206" lon="-95.5460887402296"><ele>112.0</ele></trkpt>
      <trkpt lat="30.627960339188576" lon="-95.54616727866232"><ele>112.0</ele></trkpt>
      <trkpt lat="30.627963691949844" lon="-95.54617281071842"><ele>112.0</ele></trkpt>
      <trkpt lat="30.62798456288874" lon="-95.54602151736617"><ele>112.0</ele></trkpt>
      <trkpt lat="30.627929493784904" lon="-95.54603978991508"><ele>112.0</ele></trkpt>
      <trkpt lat="30.62792588956654" lon="-95.54600165225565"><ele>112.0</ele></trkpt>
      <trkpt lat="30.628103921189904" lon="-95.54544685408473"><ele>113.0</ele></trkpt>
      <trkpt lat="30.6281282287091" lon="-95.5455379653722"><ele>113.0</ele></trkpt>
      <trkpt lat="30.628128899261355" lon="-95.54563972167671"><ele>113.0</ele></trkpt>
      <trkpt lat="30.628123451024294" lon="-95.54565497674048"><ele>113.0</ele></trkpt>
      <trkpt lat="30.628117583692074" lon="-95.54566310718656"><ele>113.0</ele></trkpt>
      <trkpt lat="30.628098472952843" lon="-95.54565640166402"><ele>113.0</ele></trkpt>
      <trkpt lat="30.62808321788907" lon="-95.54566704668105"><ele>113.0</ele></trkpt>
      <trkpt lat="30.628043990582228" lon="-95.54576980881393"><ele>114.0</ele></trkpt>
      <trkpt lat="30.627925219014287" lon="-95.54576687514782"><ele>115.0</ele></trkpt>
      <trkpt lat="30.62788330949843" lon="-95.54570870473981"><ele>116.0</ele></trkpt>
      <trkpt lat="30.627849949523807" lon="-95.54575027897954"><ele>117.0</ele></trkpt>
      <trkpt lat="30.627827988937497" lon="-95.54576201364398"><ele>117.0</ele></trkpt>
      <trkpt lat="30.62781834974885" lon="-95.54571683518589"><ele>118.0</ele></trkpt>
      <trkpt lat="30.62779831700027" lon="-95.54569831117988"><ele>118.0</ele></trkpt>
      <trkpt lat="30.627772752195597" lon="-95.54569135420024"><ele>119.0</ele></trkpt>
      <trkpt lat="30.627094320952892" lon="-95.54618865251541"><ele>120.0</ele></trkpt>
      <trkpt lat="30.627019219100475" lon="-95.54610022343695"><ele>119.0</ele></trkpt>
      <trkpt lat="30.626955768093467" lon="-95.54612310603261"><ele>119.0</ele></trkpt>
      <trkpt lat="30.626933556050062" lon="-95.54613106884062"><ele>119.0</ele></trkpt>
      <trkpt lat="30.626924755051732" lon="-95.54613190703094"><ele>119.0</ele></trkpt>
      <trkpt lat="30.626900531351566" lon="-95.54613299667835"><ele>119.0</ele></trkpt>
      <trkpt lat="30.62680346891284" lon="-95.54610575549304"><ele>119.0</ele></trkpt>
      <trkpt lat="30.62677321024239" lon="-95.54613064974546"><ele>119.0</ele></trkpt>
      <trkpt lat="30.626729372888803" lon="-95.54614900611341"><ele>119.0</ele></trkpt>
      <trkpt lat="30.626392755657434" lon="-95.5461946874857"><ele>118.0</ele></trkpt>
      <trkpt lat="30.626365430653095" lon="-95.54621388204396"><ele>117.0</ele></trkpt>
      <trkpt lat="30.626274989917874" lon="-95.54624045267701"><ele>117.0</ele></trkpt>
      <trkpt lat="30.62607793137431" lon="-95.54620952345431"><ele>116.0</ele></trkpt>
      <trkpt lat="30.625979779288173" lon="-95.54607080295682"><ele>114.0</ele></trkpt>
      <trkpt lat="30.625677024945617" lon="-95.54605160839856"><ele>112.0</ele></trkpt>
      <trkpt lat="30.625597145408392" lon="-95.54604783654213"><ele>110.0</ele></trkpt>
      <trkpt lat="30.625536628067493" lon="-95.54607625119388"><ele>109.0</ele></trkpt>
      <trkpt lat="30.62547292560339" lon="-95.54610340856016"><ele>109.0</ele></trkpt>
      <trkpt lat="30.625251978635788" lon="-95.54605403915048"><ele>107.0</ele></trkpt>
      <trkpt lat="30.625261617824435" lon="-95.54606216959655"><ele>107.0</ele></trkpt>
      <trkpt lat="30.625242171809077" lon="-95.54604817181826"><ele>106.0</ele></trkpt>
      <trkpt lat="30.625233119353652" lon="-95.54605638608336"><ele>106.0</ele></trkpt>
      <trkpt lat="30.625206548720598" lon="-95.54607692174613"><ele>106.0</ele></trkpt>
      <trkpt lat="30.625173021107912" lon="-95.54607608355582"><ele>105.0</ele></trkpt>
      <trkpt lat="30.625156424939632" lon="-95.54607088677585"><ele>105.0</ele></trkpt>
      <trkpt lat="30.625138068571687" lon="-95.54607222788036"><ele>105.0</ele></trkpt>
      <trkpt lat="30.625063637271523" lon="-95.5460892431438"><ele>105.0</ele></trkpt>
      <trkpt lat="30.62427582219243" lon="-95.54604758508503"><ele>103.0</ele></trkpt>
      <trkpt lat="30.62408865429461" lon="-95.54613852873445"><ele>103.0</ele></trkpt>
      <trkpt lat="30.623538549989462" lon="-95.54606753401458"><ele>104.0</ele></trkpt>
      <trkpt lat="30.62350133433938" lon="-95.54608496837318"><ele>105.0</ele></trkpt>
      <trkpt lat="30.623489348217845" lon="-95.54609192535281"><ele>105.0</ele></trkpt>
      <trkpt lat="30.62346084974706" lon="-95.54611715488136"><ele>105.0</ele></trkpt>
      <trkpt lat="30.623253397643566" lon="-95.54612905718386"><ele>107.0</ele></trkpt>
      <trkpt lat="30.623028175905347" lon="-95.54604993201792"><ele>110.0</ele></trkpt>
      <trkpt lat="30.62299808487296" lon="-95.54605579935014"><ele>110.0</ele></trkpt>
      <trkpt lat="30.62296816147864" lon="-95.54606116376817"><ele>111.0</ele></trkpt>
      <trkpt lat="30.622516125440598" lon="-95.54611111991107"><ele>113.0</ele></trkpt>
      <trkpt lat="30.622464157640934" lon="-95.54613970220089"><ele>113.0</ele></trkpt>
      <trkpt lat="30.62214782461524" lon="-95.54618001915514"><ele>114.0</ele></trkpt>
      <trkpt lat="30.622058054432273" lon="-95.54610022343695"><ele>114.0</ele></trkpt>
      <trkpt lat="30.622051432728767" lon="-95.54610081017017"><ele>114.0</ele></trkpt>
      <trkpt lat="30.622033327817917" lon="-95.54610952734947"><ele>114.0</ele></trkpt>
      <trkpt lat="30.62200910411775" lon="-95.54614523425698"><ele>114.0</ele></trkpt>
      <trkpt lat="30.621966859325767" lon="-95.54615973494947"><ele>114.0</ele></trkpt>
      <trkpt lat="30.621965769678354" lon="-95.54616568610072"><ele>114.0</ele></trkpt>
      <trkpt lat="30.621945653110743" lon="-95.5461804382503"><ele>114.0</ele></trkpt>
      <trkpt lat="30.621924865990877" lon="-95.54618806578219"><ele>114.0</ele></trkpt>
      <trkpt lat="30.621841549873352" lon="-95.54620097391307"><ele>113.0</ele></trkpt>
      <trkpt lat="30.62177943997085" lon="-95.54620491340756"><ele>113.0</ele></trkpt>
      <trkpt lat="30.621751276776195" lon="-95.54619711823761"><ele>113.0</ele></trkpt>
      <trkpt lat="30.62167634256184" lon="-95.54621279239655"><ele>113.0</ele></trkpt>
      <trkpt lat="30.62164356932044" lon="-95.54621103219688"><ele>112.0</ele></trkpt>
      <trkpt lat="30.621630996465683" lon="-95.54620943963528"><ele>112.0</ele></trkpt>
      <trkpt lat="30.62160157598555" lon="-95.54621388204396"><ele>112.0</ele></trkpt>
      <trkpt lat="30.62153158709407" lon="-95.54624229669571"><ele>112.0</ele></trkpt>
      <trkpt lat="30.621464112773538" lon="-95.54628051817417"><ele>111.0</ele></trkpt>
      <trkpt lat="30.621423041447997" lon="-95.54628923535347"><ele>111.0</ele></trkpt>
      <trkpt lat="30.6213987339288" lon="-95.54628135636449"><ele>111.0</ele></trkpt>
      <trkpt lat="30.62135632149875" lon="-95.54628102108836"><ele>111.0</ele></trkpt>
      <trkpt lat="30.621349196881056" lon="-95.54627775214612"><ele>111.0</ele></trkpt>
      <trkpt lat="30.62124920077622" lon="-95.54626568220556"><ele>110.0</ele></trkpt>
      <trkpt lat="30.621224557980895" lon="-95.54626308381557"><ele>110.0</ele></trkpt>
      <trkpt lat="30.62113931402564" lon="-95.54627599194646"><ele>111.0</ele></trkpt>
      <trkpt lat="30.621077623218298" lon="-95.54626299999654"><ele>111.0</ele></trkpt>
      <trkpt lat="30.620908979326487" lon="-95.54626484401524"><ele>111.0</ele></trkpt>
      <trkpt lat="30.62086656689644" lon="-95.54626861587167"><ele>111.0</ele></trkpt>
      <trkpt lat="30.620757937431335" lon="-95.54626056924462"><ele>111.0</ele></trkpt>
      <trkpt lat="30.620675710961223" lon="-95.54627414792776"><ele>111.0</ele></trkpt>
      <trkpt lat="30.620585856959224" lon="-95.54628529585898"><ele>111.0</ele></trkpt>
      <trkpt lat="30.620443280786276" lon="-95.54629585705698"><ele>110.0</ele></trkpt>
      <trkpt lat="30.620309840887785" lon="-95.54629342630506"><ele>110.0</ele></trkpt>
      <trkpt lat="30.620148656889796" lon="-95.54630910046399"><ele>109.0</ele></trkpt>
      <trkpt lat="30.619446923956275" lon="-95.54595328867435"><ele>109.0</ele></trkpt>
      <trkpt lat="30.619316585361958" lon="-95.54605772718787"><ele>110.0</ele></trkpt>
      <trkpt lat="30.619286661967635" lon="-95.546068623662"><ele>110.0</ele></trkpt>
      <trkpt lat="30.619155485183" lon="-95.54618630558252"><ele>111.0</ele></trkpt>
      <trkpt lat="30.61890235170722" lon="-95.54620223119855"><ele>111.0</ele></trkpt>
      <trkpt lat="30.61878165230155" lon="-95.54625017568469"><ele>111.0</ele></trkpt>
      <trkpt lat="30.618771510198712" lon="-95.54626652039587"><ele>111.0</ele></trkpt>
      <trkpt lat="30.618698000907898" lon="-95.54621078073978"><ele>111.0</ele></trkpt>
      <trkpt lat="30.618662713095546" lon="-95.54623827338219"><ele>111.0</ele></trkpt>
      <trkpt lat="30.618652487173676" lon="-95.54623785428703"><ele>111.0</ele></trkpt>
      <trkpt lat="30.618628431111574" lon="-95.546243051067"><ele>111.0</ele></trkpt>
      <trkpt lat="30.61859448440373" lon="-95.54625713266432"><ele>111.0</ele></trkpt>
      <trkpt lat="30.61847772449255" lon="-95.5462343338877"><ele>111.0</ele></trkpt>
      <trkpt lat="30.618469174951315" lon="-95.54625671356916"><ele>111.0</ele></trkpt>
      <trkpt lat="30.61817044392228" lon="-95.546417478472"><ele>112.0</ele></trkpt>
      <trkpt lat="30.618041027337313" lon="-95.54641077294946"><ele>112.0</ele></trkpt>
      <trkpt lat="30.617663925513625" lon="-95.54652837105095"><ele>110.0</ele></trkpt>
      <trkpt lat="30.617496706545353" lon="-95.54647447541356"><ele>109.0</ele></trkpt>
      <trkpt lat="30.6172283180058" lon="-95.5463915783912"><ele>109.0</ele></trkpt>
      <trkpt lat="30.617118598893285" lon="-95.54625134915113"><ele>109.0</ele></trkpt>
      <trkpt lat="30.617105355486274" lon="-95.5462567973882"><ele>109.0</ele></trkpt>
      <trkpt lat="30.61706713400781" lon="-95.54629015736282"><ele>109.0</ele></trkpt>
      <trkpt lat="30.617032684385777" lon="-95.54629392921925"><ele>108.0</ele></trkpt>
      <trkpt lat="30.61701281927526" lon="-95.54629007354379"><ele>108.0</ele></trkpt>
      <trkpt lat="30.616985075175762" lon="-95.5462925042957"><ele>108.0</ele></trkpt>
      <trkpt lat="30.61694442294538" lon="-95.54627540521324"><ele>108.0</ele></trkpt>
      <trkpt lat="30.616790363565087" lon="-95.54630658589303"><ele>107.0</ele></trkpt>
      <trkpt lat="30.616732612252235" lon="-95.54634698666632"><ele>107.0</ele></trkpt>
      <trkpt lat="30.616696821525693" lon="-95.54635268636048"><ele>107.0</ele></trkpt>
      <trkpt lat="30.616603950038552" lon="-95.54634874686599"><ele>106.0</ele></trkpt>
      <trkpt lat="30.616553407162428" lon="-95.54630256257951"><ele>106.0</ele></trkpt>
      <trkpt lat="30.616435892879963" lon="-95.54614196531475"><ele>105.0</ele></trkpt>
      <trkpt lat="30.616375962272286" lon="-95.54612553678453"><ele>104.0</ele></trkpt>
      <trkpt lat="30.61620958149433" lon="-95.54611447267234"><ele>103.0</ele></trkpt>
      <trkpt lat="30.616144370287657" lon="-95.54608345963061"><ele>102.0</ele></trkpt>
      <trkpt lat="30.61612936668098" lon="-95.54605504497886"><ele>102.0</ele></trkpt>
      <trkpt lat="30.61604001559317" lon="-95.54598581045866"><ele>102.0</ele></trkpt>
      <trkpt lat="30.615967847406864" lon="-95.54598572663963"><ele>101.0</ele></trkpt>
      <trkpt lat="30.615755449980497" lon="-95.54591448046267"><ele>99.0</ele></trkpt>
      <trkpt lat="30.61553517356515" lon="-95.54605202749372"><ele>98.0</ele></trkpt>
      <trkpt lat="30.615460071712732" lon="-95.54616568610072"><ele>98.0</ele></trkpt>
      <trkpt lat="30.615415815263987" lon="-95.54628722369671"><ele>97.0</ele></trkpt>
      <trkpt lat="30.615406427532434" lon="-95.54632787592709"><ele>97.0</ele></trkpt>
      <trkpt lat="30.61533928848803" lon="-95.54635268636048"><ele>97.0</ele></trkpt>
      <trkpt lat="30.615230994299054" lon="-95.5463294684887"><ele>97.0</ele></trkpt>
      <trkpt lat="30.615207441151142" lon="-95.54630910046399"><ele>97.0</ele></trkpt>
      <trkpt lat="30.614988086745143" lon="-95.54630801081657"><ele>98.0</ele></trkpt>
      <trkpt lat="30.61475934460759" lon="-95.54631588980556"><ele>98.0</ele></trkpt>
      <trkpt lat="30.614733695983887" lon="-95.54633139632642"><ele>98.0</ele></trkpt>
      <trkpt lat="30.61455549672246" lon="-95.54639509879053"><ele>98.0</ele></trkpt>
      <trkpt lat="30.61442012898624" lon="-95.54631530307233"><ele>97.0</ele></trkpt>
      <trkpt lat="30.61414503492415" lon="-95.54617800749838"><ele>95.0</ele></trkpt>
      <trkpt lat="30.614118799567223" lon="-95.54618261754513"><ele>95.0</ele></trkpt>
      <trkpt lat="30.614095414057374" lon="-95.54619695059955"><ele>95.0</ele></trkpt>
      <trkpt lat="30.61385770328343" lon="-95.5462462361902"><ele>95.0</ele></trkpt>
      <trkpt lat="30.613877903670073" lon="-95.54635310545564"><ele>95.0</ele></trkpt>
      <trkpt lat="30.613848231732845" lon="-95.54637556895614"><ele>95.0</ele></trkpt>
      <trkpt lat="30.613821242004633" lon="-95.54639250040054"><ele>96.0</ele></trkpt>
      <trkpt lat="30.613728538155556" lon="-95.54640968330204"><ele>96.0</ele></trkpt>
      <trkpt lat="30.613403990864754" lon="-95.54632913321257"><ele>98.0</ele></trkpt>
      <trkpt lat="30.613373396918178" lon="-95.54630935192108"><ele>98.0</ele></trkpt>
      <trkpt lat="30.61320349574089" lon="-95.54636165499687"><ele>99.0</ele></trkpt>
      <trkpt lat="30.61316820792854" lon="-95.54636349901557"><ele>99.0</ele></trkpt>
      <trkpt lat="30.61311255209148" lon="-95.54636735469103"><ele>100.0</ele></trkpt>
      <trkpt lat="30.613084053620696" lon="-95.54637799970806"><ele>100.0</ele></trkpt>
      <trkpt lat="30.61304910108447" lon="-95.5463759880513"><ele>100.0</ele></trkpt>
      <trkpt lat="30.612983722239733" lon="-95.54636651650071"><ele>101.0</ele></trkpt>
      <trkpt lat="30.612935023382306" lon="-95.54640750400722"><ele>101.0</ele></trkpt>
      <trkpt lat="30.612882552668452" lon="-95.54644488729537"><ele>102.0</ele></trkpt>
      <trkpt lat="30.612548869103193" lon="-95.546430721879"><ele>103.0</ele></trkpt>
      <trkpt lat="30.61248667538166" lon="-95.54644673131406"><ele>103.0</ele></trkpt>
      <trkpt lat="30.612324317917228" lon="-95.54644513875246"><ele>104.0</ele></trkpt>
      <trkpt lat="30.612083924934268" lon="-95.54641613736749"><ele>105.0</ele></trkpt>
      <trkpt lat="30.612130612134933" lon="-95.54627574048936"><ele>105.0</ele></trkpt>
      <trkpt lat="30.61210353858769" lon="-95.5462340824306"><ele>105.0</ele></trkpt>
      <trkpt lat="30.612141089513898" lon="-95.54634313099086"><ele>105.0</ele></trkpt>
      <trkpt lat="30.612128265202045" lon="-95.54639912210405"><ele>105.0</ele></trkpt>
      <trkpt lat="30.61209716834128" lon="-95.54641647264361"><ele>106.0</ele></trkpt>
      <trkpt lat="30.612050481140614" lon="-95.54642083123326"><ele>106.0</ele></trkpt>
      <trkpt lat="30.61205525882542" lon="-95.54642904549837"><ele>106.0</ele></trkpt>
      <trkpt lat="30.61202642507851" lon="-95.54639099165797"><ele>106.0</ele></trkpt>
      <trkpt lat="30.611851578578353" lon="-95.54630524478853"><ele>107.0</ele></trkpt>
      <trkpt lat="30.61170632019639" lon="-95.54630549624562"><ele>108.0</ele></trkpt>
      <trkpt lat="30.611674217507243" lon="-95.54630432277918"><ele>108.0</ele></trkpt>
      <trkpt lat="30.61143801547587" lon="-95.54626224562526"><ele>109.0</ele></trkpt>
      <trkpt lat="30.611399793997407" lon="-95.54628202691674"><ele>109.0</ele></trkpt>
      <trkpt lat="30.611370960250497" lon="-95.54628437384963"><ele>109.0</ele></trkpt>
      <trkpt lat="30.611271215602756" lon="-95.54623584263027"><ele>109.0</ele></trkpt>
      <trkpt lat="30.611250679939985" lon="-95.54621522314847"><ele>109.0</ele></trkpt>
      <trkpt lat="30.611104583367705" lon="-95.54617708548903"><ele>109.0</ele></trkpt>
      <trkpt lat="30.611070385202765" lon="-95.54613970220089"><ele>109.0</ele></trkpt>
      <trkpt lat="30.6110271345824" lon="-95.54611916653812"><ele>109.0</ele></trkpt>
      <trkpt lat="30.61101690866053" lon="-95.54611162282526"><ele>110.0</ele></trkpt>
      <trkpt lat="30.610943315550685" lon="-95.54611019790173"><ele>109.0</ele></trkpt>
      <trkpt lat="30.61089268885553" lon="-95.54603274911642"><ele>110.0</ele></trkpt>
      <trkpt lat="30.610852958634496" lon="-95.545984050259"><ele>109.0</ele></trkpt>
      <trkpt lat="30.61086737550795" lon="-95.54597751237452"><ele>109.0</ele></trkpt>
      <trkpt lat="30.610843738541007" lon="-95.54595982655883"><ele>109.0</ele></trkpt>
      <trkpt lat="30.610819766297936" lon="-95.54592973552644"><ele>110.0</ele></trkpt>
      <trkpt lat="30.610819682478905" lon="-95.54590693674982"><ele>110.0</ele></trkpt>
      <trkpt lat="30.610749693587422" lon="-95.54584826342762"><ele>109.0</ele></trkpt>
      <trkpt lat="30.610592868179083" lon="-95.54565003141761"><ele>109.0</ele></trkpt>
      <trkpt lat="30.6105712428689" lon="-95.54562237113714"><ele>109.0</ele></trkpt>
      <trkpt lat="30.610528998076916" lon="-95.5456180125475"><ele>109.0</ele></trkpt>
      <trkpt lat="30.61035322956741" lon="-95.54544341750443"><ele>108.0</ele></trkpt>
      <trkpt lat="30.61032590456307" lon="-95.54543352685869"><ele>108.0</ele></trkpt>
      <trkpt lat="30.61024585738778" lon="-95.54539941251278"><ele>108.0</ele></trkpt>
      <trkpt lat="30.61022138223052" lon="-95.54538700729609"><ele>107.0</ele></trkpt>
      <trkpt lat="30.610074615105987" lon="-95.54516178555787"><ele>107.0</ele></trkpt>
      <trkpt lat="30.609906809404492" lon="-95.5447146948427"><ele>107.0</ele></trkpt>
      <trkpt lat="30.60984176583588" lon="-95.54466784000397"><ele>108.0</ele></trkpt>
      <trkpt lat="30.609822990372777" lon="-95.54467747919261"><ele>108.0</ele></trkpt>
      <trkpt lat="30.60980647802353" lon="-95.54463607259095"><ele>108.0</ele></trkpt>
      <trkpt lat="30.609759707003832" lon="-95.54459164850414"><ele>108.0</ele></trkpt>
      <trkpt lat="30.6097234133631" lon="-95.54453959688544"><ele>108.0</ele></trkpt>
      <trkpt lat="30.609651328995824" lon="-95.5444879643619"><ele>108.0</ele></trkpt>
      <trkpt lat="30.609621489420533" lon="-95.54445678368211"><ele>108.0</ele></trkpt>
      <trkpt lat="30.60953825712204" lon="-95.5444107670337"><ele>108.0</ele></trkpt>
      <trkpt lat="30.60945661738515" lon="-95.54434161633253"><ele>108.0</ele></trkpt>
      <trkpt lat="30.609289901331067" lon="-95.54420071654022"><ele>109.0</ele></trkpt>
      <trkpt lat="30.609133997932076" lon="-95.54393366910517"><ele>108.0</ele></trkpt>
      <trkpt lat="30.6090119574219" lon="-95.54384088143706"><ele>108.0</ele></trkpt>
      <trkpt lat="30.60897876508534" lon="-95.54380467161536"><ele>107.0</ele></trkpt>
      <trkpt lat="30.60888782143593" lon="-95.54369889199734"><ele>107.0</ele></trkpt>
      <trkpt lat="30.60882730409503" lon="-95.54363577626646"><ele>106.0</ele></trkpt>
      <trkpt lat="30.608794782310724" lon="-95.54357953369617"><ele>106.0</ele></trkpt>
      <trkpt lat="30.608758321031928" lon="-95.54349831305444"><ele>105.0</ele></trkpt>
      <trkpt lat="30.60871205292642" lon="-95.54347048513591"><ele>105.0</ele></trkpt>
      <trkpt lat="30.608667880296707" lon="-95.54343896917999"><ele>105.0</ele></trkpt>
      <trkpt lat="30.60854340903461" lon="-95.54332304745913"><ele>105.0</ele></trkpt>
      <trkpt lat="30.608547013252974" lon="-95.5432878434658"><ele>104.0</ele></trkpt>
      <trkpt lat="30.60843938961625" lon="-95.54318399168551"><ele>104.0</ele></trkpt>
      <trkpt lat="30.608449950814247" lon="-95.54326102137566"><ele>103.0</ele></trkpt>
      <trkpt lat="30.60843880288303" lon="-95.543227577582"><ele>103.0</ele></trkpt>
      <trkpt lat="30.608433689922094" lon="-95.54320972412825"><ele>103.0</ele></trkpt>
      <trkpt lat="30.608353056013584" lon="-95.54299430921674"><ele>103.0</ele></trkpt>
      <trkpt lat="30.608247946947813" lon="-95.54286631755531"><ele>102.0</ele></trkpt>
      <trkpt lat="30.608211737126112" lon="-95.54284502752125"><ele>102.0</ele></trkpt>
      <trkpt lat="30.60812909156084" lon="-95.54268954321742"><ele>102.0</ele></trkpt>
      <trkpt lat="30.608102018013597" lon="-95.54265693761408"><ele>102.0</ele></trkpt>
      <trkpt lat="30.608070334419608" lon="-95.54263547994196"><ele>101.0</ele></trkpt>
      <trkpt lat="30.60788710601628" lon="-95.54232493042946"><ele>99.0</ele></trkpt>
      <trkpt lat="30.60792675241828" lon="-95.54217858240008"><ele>98.0</ele></trkpt>
      <trkpt lat="30.607793731614947" lon="-95.54196258075535"><ele>95.0</ele></trkpt>
      <trkpt lat="30.607810663059354" lon="-95.54159193299711"><ele>94.0</ele></trkpt>
      <trkpt lat="30.607784343883395" lon="-95.54157122969627"><ele>93.0</ele></trkpt>
      <trkpt lat="30.607753917574883" lon="-95.54156745783985"><ele>93.0</ele></trkpt>
      <trkpt lat="30.607793983072042" lon="-95.54149688221514"><ele>93.0</ele></trkpt>
      <trkpt lat="30.607803035527468" lon="-95.54149336181581"><ele>93.0</ele></trkpt>
      <trkpt lat="30.607804963365197" lon="-95.5414869915694"><ele>93.0</ele></trkpt>
      <trkpt lat="30.60780068859458" lon="-95.54147341288626"><ele>93.0</ele></trkpt>
      <trkpt lat="30.60779490508139" lon="-95.54144700989127"><ele>92.0</ele></trkpt>
      <trkpt lat="30.607700273394585" lon="-95.54119287058711"><ele>93.0</ele></trkpt>
      <trkpt lat="30.607673451304436" lon="-95.54108541458845"><ele>94.0</ele></trkpt>
      <trkpt lat="30.607689879834652" lon="-95.54089874960482"><ele>95.0</ele></trkpt>
      <trkpt lat="30.607724161818624" lon="-95.54083798080683"><ele>96.0</ele></trkpt>
      <trkpt lat="30.607674457132816" lon="-95.540756508708"><ele>96.0</ele></trkpt>
      <trkpt lat="30.607665991410613" lon="-95.54072381928563"><ele>96.0</ele></trkpt>
      <trkpt lat="30.60762718319893" lon="-95.54067394696176"><ele>97.0</ele></trkpt>
      <trkpt lat="30.607638079673052" lon="-95.54035509936512"><ele>98.0</ele></trkpt>
      <trkpt lat="30.6076165381819" lon="-95.54028796032071"><ele>98.0</ele></trkpt>
      <trkpt lat="30.607579154893756" lon="-95.54023909382522"><ele>98.0</ele></trkpt>
      <trkpt lat="30.607575634494424" lon="-95.54017472080886"><ele>98.0</ele></trkpt>
      <trkpt lat="30.60754956677556" lon="-95.54013666696846"><ele>97.0</ele></trkpt>
      <trkpt lat="30.607494078576565" lon="-95.53990742191672"><ele>97.0</ele></trkpt>
      <trkpt lat="30.607420150190592" lon="-95.53986249491572"><ele>96.0</ele></trkpt>
      <trkpt lat="30.6073628179729" lon="-95.53980994038284"><ele>96.0</ele></trkpt>
      <trkpt lat="30.607390059158206" lon="-95.53977188654244"><ele>95.0</ele></trkpt>
      <trkpt lat="30.60743724927306" lon="-95.53973517380655"><ele>95.0</ele></trkpt>
      <trkpt lat="30.607456611469388" lon="-95.53969385102391"><ele>95.0</ele></trkpt>
      <trkpt lat="30.607447726652026" lon="-95.53967205807567"><ele>94.0</ele></trkpt>
      <trkpt lat="30.607446553185582" lon="-95.53964657709002"><ele>94.0</ele></trkpt>
      <trkpt lat="30.607454935088754" lon="-95.53962604142725"><ele>94.0</ele></trkpt>
      <trkpt lat="30.60745971277356" lon="-95.53960768505931"><ele>94.0</ele></trkpt>
      <trkpt lat="30.607461724430323" lon="-95.53959896788001"><ele>94.0</ele></trkpt>
      <trkpt lat="30.607466166839004" lon="-95.53955789655447"><ele>93.0</ele></trkpt>
      <trkpt lat="30.60746398754418" lon="-95.53953308612108"><ele>93.0</ele></trkpt>
      <trkpt lat="30.607462730258703" lon="-95.53951766341925"><ele>93.0</ele></trkpt>
      <trkpt lat="30.607462311163545" lon="-95.53950316272676"><ele>93.0</ele></trkpt>
      <trkpt lat="30.607445714995265" lon="-95.5394472554326"><ele>92.0</ele></trkpt>
      <trkpt lat="30.60742199420929" lon="-95.53933820687234"><ele>92.0</ele></trkpt>
      <trkpt lat="30.60742048546672" lon="-95.53932588547468"><ele>92.0</ele></trkpt>
      <trkpt lat="30.607416462153196" lon="-95.53928975947201"><ele>92.0</ele></trkpt>
      <trkpt lat="30.607408080250025" lon="-95.53924575448036"><ele>91.0</ele></trkpt>
      <trkpt lat="30.607395423576236" lon="-95.53919571451843"><ele>91.0</ele></trkpt>
      <trkpt lat="30.60738586820662" lon="-95.53917224518955"><ele>91.0</ele></trkpt>
      <trkpt lat="30.607384527102113" lon="-95.5391610134393"><ele>91.0</ele></trkpt>
      <trkpt lat="30.607350077480078" lon="-95.53904953412712"><ele>91.0</ele></trkpt>
      <trkpt lat="30.607346137985587" lon="-95.53904090076685"><ele>90.0</ele></trkpt>
      <trkpt lat="30.6073350738734" lon="-95.53902707062662"><ele>90.0</ele></trkpt>
      <trkpt lat="30.60731453821063" lon="-95.53886865265667"><ele>90.0</ele></trkpt>
      <trkpt lat="30.607305569574237" lon="-95.5388103146106"><ele>90.0</ele></trkpt>
      <trkpt lat="30.607280507683754" lon="-95.53874300792813"><ele>90.0</ele></trkpt>
      <trkpt lat="30.607264414429665" lon="-95.53871283307672"><ele>90.0</ele></trkpt>
      <trkpt lat="30.60719333589077" lon="-95.53856019861996"><ele>91.0</ele></trkpt>
      <trkpt lat="30.60719191096723" lon="-95.53853614255786"><ele>91.0</ele></trkpt>
      <trkpt lat="30.607186630368233" lon="-95.53851686418056"><ele>91.0</ele></trkpt>
      <trkpt lat="30.607187384739518" lon="-95.53845282644033"><ele>91.0</ele></trkpt>
      <trkpt lat="30.60717422515154" lon="-95.53839784115553"><ele>91.0</ele></trkpt>
      <trkpt lat="30.607154862955213" lon="-95.53834964521229"><ele>92.0</ele></trkpt>
      <trkpt lat="30.60711764730513" lon="-95.53824604488909"><ele>92.0</ele></trkpt>
      <trkpt lat="30.607105242088437" lon="-95.53818309679627"><ele>92.0</ele></trkpt>
      <trkpt lat="30.607104739174247" lon="-95.5381694342941"><ele>92.0</ele></trkpt>
      <trkpt lat="30.607104655355215" lon="-95.53815484978259"><ele>92.0</ele></trkpt>
      <trkpt lat="30.60709468089044" lon="-95.53812081925571"><ele>92.0</ele></trkpt>
      <trkpt lat="30.607075318694115" lon="-95.538037000224"><ele>92.0</ele></trkpt>
      <trkpt lat="30.607019998133183" lon="-95.53781345486641"><ele>91.0</ele></trkpt>
      <trkpt lat="30.606982531026006" lon="-95.53766652010381"><ele>91.0</ele></trkpt>
      <trkpt lat="30.606910614296794" lon="-95.53748857229948"><ele>90.0</ele></trkpt>
      <trkpt lat="30.60688798315823" lon="-95.53739536553621"><ele>89.0</ele></trkpt>
      <trkpt lat="30.606900388374925" lon="-95.53716603666544"><ele>88.0</ele></trkpt>
      <trkpt lat="30.606853533536196" lon="-95.53705715574324"><ele>88.0</ele></trkpt>
      <trkpt lat="30.606689918786287" lon="-95.53677158430219"><ele>86.0</ele></trkpt>
      <trkpt lat="30.606633257120848" lon="-95.53670033812523"><ele>85.0</ele></trkpt>
      <trkpt lat="30.60662412084639" lon="-95.53661894984543"><ele>84.0</ele></trkpt>
      <trkpt lat="30.606620935723186" lon="-95.5365760345012"><ele>83.0</ele></trkpt>
      <trkpt lat="30.606613643467426" lon="-95.53634712472558"><ele>82.0</ele></trkpt>
      <trkpt lat="30.60660408809781" lon="-95.53634368814528"><ele>82.0</ele></trkpt>
      <trkpt lat="30.60660266317427" lon="-95.53630957379937"><ele>81.0</ele></trkpt>
      <trkpt lat="30.606605764478445" lon="-95.53628786467016"><ele>81.0</ele></trkpt>
      <trkpt lat="30.606584306806326" lon="-95.53627302870154"><ele>80.0</ele></trkpt>
      <trkpt lat="30.606577014550567" lon="-95.53627512417734"><ele>80.0</ele></trkpt>
      <trkpt lat="30.606759823858738" lon="-95.53629968315363"><ele>79.0</ele></trkpt>
      <trkpt lat="30.606763679534197" lon="-95.53631393238902"><ele>79.0</ele></trkpt>
      <trkpt lat="30.607047490775585" lon="-95.53618158213794"><ele>79.0</ele></trkpt>
      <trkpt lat="30.607167351990938" lon="-95.53621024824679"><ele>79.0</ele></trkpt>
      <trkpt lat="30.607177577912807" lon="-95.53608921356499"><ele>78.0</ele></trkpt>
      <trkpt lat="30.60718889348209" lon="-95.53606130182743"><ele>77.0</ele></trkpt>
      <trkpt lat="30.60724949464202" lon="-95.5359748005867"><ele>78.0</ele></trkpt>
      <trkpt lat="30.60759449377656" lon="-95.53584496490657"><ele>78.0</ele></trkpt>
      <trkpt lat="30.60774897225201" lon="-95.53577514365315"><ele>78.0</ele></trkpt>
      <trkpt lat="30.607746709138155" lon="-95.53577564656734"><ele>78.0</ele></trkpt>
      <trkpt lat="30.607718294486403" lon="-95.53574647754431"><ele>78.0</ele></trkpt>
      <trkpt lat="30.607678815722466" lon="-95.53570875898004"><ele>77.0</ele></trkpt>
      <trkpt lat="30.60765367001295" lon="-95.53570968098938"><ele>77.0</ele></trkpt>
      <trkpt lat="30.607644617557526" lon="-95.53570833988488"><ele>77.0</ele></trkpt>
      <trkpt lat="30.607622740790248" lon="-95.53570138290524"><ele>77.0</ele></trkpt>
      <trkpt lat="30.607579573988914" lon="-95.53569559939206"><ele>77.0</ele></trkpt>
      <trkpt lat="30.60752316378057" lon="-95.5356793384999"><ele>77.0</ele></trkpt>
      <trkpt lat="30.607446804642677" lon="-95.5356344114989"><ele>77.0</ele></trkpt>
      <trkpt lat="30.607395507395267" lon="-95.53550382144749"><ele>77.0</ele></trkpt>
      <trkpt lat="30.607357118278742" lon="-95.53551438264549"><ele>78.0</ele></trkpt>
      <trkpt lat="30.60720993205905" lon="-95.53553525358438"><ele>78.0</ele></trkpt>
      <trkpt lat="30.60715469531715" lon="-95.53548948839307"><ele>78.0</ele></trkpt>
      <trkpt lat="30.60706425458193" lon="-95.535476077348"><ele>78.0</ele></trkpt>
      <trkpt lat="30.60674775391817" lon="-95.53553139790893"><ele>78.0</ele></trkpt>
      <trkpt lat="30.60663283802569" lon="-95.53551899269223"><ele>78.0</ele></trkpt>
      <trkpt lat="30.606547007337213" lon="-95.53546744398773"><ele>77.0</ele></trkpt>
      <trkpt lat="30.606508031487465" lon="-95.53539510816336"><ele>77.0</ele></trkpt>
      <trkpt lat="30.606489842757583" lon="-95.53539510816336"><ele>77.0</ele></trkpt>
      <trkpt lat="30.60644525103271" lon="-95.53525060415268"><ele>77.0</ele></trkpt>
      <trkpt lat="30.60611684806645" lon="-95.53486553952098"><ele>78.0</ele></trkpt>
      <trkpt lat="30.606036381796002" lon="-95.53471349179745"><ele>80.0</ele></trkpt>
      <trkpt lat="30.60585985891521" lon="-95.53452297113836"><ele>81.0</ele></trkpt>
      <trkpt lat="30.605656011030078" lon="-95.53442012518644"><ele>82.0</ele></trkpt>
      <trkpt lat="30.60545618645847" lon="-95.53417009301484"><ele>82.0</ele></trkpt>
      <trkpt lat="30.605436824262142" lon="-95.53415643051267"><ele>82.0</ele></trkpt>
      <trkpt lat="30.605431459844112" lon="-95.53413363173604"><ele>82.0</ele></trkpt>
      <trkpt lat="30.605482421815395" lon="-95.53406741470098"><ele>82.0</ele></trkpt>
      <trkpt lat="30.605494575574994" lon="-95.53404084406793"><ele>82.0</ele></trkpt>
      <trkpt lat="30.605668667703867" lon="-95.5340286064893"><ele>82.0</ele></trkpt>
      <trkpt lat="30.60553338378668" lon="-95.5339218210429"><ele>82.0</ele></trkpt>
      <trkpt lat="30.605129627510905" lon="-95.53358176723123"><ele>81.0</ele></trkpt>
      <trkpt lat="30.604906417429447" lon="-95.53328605368733"><ele>82.0</ele></trkpt>
      <trkpt lat="30.604748418554664" lon="-95.53300165571272"><ele>81.0</ele></trkpt>
      <trkpt lat="30.604668706655502" lon="-95.5328477639705"><ele>81.0</ele></trkpt>
      <trkpt lat="30.60463685542345" lon="-95.53282379172742"><ele>81.0</ele></trkpt>
      <trkpt lat="30.604549096897244" lon="-95.53276645950973"><ele>81.0</ele></trkpt>
      <trkpt lat="30.604501152411103" lon="-95.53275204263628"><ele>81.0</ele></trkpt>
      <trkpt lat="30.604492938145995" lon="-95.5325747653842"><ele>81.0</ele></trkpt>
      <trkpt lat="30.604458320885897" lon="-95.53259027190506"><ele>81.0</ele></trkpt>
      <trkpt lat="30.604277858510613" lon="-95.53231501020491"><ele>81.0</ele></trkpt>
      <trkpt lat="30.60415212996304" lon="-95.53208978846669"><ele>82.0</ele></trkpt>
      <trkpt lat="30.60405774973333" lon="-95.53190815262496"><ele>82.0</ele></trkpt>
      <trkpt lat="30.603988766670227" lon="-95.53181720897555"><ele>82.0</ele></trkpt>
      <trkpt lat="30.603901846334338" lon="-95.53177471272647"><ele>83.0</ele></trkpt>
      <trkpt lat="30.603597834706306" lon="-95.5315522570163"><ele>85.0</ele></trkpt>
      <trkpt lat="30.6035187933594" lon="-95.53138319402933"><ele>86.0</ele></trkpt>
      <trkpt lat="30.603348473086953" lon="-95.53125620819628"><ele>85.0</ele></trkpt>
      <trkpt lat="30.60337085276842" lon="-95.53138696588576"><ele>85.0</ele></trkpt>
      <trkpt lat="30.603371188044548" lon="-95.53138428367674"><ele>85.0</ele></trkpt>
      <trkpt lat="30.60343530960381" lon="-95.53146986290812"><ele>85.0</ele></trkpt>
      <trkpt lat="30.603375798091292" lon="-95.53140725009143"><ele>84.0</ele></trkpt>
      <trkpt lat="30.603385353460908" lon="-95.53144295699894"><ele>84.0</ele></trkpt>
      <trkpt lat="30.60338392853737" lon="-95.53143742494285"><ele>85.0</ele></trkpt>
      <trkpt lat="30.6033805757761" lon="-95.531435161829"><ele>85.0</ele></trkpt>
      <trkpt lat="30.603357776999474" lon="-95.53141328506172"><ele>85.0</ele></trkpt>
      <trkpt lat="30.603336486965418" lon="-95.531334746629"><ele>85.0</ele></trkpt>
      <trkpt lat="30.603259205818176" lon="-95.53117473609746"><ele>85.0</ele></trkpt>
      <trkpt lat="30.603287955746055" lon="-95.53100441582501"><ele>87.0</ele></trkpt>
      <trkpt lat="30.60325258411467" lon="-95.530996453017"><ele>87.0</ele></trkpt>
      <trkpt lat="30.603183433413506" lon="-95.53077567368746"><ele>88.0</ele></trkpt>
      <trkpt lat="30.603211764246225" lon="-95.53077441640198"><ele>87.0</ele></trkpt>
      <trkpt lat="30.60334788635373" lon="-95.53063284605742"><ele>86.0</ele></trkpt>
      <trkpt lat="30.60342256911099" lon="-95.53052580915391"><ele>87.0</ele></trkpt>
      <trkpt lat="30.603446792811155" lon="-95.53032950498164"><ele>87.0</ele></trkpt>
      <trkpt lat="30.60356229543686" lon="-95.5302810575813"><ele>87.0</ele></trkpt>
      <trkpt lat="30.603859769180417" lon="-95.53018592298031"><ele>86.0</ele></trkpt>
      <trkpt lat="30.603859517723322" lon="-95.53018223494291"><ele>86.0</ele></trkpt>
      <trkpt lat="30.603677295148373" lon="-95.53010755218565"><ele>87.0</ele></trkpt>
      <trkpt lat="30.603819703683257" lon="-95.52989238873124"><ele>87.0</ele></trkpt>
      <trkpt lat="30.603919615969062" lon="-95.5298254173249"><ele>88.0</ele></trkpt>
      <trkpt lat="30.603971583768725" lon="-95.52984687499702"><ele>88.0</ele></trkpt>
      <trkpt lat="30.604129498824477" lon="-95.5297255050391"><ele>89.0</ele></trkpt>
      <trkpt lat="30.604304764419794" lon="-95.52932677790523"><ele>91.0</ele></trkpt>
      <trkpt lat="30.604333262890577" lon="-95.52923524752259"><ele>91.0</ele></trkpt>
      <trkpt lat="30.6044926866889" lon="-95.5289963632822"><ele>92.0</ele></trkpt>
      <trkpt lat="30.604303004220128" lon="-95.52907481789589"><ele>92.0</ele></trkpt>
      <trkpt lat="30.60426838696003" lon="-95.52910574711859"><ele>92.0</ele></trkpt>
      <trkpt lat="30.60443208552897" lon="-95.52898865193129"><ele>92.0</ele></trkpt>
      <trkpt lat="30.60447810217738" lon="-95.52895453758538"><ele>92.0</ele></trkpt>
      <trkpt lat="30.604560915380716" lon="-95.52888999693096"><ele>92.0</ele></trkpt>
      <trkpt lat="30.6045841332525" lon="-95.5288776755333"><ele>92.0</ele></trkpt>
      <trkpt lat="30.604640375822783" lon="-95.5288499314338"><ele>92.0</ele></trkpt>
      <trkpt lat="30.604688404127955" lon="-95.52882612682879"><ele>92.0</ele></trkpt>
      <trkpt lat="30.604737186804414" lon="-95.52879905328155"><ele>92.0</ele></trkpt>
      <trkpt lat="30.605190144851804" lon="-95.52831315435469"><ele>93.0</ele></trkpt>
      <trkpt lat="30.60530682094395" lon="-95.52832212299109"><ele>93.0</ele></trkpt>
      <trkpt lat="30.60539374127984" lon="-95.52820620127022"><ele>94.0</ele></trkpt>
      <trkpt lat="30.605467753484845" lon="-95.52801324985921"><ele>94.0</ele></trkpt>
      <trkpt lat="30.605661375448108" lon="-95.52780780941248"><ele>96.0</ele></trkpt>
      <trkpt lat="30.605756929144263" lon="-95.5278104916215"><ele>96.0</ele></trkpt>
      <trkpt lat="30.605780566111207" lon="-95.52776296623051"><ele>96.0</ele></trkpt>
      <trkpt lat="30.605766233056784" lon="-95.52766799926758"><ele>96.0</ele></trkpt>
      <trkpt lat="30.605819961056113" lon="-95.52761418744922"><ele>96.0</ele></trkpt>
      <trkpt lat="30.6059243157506" lon="-95.52758577279747"><ele>96.0</ele></trkpt>
      <trkpt lat="30.60608466155827" lon="-95.52743799984455"><ele>96.0</ele></trkpt>
      <trkpt lat="30.606500739231706" lon="-95.5267052538693"><ele>96.0</ele></trkpt>
      <trkpt lat="30.6068083550781" lon="-95.52648765966296"><ele>95.0</ele></trkpt>
      <trkpt lat="30.606770301237702" lon="-95.52641750313342"><ele>95.0</ele></trkpt>
      <trkpt lat="30.606815898790956" lon="-95.5263474304229"><ele>96.0</ele></trkpt>
      <trkpt lat="30.606873985379934" lon="-95.52634810097516"><ele>96.0</ele></trkpt>
      <trkpt lat="30.607128208503127" lon="-95.5263183452189"><ele>96.0</ele></trkpt>
      <trkpt lat="30.607156371697783" lon="-95.52634709514678"><ele>95.0</ele></trkpt>
      <trkpt lat="30.607159724459052" lon="-95.5262356158346"><ele>95.0</ele></trkpt>
      <trkpt lat="30.607160814106464" lon="-95.52621415816247"><ele>95.0</ele></trkpt>
      <trkpt lat="30.607268940657377" lon="-95.52599388174713"><ele>95.0</ele></trkpt>
      <trkpt lat="30.607275813817978" lon="-95.52594032138586"><ele>95.0</ele></trkpt>
      <trkpt lat="30.60738201253116" lon="-95.52560554817319"><ele>94.0</ele></trkpt>
      <trkpt lat="30.607416043058038" lon="-95.52549063228071"><ele>93.0</ele></trkpt>
      <trkpt lat="30.60755928978324" lon="-95.52543531171978"><ele>92.0</ele></trkpt>
      <trkpt lat="30.607604635879397" lon="-95.52532793954015"><ele>92.0</ele></trkpt>
      <trkpt lat="30.60762818902731" lon="-95.52529365755618"><ele>92.0</ele></trkpt>
      <trkpt lat="30.607741009444" lon="-95.52532131783664"><ele>91.0</ele></trkpt>
      <trkpt lat="30.607857266440988" lon="-95.52531058900058"><ele>91.0</ele></trkpt>
      <trkpt lat="30.607942678034306" lon="-95.525256190449"><ele>90.0</ele></trkpt>
      <trkpt lat="30.608174605295062" lon="-95.52514445967972"><ele>89.0</ele></trkpt>
      <trkpt lat="30.608229506760836" lon="-95.52509140223265"><ele>89.0</ele></trkpt>
      <trkpt lat="30.608230093494058" lon="-95.52505343221128"><ele>89.0</ele></trkpt>
      <trkpt lat="30.608229590579867" lon="-95.52497346885502"><ele>90.0</ele></trkpt>
      <trkpt lat="30.608248617500067" lon="-95.52492778748274"><ele>89.0</ele></trkpt>
      <trkpt lat="30.608270997181535" lon="-95.52484489046037"><ele>88.0</ele></trkpt>
      <trkpt lat="30.608408460393548" lon="-95.52466786466539"><ele>88.0</ele></trkpt>
      <trkpt lat="30.609103152528405" lon="-95.52396269515157"><ele>88.0</ele></trkpt>
      <trkpt lat="30.60925536789" lon="-95.52370444871485"><ele>89.0</ele></trkpt>
      <trkpt lat="30.609298702329397" lon="-95.52367703989148"><ele>89.0</ele></trkpt>
      <trkpt lat="30.609289398416877" lon="-95.52363764494658"><ele>89.0</ele></trkpt>
      <trkpt lat="30.609333906322718" lon="-95.52363948896527"><ele>89.0</ele></trkpt>
      <trkpt lat="30.609314376488328" lon="-95.52357989363372"><ele>89.0</ele></trkpt>
      <trkpt lat="30.609373971819878" lon="-95.52354242652655"><ele>89.0</ele></trkpt>
      <trkpt lat="30.609445720911026" lon="-95.52353479899466"><ele>89.0</ele></trkpt>
      <trkpt lat="30.609502801671624" lon="-95.52352557890117"><ele>89.0</ele></trkpt>
      <trkpt lat="30.60953280888498" lon="-95.52353848703206"><ele>89.0</ele></trkpt>
      <trkpt lat="30.60955921187997" lon="-95.52350940182805"><ele>89.0</ele></trkpt>
      <trkpt lat="30.609811590984464" lon="-95.52355357445776"><ele>90.0</ele></trkpt>
      <trkpt lat="30.609915778040886" lon="-95.52342181093991"><ele>91.0</ele></trkpt>
      <trkpt lat="30.610550120472908" lon="-95.5227557849139"><ele>95.0</ele></trkpt>
      <trkpt lat="30.610525896772742" lon="-95.52265109494328"><ele>96.0</ele></trkpt>
      <trkpt lat="30.61051751486957" lon="-95.52260080352426"><ele>96.0</ele></trkpt>
      <trkpt lat="30.610471917316318" lon="-95.52256065420806"><ele>96.0</ele></trkpt>
      <trkpt lat="30.610357336699963" lon="-95.5222581513226"><ele>96.0</ele></trkpt>
      <trkpt lat="30.61037376523018" lon="-95.52225991152227"><ele>96.0</ele></trkpt>
      <trkpt lat="30.610615499317646" lon="-95.52230014465749"><ele>96.0</ele></trkpt>
      <trkpt lat="30.610860167071223" lon="-95.52212152630091"><ele>95.0</ele></trkpt>
      <trkpt lat="30.61106233857572" lon="-95.52211574278772"><ele>94.0</ele></trkpt>
      <trkpt lat="30.61109997332096" lon="-95.52210736088455"><ele>93.0</ele></trkpt>
      <trkpt lat="30.611169710755348" lon="-95.52207073196769"><ele>93.0</ele></trkpt>
      <trkpt lat="30.611353358253837" lon="-95.52201583050191"><ele>92.0</ele></trkpt>
      <trkpt lat="30.611494090408087" lon="-95.52181080915034"><ele>93.0</ele></trkpt>
      <trkpt lat="30.61158218421042" lon="-95.52167594432831"><ele>93.0</ele></trkpt>
      <trkpt lat="30.61184462159872" lon="-95.5214499682188"><ele>94.0</ele></trkpt>
      <trkpt lat="30.61184260994196" lon="-95.52144745364785"><ele>94.0</ele></trkpt>
      <trkpt lat="30.61165544204414" lon="-95.52118350751698"><ele>95.0</ele></trkpt>
      <trkpt lat="30.61167740263045" lon="-95.52115676924586"><ele>95.0</ele></trkpt>
      <trkpt lat="30.611685952171683" lon="-95.52110815420747"><ele>95.0</ele></trkpt>
      <trkpt lat="30.61177178286016" lon="-95.52107244729996"><ele>95.0</ele></trkpt>
      <trkpt lat="30.611793575808406" lon="-95.52107429131866"><ele>96.0</ele></trkpt>
      <trkpt lat="30.611864989623427" lon="-95.5209047254175"><ele>97.0</ele></trkpt>
      <trkpt lat="30.611827354878187" lon="-95.52086365409195"><ele>97.0</ele></trkpt>
      <trkpt lat="30.612043859437108" lon="-95.52082157693803"><ele>98.0</ele></trkpt>
      <trkpt lat="30.612451303750277" lon="-95.52052569575608"><ele>99.0</ele></trkpt>
      <trkpt lat="30.612586084753275" lon="-95.5204332433641"><ele>99.0</ele></trkpt>
      <trkpt lat="30.612851874902844" lon="-95.52059015259147"><ele>99.0</ele></trkpt>
      <trkpt lat="30.61298749409616" lon="-95.52075049839914"><ele>97.0</ele></trkpt>
      <trkpt lat="30.612992690876126" lon="-95.52080154418945"><ele>97.0</ele></trkpt>
      <trkpt lat="30.613309359177947" lon="-95.52081981673837"><ele>95.0</ele></trkpt>
      <trkpt lat="30.61352259479463" lon="-95.52078427746892"><ele>95.0</ele></trkpt>
      <trkpt lat="30.613043820485473" lon="-95.52063239738345"><ele>94.0</ele></trkpt>
      <trkpt lat="30.61300652101636" lon="-95.52062778733671"><ele>94.0</ele></trkpt>
      <trkpt lat="30.61309738084674" lon="-95.52059509791434"><ele>95.0</ele></trkpt>
      <trkpt lat="30.61314918100834" lon="-95.52063030190766"><ele>95.0</ele></trkpt>
      <trkpt lat="30.613193353638053" lon="-95.52063197828829"><ele>95.0</ele></trkpt>
      <trkpt lat="30.613197796046734" lon="-95.52060197107494"><ele>94.0</ele></trkpt>
      <trkpt lat="30.613171057775617" lon="-95.52059149369597"><ele>94.0</ele></trkpt>
      <trkpt lat="30.613227635622025" lon="-95.52058478817344"><ele>94.0</ele></trkpt>
      <trkpt lat="30.613361075520515" lon="-95.52053089253604"><ele>94.0</ele></trkpt>
      <trkpt lat="30.613382700830698" lon="-95.52054329775274"><ele>93.0</ele></trkpt>
      <trkpt lat="30.61348688788712" lon="-95.52057757973671"><ele>92.0</ele></trkpt>
      <trkpt lat="30.613518487662077" lon="-95.52058051340282"><ele>92.0</ele></trkpt>
      <trkpt lat="30.613655196502805" lon="-95.5204121209681"><ele>90.0</ele></trkpt>
      <trkpt lat="30.61366433277726" lon="-95.52038504742086"><ele>90.0</ele></trkpt>
      <trkpt lat="30.613806825131178" lon="-95.52041170187294"><ele>89.0</ele></trkpt>
      <trkpt lat="30.61385476961732" lon="-95.52037188783288"><ele>88.0</ele></trkpt>
      <trkpt lat="30.61391495168209" lon="-95.52036887034774"><ele>87.0</ele></trkpt>
      <trkpt lat="30.614098934456706" lon="-95.52032478153706"><ele>85.0</ele></trkpt>
      <trkpt lat="30.61449682340026" lon="-95.52035830914974"><ele>82.0</ele></trkpt>
      <trkpt lat="30.614505289122462" lon="-95.52033383399248"><ele>82.0</ele></trkpt>
      <trkpt lat="30.614495649933815" lon="-95.52030198276043"><ele>82.0</ele></trkpt>
      <trkpt lat="30.614512162283063" lon="-95.52029670216143"><ele>82.0</ele></trkpt>
      <trkpt lat="30.614550467580557" lon="-95.5202553793788"><ele>81.0</ele></trkpt>
      <trkpt lat="30.614595478400588" lon="-95.52020600996912"><ele>82.0</ele></trkpt>
      <trkpt lat="30.61460042372346" lon="-95.52020399831235"><ele>82.0</ele></trkpt>
      <trkpt lat="30.614652559161186" lon="-95.52020248956978"><ele>82.0</ele></trkpt>
      <trkpt lat="30.614751046523452" lon="-95.52023760974407"><ele>81.0</ele></trkpt>
      <trkpt lat="30.614760015159845" lon="-95.52024465054274"><ele>81.0</ele></trkpt>
      <trkpt lat="30.614776192232966" lon="-95.52025747485459"><ele>80.0</ele></trkpt>
      <trkpt lat="30.614792285487056" lon="-95.52027029916644"><ele>80.0</ele></trkpt>
      <trkpt lat="30.614799158647656" lon="-95.52027608267963"><ele>80.0</ele></trkpt>
      <trkpt lat="30.614850874990225" lon="-95.52034263499081"><ele>81.0</ele></trkpt>
      <trkpt lat="30.61477979645133" lon="-95.5205500870943"><ele>81.0</ele></trkpt>
      <trkpt lat="30.614784490317106" lon="-95.5205210018903"><ele>81.0</ele></trkpt>
      <trkpt lat="30.614782562479377" lon="-95.52051924169064"><ele>81.0</ele></trkpt>
      <trkpt lat="30.614752555266023" lon="-95.5205709580332"><ele>81.0</ele></trkpt>
      <trkpt lat="30.61461458913982" lon="-95.5206108558923"><ele>81.0</ele></trkpt>
      <trkpt lat="30.614617941901088" lon="-95.5205347482115"><ele>82.0</ele></trkpt>
      <trkpt lat="30.614615511149168" lon="-95.5205318145454"><ele>82.0</ele></trkpt>
      <trkpt lat="30.614620205014944" lon="-95.52056106738746"><ele>82.0</ele></trkpt>
      <trkpt lat="30.61464048922062" lon="-95.52057481370866"><ele>83.0</ele></trkpt>
      <trkpt lat="30.61461517587304" lon="-95.52061328664422"><ele>83.0</ele></trkpt>
      <trkpt lat="30.614631604403257" lon="-95.52060381509364"><ele>83.0</ele></trkpt>
      <trkpt lat="30.61451501213014" lon="-95.5207041464746"><ele>84.0</ele></trkpt>
      <trkpt lat="30.61443236656487" lon="-95.52079827524722"><ele>84.0</ele></trkpt>
      <trkpt lat="30.614270763471723" lon="-95.52096440456808"><ele>84.0</ele></trkpt>
      <trkpt lat="30.614154255017638" lon="-95.52105761133134"><ele>84.0</ele></trkpt>
      <trkpt lat="30.61411863192916" lon="-95.5211084894836"><ele>84.0</ele></trkpt>
      <trkpt lat="30.61407085508108" lon="-95.52112148143351"><ele>84.0</ele></trkpt>
      <trkpt lat="30.614109495654702" lon="-95.52128140814602"><ele>86.0</ele></trkpt>
      <trkpt lat="30.613949485123158" lon="-95.52141468040645"><ele>87.0</ele></trkpt>
      <trkpt lat="30.6137952581048" lon="-95.52160184830427"><ele>87.0</ele></trkpt>
      <trkpt lat="30.61371847987175" lon="-95.5216058716178"><ele>87.0</ele></trkpt>
      <trkpt lat="30.613721581175923" lon="-95.52160813473165"><ele>87.0</ele></trkpt>
      <trkpt lat="30.613735746592283" lon="-95.52163076587021"><ele>86.0</ele></trkpt>
      <trkpt lat="30.613792911171913" lon="-95.52153194323182"><ele>86.0</ele></trkpt>
      <trkpt lat="30.61376784928143" lon="-95.52153085358441"><ele>86.0</ele></trkpt>
      <trkpt lat="30.61373013071716" lon="-95.52155205979943"><ele>85.0</ele></trkpt>
      <trkpt lat="30.613693920895457" lon="-95.52161601372063"><ele>85.0</ele></trkpt>
      <trkpt lat="30.61372828669846" lon="-95.52187157794833"><ele>85.0</ele></trkpt>
      <trkpt lat="30.61385535635054" lon="-95.52219528704882"><ele>86.0</ele></trkpt>
      <trkpt lat="30.613854099065065" lon="-95.52232445217669"><ele>86.0</ele></trkpt>
      <trkpt lat="30.61389626003802" lon="-95.52237910218537"><ele>85.0</ele></trkpt>
      <trkpt lat="30.613918639719486" lon="-95.52240089513361"><ele>85.0</ele></trkpt>
      <trkpt lat="30.61391646042466" lon="-95.5225176550448"><ele>84.0</ele></trkpt>
      <trkpt lat="30.613584788516164" lon="-95.52323975600302"><ele>82.0</ele></trkpt>
      <trkpt lat="30.61345905996859" lon="-95.52317940630019"><ele>82.0</ele></trkpt>
      <trkpt lat="30.613698614761233" lon="-95.52321285009384"><ele>83.0</ele></trkpt>
      <trkpt lat="30.61370238661766" lon="-95.52326079457998"><ele>84.0</ele></trkpt>
      <trkpt lat="30.613701716065407" lon="-95.52327261306345"><ele>84.0</ele></trkpt>
      <trkpt lat="30.613701213151217" lon="-95.52331670187414"><ele>84.0</ele></trkpt>
      <trkpt lat="30.613699704408646" lon="-95.52335240878165"><ele>84.0</ele></trkpt>
      <trkpt lat="30.61371403746307" lon="-95.52350353449583"><ele>85.0</ele></trkpt>
      <trkpt lat="30.613722000271082" lon="-95.52367025054991"><ele>85.0</ele></trkpt>
      <trkpt lat="30.61371705494821" lon="-95.52378483116627"><ele>86.0</ele></trkpt>
      <trkpt lat="30.61377606354654" lon="-95.52386496216059"><ele>86.0</ele></trkpt>
      <trkpt lat="30.613685958087444" lon="-95.52402396686375"><ele>87.0</ele></trkpt>
      <trkpt lat="30.613695178180933" lon="-95.52408792078495"><ele>88.0</ele></trkpt>
      <trkpt lat="30.613713199272752" lon="-95.52409471012652"><ele>89.0</ele></trkpt>
      <trkpt lat="30.613720575347543" lon="-95.52411122247577"><ele>89.0</ele></trkpt>
      <trkpt lat="30.61354790814221" lon="-95.52433300763369"><ele>91.0</ele></trkpt>
      <trkpt lat="30.613396363332868" lon="-95.52427584305406"><ele>91.0</ele></trkpt>
      <trkpt lat="30.61336811631918" lon="-95.52425228990614"><ele>91.0</ele></trkpt>
      <trkpt lat="30.613298630341887" lon="-95.52421499043703"><ele>91.0</ele></trkpt>
      <trkpt lat="30.613273736089468" lon="-95.52422622218728"><ele>91.0</ele></trkpt>
      <trkpt lat="30.61324012465775" lon="-95.52423887886107"><ele>91.0</ele></trkpt>
      <trkpt lat="30.613186983391643" lon="-95.5242957919836"><ele>92.0</ele></trkpt>
      <trkpt lat="30.613054214045405" lon="-95.52438053302467"><ele>92.0</ele></trkpt>
      <trkpt lat="30.61306075192988" lon="-95.52461623214185"><ele>93.0</ele></trkpt>
      <trkpt lat="30.61310676857829" lon="-95.52489283494651"><ele>91.0</ele></trkpt>
      <trkpt lat="30.613123197108507" lon="-95.52499316632748"><ele>90.0</ele></trkpt>
      <trkpt lat="30.61309453099966" lon="-95.52512995898724"><ele>89.0</ele></trkpt>
      <trkpt lat="30.613099560141563" lon="-95.52519734948874"><ele>88.0</ele></trkpt>
      <trkpt lat="30.613060416653752" lon="-95.52529809996486"><ele>87.0</ele></trkpt>
      <trkpt lat="30.61298497952521" lon="-95.52547277882695"><ele>85.0</ele></trkpt>
      <trkpt lat="30.61288154684007" lon="-95.52560890093446"><ele>85.0</ele></trkpt>
      <trkpt lat="30.612874338403344" lon="-95.52561661228538"><ele>85.0</ele></trkpt>
      <trkpt lat="30.612885653972626" lon="-95.52562289871275"><ele>85.0</ele></trkpt>
      <trkpt lat="30.612881714478135" lon="-95.5256412550807"><ele>85.0</ele></trkpt>
      <trkpt lat="30.61288774944842" lon="-95.52566514350474"><ele>85.0</ele></trkpt>
      <trkpt lat="30.612902501598" lon="-95.52570763975382"><ele>85.0</ele></trkpt>
      <trkpt lat="30.61289764009416" lon="-95.52575943991542"><ele>85.0</ele></trkpt>
      <trkpt lat="30.612892443314195" lon="-95.52578391507268"><ele>84.0</ele></trkpt>
      <trkpt lat="30.612642411142588" lon="-95.52578701637685"><ele>83.0</ele></trkpt>
      <trkpt lat="30.61262154020369" lon="-95.52576354704797"><ele>83.0</ele></trkpt>
      <trkpt lat="30.612451136112213" lon="-95.5258383974433"><ele>82.0</ele></trkpt>
      <trkpt lat="30.61229364015162" lon="-95.52587628364563"><ele>81.0</ele></trkpt>
      <trkpt lat="30.612126756459475" lon="-95.5259105656296"><ele>80.0</ele></trkpt>
      <trkpt lat="30.612128768116236" lon="-95.52592841908336"><ele>80.0</ele></trkpt>
      <trkpt lat="30.612063389271498" lon="-95.52585365250707"><ele>81.0</ele></trkpt>
      <trkpt lat="30.612048972398043" lon="-95.52583571523428"><ele>81.0</ele></trkpt>
      <trkpt lat="30.611776309087873" lon="-95.52581157535315"><ele>81.0</ele></trkpt>
      <trkpt lat="30.611782846972346" lon="-95.52585197612643"><ele>81.0</ele></trkpt>
      <trkpt lat="30.611779829487205" lon="-95.52586496807635"><ele>81.0</ele></trkpt>
      <trkpt lat="30.611740853637457" lon="-95.5258452706039"><ele>82.0</ele></trkpt>
      <trkpt lat="30.611725514754653" lon="-95.52584719844162"><ele>82.0</ele></trkpt>
      <trkpt lat="30.611652424558997" lon="-95.52581375464797"><ele>81.0</ele></trkpt>
      <trkpt lat="30.61157195828855" lon="-95.52580235525966"><ele>80.0</ele></trkpt>
      <trkpt lat="30.61143617145717" lon="-95.52583320066333"><ele>81.0</ele></trkpt>
      <trkpt lat="30.611083628609776" lon="-95.52587226033211"><ele>79.0</ele></trkpt>
      <trkpt lat="30.61105538159609" lon="-95.52586865611374"><ele>79.0</ele></trkpt>
      <trkpt lat="30.61092101968825" lon="-95.5258965678513"><ele>78.0</ele></trkpt>
      <trkpt lat="30.610893946141005" lon="-95.52589430473745"><ele>78.0</ele></trkpt>
      <trkpt lat="30.61079260893166" lon="-95.5260538123548"><ele>79.0</ele></trkpt>
      <trkpt lat="30.610793363302946" lon="-95.52608717232943"><ele>79.0</ele></trkpt>
      <trkpt lat="30.610783137381077" lon="-95.52611315622926"><ele>80.0</ele></trkpt>
      <trkpt lat="30.610799314454198" lon="-95.52619898691773"><ele>80.0</ele></trkpt>
      <trkpt lat="30.610783640295267" lon="-95.52619404159486"><ele>80.0</ele></trkpt>
      <trkpt lat="30.61075447127223" lon="-95.52621047012508"><ele>80.0</ele></trkpt>
      <trkpt lat="30.610725888982415" lon="-95.52623385563493"><ele>80.0</ele></trkpt>
      <trkpt lat="30.610647350549698" lon="-95.5263040959835"><ele>80.0</ele></trkpt>
      <trkpt lat="30.610647350549698" lon="-95.52631474100053"><ele>80.0</ele></trkpt>
      <trkpt lat="30.61055271886289" lon="-95.52651951089501"><ele>80.0</ele></trkpt>
      <trkpt lat="30.61056981794536" lon="-95.5265340115875"><ele>81.0</ele></trkpt>
      <trkpt lat="30.61055900529027" lon="-95.52657592110336"><ele>81.0</ele></trkpt>
      <trkpt lat="30.610546180978417" lon="-95.52659905515611"><ele>82.0</ele></trkpt>
      <trkpt lat="30.61053553596139" lon="-95.52661363966763"><ele>82.0</ele></trkpt>
      <trkpt lat="30.610532350838184" lon="-95.52662210538983"><ele>82.0</ele></trkpt>
      <trkpt lat="30.610528327524662" lon="-95.52662621252239"><ele>82.0</ele></trkpt>
      <trkpt lat="30.610532937571406" lon="-95.52662696689367"><ele>83.0</ele></trkpt>
      <trkpt lat="30.61054090037942" lon="-95.52662780508399"><ele>83.0</ele></trkpt>
      <trkpt lat="30.610513910651207" lon="-95.52671078592539"><ele>84.0</ele></trkpt>
      <trkpt lat="30.61052338220179" lon="-95.52672553807497"><ele>84.0</ele></trkpt>
      <trkpt lat="30.610544672235847" lon="-95.52675344981253"><ele>84.0</ele></trkpt>
      <trkpt lat="30.610548947006464" lon="-95.52685889415443"><ele>85.0</ele></trkpt>
      <trkpt lat="30.610522627830505" lon="-95.5270123668015"><ele>86.0</ele></trkpt>
      <trkpt lat="30.610516341403127" lon="-95.52704430185258"><ele>86.0</ele></trkpt>
      <trkpt lat="30.610578786581755" lon="-95.52723096683621"><ele>86.0</ele></trkpt>
      <trkpt lat="30.61059219762683" lon="-95.52725644782186"><ele>86.0</ele></trkpt>
      <trkpt lat="30.610525980591774" lon="-95.52759390324354"><ele>88.0</ele></trkpt>
      <trkpt lat="30.610513743013144" lon="-95.5277169495821"><ele>89.0</ele></trkpt>
      <trkpt lat="30.610504103824496" lon="-95.52788735367358"><ele>90.0</ele></trkpt>
      <trkpt lat="30.610396899282932" lon="-95.52808541804552"><ele>90.0</ele></trkpt>
      <trkpt lat="30.61021836474538" lon="-95.52800520323217"><ele>90.0</ele></trkpt>
      <trkpt lat="30.610118620097637" lon="-95.5279653891921"><ele>90.0</ele></trkpt>
      <trkpt lat="30.610082829371095" lon="-95.52796027623117"><ele>91.0</ele></trkpt>
      <trkpt lat="30.610064389184117" lon="-95.5279881041497"><ele>91.0</ele></trkpt>
      <trkpt lat="30.61005525290966" lon="-95.5280158482492"><ele>91.0</ele></trkpt>
      <trkpt lat="30.610045865178108" lon="-95.52801685407758"><ele>91.0</ele></trkpt>
      <trkpt lat="30.610039327293634" lon="-95.52804895676672"><ele>91.0</ele></trkpt>
      <trkpt lat="30.610034130513668" lon="-95.52806488238275"><ele>91.0</ele></trkpt>
      <trkpt lat="30.609961291775107" lon="-95.52844223566353"><ele>92.0</ele></trkpt>
      <trkpt lat="30.609825840219855" lon="-95.52869536913931"><ele>92.0</ele></trkpt>
      <trkpt lat="30.609828187152743" lon="-95.52893827669322"><ele>92.0</ele></trkpt>
      <trkpt lat="30.609832126647234" lon="-95.52901111543179"><ele>92.0</ele></trkpt>
      <trkpt lat="30.609723329544067" lon="-95.52925444208086"><ele>91.0</ele></trkpt>
      <trkpt lat="30.609515961259604" lon="-95.52943046204746"><ele>91.0</ele></trkpt>
      <trkpt lat="30.609498107805848" lon="-95.5294660013169"><ele>91.0</ele></trkpt>
      <trkpt lat="30.60925494879484" lon="-95.52965199574828"><ele>90.0</ele></trkpt>
      <trkpt lat="30.609153611585498" lon="-95.52933951839805"><ele>90.0</ele></trkpt>
      <trkpt lat="30.60909946449101" lon="-95.52932032383978"><ele>90.0</ele></trkpt>
      <trkpt lat="30.60907700099051" lon="-95.52930817008018"><ele>89.0</ele></trkpt>
      <trkpt lat="30.609072307124734" lon="-95.52929584868252"><ele>89.0</ele></trkpt>
      <trkpt lat="30.609062165021896" lon="-95.52928771823645"><ele>89.0</ele></trkpt>
      <trkpt lat="30.609021009877324" lon="-95.52927028387785"><ele>89.0</ele></trkpt>
      <trkpt lat="30.608989661559463" lon="-95.52927372045815"><ele>89.0</ele></trkpt>
      <trkpt lat="30.6089704670012" lon="-95.52928646095097"><ele>89.0</ele></trkpt>
      <trkpt lat="30.608957558870316" lon="-95.52929635159671"><ele>89.0</ele></trkpt>
      <trkpt lat="30.608920343220234" lon="-95.52929442375898"><ele>89.0</ele></trkpt>
      <trkpt lat="30.608886731788516" lon="-95.52930858917534"><ele>89.0</ele></trkpt>
      <trkpt lat="30.60882629826665" lon="-95.52935158833861"><ele>88.0</ele></trkpt>
      <trkpt lat="30.608808612450957" lon="-95.52935628220439"><ele>88.0</ele></trkpt>
      <trkpt lat="30.608762679621577" lon="-95.52937866188586"><ele>88.0</ele></trkpt>
      <trkpt lat="30.60872915200889" lon="-95.52939659915864"><ele>89.0</ele></trkpt>
      <trkpt lat="30.608708867803216" lon="-95.5294059868902"><ele>89.0</ele></trkpt>
      <trkpt lat="30.60869629494846" lon="-95.52941227331758"><ele>89.0</ele></trkpt>
      <trkpt lat="30.608689170330763" lon="-95.52941151894629"><ele>89.0</ele></trkpt>
      <trkpt lat="30.608638543635607" lon="-95.52943901158869"><ele>89.0</ele></trkpt>
      <trkpt lat="30.608594454824924" lon="-95.52946382202208"><ele>89.0</ele></trkpt>
      <trkpt lat="30.608578696846962" lon="-95.52946952171624"><ele>89.0</ele></trkpt>
      <trkpt lat="30.608563274145126" lon="-95.52947253920138"><ele>89.0</ele></trkpt>
      <trkpt lat="30.608546175062656" lon="-95.5294919013977"><ele>89.0</ele></trkpt>
      <trkpt lat="30.608516167849302" lon="-95.52953096106648"><ele>89.0</ele></trkpt>
      <trkpt lat="30.608504433184862" lon="-95.52955719642341"><ele>89.0</ele></trkpt>
      <trkpt lat="30.608488507568836" lon="-95.5295941606164"><ele>89.0</ele></trkpt>
      <trkpt lat="30.60844860970974" lon="-95.5297167878598"><ele>88.0</ele></trkpt>
      <trkpt lat="30.608437042683363" lon="-95.52979800850153"><ele>87.0</ele></trkpt>
      <trkpt lat="30.608415501192212" lon="-95.5299120862037"><ele>87.0</ele></trkpt>
      <trkpt lat="30.6084300018847" lon="-95.52993438206613"><ele>86.0</ele></trkpt>
      <trkpt lat="30.608306201174855" lon="-95.53012004122138"><ele>86.0</ele></trkpt>
      <trkpt lat="30.608329586684704" lon="-95.53013185970485"><ele>86.0</ele></trkpt>
      <trkpt lat="30.60830452479422" lon="-95.53018609061837"><ele>85.0</ele></trkpt>
      <trkpt lat="30.6083142478019" lon="-95.53023017942905"><ele>85.0</ele></trkpt>
      <trkpt lat="30.608292371034622" lon="-95.5302641261369"><ele>85.0</ele></trkpt>
      <trkpt lat="30.608279881998897" lon="-95.53029924631119"><ele>85.0</ele></trkpt>
      <trkpt lat="30.6082624476403" lon="-95.5303193628788"><ele>85.0</ele></trkpt>
      <trkpt lat="30.608254820108414" lon="-95.53033260628581"><ele>84.0</ele></trkpt>
      <trkpt lat="30.608248868957162" lon="-95.53034576587379"><ele>84.0</ele></trkpt>
      <trkpt lat="30.60825071297586" lon="-95.53035465069115"><ele>84.0</ele></trkpt>
      <trkpt lat="30.608230596408248" lon="-95.53049395792186"><ele>84.0</ele></trkpt>
      <trkpt lat="30.608231769874692" lon="-95.53050426766276"><ele>84.0</ele></trkpt>
      <trkpt lat="30.608249539509416" lon="-95.53063024766743"><ele>84.0</ele></trkpt>
      <trkpt lat="30.608268566429615" lon="-95.53067718632519"><ele>84.0</ele></trkpt>
      <trkpt lat="30.608295807614923" lon="-95.5307731591165"><ele>83.0</ele></trkpt>
      <trkpt lat="30.608360935002565" lon="-95.53085882216692"><ele>82.0</ele></trkpt>
      <trkpt lat="30.60837778262794" lon="-95.5309132207185"><ele>82.0</ele></trkpt>
      <trkpt lat="30.608366802334785" lon="-95.5311790946871"><ele>83.0</ele></trkpt>
      <trkpt lat="30.608341908082366" lon="-95.53132024593651"><ele>82.0</ele></trkpt>
      <trkpt lat="30.60832841321826" lon="-95.53149073384702"><ele>81.0</ele></trkpt>
      <trkpt lat="30.608386248350143" lon="-95.53171360865235"><ele>81.0</ele></trkpt>
      <trkpt lat="30.608441485092044" lon="-95.53183648735285"><ele>81.0</ele></trkpt>
      <trkpt lat="30.608456321060658" lon="-95.53205240517855"><ele>81.0</ele></trkpt>
      <trkpt lat="30.608432684093714" lon="-95.53204352036119"><ele>80.0</ele></trkpt>
      <trkpt lat="30.60843545012176" lon="-95.53209381178021"><ele>80.0</ele></trkpt>
      <trkpt lat="30.608273008838296" lon="-95.5325229652226"><ele>79.0</ele></trkpt>
      <trkpt lat="30.608286503702402" lon="-95.53254375234246"><ele>79.0</ele></trkpt>
      <trkpt lat="30.608266219496727" lon="-95.53265414200723"><ele>79.0</ele></trkpt>
      <trkpt lat="30.608271919190884" lon="-95.53266352973878"><ele>79.0</ele></trkpt>
      <trkpt lat="30.608289688825607" lon="-95.53267174400389"><ele>79.0</ele></trkpt>
      <trkpt lat="30.608289437368512" lon="-95.53267392329872"><ele>79.0</ele></trkpt>
      <trkpt lat="30.608284240588546" lon="-95.53274030797184"><ele>79.0</ele></trkpt>
      <trkpt lat="30.60827996581793" lon="-95.53276126272976"><ele>79.0</ele></trkpt>
      <trkpt lat="30.60814660973847" lon="-95.53288757801056"><ele>78.0</ele></trkpt>
      <trkpt lat="30.60813345015049" lon="-95.5330391228199"><ele>78.0</ele></trkpt>
      <trkpt lat="30.60814526863396" lon="-95.53323525935411"><ele>77.0</ele></trkpt>
      <trkpt lat="30.608065808191895" lon="-95.53330449387431"><ele>77.0</ele></trkpt>
      <trkpt lat="30.607882998883724" lon="-95.53355863317847"><ele>76.0</ele></trkpt>
      <trkpt lat="30.607855673879385" lon="-95.53376239724457"><ele>75.0</ele></trkpt>
      <trkpt lat="30.607832707464695" lon="-95.53402743302286"><ele>75.0</ele></trkpt>
      <trkpt lat="30.60771133750677" lon="-95.53428928367794"><ele>75.0</ele></trkpt>
      <trkpt lat="30.607705805450678" lon="-95.53429674357176"><ele>75.0</ele></trkpt>
      <trkpt lat="30.607698345556855" lon="-95.53433747962117"><ele>75.0</ele></trkpt>
      <trkpt lat="30.607695747166872" lon="-95.53434527479112"><ele>75.0</ele></trkpt>
      <trkpt lat="30.607677390798926" lon="-95.5343928001821"><ele>75.0</ele></trkpt>
      <trkpt lat="30.607679150998592" lon="-95.53440067917109"><ele>74.0</ele></trkpt>
      <trkpt lat="30.607688203454018" lon="-95.53441065363586"><ele>74.0</ele></trkpt>
      <trkpt lat="30.607684180140495" lon="-95.53442842327058"><ele>74.0</ele></trkpt>
      <trkpt lat="30.607684599235654" lon="-95.53443462587893"><ele>74.0</ele></trkpt>
      <trkpt lat="30.607689460739493" lon="-95.53449933417141"><ele>74.0</ele></trkpt>
      <trkpt lat="30.607661549001932" lon="-95.53463260643184"><ele>74.0</ele></trkpt>
      <trkpt lat="30.60773137025535" lon="-95.53497559390962"><ele>73.0</ele></trkpt>
      <trkpt lat="30.6077391654253" lon="-95.53522411733866"><ele>72.0</ele></trkpt>
      <trkpt lat="30.607709912583232" lon="-95.53528279066086"><ele>71.0</ele></trkpt>
      <trkpt lat="30.607665572315454" lon="-95.53546350449324"><ele>70.0</ele></trkpt>
      <trkpt lat="30.60771477408707" lon="-95.5355083476752"><ele>69.0</ele></trkpt>
      <trkpt lat="30.607701614499092" lon="-95.53553005680442"><ele>69.0</ele></trkpt>
      <trkpt lat="30.607643695548177" lon="-95.53562007844448"><ele>69.0</ele></trkpt>
      <trkpt lat="30.607647635042667" lon="-95.53574287332594"><ele>69.0</ele></trkpt>
      <trkpt lat="30.607658280059695" lon="-95.53582426160574"><ele>69.0</ele></trkpt>
      <trkpt lat="30.60763497836888" lon="-95.53588905371726"><ele>69.0</ele></trkpt>
      <trkpt lat="30.60766238719225" lon="-95.53594789467752"><ele>69.0</ele></trkpt>
      <trkpt lat="30.60764880850911" lon="-95.53597228601575"><ele>69.0</ele></trkpt>
      <trkpt lat="30.607702620327473" lon="-95.53601729683578"><ele>70.0</ele></trkpt>
      <trkpt lat="30.60785290785134" lon="-95.53582451306283"><ele>70.0</ele></trkpt>
      <trkpt lat="30.607911329716444" lon="-95.53575829602778"><ele>70.0</ele></trkpt>
      <trkpt lat="30.60798148624599" lon="-95.53573407232761"><ele>70.0</ele></trkpt>
      <trkpt lat="30.60814225114882" lon="-95.53566701710224"><ele>70.0</ele></trkpt>
      <trkpt lat="30.608251048251987" lon="-95.53556492552161"><ele>71.0</ele></trkpt>
      <trkpt lat="30.608296813443303" lon="-95.53541597910225"><ele>70.0</ele></trkpt>
      <trkpt lat="30.608322462067008" lon="-95.53530810400844"><ele>69.0</ele></trkpt>
      <trkpt lat="30.6084852386266" lon="-95.53510216064751"><ele>70.0</ele></trkpt>
      <trkpt lat="30.608544498682022" lon="-95.53482899442315"><ele>73.0</ele></trkpt>
      <trkpt lat="30.60879268683493" lon="-95.53461592644453"><ele>74.0</ele></trkpt>
      <trkpt lat="30.60883325524628" lon="-95.53461257368326"><ele>74.0</ele></trkpt>
      <trkpt lat="30.608861418440938" lon="-95.53459228947759"><ele>74.0</ele></trkpt>
      <trkpt lat="30.60887223109603" lon="-95.53457510657609"><ele>74.0</ele></trkpt>
      <trkpt lat="30.60887332074344" lon="-95.53456647321582"><ele>74.0</ele></trkpt>
      <trkpt lat="30.60886879451573" lon="-95.53454124368727"><ele>74.0</ele></trkpt>
      <trkpt lat="30.608894862234592" lon="-95.53450997918844"><ele>74.0</ele></trkpt>
      <trkpt lat="30.608914392068982" lon="-95.53447586484253"><ele>74.0</ele></trkpt>
      <trkpt lat="30.608944818377495" lon="-95.53445055149496"><ele>75.0</ele></trkpt>
      <trkpt lat="30.608952278271317" lon="-95.53435876965523"><ele>75.0</ele></trkpt>
      <trkpt lat="30.609011789783835" lon="-95.53429070860147"><ele>75.0</ele></trkpt>
      <trkpt lat="30.609164843335748" lon="-95.5340611282736"><ele>75.0</ele></trkpt>
      <trkpt lat="30.609381096437573" lon="-95.53385384380817"><ele>77.0</ele></trkpt>
      <trkpt lat="30.60944446362555" lon="-95.53387697786093"><ele>79.0</ele></trkpt>
      <trkpt lat="30.60945770703256" lon="-95.53386582992971"><ele>79.0</ele></trkpt>
      <trkpt lat="30.609390316531062" lon="-95.53374865092337"><ele>80.0</ele></trkpt>
      <trkpt lat="30.609370870515704" lon="-95.53367170505226"><ele>80.0</ele></trkpt>
      <trkpt lat="30.609408505260944" lon="-95.53371654823422"><ele>80.0</ele></trkpt>
      <trkpt lat="30.6094176415354" lon="-95.53372945636511"><ele>80.0</ele></trkpt>
      <trkpt lat="30.609436416998506" lon="-95.53371914662421"><ele>80.0</ele></trkpt>
      <trkpt lat="30.609431639313698" lon="-95.53375870920718"><ele>80.0</ele></trkpt>
      <trkpt lat="30.609479751437902" lon="-95.53376164287329"><ele>80.0</ele></trkpt>
      <trkpt lat="30.609624842181802" lon="-95.53387379273772"><ele>80.0</ele></trkpt>
      <trkpt lat="30.60978937894106" lon="-95.53397228009999"><ele>80.0</ele></trkpt>
      <trkpt lat="30.609889458864927" lon="-95.53407680243254"><ele>80.0</ele></trkpt>
      <trkpt lat="30.609934888780117" lon="-95.53409356623888"><ele>80.0</ele></trkpt>
      <trkpt lat="30.609980318695307" lon="-95.53413421846926"><ele>80.0</ele></trkpt>
      <trkpt lat="30.610144017264247" lon="-95.53431199863553"><ele>80.0</ele></trkpt>
      <trkpt lat="30.61030645854771" lon="-95.53445256315172"><ele>80.0</ele></trkpt>
      <trkpt lat="30.610449705272913" lon="-95.5345780402422"><ele>80.0</ele></trkpt>
      <trkpt lat="30.610510976985097" lon="-95.53463101387024"><ele>79.0</ele></trkpt>
      <trkpt lat="30.610723458230495" lon="-95.53497391752899"><ele>79.0</ele></trkpt>
      <trkpt lat="30.610696552321315" lon="-95.53511515259743"><ele>79.0</ele></trkpt>
      <trkpt lat="30.610753297805786" lon="-95.53523945622146"><ele>79.0</ele></trkpt>
      <trkpt lat="30.61080182902515" lon="-95.53529343567789"><ele>79.0</ele></trkpt>
      <trkpt lat="30.611116904765368" lon="-95.53561270236969"><ele>79.0</ele></trkpt>
      <trkpt lat="30.611209608614445" lon="-95.53564480505884"><ele>79.0</ele></trkpt>
      <trkpt lat="30.611493084579706" lon="-95.53594789467752"><ele>79.0</ele></trkpt>
      <trkpt lat="30.611574053764343" lon="-95.53598058409989"><ele>80.0</ele></trkpt>
      <trkpt lat="30.611776560544968" lon="-95.53602006286383"><ele>79.0</ele></trkpt>
      <trkpt lat="30.61193690635264" lon="-95.53620681166649"><ele>79.0</ele></trkpt>
      <trkpt lat="30.612035980448127" lon="-95.53640194237232"><ele>79.0</ele></trkpt>
      <trkpt lat="30.612269835546613" lon="-95.53673411719501"><ele>79.0</ele></trkpt>
      <trkpt lat="30.61187236569822" lon="-95.5365086439997"><ele>79.0</ele></trkpt>
      <trkpt lat="30.61188519001007" lon="-95.53656782023609"><ele>79.0</ele></trkpt>
      <trkpt lat="30.611915700137615" lon="-95.53665423765779"><ele>79.0</ele></trkpt>
      <trkpt lat="30.61192718334496" lon="-95.53670117631555"><ele>79.0</ele></trkpt>
      <trkpt lat="30.611928859725595" lon="-95.53669027984142"><ele>78.0</ele></trkpt>
      <trkpt lat="30.611913688480854" lon="-95.53670394234359"><ele>79.0</ele></trkpt>
      <trkpt lat="30.611912682652473" lon="-95.53672816604376"><ele>79.0</ele></trkpt>
      <trkpt lat="30.611963057890534" lon="-95.53695104084909"><ele>79.0</ele></trkpt>
      <trkpt lat="30.61195693910122" lon="-95.53708439692855"><ele>79.0</ele></trkpt>
      <trkpt lat="30.611929446458817" lon="-95.53715606220067"><ele>79.0</ele></trkpt>
      <trkpt lat="30.61200194992125" lon="-95.53745035082102"><ele>79.0</ele></trkpt>
      <trkpt lat="30.611999100074172" lon="-95.53749645128846"><ele>80.0</ele></trkpt>
      <trkpt lat="30.612032543867826" lon="-95.53794421255589"><ele>80.0</ele></trkpt>
      <trkpt lat="30.612171348184347" lon="-95.53809081204236"><ele>80.0</ele></trkpt>
      <trkpt lat="30.612189788371325" lon="-95.53825828246772"><ele>81.0</ele></trkpt>
      <trkpt lat="30.612183334305882" lon="-95.53830346092582"><ele>81.0</ele></trkpt>
      <trkpt lat="30.61221208423376" lon="-95.53833950310946"><ele>81.0</ele></trkpt>
      <trkpt lat="30.612200433388352" lon="-95.53834956139326"><ele>81.0</ele></trkpt>
      <trkpt lat="30.612184423953295" lon="-95.53836003877223"><ele>82.0</ele></trkpt>
      <trkpt lat="30.61218316666782" lon="-95.53839666768909"><ele>82.0</ele></trkpt>
      <trkpt lat="30.612191297113895" lon="-95.53841343149543"><ele>82.0</ele></trkpt>
      <trkpt lat="30.612227842211723" lon="-95.53845676593482"><ele>82.0</ele></trkpt>
      <trkpt lat="30.61225893907249" lon="-95.53851384669542"><ele>82.0</ele></trkpt>
      <trkpt lat="30.61234879307449" lon="-95.53864669986069"><ele>82.0</ele></trkpt>
      <trkpt lat="30.61239095404744" lon="-95.53871601819992"><ele>82.0</ele></trkpt>
      <trkpt lat="30.612393133342266" lon="-95.53880679421127"><ele>81.0</ele></trkpt>
      <trkpt lat="30.612548450008035" lon="-95.53912354633212"><ele>81.0</ele></trkpt>
      <trkpt lat="30.612566135823727" lon="-95.53918582387269"><ele>80.0</ele></trkpt>
      <trkpt lat="30.61253361403942" lon="-95.53927157074213"><ele>81.0</ele></trkpt>
      <trkpt lat="30.61251735314727" lon="-95.53939537145197"><ele>81.0</ele></trkpt>
      <trkpt lat="30.612566554918885" lon="-95.53951238282025"><ele>81.0</ele></trkpt>
      <trkpt lat="30.612636292353272" lon="-95.5396822001785"><ele>82.0</ele></trkpt>
      <trkpt lat="30.612707119435072" lon="-95.5400553625077"><ele>80.0</ele></trkpt>
      <trkpt lat="30.612733354792" lon="-95.54002543911338"><ele>80.0</ele></trkpt>
      <trkpt lat="30.612779036164284" lon="-95.54005921818316"><ele>81.0</ele></trkpt>
      <trkpt lat="30.612799655646086" lon="-95.54006952792406"><ele>81.0</ele></trkpt>
      <trkpt lat="30.612753806635737" lon="-95.54012442938983"><ele>81.0</ele></trkpt>
      <trkpt lat="30.612750789150596" lon="-95.54013247601688"><ele>81.0</ele></trkpt>
      <trkpt lat="30.612758081406355" lon="-95.54017572663724"><ele>81.0</ele></trkpt>
      <trkpt lat="30.61283946968615" lon="-95.5403696000576"><ele>82.0</ele></trkpt>
      <trkpt lat="30.61307600699365" lon="-95.5408378969878"><ele>81.0</ele></trkpt>
      <trkpt lat="30.613058991730213" lon="-95.54089522920549"><ele>82.0</ele></trkpt>
      <trkpt lat="30.613049184903502" lon="-95.54112036712468"><ele>83.0</ele></trkpt>
      <trkpt lat="30.613285889849067" lon="-95.54124416783452"><ele>81.0</ele></trkpt>
      <trkpt lat="30.613394184038043" lon="-95.54131113924086"><ele>81.0</ele></trkpt>
      <trkpt lat="30.61336820013821" lon="-95.5412985663861"><ele>81.0</ele></trkpt>
      <trkpt lat="30.61337834224105" lon="-95.54130376316607"><ele>81.0</ele></trkpt>
      <trkpt lat="30.613393681123853" lon="-95.54131289944053"><ele>81.0</ele></trkpt>
      <trkpt lat="30.6134585570544" lon="-95.54133628495038"><ele>80.0</ele></trkpt>
      <trkpt lat="30.613476829603314" lon="-95.54133938625455"><ele>81.0</ele></trkpt>
      <trkpt lat="30.613576658070087" lon="-95.5413471814245"><ele>81.0</ele></trkpt>
      <trkpt lat="30.613484289497137" lon="-95.54168606176972"><ele>79.0</ele></trkpt>
      <trkpt lat="30.61352360062301" lon="-95.54177625104785"><ele>78.0</ele></trkpt>
      <trkpt lat="30.61351320706308" lon="-95.54185093380511"><ele>77.0</ele></trkpt>
      <trkpt lat="30.61355670914054" lon="-95.54195914417505"><ele>76.0</ele></trkpt>
      <trkpt lat="30.613666512072086" lon="-95.54202519357204"><ele>76.0</ele></trkpt>
      <trkpt lat="30.613662153482437" lon="-95.54203919135034"><ele>78.0</ele></trkpt>
      <trkpt lat="30.61377321369946" lon="-95.54216265678406"><ele>79.0</ele></trkpt>
      <trkpt lat="30.61386700719595" lon="-95.54221353493631"><ele>79.0</ele></trkpt>
      <trkpt lat="30.613898690789938" lon="-95.54224882274866"><ele>79.0</ele></trkpt>
      <trkpt lat="30.61390615068376" lon="-95.54226860404015"><ele>79.0</ele></trkpt>
      <trkpt lat="30.61388209462166" lon="-95.5423004552722"><ele>79.0</ele></trkpt>
      <trkpt lat="30.61391050927341" lon="-95.54236139170825"><ele>79.0</ele></trkpt>
      <trkpt lat="30.61391545459628" lon="-95.54246968589723"><ele>80.0</ele></trkpt>
      <trkpt lat="30.614123325794935" lon="-95.5427494738251"><ele>80.0</ele></trkpt>
      <trkpt lat="30.614388193935156" lon="-95.54283840581775"><ele>81.0</ele></trkpt>
      <trkpt lat="30.614421973004937" lon="-95.54339060559869"><ele>80.0</ele></trkpt>
      <trkpt lat="30.614405879750848" lon="-95.54343234747648"><ele>79.0</ele></trkpt>
      <trkpt lat="30.614398503676057" lon="-95.54344039410353"><ele>79.0</ele></trkpt>
      <trkpt lat="30.614486429840326" lon="-95.54355254396796"><ele>79.0</ele></trkpt>
      <trkpt lat="30.614470085129142" lon="-95.54355757310987"><ele>78.0</ele></trkpt>
      <trkpt lat="30.614463882520795" lon="-95.54356176406145"><ele>78.0</ele></trkpt>
      <trkpt lat="30.614460445940495" lon="-95.54358338937163"><ele>78.0</ele></trkpt>
      <trkpt lat="30.614461787045002" lon="-95.5435883346945"><ele>78.0</ele></trkpt>
      <trkpt lat="30.614528004080057" lon="-95.5436025839299"><ele>78.0</ele></trkpt>
      <trkpt lat="30.61457511037588" lon="-95.54362194612622"><ele>77.0</ele></trkpt>
      <trkpt lat="30.614598663523793" lon="-95.54362856782973"><ele>77.0</ele></trkpt>
      <trkpt lat="30.614611487835646" lon="-95.54362395778298"><ele>77.0</ele></trkpt>
      <trkpt lat="30.614665132015944" lon="-95.54369646124542"><ele>77.0</ele></trkpt>
      <trkpt lat="30.61468994244933" lon="-95.54376611486077"><ele>78.0</ele></trkpt>
      <trkpt lat="30.614767475053668" lon="-95.54388513788581"><ele>79.0</ele></trkpt>
      <trkpt lat="30.614937879145145" lon="-95.54403693415225"><ele>80.0</ele></trkpt>
      <trkpt lat="30.615051118656993" lon="-95.54413424804807"><ele>80.0</ele></trkpt>
      <trkpt lat="30.6150421500206" lon="-95.5441567953676"><ele>81.0</ele></trkpt>
      <trkpt lat="30.615198304876685" lon="-95.54428252391517"><ele>81.0</ele></trkpt>
      <trkpt lat="30.615262342616916" lon="-95.54435192607343"><ele>81.0</ele></trkpt>
      <trkpt lat="30.61526158824563" lon="-95.54464512504637"><ele>82.0</ele></trkpt>
      <trkpt lat="30.615475242957473" lon="-95.5447353143245"><ele>82.0</ele></trkpt>
      <trkpt lat="30.615483038127422" lon="-95.54473129101098"><ele>83.0</ele></trkpt>
      <trkpt lat="30.615535089746118" lon="-95.54472676478326"><ele>83.0</ele></trkpt>
      <trkpt lat="30.615559397265315" lon="-95.5447284411639"><ele>83.0</ele></trkpt>
      <trkpt lat="30.615678252652287" lon="-95.54467496462166"><ele>84.0</ele></trkpt>
      <trkpt lat="30.615695770829916" lon="-95.5446348991245"><ele>84.0</ele></trkpt>
      <trkpt lat="30.61568571254611" lon="-95.54454596713185"><ele>85.0</ele></trkpt>
      <trkpt lat="30.61567389406264" lon="-95.5445246770978"><ele>85.0</ele></trkpt>
      <trkpt lat="30.61570088379085" lon="-95.54448402486742"><ele>85.0</ele></trkpt>
      <trkpt lat="30.6157311424613" lon="-95.54450816474855"><ele>85.0</ele></trkpt>
      <trkpt lat="30.615757713094354" lon="-95.54450866766274"><ele>85.0</ele></trkpt>
      <trkpt lat="30.615857457742095" lon="-95.54445368237793"><ele>86.0</ele></trkpt>
      <trkpt lat="30.615863408893347" lon="-95.54438243620098"><ele>86.0</ele></trkpt>
      <trkpt lat="30.615830132737756" lon="-95.54422435350716"><ele>86.0</ele></trkpt>
      <trkpt lat="30.615827282890677" lon="-95.54419602267444"><ele>86.0</ele></trkpt>
      <trkpt lat="30.615836335346103" lon="-95.54415243677795"><ele>87.0</ele></trkpt>
      <trkpt lat="30.615866677835584" lon="-95.54405612871051"><ele>87.0</ele></trkpt>
      <trkpt lat="30.61593448743224" lon="-95.54402427747846"><ele>87.0</ele></trkpt>
      <trkpt lat="30.61612886376679" lon="-95.543845994398"><ele>89.0</ele></trkpt>
      <trkpt lat="30.61618510633707" lon="-95.54375278763473"><ele>89.0</ele></trkpt>
      <trkpt lat="30.616141771897674" lon="-95.54394096136093"><ele>89.0</ele></trkpt>
      <trkpt lat="30.6161489803344" lon="-95.5439319089055"><ele>89.0</ele></trkpt>
      <trkpt lat="30.616182256489992" lon="-95.54394079372287"><ele>89.0</ele></trkpt>
      <trkpt lat="30.61620756983757" lon="-95.54394230246544"><ele>89.0</ele></trkpt>
      <trkpt lat="30.616245372220874" lon="-95.54391615092754"><ele>89.0</ele></trkpt>
      <trkpt lat="30.616264399141073" lon="-95.5439081043005"><ele>89.0</ele></trkpt>
      <trkpt lat="30.616270937025547" lon="-95.54390391334891"><ele>89.0</ele></trkpt>
      <trkpt lat="30.61627554707229" lon="-95.5438869819045"><ele>89.0</ele></trkpt>
      <trkpt lat="30.616285605356097" lon="-95.5438824556768"><ele>89.0</ele></trkpt>
      <trkpt lat="30.616295160725713" lon="-95.54387960582972"><ele>89.0</ele></trkpt>
      <trkpt lat="30.61636934056878" lon="-95.54389209486544"><ele>90.0</ele></trkpt>
      <trkpt lat="30.6165911257267" lon="-95.54399326443672"><ele>90.0</ele></trkpt>
      <trkpt lat="30.61660780571401" lon="-95.54398035630584"><ele>90.0</ele></trkpt>
      <trkpt lat="30.616659354418516" lon="-95.54398060776293"><ele>90.0</ele></trkpt>
      <trkpt lat="30.61672942712903" lon="-95.54395655170083"><ele>90.0</ele></trkpt>
      <trkpt lat="30.61688088811934" lon="-95.54389075376093"><ele>91.0</ele></trkpt>
      <trkpt lat="30.616964120417833" lon="-95.54389318451285"><ele>91.0</ele></trkpt>
      <trkpt lat="30.61703578568995" lon="-95.5439250357449"><ele>91.0</ele></trkpt>
      <trkpt lat="30.617018016055226" lon="-95.54392989724874"><ele>92.0</ele></trkpt>
      <trkpt lat="30.617043748497963" lon="-95.54393467493355"><ele>92.0</ele></trkpt>
      <trkpt lat="30.617056405171752" lon="-95.5439562164247"><ele>92.0</ele></trkpt>
      <trkpt lat="30.617067385464907" lon="-95.54397935047746"><ele>92.0</ele></trkpt>
      <trkpt lat="30.617156568914652" lon="-95.54402084089816"><ele>93.0</ele></trkpt>
      <trkpt lat="30.61723276041448" lon="-95.5440323241055"><ele>93.0</ele></trkpt>
      <trkpt lat="30.617723939940333" lon="-95.54413860663772"><ele>94.0</ele></trkpt>
      <trkpt lat="30.61771798878908" lon="-95.54417431354523"><ele>94.0</ele></trkpt>
      <trkpt lat="30.617738608270884" lon="-95.5441829469055"><ele>94.0</ele></trkpt>
      <trkpt lat="30.617753276601434" lon="-95.54418101906776"><ele>94.0</ele></trkpt>
      <trkpt lat="30.61775268986821" lon="-95.54404707625508"><ele>94.0</ele></trkpt>
      <trkpt lat="30.617751767858863" lon="-95.54406266659498"><ele>95.0</ele></trkpt>
      <trkpt lat="30.617771800607443" lon="-95.54407255724072"><ele>95.0</ele></trkpt>
      <trkpt lat="30.618021246045828" lon="-95.54413014091551"><ele>95.0</ele></trkpt>
      <trkpt lat="30.61810783110559" lon="-95.54411438293755"><ele>95.0</ele></trkpt>
      <trkpt lat="30.61820799484849" lon="-95.54421739652753"><ele>96.0</ele></trkpt>
      <trkpt lat="30.618264572694898" lon="-95.54420289583504"><ele>96.0</ele></trkpt>
      <trkpt lat="30.61838250607252" lon="-95.5441618245095"><ele>96.0</ele></trkpt>
      <trkpt lat="30.61840044334531" lon="-95.54411765187979"><ele>96.0</ele></trkpt>
      <trkpt lat="30.618434390053153" lon="-95.54407021030784"><ele>96.0</ele></trkpt>
      <trkpt lat="30.618463307619095" lon="-95.54408303461969"><ele>96.0</ele></trkpt>
      <trkpt lat="30.618485854938626" lon="-95.54410893470049"><ele>96.0</ele></trkpt>
      <trkpt lat="30.61864729039371" lon="-95.54423449561"><ele>97.0</ele></trkpt>
      <trkpt lat="30.61896001920104" lon="-95.54444219917059"><ele>96.0</ele></trkpt>
      <trkpt lat="30.619254810735583" lon="-95.54455292411149"><ele>96.0</ele></trkpt>
      <trkpt lat="30.619218097999692" lon="-95.54450774565339"><ele>96.0</ele></trkpt>
      <trkpt lat="30.619219271466136" lon="-95.5444969329983"><ele>96.0</ele></trkpt>
      <trkpt lat="30.619241064414382" lon="-95.54449123330414"><ele>95.0</ele></trkpt>
      <trkpt lat="30.61927174217999" lon="-95.54448469541967"><ele>96.0</ele></trkpt>
      <trkpt lat="30.619297977536917" lon="-95.54446298629045"><ele>95.0</ele></trkpt>
      <trkpt lat="30.61932253651321" lon="-95.54446952417493"><ele>95.0</ele></trkpt>
      <trkpt lat="30.6192971393466" lon="-95.54446399211884"><ele>95.0</ele></trkpt>
      <trkpt lat="30.619662003591657" lon="-95.54453968070447"><ele>94.0</ele></trkpt>
      <trkpt lat="30.61967734247446" lon="-95.54446935653687"><ele>93.0</ele></trkpt>
      <trkpt lat="30.61976484954357" lon="-95.54445787332952"><ele>93.0</ele></trkpt>
      <trkpt lat="30.619856547564268" lon="-95.54448536597192"><ele>91.0</ele></trkpt>
      <trkpt lat="30.620008930563927" lon="-95.54451956413686"><ele>90.0</ele></trkpt>
      <trkpt lat="30.62022216618061" lon="-95.54449785500765"><ele>88.0</ele></trkpt>
      <trkpt lat="30.620254268869758" lon="-95.54445284418762"><ele>88.0</ele></trkpt>
      <trkpt lat="30.620331298559904" lon="-95.54440146312118"><ele>88.0</ele></trkpt>
      <trkpt lat="30.62034923583269" lon="-95.5443740542978"><ele>87.0</ele></trkpt>
      <trkpt lat="30.620418721809983" lon="-95.54431227967143"><ele>87.0</ele></trkpt>
      <trkpt lat="30.62043020501733" lon="-95.54431454278529"><ele>87.0</ele></trkpt>
      <trkpt lat="30.620424170047045" lon="-95.54431990720332"><ele>87.0</ele></trkpt>
      <trkpt lat="30.62045275233686" lon="-95.54435293190181"><ele>87.0</ele></trkpt>
      <trkpt lat="30.620463732630014" lon="-95.54437229409814"><ele>86.0</ele></trkpt>
      <trkpt lat="30.620472198352218" lon="-95.5443896446377"><ele>86.0</ele></trkpt>
      <trkpt lat="30.620467085391283" lon="-95.54440431296825"><ele>86.0</ele></trkpt>
      <trkpt lat="30.620468761771917" lon="-95.54443633183837"><ele>86.0</ele></trkpt>
      <trkpt lat="30.620479909703135" lon="-95.54450003430247"><ele>86.0</ele></trkpt>
      <trkpt lat="30.620480915531516" lon="-95.54451989941299"><ele>86.0</ele></trkpt>
      <trkpt lat="30.620944434776902" lon="-95.54471318610013"><ele>84.0</ele></trkpt>
      <trkpt lat="30.621117101982236" lon="-95.54459651000798"><ele>85.0</ele></trkpt>
      <trkpt lat="30.621131854131818" lon="-95.54456868208945"><ele>85.0</ele></trkpt>
      <trkpt lat="30.621162950992584" lon="-95.5444329790771"><ele>85.0</ele></trkpt>
      <trkpt lat="30.62118382193148" lon="-95.54443683475256"><ele>85.0</ele></trkpt>
      <trkpt lat="30.621381383389235" lon="-95.54444898851216"><ele>85.0</ele></trkpt>
      <trkpt lat="30.621707271784544" lon="-95.54454965516925"><ele>87.0</ele></trkpt>
      <trkpt lat="30.621711127460003" lon="-95.54459751583636"><ele>87.0</ele></trkpt>
      <trkpt lat="30.621697884052992" lon="-95.54461805149913"><ele>88.0</ele></trkpt>
      <trkpt lat="30.62170316465199" lon="-95.54464554414153"><ele>88.0</ele></trkpt>
      <trkpt lat="30.62169092707336" lon="-95.54466960020363"><ele>88.0</ele></trkpt>
      <trkpt lat="30.62167726457119" lon="-95.5447146948427"><ele>89.0</ele></trkpt>
      <trkpt lat="30.62167977914214" lon="-95.5447302851826"><ele>90.0</ele></trkpt>
      <trkpt lat="30.621678940951824" lon="-95.54474302567542"><ele>90.0</ele></trkpt>
      <trkpt lat="30.621974570676684" lon="-95.54494746029377"><ele>91.0</ele></trkpt>
      <trkpt lat="30.6221067532897" lon="-95.54503412917256"><ele>92.0</ele></trkpt>
      <trkpt lat="30.622208761051297" lon="-95.54523286409676"><ele>93.0</ele></trkpt>
      <trkpt lat="30.62222451902926" lon="-95.54521936923265"><ele>93.0</ele></trkpt>
      <trkpt lat="30.622285706922412" lon="-95.54528751410544"><ele>93.0</ele></trkpt>
      <trkpt lat="30.62247086316347" lon="-95.54546596482396"><ele>93.0</ele></trkpt>
      <trkpt lat="30.622583348304033" lon="-95.54550955072045"><ele>93.0</ele></trkpt>
      <trkpt lat="30.62270094640553" lon="-95.54554115049541"><ele>92.0</ele></trkpt>
      <trkpt lat="30.62273078598082" lon="-95.54555615410209"><ele>92.0</ele></trkpt>
      <trkpt lat="30.62274981290102" lon="-95.54554793983698"><ele>92.0</ele></trkpt>
      <trkpt lat="30.62279859557748" lon="-95.54554366506636"><ele>92.0</ele></trkpt>
      <trkpt lat="30.622855592519045" lon="-95.54547325707972"><ele>91.0</ele></trkpt>
      <trkpt lat="30.622856514528394" lon="-95.54546873085201"><ele>91.0</ele></trkpt>
      <trkpt lat="30.622844947502017" lon="-95.54538843221962"><ele>91.0</ele></trkpt>
      <trkpt lat="30.62281971797347" lon="-95.54539832286537"><ele>90.0</ele></trkpt>
      <trkpt lat="30.6228337995708" lon="-95.54538675583899"><ele>90.0</ele></trkpt>
      <trkpt lat="30.62296179123223" lon="-95.54533353075385"><ele>89.0</ele></trkpt>
      <trkpt lat="30.62301660887897" lon="-95.54532380774617"><ele>88.0</ele></trkpt>
      <trkpt lat="30.623081317171454" lon="-95.54534568451345"><ele>88.0</ele></trkpt>
      <trkpt lat="30.6231636274606" lon="-95.54536999203265"><ele>88.0</ele></trkpt>
      <trkpt lat="30.623185504227877" lon="-95.54537376388907"><ele>88.0</ele></trkpt>
      <trkpt lat="30.623261528089643" lon="-95.54537074640393"><ele>87.0</ele></trkpt>
      <trkpt lat="30.623268904164433" lon="-95.54537183605134"><ele>87.0</ele></trkpt>
      <trkpt lat="30.623301258310676" lon="-95.54537510499358"><ele>87.0</ele></trkpt>
      <trkpt lat="30.623333360999823" lon="-95.54537267424166"><ele>87.0</ele></trkpt>
      <trkpt lat="30.623373594135046" lon="-95.54537887685001"><ele>86.0</ele></trkpt>
      <trkpt lat="30.623391699045897" lon="-95.54538524709642"><ele>86.0</ele></trkpt>
      <trkpt lat="30.623492198064923" lon="-95.54539907723665"><ele>85.0</ele></trkpt>
      <trkpt lat="30.62352715060115" lon="-95.54539958015084"><ele>84.0</ele></trkpt>
      <trkpt lat="30.623613484203815" lon="-95.54540242999792"><ele>84.0</ele></trkpt>
      <trkpt lat="30.623627649620175" lon="-95.54540142416954"><ele>84.0</ele></trkpt>
      <trkpt lat="30.623643742874265" lon="-95.54540201090276"><ele>84.0</ele></trkpt>
      <trkpt lat="30.623655561357737" lon="-95.54539589211345"><ele>83.0</ele></trkpt>
      <trkpt lat="30.623674169182777" lon="-95.54539002478123"><ele>83.0</ele></trkpt>
      <trkpt lat="30.623682970181108" lon="-95.54538927040994"><ele>83.0</ele></trkpt>
      <trkpt lat="30.623687747865915" lon="-95.54539119824767"><ele>83.0</ele></trkpt>
      <trkpt lat="30.623715156689286" lon="-95.54538893513381"><ele>82.0</ele></trkpt>
      <trkpt lat="30.62374172732234" lon="-95.54538063704967"><ele>82.0</ele></trkpt>
      <trkpt lat="30.62374851666391" lon="-95.54537694901228"><ele>82.0</ele></trkpt>
      <trkpt lat="30.623771315440536" lon="-95.54536144249141"><ele>82.0</ele></trkpt>
      <trkpt lat="30.62378430739045" lon="-95.54535607807338"><ele>82.0</ele></trkpt>
      <trkpt lat="30.62383317388594" lon="-95.5453394819051"><ele>82.0</ele></trkpt>
      <trkpt lat="30.62387759797275" lon="-95.54534392431378"><ele>82.0</ele></trkpt>
      <trkpt lat="30.62389905564487" lon="-95.54533210583031"><ele>82.0</ele></trkpt>
      <trkpt lat="30.623926045373082" lon="-95.54533160291612"><ele>82.0</ele></trkpt>
      <trkpt lat="30.623938785865903" lon="-95.54533453658223"><ele>81.0</ele></trkpt>
      <trkpt lat="30.62397088855505" lon="-95.54532808251679"><ele>81.0</ele></trkpt>
      <trkpt lat="30.624078596010804" lon="-95.54529924876988"><ele>82.0</ele></trkpt>
      <trkpt lat="30.624118829146028" lon="-95.54528868757188"><ele>82.0</ele></trkpt>
      <trkpt lat="30.62417364679277" lon="-95.54524786770344"><ele>82.0</ele></trkpt>
      <trkpt lat="30.62418630346656" lon="-95.54521651938558"><ele>83.0</ele></trkpt>
      <trkpt lat="30.624193344265223" lon="-95.5452028568834"><ele>83.0</ele></trkpt>
      <trkpt lat="30.624307673424482" lon="-95.54508567787707"><ele>83.0</ele></trkpt>
      <trkpt lat="30.62436953186989" lon="-95.54504552856088"><ele>84.0</ele></trkpt>
      <trkpt lat="30.624391492456198" lon="-95.54502071812749"><ele>84.0</ele></trkpt>
      <trkpt lat="30.624433485791087" lon="-95.54499020799994"><ele>85.0</ele></trkpt>
      <trkpt lat="30.62443901784718" lon="-95.54498475976288"><ele>85.0</ele></trkpt>
      <trkpt lat="30.6244501657784" lon="-95.54497520439327"><ele>85.0</ele></trkpt>
      <trkpt lat="30.624486207962036" lon="-95.54493094794452"><ele>85.0</ele></trkpt>
      <trkpt lat="30.62449961900711" lon="-95.54493203759193"><ele>86.0</ele></trkpt>
      <trkpt lat="30.624609673395753" lon="-95.54493270814419"><ele>86.0</ele></trkpt>
      <trkpt lat="30.62466968782246" lon="-95.54498408921063"><ele>87.0</ele></trkpt>
      <trkpt lat="30.624813688918948" lon="-95.54495852440596"><ele>88.0</ele></trkpt>
      <trkpt lat="30.624888706952333" lon="-95.54498207755387"><ele>88.0</ele></trkpt>
      <trkpt lat="30.624982500448823" lon="-95.54503136314452"><ele>89.0</ele></trkpt>
      <trkpt lat="30.62505911104381" lon="-95.54513161070645"><ele>90.0</ele></trkpt>
      <trkpt lat="30.6250717677176" lon="-95.54515457712114"><ele>90.0</ele></trkpt>
      <trkpt lat="30.625200597569346" lon="-95.5451788008213"><ele>91.0</ele></trkpt>
      <trkpt lat="30.62524627894163" lon="-95.54517754353583"><ele>91.0</ele></trkpt>
      <trkpt lat="30.625292966142297" lon="-95.54521132260561"><ele>92.0</ele></trkpt>
      <trkpt lat="30.625395476818085" lon="-95.54523856379092"><ele>92.0</ele></trkpt>
      <trkpt lat="30.625647772103548" lon="-95.54536613635719"><ele>93.0</ele></trkpt>
      <trkpt lat="30.62564886175096" lon="-95.54545062594116"><ele>93.0</ele></trkpt>
      <trkpt lat="30.6256640329957" lon="-95.54547141306102"><ele>93.0</ele></trkpt>
      <trkpt lat="30.625705858692527" lon="-95.54550837725401"><ele>93.0</ele></trkpt>
      <trkpt lat="30.625711223110557" lon="-95.5454935412854"><ele>93.0</ele></trkpt>
      <trkpt lat="30.625716503709555" lon="-95.54550167173147"><ele>93.0</ele></trkpt>
      <trkpt lat="30.625736033543944" lon="-95.54552178829908"><ele>93.0</ele></trkpt>
      <trkpt lat="30.625752629712224" lon="-95.54553201422095"><ele>93.0</ele></trkpt>
      <trkpt lat="30.625794287770987" lon="-95.54552488960326"><ele>93.0</ele></trkpt>
      <trkpt lat="30.62599335797131" lon="-95.54543076083064"><ele>94.0</ele></trkpt>
      <trkpt lat="30.626157810911536" lon="-95.54539010860026"><ele>95.0</ele></trkpt>
      <trkpt lat="30.62617599964142" lon="-95.54533252492547"><ele>96.0</ele></trkpt>
      <trkpt lat="30.626202318817377" lon="-95.54532213136554"><ele>96.0</ele></trkpt>
      <trkpt lat="30.626534493640065" lon="-95.54514326155186"><ele>97.0</ele></trkpt>
      <trkpt lat="30.626661647111177" lon="-95.54509003646672"><ele>97.0</ele></trkpt>
      <trkpt lat="30.626837331801653" lon="-95.54492801427841"><ele>97.0</ele></trkpt>
      <trkpt lat="30.626921569928527" lon="-95.54486380890012"><ele>98.0</ele></trkpt>
      <trkpt lat="30.62702039256692" lon="-95.54476087912917"><ele>98.0</ele></trkpt>
      <trkpt lat="30.627052998170257" lon="-95.54474621079862"><ele>98.0</ele></trkpt>
      <trkpt lat="30.627050483599305" lon="-95.54475501179695"><ele>98.0</ele></trkpt>
      <trkpt lat="30.627090884372592" lon="-95.5447852704674"><ele>98.0</ele></trkpt>
      <trkpt lat="30.627100691199303" lon="-95.54478862322867"><ele>98.0</ele></trkpt>
      <trkpt lat="30.627122903242707" lon="-95.54480446502566"><ele>98.0</ele></trkpt>
      <trkpt lat="30.627136398106813" lon="-95.5448058899492"><ele>98.0</ele></trkpt>
      <trkpt lat="30.62715634703636" lon="-95.54481795988977"><ele>98.0</ele></trkpt>
      <trkpt lat="30.62716171145439" lon="-95.54480019025505"><ele>98.0</ele></trkpt>
      <trkpt lat="30.627390118315816" lon="-95.5446814186871"><ele>98.0</ele></trkpt>
      <trkpt lat="30.627405624836683" lon="-95.54464286193252"><ele>98.0</ele></trkpt>
      <trkpt lat="30.62749983742833" lon="-95.54459977895021"><ele>98.0</ele></trkpt>
      <trkpt lat="30.627747103571892" lon="-95.54444890469313"><ele>97.0</ele></trkpt>
      <trkpt lat="30.627933768555522" lon="-95.54429417476058"><ele>97.0</ele></trkpt>
      <trkpt lat="30.628067292273045" lon="-95.54396686144173"><ele>95.0</ele></trkpt>
      <trkpt lat="30.628190338611603" lon="-95.54383836686611"><ele>95.0</ele></trkpt>
      <trkpt lat="30.628401646390557" lon="-95.54377893917263"><ele>95.0</ele></trkpt>
      <trkpt lat="30.628469539806247" lon="-95.54370098747313"><ele>94.0</ele></trkpt>
      <trkpt lat="30.62850583344698" lon="-95.54368363693357"><ele>94.0</ele></trkpt>
      <trkpt lat="30.628513293340802" lon="-95.5436694715172"><ele>94.0</ele></trkpt>
      <trkpt lat="30.62851270660758" lon="-95.54367718286812"><ele>94.0</ele></trkpt>
      <trkpt lat="30.628541288897395" lon="-95.54368036799133"><ele>94.0</ele></trkpt>
      <trkpt lat="30.62878436408937" lon="-95.54355841130018"><ele>94.0</ele></trkpt>
      <trkpt lat="30.628814958035946" lon="-95.5435523763299"><ele>93.0</ele></trkpt>
      <trkpt lat="30.628886707127094" lon="-95.54350392892957"><ele>93.0</ele></trkpt>
      <trkpt lat="30.628983434289694" lon="-95.54350644350052"><ele>93.0</ele></trkpt>
      <trkpt lat="30.62913271598518" lon="-95.54340711794794"><ele>91.0</ele></trkpt>
      <trkpt lat="30.629221899434924" lon="-95.54322028532624"><ele>90.0</ele></trkpt>
      <trkpt lat="30.629240507259965" lon="-95.54318667389452"><ele>90.0</ele></trkpt>
      <trkpt lat="30.629318291321397" lon="-95.54308726452291"><ele>89.0</ele></trkpt>
      <trkpt lat="30.629445193335414" lon="-95.54287008941174"><ele>88.0</ele></trkpt>
      <trkpt lat="30.629522809758782" lon="-95.54273530840874"><ele>88.0</ele></trkpt>
      <trkpt lat="30.629527755081654" lon="-95.54271862842143"><ele>89.0</ele></trkpt>
      <trkpt lat="30.629559690132737" lon="-95.54269683547318"><ele>89.0</ele></trkpt>
      <trkpt lat="30.629578884691" lon="-95.54267914965749"><ele>88.0</ele></trkpt>
      <trkpt lat="30.62959455884993" lon="-95.54264042526484"><ele>88.0</ele></trkpt>
      <trkpt lat="30.629598330706358" lon="-95.54255216382444"><ele>88.0</ele></trkpt>
      <trkpt lat="30.629612328484654" lon="-95.5425158701837"><ele>88.0</ele></trkpt>
      <trkpt lat="30.62972456216812" lon="-95.54227220825851"><ele>87.0</ele></trkpt>
      <trkpt lat="30.629732441157103" lon="-95.542202135548"><ele>87.0</ele></trkpt>
      <trkpt lat="30.62988038174808" lon="-95.54195939563215"><ele>87.0</ele></trkpt>
      <trkpt lat="30.629920531064272" lon="-95.54188856855035"><ele>87.0</ele></trkpt>
      <trkpt lat="30.63005916774273" lon="-95.54183391854167"><ele>87.0</ele></trkpt>
      <trkpt lat="30.630194200202823" lon="-95.54174238815904"><ele>87.0</ele></trkpt>
      <trkpt lat="30.63037432730198" lon="-95.5416579823941"><ele>87.0</ele></trkpt>
      <trkpt lat="30.6306841224432" lon="-95.54137408733368"><ele>85.0</ele></trkpt>
      <trkpt lat="30.63067297451198" lon="-95.54137207567692"><ele>85.0</ele></trkpt>
      <trkpt lat="30.63067188486457" lon="-95.54136545397341"><ele>85.0</ele></trkpt>
      <trkpt lat="30.630686720833182" lon="-95.54133997298777"><ele>85.0</ele></trkpt>
      <trkpt lat="30.630713878199458" lon="-95.54132387973368"><ele>85.0</ele></trkpt>
      <trkpt lat="30.630708849057555" lon="-95.54132848978043"><ele>85.0</ele></trkpt>
      <trkpt lat="30.630732234567404" lon="-95.54130183532834"><ele>84.0</ele></trkpt>
      <trkpt lat="30.630769869312644" lon="-95.54123285226524"><ele>84.0</ele></trkpt>
      <trkpt lat="30.630743969231844" lon="-95.54106848314404"><ele>84.0</ele></trkpt>
      <trkpt lat="30.630748076364398" lon="-95.54101240821183"><ele>84.0</ele></trkpt>
      <trkpt lat="30.630755787715316" lon="-95.54089246317744"><ele>84.0</ele></trkpt>
      <trkpt lat="30.630708429962397" lon="-95.5408823210746"><ele>83.0</ele></trkpt>
      <trkpt lat="30.630590748041868" lon="-95.54079338908195"><ele>82.0</ele></trkpt>
      <trkpt lat="30.630592927336693" lon="-95.54078701883554"><ele>82.0</ele></trkpt>
      <trkpt lat="30.630539786070585" lon="-95.54073798470199"><ele>81.0</ele></trkpt>
      <trkpt lat="30.630498714745045" lon="-95.54070990532637"><ele>81.0</ele></trkpt>
      <trkpt lat="30.6304837949574" lon="-95.54068526253104"><ele>80.0</ele></trkpt>
      <trkpt lat="30.630428809672594" lon="-95.54062223061919"><ele>80.0</ele></trkpt>
      <trkpt lat="30.630367621779442" lon="-95.54057277739048"><ele>80.0</ele></trkpt>
      <trkpt lat="30.630281371995807" lon="-95.54051645100117"><ele>79.0</ele></trkpt>
      <trkpt lat="30.63023124821484" lon="-95.54048024117947"><ele>79.0</ele></trkpt>
      <trkpt lat="30.630308026447892" lon="-95.54053246043622"><ele>79.0</ele></trkpt>
      <trkpt lat="30.63044079579413" lon="-95.54029424674809"><ele>79.0</ele></trkpt>
      <trkpt lat="30.63065964728594" lon="-95.54007916711271"><ele>79.0</ele></trkpt>
      <trkpt lat="30.630698958411813" lon="-95.54003071971238"><ele>79.0</ele></trkpt>
      <trkpt lat="30.630738185718656" lon="-95.53999090567231"><ele>79.0</ele></trkpt>
      <trkpt lat="30.63078386709094" lon="-95.53996056318283"><ele>79.0</ele></trkpt>
      <trkpt lat="30.630812281742692" lon="-95.53995695896447"><ele>78.0</ele></trkpt>
      <trkpt lat="30.630822340026498" lon="-95.53996307775378"><ele>78.0</ele></trkpt>
      <trkpt lat="30.630868105217814" lon="-95.53997154347599"><ele>78.0</ele></trkpt>
      <trkpt lat="30.63106432557106" lon="-95.54020665585995"><ele>76.0</ele></trkpt>
      <trkpt lat="30.631377724930644" lon="-95.54039273411036"><ele>76.0</ele></trkpt>
      <trkpt lat="30.631693555042148" lon="-95.54060286842287"><ele>75.0</ele></trkpt>
      <trkpt lat="30.631787097081542" lon="-95.54056238383055"><ele>76.0</ele></trkpt>
      <trkpt lat="30.63182163052261" lon="-95.54060119204223"><ele>76.0</ele></trkpt>
      <trkpt lat="30.63194719143212" lon="-95.54056246764958"><ele>76.0</ele></trkpt>
      <trkpt lat="30.632062777876854" lon="-95.54072147235274"><ele>76.0</ele></trkpt>
      <trkpt lat="30.632056910544634" lon="-95.5407234840095"><ele>76.0</ele></trkpt>
      <trkpt lat="30.63205087557435" lon="-95.54072868078947"><ele>76.0</ele></trkpt>
      <trkpt lat="30.632075518369675" lon="-95.54077478125691"><ele>76.0</ele></trkpt>
      <trkpt lat="30.63212513923645" lon="-95.54078592918813"><ele>76.0</ele></trkpt>
      <trkpt lat="30.632139556109905" lon="-95.54078374989331"><ele>76.0</ele></trkpt>
      <trkpt lat="30.63217978924513" lon="-95.54071258753538"><ele>75.0</ele></trkpt>
      <trkpt lat="30.632170233875513" lon="-95.54066657088697"><ele>75.0</ele></trkpt>
      <trkpt lat="30.632151626050472" lon="-95.54062030278146"><ele>75.0</ele></trkpt>
      <trkpt lat="30.632362850010395" lon="-95.54035040549934"><ele>74.0</ele></trkpt>
      <trkpt lat="30.632462427020073" lon="-95.54018653929234"><ele>74.0</ele></trkpt>
      <trkpt lat="30.632583210244775" lon="-95.54008897393942"><ele>74.0</ele></trkpt>
      <trkpt lat="30.63296609558165" lon="-95.5397672764957"><ele>74.0</ele></trkpt>
      <trkpt lat="30.632989313453436" lon="-95.53963107056916"><ele>74.0</ele></trkpt>
      <trkpt lat="30.63307841308415" lon="-95.53958974778652"><ele>73.0</ele></trkpt>
      <trkpt lat="30.63321872614324" lon="-95.5394697189331"><ele>72.0</ele></trkpt>
      <trkpt lat="30.633183270692825" lon="-95.53950928151608"><ele>72.0</ele></trkpt>
      <trkpt lat="30.633202800527215" lon="-95.53949863649905"><ele>72.0</ele></trkpt>
      <trkpt lat="30.633212188258767" lon="-95.5394541285932"><ele>71.0</ele></trkpt>
      <trkpt lat="30.633215624839067" lon="-95.53943635895848"><ele>71.0</ele></trkpt>
      <trkpt lat="30.6332138646394" lon="-95.5394115485251"><ele>71.0</ele></trkpt>
      <trkpt lat="30.633208248764277" lon="-95.53939394652843"><ele>71.0</ele></trkpt>
      <trkpt lat="30.633205231279135" lon="-95.5393785238266"><ele>70.0</ele></trkpt>
      <trkpt lat="30.633212607353926" lon="-95.53936176002026"><ele>70.0</ele></trkpt>
      <trkpt lat="30.63320456072688" lon="-95.53928271867335"><ele>71.0</ele></trkpt>
      <trkpt lat="30.633212942630053" lon="-95.53925539366901"><ele>71.0</ele></trkpt>
      <trkpt lat="30.633104648441076" lon="-95.53905380889773"><ele>70.0</ele></trkpt>
      <trkpt lat="30.633260970935225" lon="-95.53889597766101"><ele>70.0</ele></trkpt>
      <trkpt lat="30.63311018049717" lon="-95.53872984834015"><ele>70.0</ele></trkpt>
      <trkpt lat="30.633088974282146" lon="-95.53871501237154"><ele>71.0</ele></trkpt>
      <trkpt lat="30.63305737450719" lon="-95.5386863462627"><ele>71.0</ele></trkpt>
      <trkpt lat="30.63305108807981" lon="-95.53867645561695"><ele>71.0</ele></trkpt>
      <trkpt lat="30.633088974282146" lon="-95.53848970681429"><ele>71.0</ele></trkpt>
      <trkpt lat="30.63334286212921" lon="-95.53815585561097"><ele>70.0</ele></trkpt>
      <trkpt lat="30.633363900706172" lon="-95.53808972239494"><ele>70.0</ele></trkpt>
      <trkpt lat="30.633342945948243" lon="-95.53806189447641"><ele>70.0</ele></trkpt>
      <trkpt lat="30.633324589580297" lon="-95.53805007599294"><ele>70.0</ele></trkpt>
      <trkpt lat="30.633302880451083" lon="-95.53804119117558"><ele>70.0</ele></trkpt>
      <trkpt lat="30.633271615952253" lon="-95.5380087532103"><ele>70.0</ele></trkpt>
      <trkpt lat="30.633248817175627" lon="-95.53797866217792"><ele>71.0</ele></trkpt>
      <trkpt lat="30.63304421491921" lon="-95.53755738772452"><ele>73.0</ele></trkpt>
      <trkpt lat="30.632987385615706" lon="-95.53746200166643"><ele>73.0</ele></trkpt>
      <trkpt lat="30.632807845249772" lon="-95.53733602166176"><ele>73.0</ele></trkpt>
      <trkpt lat="30.632531577721238" lon="-95.5369743425399"><ele>72.0</ele></trkpt>
      <trkpt lat="30.632425043731928" lon="-95.53661802783608"><ele>71.0</ele></trkpt>
      <trkpt lat="30.632386151701212" lon="-95.53667804226279"><ele>71.0</ele></trkpt>
      <trkpt lat="30.632391097024083" lon="-95.53667192347348"><ele>71.0</ele></trkpt>
      <trkpt lat="30.632340386509895" lon="-95.53666320629418"><ele>71.0</ele></trkpt>
      <trkpt lat="30.63227375037968" lon="-95.5366445146501"><ele>71.0</ele></trkpt>
      <trkpt lat="30.63226545229554" lon="-95.53664728067815"><ele>71.0</ele></trkpt>
      <trkpt lat="30.632240306586027" lon="-95.53665197454393"><ele>71.0</ele></trkpt>
      <trkpt lat="30.632207952439785" lon="-95.53666169755161"><ele>70.0</ele></trkpt>
      <trkpt lat="30.631595067679882" lon="-95.5366952251643"><ele>71.0</ele></trkpt>
      <trkpt lat="30.63127487897873" lon="-95.5367504619062"><ele>70.0</ele></trkpt>
      <trkpt lat="30.631267251446843" lon="-95.53675121627748"><ele>70.0</ele></trkpt>
      <trkpt lat="30.631152419373393" lon="-95.53689815104008"><ele>71.0</ele></trkpt>
      <trkpt lat="30.631128950044513" lon="-95.53691348992288"><ele>72.0</ele></trkpt>
      <trkpt lat="30.631028283387423" lon="-95.53693528287113"><ele>72.0</ele></trkpt>
      <trkpt lat="30.631002048030496" lon="-95.53694450296462"><ele>72.0</ele></trkpt>
      <trkpt lat="30.63097438775003" lon="-95.53700619377196"><ele>71.0</ele></trkpt>
      <trkpt lat="30.630965754389763" lon="-95.53701432421803"><ele>71.0</ele></trkpt>
      <trkpt lat="30.630934573709965" lon="-95.53702195174992"><ele>71.0</ele></trkpt>
      <trkpt lat="30.630903393030167" lon="-95.53702522069216"><ele>71.0</ele></trkpt>
      <trkpt lat="30.630925688892603" lon="-95.5370227061212"><ele>71.0</ele></trkpt>
      <trkpt lat="30.63089434057474" lon="-95.53701482713223"><ele>71.0</ele></trkpt>
      <trkpt lat="30.63086399808526" lon="-95.5370245501399"><ele>72.0</ele></trkpt>
      <trkpt lat="30.630721924826503" lon="-95.53703787736595"><ele>71.0</ele></trkpt>
      <trkpt lat="30.63067439943552" lon="-95.53695950657129"><ele>70.0</ele></trkpt>
      <trkpt lat="30.630412297323346" lon="-95.53684769198298"><ele>71.0</ele></trkpt>
      <trkpt lat="30.630382290109992" lon="-95.53684618324041"><ele>71.0</ele></trkpt>
      <trkpt lat="30.63028883188963" lon="-95.53689991123974"><ele>71.0</ele></trkpt>
      <trkpt lat="30.63011985272169" lon="-95.53692153654993"><ele>71.0</ele></trkpt>
      <trkpt lat="30.629942072555423" lon="-95.53701533004642"><ele>71.0</ele></trkpt>
      <trkpt lat="30.629689944908023" lon="-95.5370956286788"><ele>70.0</ele></trkpt>
      <trkpt lat="30.629516439512372" lon="-95.53712798282504"><ele>70.0</ele></trkpt>
      <trkpt lat="30.629459023475647" lon="-95.53714969195426"><ele>70.0</ele></trkpt>
      <trkpt lat="30.629432620480657" lon="-95.53715966641903"><ele>70.0</ele></trkpt>
      <trkpt lat="30.629474446177483" lon="-95.53718799725175"><ele>70.0</ele></trkpt>
      <trkpt lat="30.629451144486666" lon="-95.53719009272754"><ele>70.0</ele></trkpt>
      <trkpt lat="30.629434464499354" lon="-95.53718288429081"><ele>70.0</ele></trkpt>
      <trkpt lat="30.62938392162323" lon="-95.53718229755759"><ele>70.0</ele></trkpt>
      <trkpt lat="30.629158532246947" lon="-95.53724708966911"><ele>71.0</ele></trkpt>
      <trkpt lat="30.629020985215902" lon="-95.53731883876026"><ele>71.0</ele></trkpt>
      <trkpt lat="30.628990391269326" lon="-95.53732990287244"><ele>71.0</ele></trkpt>
      <trkpt lat="30.628961892798543" lon="-95.5373456608504"><ele>71.0</ele></trkpt>
      <trkpt lat="30.628821160644293" lon="-95.53737541660666"><ele>71.0</ele></trkpt>
      <trkpt lat="30.628581773489714" lon="-95.53758597001433"><ele>72.0</ele></trkpt>
      <trkpt lat="30.628218837082386" lon="-95.53772494196892"><ele>71.0</ele></trkpt>
      <trkpt lat="30.628079194575548" lon="-95.53774354979396"><ele>71.0</ele></trkpt>
      <trkpt lat="30.62797224149108" lon="-95.53774606436491"><ele>71.0</ele></trkpt>
      <trkpt lat="30.627951622009277" lon="-95.53759871050715"><ele>70.0</ele></trkpt>
      <trkpt lat="30.627965284511447" lon="-95.53755369968712"><ele>70.0</ele></trkpt>
      <trkpt lat="30.62795916572213" lon="-95.53756426088512"><ele>71.0</ele></trkpt>
      <trkpt lat="30.627954388037324" lon="-95.53754774853587"><ele>71.0</ele></trkpt>
      <trkpt lat="30.627797562628984" lon="-95.53746661171317"><ele>70.0</ele></trkpt>
      <trkpt lat="30.62767661176622" lon="-95.53732135333121"><ele>70.0</ele></trkpt>
      <trkpt lat="30.627563036978245" lon="-95.53724851459265"><ele>70.0</ele></trkpt>
      <trkpt lat="30.62756429426372" lon="-95.53724675439298"><ele>70.0</ele></trkpt>
      <trkpt lat="30.627555577084422" lon="-95.53724465891719"><ele>70.0</ele></trkpt>
      <trkpt lat="30.62754317186773" lon="-95.53722278214991"><ele>70.0</ele></trkpt>
      <trkpt lat="30.627518948167562" lon="-95.53718673996627"><ele>70.0</ele></trkpt>
      <trkpt lat="30.627510817721486" lon="-95.53716913796961"><ele>71.0</ele></trkpt>
      <trkpt lat="30.627424316480756" lon="-95.53712714463472"><ele>71.0</ele></trkpt>
      <trkpt lat="30.62682945281267" lon="-95.53694668225944"><ele>71.0</ele></trkpt>
      <trkpt lat="30.6267433706671" lon="-95.53687082603574"><ele>71.0</ele></trkpt>
      <trkpt lat="30.626612110063434" lon="-95.53688566200435"><ele>71.0</ele></trkpt>
      <trkpt lat="30.626282282173634" lon="-95.53672296926379"><ele>71.0</ele></trkpt>
      <trkpt lat="30.62609637156129" lon="-95.53673101589084"><ele>71.0</ele></trkpt>
      <trkpt lat="30.626003332436085" lon="-95.53676144219935"><ele>71.0</ele></trkpt>
      <trkpt lat="30.62598497606814" lon="-95.53676781244576"><ele>71.0</ele></trkpt>
      <trkpt lat="30.625930409878492" lon="-95.53678407333791"><ele>72.0</ele></trkpt>
      <trkpt lat="30.625905515626073" lon="-95.53678633645177"><ele>71.0</ele></trkpt>
      <trkpt lat="30.625881794840097" lon="-95.53678013384342"><ele>71.0</ele></trkpt>
      <trkpt lat="30.62584717758" lon="-95.53677560761571"><ele>70.0</ele></trkpt>
      <trkpt lat="30.625815158709884" lon="-95.53677736781538"><ele>70.0</ele></trkpt>
      <trkpt lat="30.625781547278166" lon="-95.53676596842706"><ele>70.0</ele></trkpt>
      <trkpt lat="30.625665625557303" lon="-95.5367861688137"><ele>70.0</ele></trkpt>
      <trkpt lat="30.62537183985114" lon="-95.53677435033023"><ele>70.0</ele></trkpt>
      <trkpt lat="30.625138487666845" lon="-95.53670821711421"><ele>70.0</ele></trkpt>
      <trkpt lat="30.62512105330825" lon="-95.53672950714827"><ele>70.0</ele></trkpt>
      <trkpt lat="30.624981578439474" lon="-95.53672397509217"><ele>70.0</ele></trkpt>
      <trkpt lat="30.624921480193734" lon="-95.53671022877097"><ele>70.0</ele></trkpt>
      <trkpt lat="30.62460858374834" lon="-95.53666044026613"><ele>71.0</ele></trkpt>
      <trkpt lat="30.62426500953734" lon="-95.53664258681238"><ele>71.0</ele></trkpt>
      <trkpt lat="30.624297447502613" lon="-95.5367171857506"><ele>71.0</ele></trkpt>
      <trkpt lat="30.624341536313295" lon="-95.53673445247114"><ele>70.0</ele></trkpt>
      <trkpt lat="30.624360227957368" lon="-95.53674115799367"><ele>70.0</ele></trkpt>
      <trkpt lat="30.624383445829153" lon="-95.53675314411521"><ele>70.0</ele></trkpt>
      <trkpt lat="30.624388055875897" lon="-95.5367515515536"><ele>70.0</ele></trkpt>
      <trkpt lat="30.624349918216467" lon="-95.53674727678299"><ele>70.0</ele></trkpt>
      <trkpt lat="30.62431588768959" lon="-95.53674350492656"><ele>70.0</ele></trkpt>
      <trkpt lat="30.624228799715638" lon="-95.53674719296396"><ele>71.0</ele></trkpt>
      <trkpt lat="30.62411304563284" lon="-95.53669438697398"><ele>71.0</ele></trkpt>
      <trkpt lat="30.624077757820487" lon="-95.53668156266212"><ele>71.0</ele></trkpt>
      <trkpt lat="30.623738039284945" lon="-95.53667686879635"><ele>71.0</ele></trkpt>
      <trkpt lat="30.623411564156413" lon="-95.53671735338867"><ele>72.0</ele></trkpt>
      <trkpt lat="30.62291443347931" lon="-95.53665800951421"><ele>71.0</ele></trkpt>
      <trkpt lat="30.622903034090996" lon="-95.53662976250052"><ele>71.0</ele></trkpt>
      <trkpt lat="30.622898675501347" lon="-95.53662029094994"><ele>71.0</ele></trkpt>
      <trkpt lat="30.62287973240018" lon="-95.5366175249219"><ele>71.0</ele></trkpt>
      <trkpt lat="30.622877972200513" lon="-95.53661534562707"><ele>71.0</ele></trkpt>
      <trkpt lat="30.622878139838576" lon="-95.53661635145545"><ele>71.0</ele></trkpt>
      <trkpt lat="30.622832207009196" lon="-95.53659304976463"><ele>71.0</ele></trkpt>
      <trkpt lat="30.622805887833238" lon="-95.53657628595829"><ele>71.0</ele></trkpt>
      <trkpt lat="30.622755344957113" lon="-95.53656069561839"><ele>71.0</ele></trkpt>
      <trkpt lat="30.622464073821902" lon="-95.53641996346414"><ele>71.0</ele></trkpt>
      <trkpt lat="30.622434485703707" lon="-95.53642532788217"><ele>71.0</ele></trkpt>
      <trkpt lat="30.622284030541778" lon="-95.5362922232598"><ele>70.0</ele></trkpt>
      <trkpt lat="30.62210482545197" lon="-95.53602576255798"><ele>71.0</ele></trkpt>
      <trkpt lat="30.621979432180524" lon="-95.53595107980072"><ele>73.0</ele></trkpt>
      <trkpt lat="30.621971050277352" lon="-95.53597739897668"><ele>73.0</ele></trkpt>
      <trkpt lat="30.62183610163629" lon="-95.53599986247718"><ele>75.0</ele></trkpt>
      <trkpt lat="30.621636528521776" lon="-95.53587522357702"><ele>75.0</ele></trkpt>
      <trkpt lat="30.6219254527241" lon="-95.5354964453727"><ele>75.0</ele></trkpt>
      <trkpt lat="30.621934169903398" lon="-95.53545042872429"><ele>75.0</ele></trkpt>
      <trkpt lat="30.621939031407237" lon="-95.5353735666722"><ele>75.0</ele></trkpt>
      <trkpt lat="30.621913634240627" lon="-95.53532847203314"><ele>75.0</ele></trkpt>
      <trkpt lat="30.621911035850644" lon="-95.53529393859208"><ele>75.0</ele></trkpt>
      <trkpt lat="30.621919836848974" lon="-95.53526594303548"><ele>75.0</ele></trkpt>
      <trkpt lat="30.621937857940793" lon="-95.53527566604316"><ele>75.0</ele></trkpt>
      <trkpt lat="30.621826462447643" lon="-95.53511247038841"><ele>75.0</ele></trkpt>
      <trkpt lat="30.621807351708412" lon="-95.53508942015469"><ele>75.0</ele></trkpt>
      <trkpt lat="30.62171741388738" lon="-95.53497081622481"><ele>74.0</ele></trkpt>
      <trkpt lat="30.621677013114095" lon="-95.53492857143283"><ele>74.0</ele></trkpt>
      <trkpt lat="30.621634013950825" lon="-95.53488976322114"><ele>74.0</ele></trkpt>
      <trkpt lat="30.62147249467671" lon="-95.53473444655538"><ele>74.0</ele></trkpt>
      <trkpt lat="30.621424298733473" lon="-95.53466026671231"><ele>74.0</ele></trkpt>
      <trkpt lat="30.6212121527642" lon="-95.5345067102462"><ele>73.0</ele></trkpt>
      <trkpt lat="30.62113394960761" lon="-95.53446505218744"><ele>73.0</ele></trkpt>
      <trkpt lat="30.62095549888909" lon="-95.53431954234838"><ele>73.0</ele></trkpt>
      <trkpt lat="30.620920546352863" lon="-95.53432071581483"><ele>73.0</ele></trkpt>
      <trkpt lat="30.620855670422316" lon="-95.53434192202985"><ele>72.0</ele></trkpt>
      <trkpt lat="30.620816443115473" lon="-95.53432088345289"><ele>73.0</ele></trkpt>
      <trkpt lat="30.62077134847641" lon="-95.53434007801116"><ele>73.0</ele></trkpt>
      <trkpt lat="30.620758272707462" lon="-95.53434016183019"><ele>73.0</ele></trkpt>
      <trkpt lat="30.620695911347866" lon="-95.53432649932802"><ele>72.0</ele></trkpt>
      <trkpt lat="30.62067554332316" lon="-95.53430772386491"><ele>72.0</ele></trkpt>
      <trkpt lat="30.620648805052042" lon="-95.53432088345289"><ele>72.0</ele></trkpt>
      <trkpt lat="30.62065123580396" lon="-95.53429615683854"><ele>72.0</ele></trkpt>
      <trkpt lat="30.620095431804657" lon="-95.5342344660312"><ele>72.0</ele></trkpt>
      <trkpt lat="30.620065927505493" lon="-95.53422926925123"><ele>72.0</ele></trkpt>
      <trkpt lat="30.61974029056728" lon="-95.53418199531734"><ele>73.0</ele></trkpt>
      <trkpt lat="30.619570640847087" lon="-95.53419498726726"><ele>73.0</ele></trkpt>
      <trkpt lat="30.619498807936907" lon="-95.53421937860548"><ele>73.0</ele></trkpt>
      <trkpt lat="30.61937978491187" lon="-95.53417227230966"><ele>74.0</ele></trkpt>
      <trkpt lat="30.619194712489843" lon="-95.53405442275107"><ele>74.0</ele></trkpt>
      <trkpt lat="30.61921063810587" lon="-95.53404612466693"><ele>74.0</ele></trkpt>
      <trkpt lat="30.61920577660203" lon="-95.53404361009598"><ele>75.0</ele></trkpt>
      <trkpt lat="30.61924776993692" lon="-95.53400103002787"><ele>74.0</ele></trkpt>
      <trkpt lat="30.619264282286167" lon="-95.53397638723254"><ele>75.0</ele></trkpt>
      <trkpt lat="30.61926537193358" lon="-95.53397169336677"><ele>75.0</ele></trkpt>
      <trkpt lat="30.61925120651722" lon="-95.53396272473037"><ele>75.0</ele></trkpt>
      <trkpt lat="30.619226647540927" lon="-95.53395467810333"><ele>75.0</ele></trkpt>
      <trkpt lat="30.61922480352223" lon="-95.53394596092403"><ele>75.0</ele></trkpt>
      <trkpt lat="30.619077114388347" lon="-95.53393783047795"><ele>76.0</ele></trkpt>
      <trkpt lat="30.619021458551288" lon="-95.53393481299281"><ele>76.0</ele></trkpt>
      <trkpt lat="30.618956247344613" lon="-95.53390891291201"><ele>77.0</ele></trkpt>
      <trkpt lat="30.618786681443453" lon="-95.53386624902487"><ele>78.0</ele></trkpt>
      <trkpt lat="30.618758853524923" lon="-95.53386507555842"><ele>78.0</ele></trkpt>
      <trkpt lat="30.618699258193374" lon="-95.53403246216476"><ele>80.0</ele></trkpt>
      <trkpt lat="30.61861837282777" lon="-95.53407864645123"><ele>82.0</ele></trkpt>
      <trkpt lat="30.618564309552312" lon="-95.53409708663821"><ele>82.0</ele></trkpt>
      <trkpt lat="30.618334393948317" lon="-95.53413203917444"><ele>81.0</ele></trkpt>
      <trkpt lat="30.61789241619408" lon="-95.53403313271701"><ele>80.0</ele></trkpt>
      <trkpt lat="30.617890991270542" lon="-95.5340680014342"><ele>80.0</ele></trkpt>
      <trkpt lat="30.617880346253514" lon="-95.53407629951835"><ele>80.0</ele></trkpt>
      <trkpt lat="30.61786643229425" lon="-95.53408518433571"><ele>80.0</ele></trkpt>
      <trkpt lat="30.617759143933654" lon="-95.53408602252603"><ele>80.0</ele></trkpt>
      <trkpt lat="30.61772335320711" lon="-95.53409423679113"><ele>80.0</ele></trkpt>
      <trkpt lat="30.617511877790093" lon="-95.53415894508362"><ele>80.0</ele></trkpt>
      <trkpt lat="30.617024721577764" lon="-95.53438634611666"><ele>78.0</ele></trkpt>
      <trkpt lat="30.61695121228695" lon="-95.5344157665968"><ele>78.0</ele></trkpt>
      <trkpt lat="30.616289963945746" lon="-95.5343843344599"><ele>76.0</ele></trkpt>
      <trkpt lat="30.61630815267563" lon="-95.53437301889062"><ele>76.0</ele></trkpt>
      <trkpt lat="30.616286611184478" lon="-95.53437134250998"><ele>76.0</ele></trkpt>
      <trkpt lat="30.61625987291336" lon="-95.53436907939613"><ele>76.0</ele></trkpt>
      <trkpt lat="30.61621737666428" lon="-95.53437695838511"><ele>76.0</ele></trkpt>
      <trkpt lat="30.616196505725384" lon="-95.53437603637576"><ele>76.0</ele></trkpt>
      <trkpt lat="30.616178065538406" lon="-95.53438081406057"><ele>76.0</ele></trkpt>
      <trkpt lat="30.61614847742021" lon="-95.53438416682184"><ele>75.0</ele></trkpt>
      <trkpt lat="30.616123415529728" lon="-95.53438902832568"><ele>75.0</ele></trkpt>
      <trkpt lat="30.615086825564504" lon="-95.53514113649726"><ele>74.0</ele></trkpt>
      <trkpt lat="30.614952747216243" lon="-95.53522357892811"><ele>74.0</ele></trkpt>
      <trkpt lat="30.614902805299117" lon="-95.53525865077974"><ele>0.0</ele></trkpt>
      <trkpt lat="30.614584254570897" lon="-95.53525328636171"><ele>0.0</ele></trkpt>
      <trkpt lat="30.61436496179384" lon="-95.53486168384552"><ele>0.0</ele></trkpt>
      <trkpt lat="30.614561171144068" lon="-95.53442716598512"><ele>0.0</ele></trkpt>
    </trkseg>
  </trk>
</gpx>
