<?xml version="1.0" encoding="UTF-8"?>
<gpx version="1.1" creator="ultrainfo" xmlns="http://www.topografix.com/GPX/1/1">
  <metadata><name>San Diego 100 - official course GPX route converted to a track, with chart station waypoints</name></metadata>
  <wpt lat="32.985053" lon="-116.581997"><ele>1415.8</ele><name>Lake Cuyamaca Start/Finish</name></wpt>
  <wpt lat="32.976458" lon="-116.582022"><ele>1415.2</ele><name>Trout Pond</name></wpt>
  <wpt lat="32.946919" lon="-116.606422"><ele>1890.7</ele><name>Cuyamaca Peak</name></wpt>
  <wpt lat="32.903908" lon="-116.585075"><ele>1257.3</ele><name>Green Valley</name></wpt>
  <wpt lat="32.876422" lon="-116.586839"><ele>1126.5</ele><name>Blue Ribbon</name></wpt>
  <wpt lat="32.910475" lon="-116.574069"><ele>1220.4</ele><name>Sweetwater</name></wpt>
  <wpt lat="32.894272" lon="-116.505000"><ele>1427.7</ele><name>Pine Creek Road</name></wpt>
  <wpt lat="32.867053" lon="-116.515189"><ele>1165.9</ele><name>Hammer's Hideaway</name></wpt>
  <wpt lat="32.905756" lon="-116.457581"><ele>1673.7</ele><name>Penny Pines</name></wpt>
  <wpt lat="32.861136" lon="-116.462150"><ele>1683.7</ele><name>Meadows</name></wpt>
  <wpt lat="32.857267" lon="-116.423456"><ele>1819.0</ele><name>Red Tail Roost</name></wpt>
  <wpt lat="32.880458" lon="-116.423258"><ele>1799.8</ele><name>Per's Cabin</name></wpt>
  <wpt lat="32.924978" lon="-116.482314"><ele>1621.8</ele><name>Pioneer Mail</name></wpt>
  <wpt lat="32.978003" lon="-116.524983"><ele>1524.9</ele><name>Sunrise</name></wpt>
  <trk><name>San Diego 100</name><trkseg>
    <trkpt lat="32.985122" lon="-116.581949"><ele>1415.738802879965</ele></trkpt>
    <trkpt lat="32.985063" lon="-116.581939"><ele>1416.2741358400813</ele></trkpt>
    <trkpt lat="32.985019" lon="-116.581943"><ele>1416.7802670399415</ele></trkpt>
    <trkpt lat="32.984924" lon="-116.581913"><ele>1416.3558284799994</ele></trkpt>
    <trkpt lat="32.984866" lon="-116.581905"><ele>1416.0230992000634</ele></trkpt>
    <trkpt lat="32.984814" lon="-116.581872"><ele>1415.3733683200553</ele></trkpt>
    <trkpt lat="32.984786" lon="-116.58183"><ele>1414.676195199951</ele></trkpt>
    <trkpt lat="32.98475" lon="-116.581751"><ele>1413.3840399999472</ele></trkpt>
    <trkpt lat="32.984725" lon="-116.581686"><ele>1412.297704000051</ele></trkpt>
    <trkpt lat="32.984712" lon="-116.581643"><ele>1411.8632646399917</ele></trkpt>
    <trkpt lat="32.984712" lon="-116.581643"><ele>1411.8632646399917</ele></trkpt>
    <trkpt lat="32.984674" lon="-116.581615"><ele>1411.7693104</ele></trkpt>
    <trkpt lat="32.984591" lon="-116.581558"><ele>1411.5051971200062</ele></trkpt>
    <trkpt lat="32.984493" lon="-116.581509"><ele>1411.2216164799681</ele></trkpt>
    <trkpt lat="32.984439" lon="-116.581485"><ele>1411.0447816000053</ele></trkpt>
    <trkpt lat="32.984439" lon="-116.581485"><ele>1411.0447816000053</ele></trkpt>
    <trkpt lat="32.984406" lon="-116.581471"><ele>1410.9277110399257</ele></trkpt>
    <trkpt lat="32.984358" lon="-116.581439"><ele>1410.5973404800375</ele></trkpt>
    <trkpt lat="32.984278" lon="-116.5814"><ele>1410.1439680000271</ele></trkpt>
    <trkpt lat="32.984165" lon="-116.581361"><ele>1410.0167952000277</ele></trkpt>
    <trkpt lat="32.984054" lon="-116.581323"><ele>1411.0243833599884</ele></trkpt>
    <trkpt lat="32.98393" lon="-116.581306"><ele>1412.0475263999801</ele></trkpt>
    <trkpt lat="32.983841" lon="-116.581299"><ele>1412.6418113600218</ele></trkpt>
    <trkpt lat="32.983793" lon="-116.581253"><ele>1412.54312816004</ele></trkpt>
    <trkpt lat="32.983721" lon="-116.58119"><ele>1412.3440496000487</ele></trkpt>
    <trkpt lat="32.983637" lon="-116.581151"><ele>1412.3242164800513</ele></trkpt>
    <trkpt lat="32.983499" lon="-116.581084"><ele>1413.3404172800165</ele></trkpt>
    <trkpt lat="32.983415" lon="-116.581025"><ele>1413.7662799999503</ele></trkpt>
    <trkpt lat="32.983333" lon="-116.580984"><ele>1414.1738508799883</ele></trkpt>
    <trkpt lat="32.983224" lon="-116.580928"><ele>1414.678138880003</ele></trkpt>
    <trkpt lat="32.983112" lon="-116.580848"><ele>1414.643671040071</ele></trkpt>
    <trkpt lat="32.983067" lon="-116.580819"><ele>1414.7279777600713</ele></trkpt>
    <trkpt lat="32.983004" lon="-116.580783"><ele>1414.8275999999569</ele></trkpt>
    <trkpt lat="32.982936" lon="-116.580751"><ele>1414.9716000000537</ele></trkpt>
    <trkpt lat="32.982823" lon="-116.580702"><ele>1415.2560000000008</ele></trkpt>
    <trkpt lat="32.982759" lon="-116.580719"><ele>1415.8328000000163</ele></trkpt>
    <trkpt lat="32.98267" lon="-116.580679"><ele>1415.7212000000422</ele></trkpt>
    <trkpt lat="32.982542" lon="-116.580594"><ele>1415.2640000000454</ele></trkpt>
    <trkpt lat="32.982371" lon="-116.580433"><ele>1414.1407999999906</ele></trkpt>
    <trkpt lat="32.98218" lon="-116.580291"><ele>1413.294800000029</ele></trkpt>
    <trkpt lat="32.981973" lon="-116.580146"><ele>1412.8996316799746</ele></trkpt>
    <trkpt lat="32.981896" lon="-116.580117"><ele>1412.9158572800118</ele></trkpt>
    <trkpt lat="32.981743" lon="-116.580031"><ele>1412.3041323200514</ele></trkpt>
    <trkpt lat="32.981649" lon="-116.579929"><ele>1411.983743839999</ele></trkpt>
    <trkpt lat="32.981568" lon="-116.579811"><ele>1411.7583219200155</ele></trkpt>
    <trkpt lat="32.981498" lon="-116.579736"><ele>1411.4229171199997</ele></trkpt>
    <trkpt lat="32.98144" lon="-116.579677"><ele>1411.0511552000075</ele></trkpt>
    <trkpt lat="32.981143" lon="-116.579567"><ele>1410.3371004799742</ele></trkpt>
    <trkpt lat="32.980828" lon="-116.579508"><ele>1410.496000000012</ele></trkpt>
    <trkpt lat="32.980554" lon="-116.579411"><ele>1411.7591999999513</ele></trkpt>
    <trkpt lat="32.9804" lon="-116.57935"><ele>1411.320000000037</ele></trkpt>
    <trkpt lat="32.980273" lon="-116.579289"><ele>1410.8560251200042</ele></trkpt>
    <trkpt lat="32.98018" lon="-116.579264"><ele>1410.2254591999558</ele></trkpt>
    <trkpt lat="32.980153" lon="-116.57924"><ele>1409.9602111999986</ele></trkpt>
    <trkpt lat="32.980139" lon="-116.579195"><ele>1409.6534407999973</ele></trkpt>
    <trkpt lat="32.980111" lon="-116.579122"><ele>1409.3353443199999</ele></trkpt>
    <trkpt lat="32.98008" lon="-116.579081"><ele>1409.1991808000046</ele></trkpt>
    <trkpt lat="32.980037" lon="-116.579025"><ele>1409.065268000006</ele></trkpt>
    <trkpt lat="32.980002" lon="-116.578953"><ele>1409.001661759999</ele></trkpt>
    <trkpt lat="32.979938" lon="-116.578837"><ele>1409.3736000000508</ele></trkpt>
    <trkpt lat="32.979892" lon="-116.578774"><ele>1409.827200000031</ele></trkpt>
    <trkpt lat="32.979786" lon="-116.578749"><ele>1410.007199999986</ele></trkpt>
    <trkpt lat="32.979791" lon="-116.578721"><ele>1410.2087999999885</ele></trkpt>
    <trkpt lat="32.979791" lon="-116.578721"><ele>1410.2087999999885</ele></trkpt>
    <trkpt lat="32.979798" lon="-116.578683"><ele>1410.482400000014</ele></trkpt>
    <trkpt lat="32.979844" lon="-116.578586"><ele>1411.0507686399972</ele></trkpt>
    <trkpt lat="32.979875" lon="-116.578564"><ele>1411.07632</ele></trkpt>
    <trkpt lat="32.980038" lon="-116.578435"><ele>1410.8631999999984</ele></trkpt>
    <trkpt lat="32.980281" lon="-116.578201"><ele>1410.0055262399962</ele></trkpt>
    <trkpt lat="32.980374" lon="-116.578111"><ele>1410.2772585599844</ele></trkpt>
    <trkpt lat="32.980433" lon="-116.578007"><ele>1410.4611217599927</ele></trkpt>
    <trkpt lat="32.980425" lon="-116.577868"><ele>1410.172143999987</ele></trkpt>
    <trkpt lat="32.980332" lon="-116.577782"><ele>1410.0029670399992</ele></trkpt>
    <trkpt lat="32.980335" lon="-116.577675"><ele>1410.3700000000026</ele></trkpt>
    <trkpt lat="32.980379" lon="-116.577462"><ele>1411.0498499200035</ele></trkpt>
    <trkpt lat="32.98041" lon="-116.577391"><ele>1411.186782399989</ele></trkpt>
    <trkpt lat="32.980764" lon="-116.576883"><ele>1412.7504000000022</ele></trkpt>
    <trkpt lat="32.980899" lon="-116.576858"><ele>1412.8371676799968</ele></trkpt>
    <trkpt lat="32.980937" lon="-116.576841"><ele>1412.765779680004</ele></trkpt>
    <trkpt lat="32.981055" lon="-116.576758"><ele>1412.737617600008</ele></trkpt>
    <trkpt lat="32.981093" lon="-116.576755"><ele>1412.7027335999794</ele></trkpt>
    <trkpt lat="32.981131" lon="-116.576746"><ele>1412.7451020799967</ele></trkpt>
    <trkpt lat="32.981177" lon="-116.57674"><ele>1412.8479583999992</ele></trkpt>
    <trkpt lat="32.981236" lon="-116.576742"><ele>1412.9345369600326</ele></trkpt>
    <trkpt lat="32.981313" lon="-116.576746"><ele>1413.0260518400003</ele></trkpt>
    <trkpt lat="32.981392" lon="-116.576759"><ele>1413.0401542400432</ele></trkpt>
    <trkpt lat="32.981483" lon="-116.576761"><ele>1414.106287039904</ele></trkpt>
    <trkpt lat="32.981519" lon="-116.576765"><ele>1414.47997280006</ele></trkpt>
    <trkpt lat="32.981519" lon="-116.576765"><ele>1414.47997280006</ele></trkpt>
    <trkpt lat="32.982052" lon="-116.577057"><ele>1413.0881196800628</ele></trkpt>
    <trkpt lat="32.982917" lon="-116.577216"><ele>1413.6244268798619</ele></trkpt>
    <trkpt lat="32.984089" lon="-116.577037"><ele>1416.2517491199776</ele></trkpt>
    <trkpt lat="32.984456" lon="-116.576864"><ele>1413.8367052799629</ele></trkpt>
    <trkpt lat="32.984803" lon="-116.576602"><ele>1413.3310035201464</ele></trkpt>
    <trkpt lat="32.985057" lon="-116.576351"><ele>1414.3112107199663</ele></trkpt>
    <trkpt lat="32.985153" lon="-116.576321"><ele>1413.9237844802</ele></trkpt>
    <trkpt lat="32.985153" lon="-116.576321"><ele>1413.9237844802</ele></trkpt>
    <trkpt lat="32.985101" lon="-116.576232"><ele>1416.65743871989</ele></trkpt>
    <trkpt lat="32.985052" lon="-116.576184"><ele>1418.4635212800117</ele></trkpt>
    <trkpt lat="32.985171" lon="-116.576056"><ele>1419.6058649600964</ele></trkpt>
    <trkpt lat="32.985298" lon="-116.575981"><ele>1418.9392995200183</ele></trkpt>
    <trkpt lat="32.98538" lon="-116.575886"><ele>1419.1422272000723</ele></trkpt>
    <trkpt lat="32.98538" lon="-116.575886"><ele>1419.1422272000723</ele></trkpt>
    <trkpt lat="32.985404" lon="-116.575858"><ele>1419.2436492800168</ele></trkpt>
    <trkpt lat="32.985554" lon="-116.575533"><ele>1421.4447452801137</ele></trkpt>
    <trkpt lat="32.985757" lon="-116.575192"><ele>1421.6575417599902</ele></trkpt>
    <trkpt lat="32.98583" lon="-116.57505"><ele>1422.1861599999204</ele></trkpt>
    <trkpt lat="32.985863" lon="-116.574808"><ele>1425.4539596798595</ele></trkpt>
    <trkpt lat="32.985949" lon="-116.574471"><ele>1428.5092156800365</ele></trkpt>
    <trkpt lat="32.986009" lon="-116.574261"><ele>1428.1496369598206</ele></trkpt>
    <trkpt lat="32.986022" lon="-116.573944"><ele>1428.558940160051</ele></trkpt>
    <trkpt lat="32.985979" lon="-116.573698"><ele>1428.824303039958</ele></trkpt>
    <trkpt lat="32.985923" lon="-116.573508"><ele>1428.7634233600281</ele></trkpt>
    <trkpt lat="32.98584" lon="-116.57331"><ele>1428.7339840000009</ele></trkpt>
    <trkpt lat="32.985733" lon="-116.573187"><ele>1428.839719840007</ele></trkpt>
    <trkpt lat="32.98569" lon="-116.57308"><ele>1428.253408000054</ele></trkpt>
    <trkpt lat="32.985664" lon="-116.572973"><ele>1427.6899462400313</ele></trkpt>
    <trkpt lat="32.985584" lon="-116.572779"><ele>1427.5957011199446</ele></trkpt>
    <trkpt lat="32.985491" lon="-116.572643"><ele>1428.1574419199153</ele></trkpt>
    <trkpt lat="32.985437" lon="-116.572518"><ele>1428.924973440092</ele></trkpt>
    <trkpt lat="32.985404" lon="-116.572367"><ele>1429.1703667199172</ele></trkpt>
    <trkpt lat="32.985441" lon="-116.571804"><ele>1427.9466905599795</ele></trkpt>
    <trkpt lat="32.98539" lon="-116.571638"><ele>1428.9527072000135</ele></trkpt>
    <trkpt lat="32.985294" lon="-116.57149"><ele>1431.0596575999773</ele></trkpt>
    <trkpt lat="32.985231" lon="-116.571318"><ele>1433.391872959994</ele></trkpt>
    <trkpt lat="32.985167" lon="-116.57097"><ele>1434.9938096000308</ele></trkpt>
    <trkpt lat="32.985468" lon="-116.571024"><ele>1433.0599065600418</ele></trkpt>
    <trkpt lat="32.985468" lon="-116.571024"><ele>1433.0599065600418</ele></trkpt>
    <trkpt lat="32.985739" lon="-116.571073"><ele>1433.5952000000284</ele></trkpt>
    <trkpt lat="32.98601" lon="-116.571109"><ele>1437.185532799986</ele></trkpt>
    <trkpt lat="32.986215" lon="-116.571053"><ele>1438.8435184000145</ele></trkpt>
    <trkpt lat="32.986426" lon="-116.570934"><ele>1437.0819167999448</ele></trkpt>
    <trkpt lat="32.986532" lon="-116.570807"><ele>1435.598040960021</ele></trkpt>
    <trkpt lat="32.986587" lon="-116.57058"><ele>1436.422838399958</ele></trkpt>
    <trkpt lat="32.986635" lon="-116.570259"><ele>1432.9982127998323</ele></trkpt>
    <trkpt lat="32.986611" lon="-116.570072"><ele>1428.9129126398393</ele></trkpt>
    <trkpt lat="32.986528" lon="-116.569919"><ele>1426.8084332799694</ele></trkpt>
    <trkpt lat="32.986364" lon="-116.569713"><ele>1424.092799999773</ele></trkpt>
    <trkpt lat="32.986145" lon="-116.569546"><ele>1422.4368000000668</ele></trkpt>
    <trkpt lat="32.985938" lon="-116.569474"><ele>1422.0976000000073</ele></trkpt>
    <trkpt lat="32.985769" lon="-116.569433"><ele>1422.5204580800798</ele></trkpt>
    <trkpt lat="32.985462" lon="-116.569421"><ele>1424.6348518400869</ele></trkpt>
    <trkpt lat="32.985231" lon="-116.56935"><ele>1424.4313120000113</ele></trkpt>
    <trkpt lat="32.985193" lon="-116.569307"><ele>1424.4280259199297</ele></trkpt>
    <trkpt lat="32.98515" lon="-116.569239"><ele>1424.3816320000037</ele></trkpt>
    <trkpt lat="32.98515" lon="-116.569239"><ele>1424.3816320000037</ele></trkpt>
    <trkpt lat="32.985103" lon="-116.569165"><ele>1424.4823503999282</ele></trkpt>
    <trkpt lat="32.985031" lon="-116.569106"><ele>1424.4128531201052</ele></trkpt>
    <trkpt lat="32.98488" lon="-116.569053"><ele>1427.6850976000576</ele></trkpt>
    <trkpt lat="32.984768" lon="-116.568964"><ele>1430.635847679874</ele></trkpt>
    <trkpt lat="32.984702" lon="-116.568794"><ele>1430.8538054399728</ele></trkpt>
    <trkpt lat="32.984625" lon="-116.568469"><ele>1427.3710599998635</ele></trkpt>
    <trkpt lat="32.984535" lon="-116.568268"><ele>1425.949849600032</ele></trkpt>
    <trkpt lat="32.984322" lon="-116.568132"><ele>1427.3018918400842</ele></trkpt>
    <trkpt lat="32.984146" lon="-116.568074"><ele>1428.0553401599714</ele></trkpt>
    <trkpt lat="32.983732" lon="-116.568104"><ele>1428.9568000000272</ele></trkpt>
    <trkpt lat="32.983683" lon="-116.568085"><ele>1429.3887999999606</ele></trkpt>
    <trkpt lat="32.983663" lon="-116.568049"><ele>1429.2483915200016</ele></trkpt>
    <trkpt lat="32.983643" lon="-116.567982"><ele>1429.5104009599893</ele></trkpt>
    <trkpt lat="32.983623" lon="-116.567905"><ele>1429.805602399976</ele></trkpt>
    <trkpt lat="32.98361" lon="-116.567809"><ele>1430.0168992000188</ele></trkpt>
    <trkpt lat="32.983605" lon="-116.567785"><ele>1430.0891440000403</ele></trkpt>
    <trkpt lat="32.983605" lon="-116.567785"><ele>1430.0891440000403</ele></trkpt>
    <trkpt lat="32.983593" lon="-116.56772"><ele>1430.0392383999917</ele></trkpt>
    <trkpt lat="32.983488" lon="-116.56742"><ele>1429.6586751999778</ele></trkpt>
    <trkpt lat="32.983403" lon="-116.567228"><ele>1428.06755008</ele></trkpt>
    <trkpt lat="32.983309" lon="-116.567109"><ele>1426.3857884800325</ele></trkpt>
    <trkpt lat="32.983182" lon="-116.567014"><ele>1424.7296358400051</ele></trkpt>
    <trkpt lat="32.983077" lon="-116.566938"><ele>1422.9843999999089</ele></trkpt>
    <trkpt lat="32.982921" lon="-116.566893"><ele>1422.3489108799156</ele></trkpt>
    <trkpt lat="32.982772" lon="-116.56686"><ele>1422.0961536000639</ele></trkpt>
    <trkpt lat="32.982542" lon="-116.566795"><ele>1421.3214911999846</ele></trkpt>
    <trkpt lat="32.982465" lon="-116.566784"><ele>1421.1119999999712</ele></trkpt>
    <trkpt lat="32.982333" lon="-116.566758"><ele>1420.6439999998738</ele></trkpt>
    <trkpt lat="32.98224" lon="-116.566803"><ele>1421.4539999998751</ele></trkpt>
    <trkpt lat="32.982148" lon="-116.566867"><ele>1423.0659046400244</ele></trkpt>
    <trkpt lat="32.982089" lon="-116.5669"><ele>1424.0824640000649</ele></trkpt>
    <trkpt lat="32.982047" lon="-116.566912"><ele>1424.6039225600325</ele></trkpt>
    <trkpt lat="32.982021" lon="-116.566919"><ele>1424.92444495995</ele></trkpt>
    <trkpt lat="32.981837" lon="-116.567015"><ele>1426.398152799953</ele></trkpt>
    <trkpt lat="32.981762" lon="-116.567083"><ele>1426.8527881599782</ele></trkpt>
    <trkpt lat="32.98168" lon="-116.567109"><ele>1426.4940352000037</ele></trkpt>
    <trkpt lat="32.981595" lon="-116.567173"><ele>1426.8209175999484</ele></trkpt>
    <trkpt lat="32.981411" lon="-116.56732"><ele>1427.9472191999234</ele></trkpt>
    <trkpt lat="32.98124" lon="-116.56736"><ele>1427.4122879999081</ele></trkpt>
    <trkpt lat="32.981092" lon="-116.567447"><ele>1427.371927040005</ele></trkpt>
    <trkpt lat="32.980929" lon="-116.567543"><ele>1427.7073131200184</ele></trkpt>
    <trkpt lat="32.980743" lon="-116.567676"><ele>1428.5055065600368</ele></trkpt>
    <trkpt lat="32.980644" lon="-116.567726"><ele>1428.8813004799872</ele></trkpt>
    <trkpt lat="32.980534" lon="-116.567788"><ele>1428.9971443200018</ele></trkpt>
    <trkpt lat="32.980427" lon="-116.567813"><ele>1428.9413169599977</ele></trkpt>
    <trkpt lat="32.98031" lon="-116.567849"><ele>1428.7733424000173</ele></trkpt>
    <trkpt lat="32.980262" lon="-116.567862"><ele>1428.6399999999933</ele></trkpt>
    <trkpt lat="32.980191" lon="-116.567858"><ele>1428.3987999999881</ele></trkpt>
    <trkpt lat="32.980117" lon="-116.567858"><ele>1428.1323999999959</ele></trkpt>
    <trkpt lat="32.980088" lon="-116.567858"><ele>1428.0280000000034</ele></trkpt>
    <trkpt lat="32.980041" lon="-116.567844"><ele>1427.909200000022</ele></trkpt>
    <trkpt lat="32.979948" lon="-116.567828"><ele>1427.6319999999803</ele></trkpt>
    <trkpt lat="32.979923" lon="-116.567828"><ele>1427.541999999977</ele></trkpt>
    <trkpt lat="32.979847" lon="-116.567806"><ele>1427.347599999982</ele></trkpt>
    <trkpt lat="32.979771" lon="-116.567777"><ele>1427.17889167997</ele></trkpt>
    <trkpt lat="32.979747" lon="-116.567765"><ele>1427.1393032000346</ele></trkpt>
    <trkpt lat="32.979716" lon="-116.567744"><ele>1427.0571238400173</ele></trkpt>
    <trkpt lat="32.979615" lon="-116.567688"><ele>1426.2899552000047</ele></trkpt>
    <trkpt lat="32.979608" lon="-116.567684"><ele>1426.24282111999</ele></trkpt>
    <trkpt lat="32.979608" lon="-116.567684"><ele>1426.24282111999</ele></trkpt>
    <trkpt lat="32.979554" lon="-116.567654"><ele>1425.8986553599764</ele></trkpt>
    <trkpt lat="32.979541" lon="-116.567647"><ele>1425.8207499200141</ele></trkpt>
    <trkpt lat="32.979518" lon="-116.567631"><ele>1425.7112796799524</ele></trkpt>
    <trkpt lat="32.979501" lon="-116.567615"><ele>1425.663490399969</ele></trkpt>
    <trkpt lat="32.979457" lon="-116.56757"><ele>1425.597790399947</ele></trkpt>
    <trkpt lat="32.979413" lon="-116.567531"><ele>1425.3492662399972</ele></trkpt>
    <trkpt lat="32.979354" lon="-116.567476"><ele>1424.7257318400111</ele></trkpt>
    <trkpt lat="32.979312" lon="-116.567446"><ele>1424.1854899199955</ele></trkpt>
    <trkpt lat="32.979278" lon="-116.567404"><ele>1423.8102835200177</ele></trkpt>
    <trkpt lat="32.979253" lon="-116.567375"><ele>1423.5533400000031</ele></trkpt>
    <trkpt lat="32.979202" lon="-116.567313"><ele>1423.096368960013</ele></trkpt>
    <trkpt lat="32.979172" lon="-116.567252"><ele>1422.9524582399952</ele></trkpt>
    <trkpt lat="32.979144" lon="-116.567202"><ele>1423.3147404800552</ele></trkpt>
    <trkpt lat="32.97912" lon="-116.567176"><ele>1423.6967551999594</ele></trkpt>
    <trkpt lat="32.979097" lon="-116.567144"><ele>1424.135425279984</ele></trkpt>
    <trkpt lat="32.979063" lon="-116.567128"><ele>1424.5513894400576</ele></trkpt>
    <trkpt lat="32.979019" lon="-116.567127"><ele>1424.9310324799987</ele></trkpt>
    <trkpt lat="32.978959" lon="-116.567148"><ele>1425.2293587199429</ele></trkpt>
    <trkpt lat="32.978933" lon="-116.567161"><ele>1425.3086004800311</ele></trkpt>
    <trkpt lat="32.978907" lon="-116.567192"><ele>1425.1889062399437</ele></trkpt>
    <trkpt lat="32.978855" lon="-116.567298"><ele>1424.9091184000074</ele></trkpt>
    <trkpt lat="32.97882" lon="-116.567353"><ele>1424.933641600038</ele></trkpt>
    <trkpt lat="32.978788" lon="-116.567379"><ele>1425.1190099199591</ele></trkpt>
    <trkpt lat="32.978748" lon="-116.567436"><ele>1425.0992588799584</ele></trkpt>
    <trkpt lat="32.978708" lon="-116.567486"><ele>1425.0872204800057</ele></trkpt>
    <trkpt lat="32.978663" lon="-116.567543"><ele>1424.8493166400194</ele></trkpt>
    <trkpt lat="32.97864" lon="-116.567561"><ele>1424.832438400046</ele></trkpt>
    <trkpt lat="32.978626" lon="-116.567571"><ele>1424.8305001600024</ele></trkpt>
    <trkpt lat="32.978577" lon="-116.56759"><ele>1424.6209872000647</ele></trkpt>
    <trkpt lat="32.978523" lon="-116.567607"><ele>1424.264185440068</ele></trkpt>
    <trkpt lat="32.978487" lon="-116.567614"><ele>1424.0949667199252</ele></trkpt>
    <trkpt lat="32.978449" lon="-116.567605"><ele>1424.1250007999906</ele></trkpt>
    <trkpt lat="32.978359" lon="-116.567577"><ele>1424.2351867199939</ele></trkpt>
    <trkpt lat="32.978319" lon="-116.567564"><ele>1424.2055999999457</ele></trkpt>
    <trkpt lat="32.978243" lon="-116.567547"><ele>1423.8419999999426</ele></trkpt>
    <trkpt lat="32.978169" lon="-116.567534"><ele>1423.449600000064</ele></trkpt>
    <trkpt lat="32.978119" lon="-116.567507"><ele>1423.3811999999293</ele></trkpt>
    <trkpt lat="32.978093" lon="-116.567477"><ele>1423.3747228800246</ele></trkpt>
    <trkpt lat="32.978053" lon="-116.567442"><ele>1423.1628000000487</ele></trkpt>
    <trkpt lat="32.978036" lon="-116.567409"><ele>1422.975600000062</ele></trkpt>
    <trkpt lat="32.977997" lon="-116.567353"><ele>1422.4752000000476</ele></trkpt>
    <trkpt lat="32.977961" lon="-116.567263"><ele>1422.1512000000198</ele></trkpt>
    <trkpt lat="32.977939" lon="-116.567231"><ele>1421.8703999999614</ele></trkpt>
    <trkpt lat="32.97791" lon="-116.567195"><ele>1421.4313520000287</ele></trkpt>
    <trkpt lat="32.977864" lon="-116.567109"><ele>1420.833080959942</ele></trkpt>
    <trkpt lat="32.977776" lon="-116.56694"><ele>1419.9874047999906</ele></trkpt>
    <trkpt lat="32.9777" lon="-116.5668"><ele>1419.7311999999943</ele></trkpt>
    <trkpt lat="32.977661" lon="-116.566747"><ele>1419.7568406399755</ele></trkpt>
    <trkpt lat="32.977629" lon="-116.566719"><ele>1419.7981859199765</ele></trkpt>
    <trkpt lat="32.977591" lon="-116.566706"><ele>1419.8095763200142</ele></trkpt>
    <trkpt lat="32.977496" lon="-116.566686"><ele>1419.8340044799843</ele></trkpt>
    <trkpt lat="32.977468" lon="-116.566675"><ele>1419.716511999989</ele></trkpt>
    <trkpt lat="32.977418" lon="-116.566663"><ele>1419.4096000000009</ele></trkpt>
    <trkpt lat="32.977333" lon="-116.566648"><ele>1418.7976000000108</ele></trkpt>
    <trkpt lat="32.977284" lon="-116.566642"><ele>1418.4447999999811</ele></trkpt>
    <trkpt lat="32.977263" lon="-116.566629"><ele>1418.2936000000045</ele></trkpt>
    <trkpt lat="32.97722" lon="-116.566594"><ele>1417.9760000000279</ele></trkpt>
    <trkpt lat="32.977169" lon="-116.566592"><ele>1417.4252000000379</ele></trkpt>
    <trkpt lat="32.977093" lon="-116.566589"><ele>1416.604400000038</ele></trkpt>
    <trkpt lat="32.97666" lon="-116.566573"><ele>1416.2073503999236</ele></trkpt>
    <trkpt lat="32.97661" lon="-116.566402"><ele>1416.8834015999691</ele></trkpt>
    <trkpt lat="32.976569" lon="-116.565974"><ele>1418.6168502399864</ele></trkpt>
    <trkpt lat="32.976437" lon="-116.56555"><ele>1418.5395999999628</ele></trkpt>
    <trkpt lat="32.97641" lon="-116.565418"><ele>1418.7232000000354</ele></trkpt>
    <trkpt lat="32.976407" lon="-116.565289"><ele>1419.1551999999938</ele></trkpt>
    <trkpt lat="32.97642" lon="-116.565164"><ele>1419.6997247999889</ele></trkpt>
    <trkpt lat="32.976465" lon="-116.56498"><ele>1420.6397279999553</ele></trkpt>
    <trkpt lat="32.976465" lon="-116.56498"><ele>1420.6397279999553</ele></trkpt>
    <trkpt lat="32.976602" lon="-116.564422"><ele>1423.7240204799866</ele></trkpt>
    <trkpt lat="32.976648" lon="-116.564167"><ele>1423.0682387200022</ele></trkpt>
    <trkpt lat="32.976676" lon="-116.563853"><ele>1424.1532588800646</ele></trkpt>
    <trkpt lat="32.976671" lon="-116.563556"><ele>1426.1329049599321</ele></trkpt>
    <trkpt lat="32.976625" lon="-116.563234"><ele>1427.8612400000409</ele></trkpt>
    <trkpt lat="32.976651" lon="-116.56246"><ele>1432.027321600108</ele></trkpt>
    <trkpt lat="32.976632" lon="-116.562281"><ele>1430.731592319919</ele></trkpt>
    <trkpt lat="32.976591" lon="-116.562157"><ele>1430.448440480017</ele></trkpt>
    <trkpt lat="32.976384" lon="-116.561812"><ele>1432.6287999999472</ele></trkpt>
    <trkpt lat="32.976208" lon="-116.561573"><ele>1435.4680307199858</ele></trkpt>
    <trkpt lat="32.976084" lon="-116.561495"><ele>1436.8012831999517</ele></trkpt>
    <trkpt lat="32.975853" lon="-116.561483"><ele>1436.9924129599517</ele></trkpt>
    <trkpt lat="32.975685" lon="-116.561504"><ele>1436.3964895999834</ele></trkpt>
    <trkpt lat="32.975535" lon="-116.561488"><ele>1435.4747967999574</ele></trkpt>
    <trkpt lat="32.975462" lon="-116.561453"><ele>1435.182266560002</ele></trkpt>
    <trkpt lat="32.975316" lon="-116.561338"><ele>1434.1296000000934</ele></trkpt>
    <trkpt lat="32.975192" lon="-116.561288"><ele>1433.7715123200574</ele></trkpt>
    <trkpt lat="32.975114" lon="-116.561292"><ele>1434.0161049599506</ele></trkpt>
    <trkpt lat="32.974924" lon="-116.561367"><ele>1435.202238720007</ele></trkpt>
    <trkpt lat="32.974863" lon="-116.561374"><ele>1435.4917420800039</ele></trkpt>
    <trkpt lat="32.974796" lon="-116.561354"><ele>1435.852162560031</ele></trkpt>
    <trkpt lat="32.974722" lon="-116.561271"><ele>1436.851879039967</ele></trkpt>
    <trkpt lat="32.974683" lon="-116.561123"><ele>1438.6083132800618</ele></trkpt>
    <trkpt lat="32.974698" lon="-116.560506"><ele>1442.8604435200868</ele></trkpt>
    <trkpt lat="32.97466" lon="-116.560238"><ele>1444.3927231999903</ele></trkpt>
    <trkpt lat="32.974613" lon="-116.560125"><ele>1444.9861400000434</ele></trkpt>
    <trkpt lat="32.974455" lon="-116.559896"><ele>1446.6630271999654</ele></trkpt>
    <trkpt lat="32.973654" lon="-116.559065"><ele>1457.3001103999998</ele></trkpt>
    <trkpt lat="32.973556" lon="-116.558927"><ele>1457.0203590399008</ele></trkpt>
    <trkpt lat="32.97341" lon="-116.558635"><ele>1457.5782639999275</ele></trkpt>
    <trkpt lat="32.973305" lon="-116.558473"><ele>1458.6700279999773</ele></trkpt>
    <trkpt lat="32.973269" lon="-116.5584"><ele>1458.6843200000308</ele></trkpt>
    <trkpt lat="32.973262" lon="-116.558312"><ele>1458.0074777600244</ele></trkpt>
    <trkpt lat="32.973296" lon="-116.558232"><ele>1457.4885708800314</ele></trkpt>
    <trkpt lat="32.973377" lon="-116.558132"><ele>1457.0274156799987</ele></trkpt>
    <trkpt lat="32.973427" lon="-116.558035"><ele>1457.2623416000167</ele></trkpt>
    <trkpt lat="32.973439" lon="-116.557963"><ele>1457.0001521600036</ele></trkpt>
    <trkpt lat="32.973414" lon="-116.557821"><ele>1456.5547587200228</ele></trkpt>
    <trkpt lat="32.973361" lon="-116.557738"><ele>1456.3712000000264</ele></trkpt>
    <trkpt lat="32.973224" lon="-116.557622"><ele>1457.1605926399345</ele></trkpt>
    <trkpt lat="32.972894" lon="-116.557407"><ele>1461.7088803200284</ele></trkpt>
    <trkpt lat="32.972717" lon="-116.557314"><ele>1462.4661830400762</ele></trkpt>
    <trkpt lat="32.972633" lon="-116.55728"><ele>1462.048819200102</ele></trkpt>
    <trkpt lat="32.972485" lon="-116.557252"><ele>1461.6432000001168</ele></trkpt>
    <trkpt lat="32.972213" lon="-116.557293"><ele>1462.5125187200363</ele></trkpt>
    <trkpt lat="32.971983" lon="-116.557368"><ele>1464.1915155199094</ele></trkpt>
    <trkpt lat="32.971769" lon="-116.55747"><ele>1465.3094127998872</ele></trkpt>
    <trkpt lat="32.971542" lon="-116.557669"><ele>1466.9848000000584</ele></trkpt>
    <trkpt lat="32.971416" lon="-116.557705"><ele>1467.0495999999716</ele></trkpt>
    <trkpt lat="32.971301" lon="-116.557693"><ele>1466.9723305600123</ele></trkpt>
    <trkpt lat="32.971188" lon="-116.557639"><ele>1466.7242214399587</ele></trkpt>
    <trkpt lat="32.971122" lon="-116.557572"><ele>1466.4603212799436</ele></trkpt>
    <trkpt lat="32.970938" lon="-116.557273"><ele>1466.4365580800234</ele></trkpt>
    <trkpt lat="32.970821" lon="-116.557148"><ele>1466.7202636799602</ele></trkpt>
    <trkpt lat="32.970714" lon="-116.557075"><ele>1466.0072879999545</ele></trkpt>
    <trkpt lat="32.970621" lon="-116.557044"><ele>1466.0468390400652</ele></trkpt>
    <trkpt lat="32.97032" lon="-116.557056"><ele>1467.9618432000268</ele></trkpt>
    <trkpt lat="32.970254" lon="-116.557028"><ele>1468.184948480062</ele></trkpt>
    <trkpt lat="32.97019" lon="-116.556958"><ele>1468.109820799909</ele></trkpt>
    <trkpt lat="32.970063" lon="-116.556715"><ele>1465.1895999999101</ele></trkpt>
    <trkpt lat="32.969998" lon="-116.556642"><ele>1464.7401606399728</ele></trkpt>
    <trkpt lat="32.969903" lon="-116.556586"><ele>1464.376592319944</ele></trkpt>
    <trkpt lat="32.969684" lon="-116.556552"><ele>1464.1872025599553</ele></trkpt>
    <trkpt lat="32.96948" lon="-116.55649"><ele>1462.8211839999651</ele></trkpt>
    <trkpt lat="32.969363" lon="-116.556421"><ele>1462.7498121599936</ele></trkpt>
    <trkpt lat="32.96931" lon="-116.556366"><ele>1463.0504000000096</ele></trkpt>
    <trkpt lat="32.969228" lon="-116.556282"><ele>1463.9432000000072</ele></trkpt>
    <trkpt lat="32.969193" lon="-116.556283"><ele>1464.191600000045</ele></trkpt>
    <trkpt lat="32.969193" lon="-116.556283"><ele>1464.191600000045</ele></trkpt>
    <trkpt lat="32.968995" lon="-116.556289"><ele>1464.9775999999772</ele></trkpt>
    <trkpt lat="32.968346" lon="-116.556383"><ele>1464.0668000000003</ele></trkpt>
    <trkpt lat="32.967965" lon="-116.556466"><ele>1461.0283023999948</ele></trkpt>
    <trkpt lat="32.967866" lon="-116.556492"><ele>1460.3218931199485</ele></trkpt>
    <trkpt lat="32.967373" lon="-116.556848"><ele>1453.266920319996</ele></trkpt>
    <trkpt lat="32.967199" lon="-116.55687"><ele>1452.0559903999965</ele></trkpt>
    <trkpt lat="32.966799" lon="-116.556919"><ele>1448.433523520019</ele></trkpt>
    <trkpt lat="32.966054" lon="-116.556996"><ele>1442.570640640007</ele></trkpt>
    <trkpt lat="32.965828" lon="-116.556821"><ele>1441.9551948800158</ele></trkpt>
    <trkpt lat="32.965654" lon="-116.556728"><ele>1441.7903091199064</ele></trkpt>
    <trkpt lat="32.965511" lon="-116.556717"><ele>1441.9127999998677</ele></trkpt>
    <trkpt lat="32.965355" lon="-116.556848"><ele>1439.0831999999518</ele></trkpt>
    <trkpt lat="32.965203" lon="-116.55698"><ele>1436.6636576000612</ele></trkpt>
    <trkpt lat="32.9649" lon="-116.557073"><ele>1435.6221919999598</ele></trkpt>
    <trkpt lat="32.964706" lon="-116.557188"><ele>1432.426410240058</ele></trkpt>
    <trkpt lat="32.96438" lon="-116.557325"><ele>1428.165999999968</ele></trkpt>
    <trkpt lat="32.963722" lon="-116.557347"><ele>1420.6911619200719</ele></trkpt>
    <trkpt lat="32.963446" lon="-116.557298"><ele>1421.3925523199641</ele></trkpt>
    <trkpt lat="32.96323" lon="-116.557144"><ele>1425.4192448000733</ele></trkpt>
    <trkpt lat="32.963083" lon="-116.557024"><ele>1428.6285036800448</ele></trkpt>
    <trkpt lat="32.962899" lon="-116.556996"><ele>1428.0257958400332</ele></trkpt>
    <trkpt lat="32.962766" lon="-116.557045"><ele>1426.1899999999598</ele></trkpt>
    <trkpt lat="32.962623" lon="-116.557095"><ele>1425.28999999993</ele></trkpt>
    <trkpt lat="32.962435" lon="-116.557007"><ele>1426.7686064000245</ele></trkpt>
    <trkpt lat="32.962306" lon="-116.556958"><ele>1427.6878361601257</ele></trkpt>
    <trkpt lat="32.961644" lon="-116.557018"><ele>1421.2064153600018</ele></trkpt>
    <trkpt lat="32.96146" lon="-116.557062"><ele>1423.1177215999862</ele></trkpt>
    <trkpt lat="32.961428" lon="-116.557248"><ele>1424.596267520038</ele></trkpt>
    <trkpt lat="32.961349" lon="-116.557429"><ele>1426.705808320003</ele></trkpt>
    <trkpt lat="32.961119" lon="-116.557648"><ele>1427.3934054400313</ele></trkpt>
    <trkpt lat="32.961023" lon="-116.55784"><ele>1425.7759584000146</ele></trkpt>
    <trkpt lat="32.960899" lon="-116.558005"><ele>1424.0202744000678</ele></trkpt>
    <trkpt lat="32.960742" lon="-116.558366"><ele>1416.925333759859</ele></trkpt>
    <trkpt lat="32.9606" lon="-116.558487"><ele>1414.2169760000095</ele></trkpt>
    <trkpt lat="32.960457" lon="-116.558624"><ele>1411.091325440069</ele></trkpt>
    <trkpt lat="32.960305" lon="-116.558619"><ele>1410.105233600067</ele></trkpt>
    <trkpt lat="32.960108" lon="-116.558481"><ele>1413.3167417600055</ele></trkpt>
    <trkpt lat="32.960025" lon="-116.558471"><ele>1413.8749880000132</ele></trkpt>
    <trkpt lat="32.959836" lon="-116.558503"><ele>1412.5976000000073</ele></trkpt>
    <trkpt lat="32.959717" lon="-116.558657"><ele>1410.5075057600375</ele></trkpt>
    <trkpt lat="32.95957" lon="-116.558673"><ele>1410.4536944000106</ele></trkpt>
    <trkpt lat="32.959441" lon="-116.558569"><ele>1411.3366403199773</ele></trkpt>
    <trkpt lat="32.959261" lon="-116.558471"><ele>1413.3237884800217</ele></trkpt>
    <trkpt lat="32.959105" lon="-116.558438"><ele>1414.2219999999966</ele></trkpt>
    <trkpt lat="32.958861" lon="-116.558597"><ele>1415.005100319998</ele></trkpt>
    <trkpt lat="32.958685" lon="-116.558791"><ele>1415.0</ele></trkpt>
    <trkpt lat="32.958558" lon="-116.558976"><ele>1413.919120639962</ele></trkpt>
    <trkpt lat="32.958435" lon="-116.559057"><ele>1412.654993600021</ele></trkpt>
    <trkpt lat="32.957961" lon="-116.5596"><ele>1406.0204479999652</ele></trkpt>
    <trkpt lat="32.957793" lon="-116.55973"><ele>1405.026465600006</ele></trkpt>
    <trkpt lat="32.957096" lon="-116.559725"><ele>1399.6468000000007</ele></trkpt>
    <trkpt lat="32.956796" lon="-116.559307"><ele>1398.3863999999398</ele></trkpt>
    <trkpt lat="32.956627" lon="-116.559258"><ele>1397.103752639986</ele></trkpt>
    <trkpt lat="32.956427" lon="-116.559247"><ele>1395.9455217599905</ele></trkpt>
    <trkpt lat="32.956195" lon="-116.559133"><ele>1396.194404799985</ele></trkpt>
    <trkpt lat="32.956049" lon="-116.559079"><ele>1396.1744636800063</ele></trkpt>
    <trkpt lat="32.955953" lon="-116.559111"><ele>1395.972264640002</ele></trkpt>
    <trkpt lat="32.955767" lon="-116.55903"><ele>1394.6702896000397</ele></trkpt>
    <trkpt lat="32.955563" lon="-116.558908"><ele>1392.0822438399769</ele></trkpt>
    <trkpt lat="32.955563" lon="-116.558908"><ele>1392.0822438399769</ele></trkpt>
    <trkpt lat="32.955528" lon="-116.558887"><ele>1391.4054745600245</ele></trkpt>
    <trkpt lat="32.955589" lon="-116.559057"><ele>1392.4340660800417</ele></trkpt>
    <trkpt lat="32.955495" lon="-116.559067"><ele>1390.9715631999818</ele></trkpt>
    <trkpt lat="32.955303" lon="-116.559005"><ele>1387.304891200008</ele></trkpt>
    <trkpt lat="32.954943" lon="-116.559074"><ele>1384.9991999999504</ele></trkpt>
    <trkpt lat="32.954884" lon="-116.559031"><ele>1384.5348000000486</ele></trkpt>
    <trkpt lat="32.954657" lon="-116.558864"><ele>1381.8130380799619</ele></trkpt>
    <trkpt lat="32.954538" lon="-116.558833"><ele>1379.8770358400523</ele></trkpt>
    <trkpt lat="32.954454" lon="-116.55886"><ele>1378.9260223999454</ele></trkpt>
    <trkpt lat="32.953726" lon="-116.559266"><ele>1375.7999999999133</ele></trkpt>
    <trkpt lat="32.953605" lon="-116.5594"><ele>1376.8560800000225</ele></trkpt>
    <trkpt lat="32.953423" lon="-116.559713"><ele>1374.8056000000468</ele></trkpt>
    <trkpt lat="32.953391" lon="-116.5598"><ele>1374.475888000064</ele></trkpt>
    <trkpt lat="32.953383" lon="-116.559902"><ele>1375.0879225600033</ele></trkpt>
    <trkpt lat="32.953407" lon="-116.560002"><ele>1376.3096905599969</ele></trkpt>
    <trkpt lat="32.953467" lon="-116.560118"><ele>1376.35198624003</ele></trkpt>
    <trkpt lat="32.953531" lon="-116.56019"><ele>1376.7032655999149</ele></trkpt>
    <trkpt lat="32.953671" lon="-116.560276"><ele>1377.4531596799773</ele></trkpt>
    <trkpt lat="32.95394" lon="-116.560329"><ele>1379.065859200124</ele></trkpt>
    <trkpt lat="32.954462" lon="-116.560624"><ele>1385.8467724799227</ele></trkpt>
    <trkpt lat="32.954583" lon="-116.560712"><ele>1384.9637241600751</ele></trkpt>
    <trkpt lat="32.954744" lon="-116.560986"><ele>1381.2950886400004</ele></trkpt>
    <trkpt lat="32.954971" lon="-116.561202"><ele>1380.5158403199641</ele></trkpt>
    <trkpt lat="32.955031" lon="-116.561269"><ele>1381.5831999999432</ele></trkpt>
    <trkpt lat="32.955117" lon="-116.561361"><ele>1383.4840000000559</ele></trkpt>
    <trkpt lat="32.954984" lon="-116.561346"><ele>1381.5848934400233</ele></trkpt>
    <trkpt lat="32.954638" lon="-116.56128"><ele>1379.6079999999872</ele></trkpt>
    <trkpt lat="32.95445" lon="-116.561278"><ele>1379.6008000000054</ele></trkpt>
    <trkpt lat="32.954254" lon="-116.561305"><ele>1379.9694976000392</ele></trkpt>
    <trkpt lat="32.954148" lon="-116.561314"><ele>1380.2221657599475</ele></trkpt>
    <trkpt lat="32.9541" lon="-116.561282"><ele>1379.9008960000729</ele></trkpt>
    <trkpt lat="32.954022" lon="-116.561149"><ele>1378.03047424001</ele></trkpt>
    <trkpt lat="32.953931" lon="-116.561086"><ele>1376.894104640021</ele></trkpt>
    <trkpt lat="32.953736" lon="-116.561017"><ele>1375.983600000073</ele></trkpt>
    <trkpt lat="32.953614" lon="-116.561"><ele>1375.8000000000761</ele></trkpt>
    <trkpt lat="32.953425" lon="-116.561001"><ele>1375.8228600001032</ele></trkpt>
    <trkpt lat="32.95319" lon="-116.56096"><ele>1375.9152959998326</ele></trkpt>
    <trkpt lat="32.953049" lon="-116.560905"><ele>1375.4278224001712</ele></trkpt>
    <trkpt lat="32.952891" lon="-116.560808"><ele>1375.289892479835</ele></trkpt>
    <trkpt lat="32.952766" lon="-116.560753"><ele>1375.451862080188</ele></trkpt>
    <trkpt lat="32.952696" lon="-116.560745"><ele>1375.5260191998964</ele></trkpt>
    <trkpt lat="32.952584" lon="-116.560762"><ele>1376.565543679899</ele></trkpt>
    <trkpt lat="32.952339" lon="-116.560834"><ele>1378.4358089600034</ele></trkpt>
    <trkpt lat="32.952009" lon="-116.561031"><ele>1381.2806241599812</ele></trkpt>
    <trkpt lat="32.951899" lon="-116.561137"><ele>1383.2871524800282</ele></trkpt>
    <trkpt lat="32.951786" lon="-116.56137"><ele>1386.557987199935</ele></trkpt>
    <trkpt lat="32.951736" lon="-116.561366"><ele>1386.14903296008</ele></trkpt>
    <trkpt lat="32.951671" lon="-116.561226"><ele>1383.676452160058</ele></trkpt>
    <trkpt lat="32.951595" lon="-116.561139"><ele>1381.9115031999397</ele></trkpt>
    <trkpt lat="32.951522" lon="-116.561122"><ele>1381.1356153599386</ele></trkpt>
    <trkpt lat="32.951456" lon="-116.56114"><ele>1380.9780735999104</ele></trkpt>
    <trkpt lat="32.951187" lon="-116.561284"><ele>1383.8388000000195</ele></trkpt>
    <trkpt lat="32.950867" lon="-116.561419"><ele>1383.90560000004</ele></trkpt>
    <trkpt lat="32.950758" lon="-116.56149"><ele>1383.9076832001122</ele></trkpt>
    <trkpt lat="32.950699" lon="-116.561554"><ele>1384.2337481600177</ele></trkpt>
    <trkpt lat="32.950571" lon="-116.56177"><ele>1387.1363503998414</ele></trkpt>
    <trkpt lat="32.95055" lon="-116.561881"><ele>1390.1265039999873</ele></trkpt>
    <trkpt lat="32.950562" lon="-116.561963"><ele>1392.4224502401169</ele></trkpt>
    <trkpt lat="32.950616" lon="-116.562113"><ele>1395.726360319923</ele></trkpt>
    <trkpt lat="32.950643" lon="-116.56219"><ele>1397.3405168000218</ele></trkpt>
    <trkpt lat="32.950602" lon="-116.562256"><ele>1398.3851315200582</ele></trkpt>
    <trkpt lat="32.950521" lon="-116.562277"><ele>1398.3427999999558</ele></trkpt>
    <trkpt lat="32.950392" lon="-116.562273"><ele>1397.370800000056</ele></trkpt>
    <trkpt lat="32.950246" lon="-116.562199"><ele>1394.7475276801629</ele></trkpt>
    <trkpt lat="32.95016" lon="-116.562217"><ele>1393.3403424000173</ele></trkpt>
    <trkpt lat="32.950024" lon="-116.56241"><ele>1395.016774399985</ele></trkpt>
    <trkpt lat="32.949715" lon="-116.562764"><ele>1399.8040000000417</ele></trkpt>
    <trkpt lat="32.949668" lon="-116.562807"><ele>1401.1062649601413</ele></trkpt>
    <trkpt lat="32.949625" lon="-116.562786"><ele>1400.8968400000817</ele></trkpt>
    <trkpt lat="32.949527" lon="-116.562562"><ele>1397.5215999999725</ele></trkpt>
    <trkpt lat="32.949416" lon="-116.562458"><ele>1396.7893171201065</ele></trkpt>
    <trkpt lat="32.949285" lon="-116.56239"><ele>1397.4846959998506</ele></trkpt>
    <trkpt lat="32.949206" lon="-116.562375"><ele>1398.2473200000939</ele></trkpt>
    <trkpt lat="32.949114" lon="-116.562402"><ele>1399.302890880099</ele></trkpt>
    <trkpt lat="32.948934" lon="-116.562558"><ele>1402.0100908799236</ele></trkpt>
    <trkpt lat="32.948825" lon="-116.562737"><ele>1405.1035279999737</ele></trkpt>
    <trkpt lat="32.948739" lon="-116.562842"><ele>1406.9540444800934</ele></trkpt>
    <trkpt lat="32.948623" lon="-116.56292"><ele>1408.1367136001056</ele></trkpt>
    <trkpt lat="32.948522" lon="-116.562957"><ele>1408.4572396799333</ele></trkpt>
    <trkpt lat="32.948207" lon="-116.563012"><ele>1408.3728000000074</ele></trkpt>
    <trkpt lat="32.948103" lon="-116.563064"><ele>1409.1423692799528</ele></trkpt>
    <trkpt lat="32.94771" lon="-116.563389"><ele>1408.6895024000328</ele></trkpt>
    <trkpt lat="32.947406" lon="-116.563564"><ele>1404.559585280016</ele></trkpt>
    <trkpt lat="32.94731" lon="-116.563636"><ele>1403.1552000001116</ele></trkpt>
    <trkpt lat="32.947289" lon="-116.56384"><ele>1407.6911999999143</ele></trkpt>
    <trkpt lat="32.947236" lon="-116.563884"><ele>1407.2735999999445</ele></trkpt>
    <trkpt lat="32.947061" lon="-116.564001"><ele>1403.7369505599936</ele></trkpt>
    <trkpt lat="32.946934" lon="-116.564163"><ele>1401.7357926399068</ele></trkpt>
    <trkpt lat="32.946897" lon="-116.564268"><ele>1400.120984320011</ele></trkpt>
    <trkpt lat="32.946891" lon="-116.564341"><ele>1399.3488995200303</ele></trkpt>
    <trkpt lat="32.946903" lon="-116.564468"><ele>1398.4798521598984</ele></trkpt>
    <trkpt lat="32.946947" lon="-116.564592"><ele>1397.9574259199812</ele></trkpt>
    <trkpt lat="32.94714" lon="-116.564853"><ele>1400.0275135999414</ele></trkpt>
    <trkpt lat="32.947372" lon="-116.565111"><ele>1400.5583999999963</ele></trkpt>
    <trkpt lat="32.947485" lon="-116.565288"><ele>1399.6000000000888</ele></trkpt>
    <trkpt lat="32.947697" lon="-116.565476"><ele>1400.6871999998882</ele></trkpt>
    <trkpt lat="32.947842" lon="-116.565635"><ele>1400.8362768000272</ele></trkpt>
    <trkpt lat="32.947994" lon="-116.565841"><ele>1399.5109161599025</ele></trkpt>
    <trkpt lat="32.948249" lon="-116.566107"><ele>1399.9532932798807</ele></trkpt>
    <trkpt lat="32.948305" lon="-116.566168"><ele>1400.4667999998765</ele></trkpt>
    <trkpt lat="32.948314" lon="-116.566278"><ele>1399.1096000001312</ele></trkpt>
    <trkpt lat="32.948332" lon="-116.566531"><ele>1397.457255680022</ele></trkpt>
    <trkpt lat="32.948364" lon="-116.566639"><ele>1397.8833958399684</ele></trkpt>
    <trkpt lat="32.948455" lon="-116.566749"><ele>1399.9729304000573</ele></trkpt>
    <trkpt lat="32.948676" lon="-116.566897"><ele>1402.6150988800173</ele></trkpt>
    <trkpt lat="32.948703" lon="-116.566944"><ele>1402.3345292799515</ele></trkpt>
    <trkpt lat="32.948678" lon="-116.567005"><ele>1402.894799999946</ele></trkpt>
    <trkpt lat="32.948601" lon="-116.567012"><ele>1402.6017049600152</ele></trkpt>
    <trkpt lat="32.948529" lon="-116.567016"><ele>1401.7426931199475</ele></trkpt>
    <trkpt lat="32.948414" lon="-116.567003"><ele>1400.0931673599914</ele></trkpt>
    <trkpt lat="32.948294" lon="-116.566967"><ele>1397.720995840051</ele></trkpt>
    <trkpt lat="32.948077" lon="-116.566971"><ele>1394.040439359846</ele></trkpt>
    <trkpt lat="32.947966" lon="-116.566939"><ele>1392.9418428800532</ele></trkpt>
    <trkpt lat="32.947806" lon="-116.566855"><ele>1391.4881456000655</ele></trkpt>
    <trkpt lat="32.947325" lon="-116.566735"><ele>1385.1249799998786</ele></trkpt>
    <trkpt lat="32.946723" lon="-116.566733"><ele>1377.1020572799634</ele></trkpt>
    <trkpt lat="32.946584" lon="-116.566754"><ele>1375.4920691200675</ele></trkpt>
    <trkpt lat="32.946457" lon="-116.566824"><ele>1374.7125625599958</ele></trkpt>
    <trkpt lat="32.946198" lon="-116.567033"><ele>1372.6697206400163</ele></trkpt>
    <trkpt lat="32.946152" lon="-116.567099"><ele>1372.2271020799596</ele></trkpt>
    <trkpt lat="32.94613" lon="-116.567268"><ele>1372.669599999927</ele></trkpt>
    <trkpt lat="32.946088" lon="-116.567297"><ele>1372.288800000008</ele></trkpt>
    <trkpt lat="32.945767" lon="-116.567379"><ele>1369.2776212799704</ele></trkpt>
    <trkpt lat="32.945594" lon="-116.567461"><ele>1367.3937686399747</ele></trkpt>
    <trkpt lat="32.945509" lon="-116.567519"><ele>1366.3181361600168</ele></trkpt>
    <trkpt lat="32.945426" lon="-116.567604"><ele>1364.9597798399582</ele></trkpt>
    <trkpt lat="32.94539" lon="-116.567711"><ele>1364.1632784000503</ele></trkpt>
    <trkpt lat="32.945413" lon="-116.567781"><ele>1364.3872937600875</ele></trkpt>
    <trkpt lat="32.945534" lon="-116.567964"><ele>1364.4967539200093</ele></trkpt>
    <trkpt lat="32.945737" lon="-116.568373"><ele>1361.2052000001333</ele></trkpt>
    <trkpt lat="32.945824" lon="-116.568496"><ele>1360.8704000001096</ele></trkpt>
    <trkpt lat="32.945898" lon="-116.568697"><ele>1358.0635635199933</ele></trkpt>
    <trkpt lat="32.945958" lon="-116.568761"><ele>1357.6839449600452</ele></trkpt>
    <trkpt lat="32.946026" lon="-116.568777"><ele>1358.2296358400758</ele></trkpt>
    <trkpt lat="32.946095" lon="-116.568767"><ele>1359.1353008000642</ele></trkpt>
    <trkpt lat="32.946274" lon="-116.568676"><ele>1362.9572339200959</ele></trkpt>
    <trkpt lat="32.946334" lon="-116.568672"><ele>1364.0026278398964</ele></trkpt>
    <trkpt lat="32.946399" lon="-116.568711"><ele>1364.4073105601108</ele></trkpt>
    <trkpt lat="32.946438" lon="-116.568789"><ele>1363.745577280098</ele></trkpt>
    <trkpt lat="32.946489" lon="-116.569117"><ele>1357.053599999851</ele></trkpt>
    <trkpt lat="32.946532" lon="-116.56923"><ele>1355.6501375998992</ele></trkpt>
    <trkpt lat="32.94659" lon="-116.569309"><ele>1355.1112895999343</ele></trkpt>
    <trkpt lat="32.94678" lon="-116.569483"><ele>1354.8050783998494</ele></trkpt>
    <trkpt lat="32.946855" lon="-116.569537"><ele>1355.1647616000537</ele></trkpt>
    <trkpt lat="32.947015" lon="-116.569589"><ele>1355.7330184001726</ele></trkpt>
    <trkpt lat="32.94719" lon="-116.569621"><ele>1355.7569296000543</ele></trkpt>
    <trkpt lat="32.947043" lon="-116.569682"><ele>1353.4197750399967</ele></trkpt>
    <trkpt lat="32.946905" lon="-116.569784"><ele>1350.4447616000366</ele></trkpt>
    <trkpt lat="32.946832" lon="-116.569821"><ele>1349.3446937599172</ele></trkpt>
    <trkpt lat="32.946694" lon="-116.569834"><ele>1348.508007680001</ele></trkpt>
    <trkpt lat="32.946573" lon="-116.569808"><ele>1348.531727360071</ele></trkpt>
    <trkpt lat="32.946452" lon="-116.56975"><ele>1348.9044800000129</ele></trkpt>
    <trkpt lat="32.946369" lon="-116.569674"><ele>1349.5426809599423</ele></trkpt>
    <trkpt lat="32.946328" lon="-116.569594"><ele>1350.1992691200412</ele></trkpt>
    <trkpt lat="32.946281" lon="-116.569345"><ele>1351.8288944000078</ele></trkpt>
    <trkpt lat="32.946246" lon="-116.569228"><ele>1352.8168409600612</ele></trkpt>
    <trkpt lat="32.946172" lon="-116.569229"><ele>1352.419976959894</ele></trkpt>
    <trkpt lat="32.946009" lon="-116.569325"><ele>1349.24959999986</ele></trkpt>
    <trkpt lat="32.945897" lon="-116.569353"><ele>1347.233599999936</ele></trkpt>
    <trkpt lat="32.94573" lon="-116.569339"><ele>1344.1451887999513</ele></trkpt>
    <trkpt lat="32.945629" lon="-116.569301"><ele>1342.272136159972</ele></trkpt>
    <trkpt lat="32.945528" lon="-116.569218"><ele>1340.9862643199851</ele></trkpt>
    <trkpt lat="32.945227" lon="-116.568774"><ele>1340.7127939199877</ele></trkpt>
    <trkpt lat="32.945044" lon="-116.5687"><ele>1336.936511999976</ele></trkpt>
    <trkpt lat="32.944931" lon="-116.568615"><ele>1335.7054776000232</ele></trkpt>
    <trkpt lat="32.944848" lon="-116.568494"><ele>1336.7935999999818</ele></trkpt>
    <trkpt lat="32.944776" lon="-116.568317"><ele>1339.3321836801015</ele></trkpt>
    <trkpt lat="32.944671" lon="-116.56823"><ele>1339.009796799995</ele></trkpt>
    <trkpt lat="32.944567" lon="-116.568147"><ele>1338.4880430400742</ele></trkpt>
    <trkpt lat="32.944137" lon="-116.56792"><ele>1334.5554815999546</ele></trkpt>
    <trkpt lat="32.944059" lon="-116.567868"><ele>1334.6266924799522</ele></trkpt>
    <trkpt lat="32.94387" lon="-116.567691"><ele>1334.8628431999896</ele></trkpt>
    <trkpt lat="32.943723" lon="-116.567493"><ele>1335.069298879983</ele></trkpt>
    <trkpt lat="32.943407" lon="-116.567167"><ele>1332.3666347200108</ele></trkpt>
    <trkpt lat="32.943364" lon="-116.567099"><ele>1331.8486796800362</ele></trkpt>
    <trkpt lat="32.94335" lon="-116.566981"><ele>1332.0120880000252</ele></trkpt>
    <trkpt lat="32.943391" lon="-116.566892"><ele>1332.3368102399836</ele></trkpt>
    <trkpt lat="32.943512" lon="-116.566786"><ele>1332.5526374399642</ele></trkpt>
    <trkpt lat="32.943666" lon="-116.566721"><ele>1332.9840000000122</ele></trkpt>
    <trkpt lat="32.943727" lon="-116.566661"><ele>1333.321310880074</ele></trkpt>
    <trkpt lat="32.943676" lon="-116.566606"><ele>1333.407018240122</ele></trkpt>
    <trkpt lat="32.943583" lon="-116.566593"><ele>1332.7956000000274</ele></trkpt>
    <trkpt lat="32.943381" lon="-116.566621"><ele>1332.4932000000235</ele></trkpt>
    <trkpt lat="32.943075" lon="-116.566599"><ele>1332.504252000026</ele></trkpt>
    <trkpt lat="32.942596" lon="-116.566486"><ele>1331.2167782400375</ele></trkpt>
    <trkpt lat="32.942596" lon="-116.566486"><ele>1331.2167782400375</ele></trkpt>
    <trkpt lat="32.942585" lon="-116.566522"><ele>1330.812964799959</ele></trkpt>
    <trkpt lat="32.942578" lon="-116.566557"><ele>1330.4620598399529</ele></trkpt>
    <trkpt lat="32.942558" lon="-116.56659"><ele>1330.0272287999453</ele></trkpt>
    <trkpt lat="32.942554" lon="-116.56665"><ele>1329.5204640000434</ele></trkpt>
    <trkpt lat="32.942555" lon="-116.566653"><ele>1329.5041415999722</ele></trkpt>
    <trkpt lat="32.942652" lon="-116.566748"><ele>1329.3762201599852</ele></trkpt>
    <trkpt lat="32.942688" lon="-116.566819"><ele>1329.0795571200108</ele></trkpt>
    <trkpt lat="32.942689" lon="-116.566877"><ele>1328.604398879971</ele></trkpt>
    <trkpt lat="32.942694" lon="-116.56694"><ele>1328.132025600013</ele></trkpt>
    <trkpt lat="32.942694" lon="-116.566944"><ele>1328.098882559979</ele></trkpt>
    <trkpt lat="32.942706" lon="-116.566976"><ele>1327.9720627200359</ele></trkpt>
    <trkpt lat="32.942769" lon="-116.566995"><ele>1328.3764535999264</ele></trkpt>
    <trkpt lat="32.942857" lon="-116.567041"><ele>1328.2423999999526</ele></trkpt>
    <trkpt lat="32.942915" lon="-116.567117"><ele>1327.6304000000396</ele></trkpt>
    <trkpt lat="32.942922" lon="-116.567145"><ele>1327.353200000049</ele></trkpt>
    <trkpt lat="32.942962" lon="-116.567249"><ele>1326.6317350399995</ele></trkpt>
    <trkpt lat="32.943029" lon="-116.567377"><ele>1326.4537366400182</ele></trkpt>
    <trkpt lat="32.94319" lon="-116.567548"><ele>1326.6334591999914</ele></trkpt>
    <trkpt lat="32.943374" lon="-116.567776"><ele>1324.6121369600558</ele></trkpt>
    <trkpt lat="32.943489" lon="-116.567874"><ele>1325.1605548799578</ele></trkpt>
    <trkpt lat="32.94352" lon="-116.567917"><ele>1325.0119872000641</ele></trkpt>
    <trkpt lat="32.943551" lon="-116.567991"><ele>1324.3962172799133</ele></trkpt>
    <trkpt lat="32.943589" lon="-116.568093"><ele>1323.5115105599705</ele></trkpt>
    <trkpt lat="32.943591" lon="-116.568096"><ele>1323.4921900800189</ele></trkpt>
    <trkpt lat="32.943646" lon="-116.568156"><ele>1323.4523660799948</ele></trkpt>
    <trkpt lat="32.943689" lon="-116.568215"><ele>1323.358100800052</ele></trkpt>
    <trkpt lat="32.943811" lon="-116.568311"><ele>1323.515711680053</ele></trkpt>
    <trkpt lat="32.943866" lon="-116.568353"><ele>1323.6578713599904</ele></trkpt>
    <trkpt lat="32.943917" lon="-116.568388"><ele>1323.768967680004</ele></trkpt>
    <trkpt lat="32.94396" lon="-116.568397"><ele>1323.936249599943</ele></trkpt>
    <trkpt lat="32.944122" lon="-116.568439"><ele>1324.279136640028</ele></trkpt>
    <trkpt lat="32.944123" lon="-116.568439"><ele>1324.2835977600168</ele></trkpt>
    <trkpt lat="32.944168" lon="-116.568474"><ele>1323.993538560041</ele></trkpt>
    <trkpt lat="32.944227" lon="-116.568501"><ele>1324.4093961600092</ele></trkpt>
    <trkpt lat="32.944274" lon="-116.568554"><ele>1324.1404876798981</ele></trkpt>
    <trkpt lat="32.94428" lon="-116.568564"><ele>1324.0407936000763</ele></trkpt>
    <trkpt lat="32.944342" lon="-116.5687"><ele>1324.3316160000236</ele></trkpt>
    <trkpt lat="32.9444" lon="-116.568814"><ele>1325.3672640000273</ele></trkpt>
    <trkpt lat="32.944456" lon="-116.568914"><ele>1326.482639360119</ele></trkpt>
    <trkpt lat="32.944507" lon="-116.568989"><ele>1328.0360379200408</ele></trkpt>
    <trkpt lat="32.944596" lon="-116.568994"><ele>1328.9439449600166</ele></trkpt>
    <trkpt lat="32.944597" lon="-116.568994"><ele>1328.9533827200594</ele></trkpt>
    <trkpt lat="32.944634" lon="-116.569004"><ele>1329.4220134400866</ele></trkpt>
    <trkpt lat="32.944683" lon="-116.569103"><ele>1330.997636959963</ele></trkpt>
    <trkpt lat="32.94475" lon="-116.569226"><ele>1333.125280000006</ele></trkpt>
    <trkpt lat="32.94475" lon="-116.569229"><ele>1333.1771200001208</ele></trkpt>
    <trkpt lat="32.944866" lon="-116.569284"><ele>1334.1923315199433</ele></trkpt>
    <trkpt lat="32.944874" lon="-116.569284"><ele>1334.1968012799448</ele></trkpt>
    <trkpt lat="32.944939" lon="-116.569315"><ele>1334.6169328000392</ele></trkpt>
    <trkpt lat="32.945045" lon="-116.5694"><ele>1335.623680000015</ele></trkpt>
    <trkpt lat="32.945099" lon="-116.569456"><ele>1336.109973760023</ele></trkpt>
    <trkpt lat="32.945126" lon="-116.569507"><ele>1336.5734492800125</ele></trkpt>
    <trkpt lat="32.945158" lon="-116.56955"><ele>1336.9238560000592</ele></trkpt>
    <trkpt lat="32.945198" lon="-116.569585"><ele>1337.1573232000333</ele></trkpt>
    <trkpt lat="32.945291" lon="-116.569604"><ele>1337.2369171199707</ele></trkpt>
    <trkpt lat="32.9453" lon="-116.569604"><ele>1337.2968960000092</ele></trkpt>
    <trkpt lat="32.945378" lon="-116.569609"><ele>1337.8397241599866</ele></trkpt>
    <trkpt lat="32.945493" lon="-116.569668"><ele>1338.6868819199838</ele></trkpt>
    <trkpt lat="32.945536" lon="-116.569695"><ele>1338.9158015999853</ele></trkpt>
    <trkpt lat="32.945576" lon="-116.569709"><ele>1339.3715033600483</ele></trkpt>
    <trkpt lat="32.945679" lon="-116.56979"><ele>1340.8695663999838</ele></trkpt>
    <trkpt lat="32.94575" lon="-116.56986"><ele>1341.6567999999138</ele></trkpt>
    <trkpt lat="32.945813" lon="-116.569896"><ele>1342.428593920017</ele></trkpt>
    <trkpt lat="32.945858" lon="-116.569938"><ele>1342.7032806400678</ele></trkpt>
    <trkpt lat="32.945907" lon="-116.570002"><ele>1342.5107094399648</ele></trkpt>
    <trkpt lat="32.945926" lon="-116.570095"><ele>1341.7552912000488</ele></trkpt>
    <trkpt lat="32.945937" lon="-116.570162"><ele>1341.2144502400422</ele></trkpt>
    <trkpt lat="32.945942" lon="-116.570167"><ele>1341.2139894400414</ele></trkpt>
    <trkpt lat="32.946003" lon="-116.570251"><ele>1341.0627188799824</ele></trkpt>
    <trkpt lat="32.946031" lon="-116.57029"><ele>1341.2422479999784</ele></trkpt>
    <trkpt lat="32.946059" lon="-116.570346"><ele>1341.9131727999932</ele></trkpt>
    <trkpt lat="32.946088" lon="-116.570372"><ele>1342.2307072000458</ele></trkpt>
    <trkpt lat="32.946123" lon="-116.570411"><ele>1342.5446731199759</ele></trkpt>
    <trkpt lat="32.946165" lon="-116.570436"><ele>1342.8470976000056</ele></trkpt>
    <trkpt lat="32.946221" lon="-116.570469"><ele>1343.2072689600125</ele></trkpt>
    <trkpt lat="32.946268" lon="-116.570486"><ele>1343.4558259200194</ele></trkpt>
    <trkpt lat="32.946381" lon="-116.570517"><ele>1343.9676580800092</ele></trkpt>
    <trkpt lat="32.946383" lon="-116.570517"><ele>1343.9758574399887</ele></trkpt>
    <trkpt lat="32.946479" lon="-116.570543"><ele>1344.3243999999877</ele></trkpt>
    <trkpt lat="32.946555" lon="-116.570559"><ele>1344.5905847999811</ele></trkpt>
    <trkpt lat="32.946619" lon="-116.570631"><ele>1344.603406559978</ele></trkpt>
    <trkpt lat="32.946643" lon="-116.57072"><ele>1344.3732384000211</ele></trkpt>
    <trkpt lat="32.946645" lon="-116.570728"><ele>1344.3496223999869</ele></trkpt>
    <trkpt lat="32.946668" lon="-116.570781"><ele>1344.1961913600262</ele></trkpt>
    <trkpt lat="32.946713" lon="-116.570851"><ele>1344.4501915200483</ele></trkpt>
    <trkpt lat="32.946823" lon="-116.570929"><ele>1345.6205716800462</ele></trkpt>
    <trkpt lat="32.94695" lon="-116.571003"><ele>1346.6863680000313</ele></trkpt>
    <trkpt lat="32.947047" lon="-116.571026"><ele>1348.027445759974</ele></trkpt>
    <trkpt lat="32.947069" lon="-116.571017"><ele>1348.3102358399865</ele></trkpt>
    <trkpt lat="32.947119" lon="-116.571003"><ele>1348.9851465600045</ele></trkpt>
    <trkpt lat="32.947186" lon="-116.571036"><ele>1349.8086796800083</ele></trkpt>
    <trkpt lat="32.947258" lon="-116.571034"><ele>1350.6997548799866</ele></trkpt>
    <trkpt lat="32.947333" lon="-116.571101"><ele>1351.2473163200116</ele></trkpt>
    <trkpt lat="32.947444" lon="-116.571115"><ele>1352.389667199962</ele></trkpt>
    <trkpt lat="32.94754" lon="-116.571172"><ele>1353.1812351999479</ele></trkpt>
    <trkpt lat="32.947604" lon="-116.571298"><ele>1353.1985036799929</ele></trkpt>
    <trkpt lat="32.947656" lon="-116.571379"><ele>1353.178792960053</ele></trkpt>
    <trkpt lat="32.947706" lon="-116.571463"><ele>1354.2925644799259</ele></trkpt>
    <trkpt lat="32.947753" lon="-116.571485"><ele>1354.6370527999597</ele></trkpt>
    <trkpt lat="32.947797" lon="-116.571501"><ele>1354.8897417599912</ele></trkpt>
    <trkpt lat="32.947858" lon="-116.571542"><ele>1355.361626879957</ele></trkpt>
    <trkpt lat="32.947921" lon="-116.571618"><ele>1355.8302662400042</ele></trkpt>
    <trkpt lat="32.947967" lon="-116.571726"><ele>1356.563391359985</ele></trkpt>
    <trkpt lat="32.947993" lon="-116.571793"><ele>1357.1144419200066</ele></trkpt>
    <trkpt lat="32.948049" lon="-116.571868"><ele>1357.4838105599758</ele></trkpt>
    <trkpt lat="32.948051" lon="-116.571868"><ele>1357.4733734399656</ele></trkpt>
    <trkpt lat="32.948137" lon="-116.571973"><ele>1359.3634590400252</ele></trkpt>
    <trkpt lat="32.948251" lon="-116.572069"><ele>1362.0373057599768</ele></trkpt>
    <trkpt lat="32.948278" lon="-116.572135"><ele>1363.2830512000614</ele></trkpt>
    <trkpt lat="32.948404" lon="-116.572228"><ele>1365.788925439942</ele></trkpt>
    <trkpt lat="32.948404" lon="-116.572231"><ele>1365.802282879972</ele></trkpt>
    <trkpt lat="32.94856" lon="-116.572347"><ele>1367.2467584000133</ele></trkpt>
    <trkpt lat="32.94856" lon="-116.572368"><ele>1367.2128896000065</ele></trkpt>
    <trkpt lat="32.948612" lon="-116.57242"><ele>1367.2912000000115</ele></trkpt>
    <trkpt lat="32.948616" lon="-116.572504"><ele>1367.0032000000226</ele></trkpt>
    <trkpt lat="32.948631" lon="-116.572658"><ele>1366.5027999999813</ele></trkpt>
    <trkpt lat="32.948638" lon="-116.572754"><ele>1366.1823999999974</ele></trkpt>
    <trkpt lat="32.948673" lon="-116.57285"><ele>1366.4828000000068</ele></trkpt>
    <trkpt lat="32.948673" lon="-116.572896"><ele>1366.648399999998</ele></trkpt>
    <trkpt lat="32.94867" lon="-116.572948"><ele>1366.8247999999876</ele></trkpt>
    <trkpt lat="32.948677" lon="-116.573018"><ele>1367.1020000000296</ele></trkpt>
    <trkpt lat="32.948682" lon="-116.573064"><ele>1367.3088742400064</ele></trkpt>
    <trkpt lat="32.948711" lon="-116.573117"><ele>1367.8194305599902</ele></trkpt>
    <trkpt lat="32.948736" lon="-116.573149"><ele>1368.2397363199827</ele></trkpt>
    <trkpt lat="32.948707" lon="-116.573215"><ele>1368.5136344000239</ele></trkpt>
    <trkpt lat="32.948702" lon="-116.573294"><ele>1369.0282054399947</ele></trkpt>
    <trkpt lat="32.948714" lon="-116.573378"><ele>1370.1248000001115</ele></trkpt>
    <trkpt lat="32.948714" lon="-116.573506"><ele>1371.9679999999598</ele></trkpt>
    <trkpt lat="32.94867" lon="-116.573581"><ele>1372.4144000000606</ele></trkpt>
    <trkpt lat="32.948668" lon="-116.57359"><ele>1372.5151999999089</ele></trkpt>
    <trkpt lat="32.948629" lon="-116.573657"><ele>1372.9183999999132</ele></trkpt>
    <trkpt lat="32.948631" lon="-116.573741"><ele>1374.1567999999597</ele></trkpt>
    <trkpt lat="32.948651" lon="-116.57381"><ele>1375.4383999998945</ele></trkpt>
    <trkpt lat="32.948697" lon="-116.573947"><ele>1377.7350307200704</ele></trkpt>
    <trkpt lat="32.948707" lon="-116.574022"><ele>1378.487560319983</ele></trkpt>
    <trkpt lat="32.948707" lon="-116.574028"><ele>1378.5374476799752</ele></trkpt>
    <trkpt lat="32.948811" lon="-116.574266"><ele>1380.3824131200006</ele></trkpt>
    <trkpt lat="32.948823" lon="-116.574286"><ele>1380.4017033599923</ele></trkpt>
    <trkpt lat="32.948823" lon="-116.574426"><ele>1380.256349760005</ele></trkpt>
    <trkpt lat="32.948831" lon="-116.57451"><ele>1380.444400000019</ele></trkpt>
    <trkpt lat="32.948894" lon="-116.574632"><ele>1380.6876236799849</ele></trkpt>
    <trkpt lat="32.948945" lon="-116.574696"><ele>1381.0885312000194</ele></trkpt>
    <trkpt lat="32.94906" lon="-116.574826"><ele>1382.9669376000354</ele></trkpt>
    <trkpt lat="32.949145" lon="-116.574937"><ele>1384.9544904000877</ele></trkpt>
    <trkpt lat="32.949277" lon="-116.57505"><ele>1387.262904000056</ele></trkpt>
    <trkpt lat="32.949374" lon="-116.575137"><ele>1388.6042755199776</ele></trkpt>
    <trkpt lat="32.949454" lon="-116.575192"><ele>1389.4274227200226</ele></trkpt>
    <trkpt lat="32.94952" lon="-116.575195"><ele>1389.7570559999594</ele></trkpt>
    <trkpt lat="32.949596" lon="-116.575183"><ele>1390.0493587199749</ele></trkpt>
    <trkpt lat="32.949635" lon="-116.575183"><ele>1390.2376631999823</ele></trkpt>
    <trkpt lat="32.949678" lon="-116.575186"><ele>1390.4578003200031</ele></trkpt>
    <trkpt lat="32.949698" lon="-116.575192"><ele>1390.5770726399955</ele></trkpt>
    <trkpt lat="32.94972" lon="-116.575218"><ele>1390.7750784000211</ele></trkpt>
    <trkpt lat="32.949734" lon="-116.575253"><ele>1390.8646179200155</ele></trkpt>
    <trkpt lat="32.949734" lon="-116.575273"><ele>1390.939670719986</ele></trkpt>
    <trkpt lat="32.949688" lon="-116.575413"><ele>1391.3635999999979</ele></trkpt>
    <trkpt lat="32.949656" lon="-116.575511"><ele>1391.6012000000119</ele></trkpt>
    <trkpt lat="32.949654" lon="-116.575511"><ele>1391.59400000003</ele></trkpt>
    <trkpt lat="32.94963" lon="-116.575677"><ele>1391.960049599993</ele></trkpt>
    <trkpt lat="32.949618" lon="-116.575746"><ele>1392.0531628799947</ele></trkpt>
    <trkpt lat="32.949596" lon="-116.575819"><ele>1392.0630470399885</ele></trkpt>
    <trkpt lat="32.949564" lon="-116.575874"><ele>1392.1536000000087</ele></trkpt>
    <trkpt lat="32.949491" lon="-116.575958"><ele>1392.232800000013</ele></trkpt>
    <trkpt lat="32.949418" lon="-116.576034"><ele>1392.2808275200573</ele></trkpt>
    <trkpt lat="32.949374" lon="-116.57613"><ele>1392.5100447999978</ele></trkpt>
    <trkpt lat="32.949355" lon="-116.576202"><ele>1392.4613583999765</ele></trkpt>
    <trkpt lat="32.949355" lon="-116.576298"><ele>1392.5726415999793</ele></trkpt>
    <trkpt lat="32.949357" lon="-116.576371"><ele>1392.6649268799904</ele></trkpt>
    <trkpt lat="32.949381" lon="-116.576443"><ele>1393.5063076799784</ele></trkpt>
    <trkpt lat="32.949411" lon="-116.576455"><ele>1393.8029447999304</ele></trkpt>
    <trkpt lat="32.949486" lon="-116.576452"><ele>1394.622810880051</ele></trkpt>
    <trkpt lat="32.949547" lon="-116.576353"><ele>1394.7028980800321</ele></trkpt>
    <trkpt lat="32.949618" lon="-116.576315"><ele>1395.6254095999725</ele></trkpt>
    <trkpt lat="32.949691" lon="-116.576278"><ele>1396.3750102400388</ele></trkpt>
    <trkpt lat="32.949764" lon="-116.576252"><ele>1396.898682879979</ele></trkpt>
    <trkpt lat="32.949793" lon="-116.576188"><ele>1396.4105286400197</ele></trkpt>
    <trkpt lat="32.949912" lon="-116.576037"><ele>1395.4682444799807</ele></trkpt>
    <trkpt lat="32.95008" lon="-116.575877"><ele>1394.0073472000904</ele></trkpt>
    <trkpt lat="32.950251" lon="-116.575732"><ele>1393.2091667200182</ele></trkpt>
    <trkpt lat="32.950455" lon="-116.575706"><ele>1394.7578223999358</ele></trkpt>
    <trkpt lat="32.950602" lon="-116.575677"><ele>1396.00099968004</ele></trkpt>
    <trkpt lat="32.950723" lon="-116.575614"><ele>1396.7168582400932</ele></trkpt>
    <trkpt lat="32.950796" lon="-116.575543"><ele>1396.1911999998715</ele></trkpt>
    <trkpt lat="32.950801" lon="-116.575535"><ele>1396.0904000000246</ele></trkpt>
    <trkpt lat="32.950864" lon="-116.575543"><ele>1397.2957702399729</ele></trkpt>
    <trkpt lat="32.950919" lon="-116.575524"><ele>1397.965502720007</ele></trkpt>
    <trkpt lat="32.95105" lon="-116.575508"><ele>1400.2734080000337</ele></trkpt>
    <trkpt lat="32.951331" lon="-116.575513"><ele>1405.6196731200675</ele></trkpt>
    <trkpt lat="32.951506" lon="-116.575567"><ele>1408.0730300801463</ele></trkpt>
    <trkpt lat="32.951558" lon="-116.575591"><ele>1408.905517120046</ele></trkpt>
    <trkpt lat="32.951614" lon="-116.575621"><ele>1409.8434697599614</ele></trkpt>
    <trkpt lat="32.951747" lon="-116.575632"><ele>1410.3759999999786</ele></trkpt>
    <trkpt lat="32.95187" lon="-116.575658"><ele>1410.844000000076</ele></trkpt>
    <trkpt lat="32.951972" lon="-116.575717"><ele>1411.832234879961</ele></trkpt>
    <trkpt lat="32.952062" lon="-116.575779"><ele>1412.4239337599718</ele></trkpt>
    <trkpt lat="32.952188" lon="-116.575843"><ele>1412.4161126401098</ele></trkpt>
    <trkpt lat="32.952325" lon="-116.575897"><ele>1413.8011959999728</ele></trkpt>
    <trkpt lat="32.952483" lon="-116.575878"><ele>1414.5306409600496</ele></trkpt>
    <trkpt lat="32.952654" lon="-116.57586"><ele>1416.047200000111</ele></trkpt>
    <trkpt lat="32.952829" lon="-116.575819"><ele>1417.3171999999936</ele></trkpt>
    <trkpt lat="32.952948" lon="-116.575811"><ele>1418.1452000000002</ele></trkpt>
    <trkpt lat="32.952975" lon="-116.575779"><ele>1418.2244000000053</ele></trkpt>
    <trkpt lat="32.952985" lon="-116.575717"><ele>1418.073199999978</ele></trkpt>
    <trkpt lat="32.95296" lon="-116.575691"><ele>1417.799600000003</ele></trkpt>
    <trkpt lat="32.952897" lon="-116.57565"><ele>1417.1983999999866</ele></trkpt>
    <trkpt lat="32.952818" lon="-116.57561"><ele>1416.4855999999957</ele></trkpt>
    <trkpt lat="32.9528" lon="-116.575594"><ele>1416.2984000000074</ele></trkpt>
    <trkpt lat="32.952773" lon="-116.575567"><ele>1415.98960000003</ele></trkpt>
    <trkpt lat="32.952757" lon="-116.575548"><ele>1415.855165440005</ele></trkpt>
    <trkpt lat="32.952762" lon="-116.575527"><ele>1416.1321609600636</ele></trkpt>
    <trkpt lat="32.952771" lon="-116.575519"><ele>1416.3183889599834</ele></trkpt>
    <trkpt lat="32.952818" lon="-116.57553"><ele>1416.5789215999987</ele></trkpt>
    <trkpt lat="32.952843" lon="-116.57553"><ele>1416.7672016000045</ele></trkpt>
    <trkpt lat="32.95285" lon="-116.57553"><ele>1416.819919999979</ele></trkpt>
    <trkpt lat="32.95285" lon="-116.5755"><ele>1417.1719999999232</ele></trkpt>
    <trkpt lat="32.952811" lon="-116.575465"><ele>1417.2561896000407</ele></trkpt>
    <trkpt lat="32.952793" lon="-116.575422"><ele>1417.5783478399621</ele></trkpt>
    <trkpt lat="32.952793" lon="-116.57542"><ele>1417.600342400063</ele></trkpt>
    <trkpt lat="32.952768" lon="-116.575363"><ele>1417.9495993600299</ele></trkpt>
    <trkpt lat="32.952766" lon="-116.575358"><ele>1417.9762451200195</ele></trkpt>
    <trkpt lat="32.95273" lon="-116.575286"><ele>1418.2282911999798</ele></trkpt>
    <trkpt lat="32.952721" lon="-116.575243"><ele>1418.7087908799497</ele></trkpt>
    <trkpt lat="32.952721" lon="-116.575235"><ele>1418.8298775998594</ele></trkpt>
    <trkpt lat="32.952735" lon="-116.575221"><ele>1419.2330775999721</ele></trkpt>
    <trkpt lat="32.952813" lon="-116.575248"><ele>1419.836385919958</ele></trkpt>
    <trkpt lat="32.952858" lon="-116.575245"><ele>1420.4065568000658</ele></trkpt>
    <trkpt lat="32.952935" lon="-116.575272"><ele>1420.8047455999947</ele></trkpt>
    <trkpt lat="32.953018" lon="-116.575288"><ele>1421.4521753599943</ele></trkpt>
    <trkpt lat="32.953104" lon="-116.575269"><ele>1423.4103999999566</ele></trkpt>
    <trkpt lat="32.953142" lon="-116.575296"><ele>1423.89558528008</ele></trkpt>
    <trkpt lat="32.953174" lon="-116.575358"><ele>1423.70645568002</ele></trkpt>
    <trkpt lat="32.953221" lon="-116.575401"><ele>1424.13059183999</ele></trkpt>
    <trkpt lat="32.953315" lon="-116.575465"><ele>1425.2124840001834</ele></trkpt>
    <trkpt lat="32.953439" lon="-116.5755"><ele>1428.0431999999932</ele></trkpt>
    <trkpt lat="32.953513" lon="-116.575551"><ele>1429.2563999999468</ele></trkpt>
    <trkpt lat="32.953549" lon="-116.575648"><ele>1429.3616281600553</ele></trkpt>
    <trkpt lat="32.953599" lon="-116.57572"><ele>1429.9268223998838</ele></trkpt>
    <trkpt lat="32.953684" lon="-116.575795"><ele>1431.3232224000778</ele></trkpt>
    <trkpt lat="32.95386" lon="-116.575851"><ele>1435.1580287999693</ele></trkpt>
    <trkpt lat="32.954031" lon="-116.57591"><ele>1437.8647984000686</ele></trkpt>
    <trkpt lat="32.954175" lon="-116.575975"><ele>1439.5305999999982</ele></trkpt>
    <trkpt lat="32.954375" lon="-116.576088"><ele>1440.374799999996</ele></trkpt>
    <trkpt lat="32.954456" lon="-116.57609"><ele>1441.165523200028</ele></trkpt>
    <trkpt lat="32.954538" lon="-116.576106"><ele>1441.7043942400217</ele></trkpt>
    <trkpt lat="32.954616" lon="-116.576168"><ele>1442.108715520019</ele></trkpt>
    <trkpt lat="32.954722" lon="-116.576214"><ele>1442.6282963200058</ele></trkpt>
    <trkpt lat="32.954907" lon="-116.57627"><ele>1443.093200000017</ele></trkpt>
    <trkpt lat="32.955129" lon="-116.57631"><ele>1444.8778207999915</ele></trkpt>
    <trkpt lat="32.955165" lon="-116.576302"><ele>1445.31719360001</ele></trkpt>
    <trkpt lat="32.955228" lon="-116.576291"><ele>1446.0571001599735</ele></trkpt>
    <trkpt lat="32.955307" lon="-116.576286"><ele>1447.0893660799516</ele></trkpt>
    <trkpt lat="32.955366" lon="-116.576337"><ele>1448.1429276799572</ele></trkpt>
    <trkpt lat="32.955456" lon="-116.576452"><ele>1449.7121715199785</ele></trkpt>
    <trkpt lat="32.95551" lon="-116.576503"><ele>1450.6874287999563</ele></trkpt>
    <trkpt lat="32.955627" lon="-116.576621"><ele>1452.6072000000079</ele></trkpt>
    <trkpt lat="32.955692" lon="-116.57671"><ele>1453.6296000000104</ele></trkpt>
    <trkpt lat="32.955724" lon="-116.576777"><ele>1454.2163999999873</ele></trkpt>
    <trkpt lat="32.955787" lon="-116.576822"><ele>1455.0588000000337</ele></trkpt>
    <trkpt lat="32.955922" lon="-116.576841"><ele>1456.503740160012</ele></trkpt>
    <trkpt lat="32.956072" lon="-116.576849"><ele>1457.9652422400009</ele></trkpt>
    <trkpt lat="32.956106" lon="-116.576868"><ele>1458.2282726399692</ele></trkpt>
    <trkpt lat="32.956158" lon="-116.5769"><ele>1458.443584000025</ele></trkpt>
    <trkpt lat="32.956356" lon="-116.576949"><ele>1459.8229747199841</ele></trkpt>
    <trkpt lat="32.956498" lon="-116.576997"><ele>1462.1793644801114</ele></trkpt>
    <trkpt lat="32.956549" lon="-116.577045"><ele>1463.3362864000117</ele></trkpt>
    <trkpt lat="32.956583" lon="-116.577093"><ele>1464.186963520067</ele></trkpt>
    <trkpt lat="32.95663" lon="-116.577174"><ele>1465.3429695999694</ele></trkpt>
    <trkpt lat="32.956678" lon="-116.577203"><ele>1466.0219766399323</ele></trkpt>
    <trkpt lat="32.956718" lon="-116.577209"><ele>1466.6352035200016</ele></trkpt>
    <trkpt lat="32.956759" lon="-116.577209"><ele>1467.218577759943</ele></trkpt>
    <trkpt lat="32.956817" lon="-116.577214"><ele>1468.0895804799939</ele></trkpt>
    <trkpt lat="32.956862" lon="-116.577238"><ele>1469.0000582399446</ele></trkpt>
    <trkpt lat="32.956907" lon="-116.577278"><ele>1470.0902678400917</ele></trkpt>
    <trkpt lat="32.956941" lon="-116.577332"><ele>1471.1409004799889</ele></trkpt>
    <trkpt lat="32.957011" lon="-116.577463"><ele>1473.5587999999602</ele></trkpt>
    <trkpt lat="32.957103" lon="-116.577624"><ele>1476.4308051199446</ele></trkpt>
    <trkpt lat="32.957186" lon="-116.577718"><ele>1478.7304620800476</ele></trkpt>
    <trkpt lat="32.957245" lon="-116.577753"><ele>1479.8290288000146</ele></trkpt>
    <trkpt lat="32.957291" lon="-116.57776"><ele>1480.087292799972</ele></trkpt>
    <trkpt lat="32.957337" lon="-116.577746"><ele>1480.1645401600483</ele></trkpt>
    <trkpt lat="32.957374" lon="-116.57773"><ele>1480.2183616000248</ele></trkpt>
    <trkpt lat="32.95739" lon="-116.577727"><ele>1480.276422399957</ele></trkpt>
    <trkpt lat="32.957413" lon="-116.577752"><ele>1480.535870080033</ele></trkpt>
    <trkpt lat="32.957429" lon="-116.577776"><ele>1480.7347283199917</ele></trkpt>
    <trkpt lat="32.957448" lon="-116.577798"><ele>1480.767256319995</ele></trkpt>
    <trkpt lat="32.957491" lon="-116.577812"><ele>1480.8523833600118</ele></trkpt>
    <trkpt lat="32.95751" lon="-116.577828"><ele>1480.9566912000023</ele></trkpt>
    <trkpt lat="32.957549" lon="-116.577872"><ele>1481.3065651200059</ele></trkpt>
    <trkpt lat="32.95759" lon="-116.577899"><ele>1481.7182064000322</ele></trkpt>
    <trkpt lat="32.957611" lon="-116.577954"><ele>1481.7104937599718</ele></trkpt>
    <trkpt lat="32.957627" lon="-116.578025"><ele>1481.5318920000423</ele></trkpt>
    <trkpt lat="32.95765" lon="-116.578069"><ele>1481.4970640000172</ele></trkpt>
    <trkpt lat="32.957678" lon="-116.57814"><ele>1481.1195967999674</ele></trkpt>
    <trkpt lat="32.95771" lon="-116.578228"><ele>1480.557075200031</ele></trkpt>
    <trkpt lat="32.957747" lon="-116.578329"><ele>1479.8234715200188</ele></trkpt>
    <trkpt lat="32.957795" lon="-116.57848"><ele>1480.8052639999535</ele></trkpt>
    <trkpt lat="32.957838" lon="-116.5786"><ele>1481.83587200002</ele></trkpt>
    <trkpt lat="32.957923" lon="-116.578658"><ele>1483.5976000000603</ele></trkpt>
    <trkpt lat="32.957972" lon="-116.578704"><ele>1484.7999999999913</ele></trkpt>
    <trkpt lat="32.958035" lon="-116.578755"><ele>1486.2580000000453</ele></trkpt>
    <trkpt lat="32.958096" lon="-116.57879"><ele>1487.5243007999468</ele></trkpt>
    <trkpt lat="32.958206" lon="-116.57884"><ele>1489.3827647999594</ele></trkpt>
    <trkpt lat="32.958274" lon="-116.578867"><ele>1490.3087049600408</ele></trkpt>
    <trkpt lat="32.95833" lon="-116.57883"><ele>1490.9563679999542</ele></trkpt>
    <trkpt lat="32.958387" lon="-116.578847"><ele>1491.309738240022</ele></trkpt>
    <trkpt lat="32.958492" lon="-116.578859"><ele>1491.817044480046</ele></trkpt>
    <trkpt lat="32.958571" lon="-116.578865"><ele>1492.1499264000786</ele></trkpt>
    <trkpt lat="32.95863" lon="-116.578816"><ele>1493.3394431999425</ele></trkpt>
    <trkpt lat="32.958693" lon="-116.578768"><ele>1495.0482969599984</ele></trkpt>
    <trkpt lat="32.958751" lon="-116.57876"><ele>1496.1040703999497</ele></trkpt>
    <trkpt lat="32.958821" lon="-116.578722"><ele>1497.879564480022</ele></trkpt>
    <trkpt lat="32.958958" lon="-116.578666"><ele>1500.2116371200389</ele></trkpt>
    <trkpt lat="32.959066" lon="-116.578629"><ele>1501.274538559868</ele></trkpt>
    <trkpt lat="32.959227" lon="-116.578557"><ele>1503.0816894399127</ele></trkpt>
    <trkpt lat="32.959349" lon="-116.578506"><ele>1503.4660182398568</ele></trkpt>
    <trkpt lat="32.959427" lon="-116.578462"><ele>1503.9169110399716</ele></trkpt>
    <trkpt lat="32.959458" lon="-116.578472"><ele>1503.481082879881</ele></trkpt>
    <trkpt lat="32.959562" lon="-116.578491"><ele>1502.9010249600092</ele></trkpt>
    <trkpt lat="32.959627" lon="-116.57845"><ele>1503.5736719999397</ele></trkpt>
    <trkpt lat="32.959627" lon="-116.57845"><ele>1503.5736719999397</ele></trkpt>
    <trkpt lat="32.959676" lon="-116.578419"><ele>1503.945246720047</ele></trkpt>
    <trkpt lat="32.95906" lon="-116.578044"><ele>1514.6560255999204</ele></trkpt>
    <trkpt lat="32.958978" lon="-116.577927"><ele>1515.282866239991</ele></trkpt>
    <trkpt lat="32.959115" lon="-116.577447"><ele>1523.6730887999086</ele></trkpt>
    <trkpt lat="32.958972" lon="-116.577108"><ele>1525.2542310400888</ele></trkpt>
    <trkpt lat="32.95889" lon="-116.57659"><ele>1529.8428959999994</ele></trkpt>
    <trkpt lat="32.958838" lon="-116.57641"><ele>1530.1232000000516</ele></trkpt>
    <trkpt lat="32.958704" lon="-116.576351"><ele>1526.509587839884</ele></trkpt>
    <trkpt lat="32.958701" lon="-116.576234"><ele>1527.9623606399393</ele></trkpt>
    <trkpt lat="32.958743" lon="-116.576152"><ele>1530.279490560036</ele></trkpt>
    <trkpt lat="32.958818" lon="-116.576038"><ele>1533.6808313600561</ele></trkpt>
    <trkpt lat="32.958783" lon="-116.575885"><ele>1534.082103199902</ele></trkpt>
    <trkpt lat="32.958688" lon="-116.575817"><ele>1531.5825516800676</ele></trkpt>
    <trkpt lat="32.958561" lon="-116.575803"><ele>1527.4068012801122</ele></trkpt>
    <trkpt lat="32.958505" lon="-116.575728"><ele>1525.3617824000864</ele></trkpt>
    <trkpt lat="32.958528" lon="-116.57564"><ele>1526.1702272000541</ele></trkpt>
    <trkpt lat="32.958727" lon="-116.575386"><ele>1533.8777177601203</ele></trkpt>
    <trkpt lat="32.958809" lon="-116.575347"><ele>1537.4045398400876</ele></trkpt>
    <trkpt lat="32.958929" lon="-116.575392"><ele>1542.062090879954</ele></trkpt>
    <trkpt lat="32.959053" lon="-116.575487"><ele>1544.5372377599788</ele></trkpt>
    <trkpt lat="32.959177" lon="-116.57565"><ele>1545.2024559999782</ele></trkpt>
    <trkpt lat="32.95949" lon="-116.575644"><ele>1551.6338176000938</ele></trkpt>
    <trkpt lat="32.959572" lon="-116.575663"><ele>1552.2344185599018</ele></trkpt>
    <trkpt lat="32.959742" lon="-116.575621"><ele>1555.0691494400144</ele></trkpt>
    <trkpt lat="32.959937" lon="-116.575751"><ele>1555.889647039984</ele></trkpt>
    <trkpt lat="32.960042" lon="-116.575748"><ele>1557.3050431999532</ele></trkpt>
    <trkpt lat="32.960175" lon="-116.575823"><ele>1556.8587800000034</ele></trkpt>
    <trkpt lat="32.96026" lon="-116.575823"><ele>1557.221695999999</ele></trkpt>
    <trkpt lat="32.96044" lon="-116.575898"><ele>1555.0809344001866</ele></trkpt>
    <trkpt lat="32.960965" lon="-116.575999"><ele>1556.0009064001983</ele></trkpt>
    <trkpt lat="32.961147" lon="-116.576055"><ele>1556.9408000000985</ele></trkpt>
    <trkpt lat="32.961252" lon="-116.576035"><ele>1559.3167999998304</ele></trkpt>
    <trkpt lat="32.961744" lon="-116.575859"><ele>1566.916924160249</ele></trkpt>
    <trkpt lat="32.962041" lon="-116.5755"><ele>1575.2705599998553</ele></trkpt>
    <trkpt lat="32.962132" lon="-116.575441"><ele>1575.453895040113</ele></trkpt>
    <trkpt lat="32.962354" lon="-116.575415"><ele>1572.890139199826</ele></trkpt>
    <trkpt lat="32.962579" lon="-116.575334"><ele>1573.1262128000817</ele></trkpt>
    <trkpt lat="32.962782" lon="-116.575249"><ele>1572.9841011200542</ele></trkpt>
    <trkpt lat="32.96315" lon="-116.574965"><ele>1573.7539999998382</ele></trkpt>
    <trkpt lat="32.96315" lon="-116.574708"><ele>1582.116639999991</ele></trkpt>
    <trkpt lat="32.963277" lon="-116.574606"><ele>1583.4345423999134</ele></trkpt>
    <trkpt lat="32.963375" lon="-116.574606"><ele>1582.163679999876</ele></trkpt>
    <trkpt lat="32.963535" lon="-116.574668"><ele>1578.5281695998897</ele></trkpt>
    <trkpt lat="32.963617" lon="-116.574632"><ele>1579.544714240239</ele></trkpt>
    <trkpt lat="32.963705" lon="-116.574434"><ele>1586.7121824001474</ele></trkpt>
    <trkpt lat="32.963887" lon="-116.574336"><ele>1588.532509439925</ele></trkpt>
    <trkpt lat="32.964031" lon="-116.574195"><ele>1590.0645831999352</ele></trkpt>
    <trkpt lat="32.963998" lon="-116.574176"><ele>1591.3539980802511</ele></trkpt>
    <trkpt lat="32.963887" lon="-116.574251"><ele>1591.2906710398788</ele></trkpt>
    <trkpt lat="32.963656" lon="-116.574293"><ele>1592.4977913601008</ele></trkpt>
    <trkpt lat="32.963493" lon="-116.574332"><ele>1592.384158080065</ele></trkpt>
    <trkpt lat="32.963052" lon="-116.574238"><ele>1599.5183129602733</ele></trkpt>
    <trkpt lat="32.962915" lon="-116.574169"><ele>1605.4537496000253</ele></trkpt>
    <trkpt lat="32.962821" lon="-116.574208"><ele>1606.2971532800964</ele></trkpt>
    <trkpt lat="32.962775" lon="-116.574342"><ele>1602.1067999999318</ele></trkpt>
    <trkpt lat="32.962765" lon="-116.574512"><ele>1596.2844000000878</ele></trkpt>
    <trkpt lat="32.9627" lon="-116.574571"><ele>1595.755199999864</ele></trkpt>
    <trkpt lat="32.962491" lon="-116.574668"><ele>1596.6003244799242</ele></trkpt>
    <trkpt lat="32.96239" lon="-116.574678"><ele>1596.7326431998283</ele></trkpt>
    <trkpt lat="32.962312" lon="-116.574636"><ele>1598.3700787200712</ele></trkpt>
    <trkpt lat="32.962508" lon="-116.574489"><ele>1601.57280000001</ele></trkpt>
    <trkpt lat="32.96257" lon="-116.574352"><ele>1605.4007999998257</ele></trkpt>
    <trkpt lat="32.962589" lon="-116.57412"><ele>1613.9100000001868</ele></trkpt>
    <trkpt lat="32.962553" lon="-116.57413"><ele>1614.23400000011</ele></trkpt>
    <trkpt lat="32.962433" lon="-116.574372"><ele>1606.2253900801368</ele></trkpt>
    <trkpt lat="32.96209" lon="-116.574489"><ele>1606.2596991999378</ele></trkpt>
    <trkpt lat="32.961849" lon="-116.574603"><ele>1606.9789268801258</ele></trkpt>
    <trkpt lat="32.961676" lon="-116.574662"><ele>1608.940084479941</ele></trkpt>
    <trkpt lat="32.961503" lon="-116.574675"><ele>1608.4996720000272</ele></trkpt>
    <trkpt lat="32.961284" lon="-116.574639"><ele>1608.3771289598476</ele></trkpt>
    <trkpt lat="32.961151" lon="-116.574561"><ele>1609.5710545599204</ele></trkpt>
    <trkpt lat="32.96118" lon="-116.574528"><ele>1610.863398399965</ele></trkpt>
    <trkpt lat="32.961343" lon="-116.574564"><ele>1611.155297920136</ele></trkpt>
    <trkpt lat="32.9615" lon="-116.574502"><ele>1613.9766400001508</ele></trkpt>
    <trkpt lat="32.961813" lon="-116.574375"><ele>1616.8391999998657</ele></trkpt>
    <trkpt lat="32.962012" lon="-116.574212"><ele>1618.9718707198397</ele></trkpt>
    <trkpt lat="32.962165" lon="-116.574036"><ele>1623.006902399676</ele></trkpt>
    <trkpt lat="32.962243" lon="-116.573882"><ele>1628.8872697601003</ele></trkpt>
    <trkpt lat="32.962341" lon="-116.573791"><ele>1630.46388255994</ele></trkpt>
    <trkpt lat="32.962423" lon="-116.573589"><ele>1635.0428000000043</ele></trkpt>
    <trkpt lat="32.962403" lon="-116.573563"><ele>1636.7492000001482</ele></trkpt>
    <trkpt lat="32.962093" lon="-116.573869"><ele>1634.687708319789</ele></trkpt>
    <trkpt lat="32.96207" lon="-116.573846"><ele>1636.7262111999416</ele></trkpt>
    <trkpt lat="32.962243" lon="-116.573572"><ele>1643.3696000000075</ele></trkpt>
    <trkpt lat="32.962292" lon="-116.573442"><ele>1645.4648000000907</ele></trkpt>
    <trkpt lat="32.962403" lon="-116.57339"><ele>1642.3543999998094</ele></trkpt>
    <trkpt lat="32.962628" lon="-116.573334"><ele>1637.215811839874</ele></trkpt>
    <trkpt lat="32.962791" lon="-116.573279"><ele>1635.694178880004</ele></trkpt>
    <trkpt lat="32.962847" lon="-116.57323"><ele>1636.9133952001675</ele></trkpt>
    <trkpt lat="32.962315" lon="-116.573214"><ele>1652.8619456004087</ele></trkpt>
    <trkpt lat="32.962341" lon="-116.573161"><ele>1654.1339321599721</ele></trkpt>
    <trkpt lat="32.962468" lon="-116.573145"><ele>1650.561977600121</ele></trkpt>
    <trkpt lat="32.96254" lon="-116.573099"><ele>1650.3390080001504</ele></trkpt>
    <trkpt lat="32.962602" lon="-116.573018"><ele>1651.9750636798765</ele></trkpt>
    <trkpt lat="32.963196" lon="-116.572591"><ele>1658.0736345598584</ele></trkpt>
    <trkpt lat="32.96331" lon="-116.572561"><ele>1659.2107536003198</ele></trkpt>
    <trkpt lat="32.963274" lon="-116.572506"><ele>1661.9281862398066</ele></trkpt>
    <trkpt lat="32.962879" lon="-116.572607"><ele>1662.0563999997275</ele></trkpt>
    <trkpt lat="32.963072" lon="-116.572346"><ele>1669.0392000001686</ele></trkpt>
    <trkpt lat="32.963003" lon="-116.572346"><ele>1670.1081225601386</ele></trkpt>
    <trkpt lat="32.962742" lon="-116.572499"><ele>1671.3168000002388</ele></trkpt>
    <trkpt lat="32.962605" lon="-116.572542"><ele>1674.479385599928</ele></trkpt>
    <trkpt lat="32.962605" lon="-116.572493"><ele>1676.4216000000379</ele></trkpt>
    <trkpt lat="32.962684" lon="-116.572454"><ele>1674.700800000085</ele></trkpt>
    <trkpt lat="32.96302" lon="-116.572131"><ele>1676.608505600023</ele></trkpt>
    <trkpt lat="32.963486" lon="-116.572013"><ele>1675.6600412799855</ele></trkpt>
    <trkpt lat="32.963502" lon="-116.571942"><ele>1677.0095699198985</ele></trkpt>
    <trkpt lat="32.963424" lon="-116.571971"><ele>1677.7300038398225</ele></trkpt>
    <trkpt lat="32.963254" lon="-116.571948"><ele>1679.9140556798523</ele></trkpt>
    <trkpt lat="32.96299" lon="-116.571964"><ele>1681.1797568001962</ele></trkpt>
    <trkpt lat="32.96284" lon="-116.572033"><ele>1682.7770335998616</ele></trkpt>
    <trkpt lat="32.962726" lon="-116.572134"><ele>1682.7816006396881</ele></trkpt>
    <trkpt lat="32.962547" lon="-116.57218"><ele>1687.8022815998672</ele></trkpt>
    <trkpt lat="32.962521" lon="-116.57214"><ele>1690.1816223997478</ele></trkpt>
    <trkpt lat="32.96272" lon="-116.572007"><ele>1687.214358400128</ele></trkpt>
    <trkpt lat="32.962752" lon="-116.571935"><ele>1688.385334400072</ele></trkpt>
    <trkpt lat="32.96287" lon="-116.571844"><ele>1688.773651199997</ele></trkpt>
    <trkpt lat="32.963013" lon="-116.571765"><ele>1688.7254328001138</ele></trkpt>
    <trkpt lat="32.963127" lon="-116.571723"><ele>1688.541200799778</ele></trkpt>
    <trkpt lat="32.963111" lon="-116.571671"><ele>1690.830368800239</ele></trkpt>
    <trkpt lat="32.962938" lon="-116.571671"><ele>1694.3586019201848</ele></trkpt>
    <trkpt lat="32.96284" lon="-116.571707"><ele>1695.0262751998596</ele></trkpt>
    <trkpt lat="32.962821" lon="-116.571681"><ele>1696.490771040117</ele></trkpt>
    <trkpt lat="32.962909" lon="-116.571589"><ele>1697.1227999998525</ele></trkpt>
    <trkpt lat="32.96287" lon="-116.571579"><ele>1698.217199999953</ele></trkpt>
    <trkpt lat="32.962664" lon="-116.571694"><ele>1700.3153139203228</ele></trkpt>
    <trkpt lat="32.962429" lon="-116.571899"><ele>1701.4837515199454</ele></trkpt>
    <trkpt lat="32.962367" lon="-116.571939"><ele>1702.4378465599766</ele></trkpt>
    <trkpt lat="32.962335" lon="-116.571887"><ele>1704.6318823998238</ele></trkpt>
    <trkpt lat="32.962462" lon="-116.571782"><ele>1703.6695980799723</ele></trkpt>
    <trkpt lat="32.962564" lon="-116.571641"><ele>1704.5902668799965</ele></trkpt>
    <trkpt lat="32.962588" lon="-116.571499"><ele>1706.4536614400245</ele></trkpt>
    <trkpt lat="32.962487" lon="-116.571504"><ele>1708.5409817598922</ele></trkpt>
    <trkpt lat="32.962493" lon="-116.571332"><ele>1710.065278079981</ele></trkpt>
    <trkpt lat="32.962478" lon="-116.571329"><ele>1710.203448960028</ele></trkpt>
    <trkpt lat="32.962478" lon="-116.571329"><ele>1710.203448960028</ele></trkpt>
    <trkpt lat="32.962435" lon="-116.57132"><ele>1710.5859360000068</ele></trkpt>
    <trkpt lat="32.962423" lon="-116.571031"><ele>1709.46056656005</ele></trkpt>
    <trkpt lat="32.962488" lon="-116.57094"><ele>1708.7313663999487</ele></trkpt>
    <trkpt lat="32.962661" lon="-116.570868"><ele>1709.1194636799794</ele></trkpt>
    <trkpt lat="32.96276" lon="-116.570816"><ele>1709.6808063999508</ele></trkpt>
    <trkpt lat="32.962845" lon="-116.570814"><ele>1708.8905727999688</ele></trkpt>
    <trkpt lat="32.962949" lon="-116.570859"><ele>1707.2926446399852</ele></trkpt>
    <trkpt lat="32.962992" lon="-116.5709"><ele>1706.2501120000568</ele></trkpt>
    <trkpt lat="32.963055" lon="-116.570898"><ele>1705.3100656000474</ele></trkpt>
    <trkpt lat="32.963133" lon="-116.570844"><ele>1704.2120000000846</ele></trkpt>
    <trkpt lat="32.963142" lon="-116.57083"><ele>1704.1448000000455</ele></trkpt>
    <trkpt lat="32.963169" lon="-116.570891"><ele>1702.9267999999536</ele></trkpt>
    <trkpt lat="32.963182" lon="-116.570999"><ele>1701.479599999922</ele></trkpt>
    <trkpt lat="32.963206" lon="-116.571072"><ele>1700.1727999999982</ele></trkpt>
    <trkpt lat="32.963251" lon="-116.570989"><ele>1700.0972000000356</ele></trkpt>
    <trkpt lat="32.963257" lon="-116.570891"><ele>1701.0259999999942</ele></trkpt>
    <trkpt lat="32.963296" lon="-116.570866"><ele>1700.4536000000567</ele></trkpt>
    <trkpt lat="32.963372" lon="-116.570852"><ele>1698.6941542399882</ele></trkpt>
    <trkpt lat="32.963407" lon="-116.570849"><ele>1697.7241572801433</ele></trkpt>
    <trkpt lat="32.963383" lon="-116.570926"><ele>1697.6284476799915</ele></trkpt>
    <trkpt lat="32.963383" lon="-116.571082"><ele>1696.044061759951</ele></trkpt>
    <trkpt lat="32.963388" lon="-116.571123"><ele>1695.4427769599502</ele></trkpt>
    <trkpt lat="32.963415" lon="-116.571181"><ele>1693.8616296001264</ele></trkpt>
    <trkpt lat="32.96345" lon="-116.571123"><ele>1693.870823999957</ele></trkpt>
    <trkpt lat="32.963499" lon="-116.571032"><ele>1693.5097452800096</ele></trkpt>
    <trkpt lat="32.963506" lon="-116.571178"><ele>1691.535918719883</ele></trkpt>
    <trkpt lat="32.96353" lon="-116.571187"><ele>1690.7577744001242</ele></trkpt>
    <trkpt lat="32.963565" lon="-116.571127"><ele>1690.8854951998583</ele></trkpt>
    <trkpt lat="32.963629" lon="-116.571082"><ele>1689.565600000064</ele></trkpt>
    <trkpt lat="32.96369" lon="-116.571088"><ele>1687.32639999999</ele></trkpt>
    <trkpt lat="32.963665" lon="-116.571159"><ele>1687.131108800151</ele></trkpt>
    <trkpt lat="32.963661" lon="-116.571225"><ele>1686.0067279999594</ele></trkpt>
    <trkpt lat="32.963733" lon="-116.571197"><ele>1683.7946460801313</ele></trkpt>
    <trkpt lat="32.963792" lon="-116.571133"><ele>1682.9913708799984</ele></trkpt>
    <trkpt lat="32.963856" lon="-116.571123"><ele>1680.8945350400063</ele></trkpt>
    <trkpt lat="32.963789" lon="-116.571299"><ele>1679.34766688015</ele></trkpt>
    <trkpt lat="32.963768" lon="-116.571391"><ele>1678.1853849598253</ele></trkpt>
    <trkpt lat="32.963765" lon="-116.571452"><ele>1677.240537600022</ele></trkpt>
    <trkpt lat="32.963888" lon="-116.571324"><ele>1674.672104960012</ele></trkpt>
    <trkpt lat="32.963942" lon="-116.57128"><ele>1673.5321983998415</ele></trkpt>
    <trkpt lat="32.964001" lon="-116.57128"><ele>1671.0751551998371</ele></trkpt>
    <trkpt lat="32.964033" lon="-116.571311"><ele>1669.1929139200768</ele></trkpt>
    <trkpt lat="32.963968" lon="-116.571375"><ele>1670.445039999885</ele></trkpt>
    <trkpt lat="32.963958" lon="-116.571423"><ele>1669.9596947201396</ele></trkpt>
    <trkpt lat="32.963992" lon="-116.571471"><ele>1667.886146560053</ele></trkpt>
    <trkpt lat="32.964043" lon="-116.571474"><ele>1665.88641856022</ele></trkpt>
    <trkpt lat="32.964105" lon="-116.571426"><ele>1664.477718399818</ele></trkpt>
    <trkpt lat="32.964137" lon="-116.571388"><ele>1664.078967039982</ele></trkpt>
    <trkpt lat="32.964075" lon="-116.571579"><ele>1662.6453039999558</ele></trkpt>
    <trkpt lat="32.964065" lon="-116.571672"><ele>1661.3273728000067</ele></trkpt>
    <trkpt lat="32.964065" lon="-116.571755"><ele>1660.3216120001332</ele></trkpt>
    <trkpt lat="32.964097" lon="-116.571793"><ele>1658.531136159903</ele></trkpt>
    <trkpt lat="32.964141" lon="-116.571774"><ele>1656.9138966400353</ele></trkpt>
    <trkpt lat="32.964204" lon="-116.571659"><ele>1655.2728716799502</ele></trkpt>
    <trkpt lat="32.964424" lon="-116.57148"><ele>1646.1947776000068</ele></trkpt>
    <trkpt lat="32.964543" lon="-116.57141"><ele>1641.1326352000442</ele></trkpt>
    <trkpt lat="32.96483" lon="-116.571091"><ele>1633.6808912000631</ele></trkpt>
    <trkpt lat="32.964883" lon="-116.570989"><ele>1632.9244404800154</ele></trkpt>
    <trkpt lat="32.964926" lon="-116.570859"><ele>1632.8786153600606</ele></trkpt>
    <trkpt lat="32.965094" lon="-116.570731"><ele>1626.8847996799473</ele></trkpt>
    <trkpt lat="32.965212" lon="-116.57062"><ele>1622.8224127999829</ele></trkpt>
    <trkpt lat="32.965258" lon="-116.570457"><ele>1619.7244000001178</ele></trkpt>
    <trkpt lat="32.965258" lon="-116.570346"><ele>1617.7264000000464</ele></trkpt>
    <trkpt lat="32.965308" lon="-116.570365"><ele>1616.5161631999058</ele></trkpt>
    <trkpt lat="32.965413" lon="-116.570393"><ele>1613.4079246399795</ele></trkpt>
    <trkpt lat="32.965544" lon="-116.570565"><ele>1612.3092287999452</ele></trkpt>
    <trkpt lat="32.965589" lon="-116.57069"><ele>1610.0687999999686</ele></trkpt>
    <trkpt lat="32.965592" lon="-116.570833"><ele>1608.952800000021</ele></trkpt>
    <trkpt lat="32.965472" lon="-116.571044"><ele>1610.3492198400436</ele></trkpt>
    <trkpt lat="32.965461" lon="-116.571136"><ele>1609.1874995201617</ele></trkpt>
    <trkpt lat="32.965506" lon="-116.571174"><ele>1606.9635692800882</ele></trkpt>
    <trkpt lat="32.965565" lon="-116.571101"><ele>1606.804437600078</ele></trkpt>
    <trkpt lat="32.965637" lon="-116.571026"><ele>1605.3702364799278</ele></trkpt>
    <trkpt lat="32.965702" lon="-116.570951"><ele>1604.2882780800714</ele></trkpt>
    <trkpt lat="32.965766" lon="-116.570937"><ele>1602.5368636799267</ele></trkpt>
    <trkpt lat="32.965862" lon="-116.570952"><ele>1599.7311129598922</ele></trkpt>
    <trkpt lat="32.96591" lon="-116.570945"><ele>1598.9010480000627</ele></trkpt>
    <trkpt lat="32.965948" lon="-116.570926"><ele>1598.46388992005</ele></trkpt>
    <trkpt lat="32.966063" lon="-116.570769"><ele>1597.946226240035</ele></trkpt>
    <trkpt lat="32.966076" lon="-116.570712"><ele>1597.742423039979</ele></trkpt>
    <trkpt lat="32.9661" lon="-116.570706"><ele>1597.2366720000587</ele></trkpt>
    <trkpt lat="32.966159" lon="-116.570613"><ele>1595.6564523200645</ele></trkpt>
    <trkpt lat="32.966178" lon="-116.570521"><ele>1594.4216444800068</ele></trkpt>
    <trkpt lat="32.966218" lon="-116.570435"><ele>1591.5845968001317</ele></trkpt>
    <trkpt lat="32.966212" lon="-116.570346"><ele>1590.048401920055</ele></trkpt>
    <trkpt lat="32.966167" lon="-116.570243"><ele>1588.8371902402366</ele></trkpt>
    <trkpt lat="32.966137" lon="-116.570202"><ele>1588.1858249596892</ele></trkpt>
    <trkpt lat="32.966065" lon="-116.570231"><ele>1591.1156456002643</ele></trkpt>
    <trkpt lat="32.966015" lon="-116.57017"><ele>1589.6737520002096</ele></trkpt>
    <trkpt lat="32.965974" lon="-116.570062"><ele>1586.0333715196555</ele></trkpt>
    <trkpt lat="32.965899" lon="-116.569995"><ele>1584.6517448001873</ele></trkpt>
    <trkpt lat="32.965822" lon="-116.56996"><ele>1585.0362751997454</ele></trkpt>
    <trkpt lat="32.965782" lon="-116.569886"><ele>1583.860641919982</ele></trkpt>
    <trkpt lat="32.96567" lon="-116.569825"><ele>1585.404439999744</ele></trkpt>
    <trkpt lat="32.965629" lon="-116.569718"><ele>1583.501943359853</ele></trkpt>
    <trkpt lat="32.965696" lon="-116.56973"><ele>1581.6877568001726</ele></trkpt>
    <trkpt lat="32.96579" lon="-116.569775"><ele>1580.0843600002754</ele></trkpt>
    <trkpt lat="32.965859" lon="-116.569848"><ele>1580.5626387197437</ele></trkpt>
    <trkpt lat="32.96592" lon="-116.569843"><ele>1579.1768576002582</ele></trkpt>
    <trkpt lat="32.965972" lon="-116.569851"><ele>1578.4086291199824</ele></trkpt>
    <trkpt lat="32.966047" lon="-116.56988"><ele>1577.9337055998571</ele></trkpt>
    <trkpt lat="32.966097" lon="-116.569877"><ele>1576.8484942402342</ele></trkpt>
    <trkpt lat="32.966033" lon="-116.569746"><ele>1573.5191292797592</ele></trkpt>
    <trkpt lat="32.965865" lon="-116.569609"><ele>1572.1470671999712</ele></trkpt>
    <trkpt lat="32.965744" lon="-116.569501"><ele>1572.6987667200467</ele></trkpt>
    <trkpt lat="32.965673" lon="-116.569429"><ele>1573.7446769598857</ele></trkpt>
    <trkpt lat="32.96565" lon="-116.569151"><ele>1571.6540960002712</ele></trkpt>
    <trkpt lat="32.965461" lon="-116.56852"><ele>1570.574297600268</ele></trkpt>
    <trkpt lat="32.965453" lon="-116.567975"><ele>1563.033332000165</ele></trkpt>
    <trkpt lat="32.965282" lon="-116.567135"><ele>1556.3835183998585</ele></trkpt>
    <trkpt lat="32.965235" lon="-116.566909"><ele>1552.6661983999568</ele></trkpt>
    <trkpt lat="32.965389" lon="-116.566819"><ele>1552.058041279979</ele></trkpt>
    <trkpt lat="32.965489" lon="-116.566837"><ele>1552.0542454400131</ele></trkpt>
    <trkpt lat="32.965586" lon="-116.566837"><ele>1551.5791798399669</ele></trkpt>
    <trkpt lat="32.965661" lon="-116.566828"><ele>1550.5793849600325</ele></trkpt>
    <trkpt lat="32.965743" lon="-116.566764"><ele>1549.9410502399176</ele></trkpt>
    <trkpt lat="32.965775" lon="-116.566701"><ele>1550.127068000038</ele></trkpt>
    <trkpt lat="32.965815" lon="-116.566701"><ele>1549.7856728000595</ele></trkpt>
    <trkpt lat="32.96579" lon="-116.566807"><ele>1549.0328336000464</ele></trkpt>
    <trkpt lat="32.965756" lon="-116.56694"><ele>1548.4266367999996</ele></trkpt>
    <trkpt lat="32.9659" lon="-116.567489"><ele>1542.4091040001103</ele></trkpt>
    <trkpt lat="32.966074" lon="-116.567776"><ele>1535.4696000000413</ele></trkpt>
    <trkpt lat="32.966097" lon="-116.567962"><ele>1535.188309440065</ele></trkpt>
    <trkpt lat="32.966104" lon="-116.568051"><ele>1535.2400198399387</ele></trkpt>
    <trkpt lat="32.966236" lon="-116.568132"><ele>1532.453870079963</ele></trkpt>
    <trkpt lat="32.966347" lon="-116.568277"><ele>1530.0250177600242</ele></trkpt>
    <trkpt lat="32.966416" lon="-116.568355"><ele>1528.8751871999716</ele></trkpt>
    <trkpt lat="32.966437" lon="-116.568494"><ele>1529.1318211200123</ele></trkpt>
    <trkpt lat="32.966462" lon="-116.568367"><ele>1528.5629001599868</ele></trkpt>
    <trkpt lat="32.96649" lon="-116.568068"><ele>1527.2289215999824</ele></trkpt>
    <trkpt lat="32.966537" lon="-116.567911"><ele>1525.25864543991</ele></trkpt>
    <trkpt lat="32.96654" lon="-116.567821"><ele>1524.5168927999148</ele></trkpt>
    <trkpt lat="32.966539" lon="-116.567784"><ele>1524.263809920088</ele></trkpt>
    <trkpt lat="32.966487" lon="-116.567732"><ele>1525.4210073599966</ele></trkpt>
    <trkpt lat="32.966506" lon="-116.567696"><ele>1524.878519039934</ele></trkpt>
    <trkpt lat="32.96653" lon="-116.567455"><ele>1524.3582960000667</ele></trkpt>
    <trkpt lat="32.966605" lon="-116.567404"><ele>1523.2920768000104</ele></trkpt>
    <trkpt lat="32.966773" lon="-116.567378"><ele>1520.9545257598954</ele></trkpt>
    <trkpt lat="32.966887" lon="-116.567378"><ele>1519.493173439934</ele></trkpt>
    <trkpt lat="32.966998" lon="-116.567378"><ele>1518.2630777599545</ele></trkpt>
    <trkpt lat="32.967088" lon="-116.567486"><ele>1515.6772467199953</ele></trkpt>
    <trkpt lat="32.967199" lon="-116.567573"><ele>1513.9660299200084</ele></trkpt>
    <trkpt lat="32.967305" lon="-116.567604"><ele>1512.6200287999475</ele></trkpt>
    <trkpt lat="32.967548" lon="-116.567655"><ele>1509.1727551999725</ele></trkpt>
    <trkpt lat="32.967707" lon="-116.567632"><ele>1507.1057619199994</ele></trkpt>
    <trkpt lat="32.967867" lon="-116.567506"><ele>1506.9430620801036</ele></trkpt>
    <trkpt lat="32.967914" lon="-116.56749"><ele>1506.7087999998787</ele></trkpt>
    <trkpt lat="32.967956" lon="-116.567519"><ele>1505.7577145599168</ele></trkpt>
    <trkpt lat="32.968088" lon="-116.567736"><ele>1500.8688000000693</ele></trkpt>
    <trkpt lat="32.968188" lon="-116.567774"><ele>1500.5447999999922</ele></trkpt>
    <trkpt lat="32.968235" lon="-116.567813"><ele>1500.0647487999831</ele></trkpt>
    <trkpt lat="32.968257" lon="-116.567885"><ele>1498.8334911999275</ele></trkpt>
    <trkpt lat="32.968267" lon="-116.567962"><ele>1497.4154886401193</ele></trkpt>
    <trkpt lat="32.968444" lon="-116.568201"><ele>1493.1559999999995</ele></trkpt>
    <trkpt lat="32.968485" lon="-116.568384"><ele>1491.6427904000209</ele></trkpt>
    <trkpt lat="32.96849" lon="-116.568491"><ele>1491.0569264000142</ele></trkpt>
    <trkpt lat="32.96854" lon="-116.568703"><ele>1488.7713696000278</ele></trkpt>
    <trkpt lat="32.968597" lon="-116.568778"><ele>1487.107841280074</ele></trkpt>
    <trkpt lat="32.968582" lon="-116.568852"><ele>1485.950565119904</ele></trkpt>
    <trkpt lat="32.968528" lon="-116.568959"><ele>1485.6451999999854</ele></trkpt>
    <trkpt lat="32.96851" lon="-116.569023"><ele>1485.6091999999733</ele></trkpt>
    <trkpt lat="32.968624" lon="-116.569044"><ele>1484.1836902400123</ele></trkpt>
    <trkpt lat="32.968775" lon="-116.569044"><ele>1481.1621439999542</ele></trkpt>
    <trkpt lat="32.968921" lon="-116.569031"><ele>1478.6300000000151</ele></trkpt>
    <trkpt lat="32.969093" lon="-116.569006"><ele>1476.9523999999792</ele></trkpt>
    <trkpt lat="32.969158" lon="-116.568894"><ele>1477.0567999999967</ele></trkpt>
    <trkpt lat="32.969207" lon="-116.56875"><ele>1478.5726000000593</ele></trkpt>
    <trkpt lat="32.969321" lon="-116.568579"><ele>1480.9024000000059</ele></trkpt>
    <trkpt lat="32.969536" lon="-116.568776"><ele>1477.4411494400304</ele></trkpt>
    <trkpt lat="32.969672" lon="-116.568831"><ele>1474.727521279911</ele></trkpt>
    <trkpt lat="32.969743" lon="-116.568869"><ele>1473.1282443198725</ele></trkpt>
    <trkpt lat="32.970083" lon="-116.568874"><ele>1470.5132000000967</ele></trkpt>
    <trkpt lat="32.970326" lon="-116.568886"><ele>1470.8698054399065</ele></trkpt>
    <trkpt lat="32.97048" lon="-116.568929"><ele>1470.0617536000057</ele></trkpt>
    <trkpt lat="32.970691" lon="-116.569091"><ele>1467.0819999999753</ele></trkpt>
    <trkpt lat="32.970925" lon="-116.569184"><ele>1464.6494079999875</ele></trkpt>
    <trkpt lat="32.97107" lon="-116.569312"><ele>1463.7022336000248</ele></trkpt>
    <trkpt lat="32.971145" lon="-116.569634"><ele>1462.794747200003</ele></trkpt>
    <trkpt lat="32.971145" lon="-116.569634"><ele>1462.794747200003</ele></trkpt>
    <trkpt lat="32.971081" lon="-116.569696"><ele>1463.3149670400173</ele></trkpt>
    <trkpt lat="32.971072" lon="-116.569816"><ele>1463.7124659200144</ele></trkpt>
    <trkpt lat="32.970932" lon="-116.569969"><ele>1465.2499596800178</ele></trkpt>
    <trkpt lat="32.970881" lon="-116.570109"><ele>1465.91452832002</ele></trkpt>
    <trkpt lat="32.970864" lon="-116.570219"><ele>1466.393521279999</ele></trkpt>
    <trkpt lat="32.970858" lon="-116.570298"><ele>1466.6577292799998</ele></trkpt>
    <trkpt lat="32.970885" lon="-116.57042"><ele>1466.4464639999692</ele></trkpt>
    <trkpt lat="32.970938" lon="-116.570637"><ele>1465.9532000000058</ele></trkpt>
    <trkpt lat="32.971019" lon="-116.570758"><ele>1464.9344000000194</ele></trkpt>
    <trkpt lat="32.971107" lon="-116.570809"><ele>1464.1171999999851</ele></trkpt>
    <trkpt lat="32.971161" lon="-116.5709"><ele>1463.3419999999423</ele></trkpt>
    <trkpt lat="32.97121" lon="-116.570994"><ele>1462.7984000000108</ele></trkpt>
    <trkpt lat="32.97125" lon="-116.571084"><ele>1462.4024000000375</ele></trkpt>
    <trkpt lat="32.971326" lon="-116.571183"><ele>1461.9084000000937</ele></trkpt>
    <trkpt lat="32.971474" lon="-116.57136"><ele>1461.4623999999753</ele></trkpt>
    <trkpt lat="32.971563" lon="-116.571492"><ele>1460.769863679961</ele></trkpt>
    <trkpt lat="32.971676" lon="-116.571605"><ele>1458.9066591999774</ele></trkpt>
    <trkpt lat="32.971707" lon="-116.571684"><ele>1458.6710790400052</ele></trkpt>
    <trkpt lat="32.971716" lon="-116.571802"><ele>1459.2685465600202</ele></trkpt>
    <trkpt lat="32.971763" lon="-116.571908"><ele>1459.0946003199203</ele></trkpt>
    <trkpt lat="32.971786" lon="-116.571947"><ele>1458.853295359968</ele></trkpt>
    <trkpt lat="32.971827" lon="-116.572107"><ele>1458.0236451200535</ele></trkpt>
    <trkpt lat="32.971792" lon="-116.572394"><ele>1457.5444441599664</ele></trkpt>
    <trkpt lat="32.971774" lon="-116.572599"><ele>1455.861087039972</ele></trkpt>
    <trkpt lat="32.971757" lon="-116.572751"><ele>1454.369349280111</ele></trkpt>
    <trkpt lat="32.971757" lon="-116.572751"><ele>1454.369349280111</ele></trkpt>
    <trkpt lat="32.971854" lon="-116.572762"><ele>1452.1623059200253</ele></trkpt>
    <trkpt lat="32.971962" lon="-116.572736"><ele>1450.1591999999687</ele></trkpt>
    <trkpt lat="32.972153" lon="-116.572733"><ele>1445.3892000000405</ele></trkpt>
    <trkpt lat="32.972344" lon="-116.572741"><ele>1443.4135116800735</ele></trkpt>
    <trkpt lat="32.972466" lon="-116.572712"><ele>1443.5315686400397</ele></trkpt>
    <trkpt lat="32.972486" lon="-116.572631"><ele>1444.1100627199773</ele></trkpt>
    <trkpt lat="32.972486" lon="-116.572475"><ele>1445.3708000000051</ele></trkpt>
    <trkpt lat="32.97252" lon="-116.572387"><ele>1446.2765311999462</ele></trkpt>
    <trkpt lat="32.97268" lon="-116.572355"><ele>1446.8472319999885</ele></trkpt>
    <trkpt lat="32.972752" lon="-116.572349"><ele>1446.965738239997</ele></trkpt>
    <trkpt lat="32.972844" lon="-116.572398"><ele>1446.4598809599713</ele></trkpt>
    <trkpt lat="32.972891" lon="-116.572516"><ele>1445.580922240116</ele></trkpt>
    <trkpt lat="32.972961" lon="-116.572639"><ele>1443.1899361600883</ele></trkpt>
    <trkpt lat="32.973002" lon="-116.57273"><ele>1441.4260383998885</ele></trkpt>
    <trkpt lat="32.973042" lon="-116.572905"><ele>1438.3855503999262</ele></trkpt>
    <trkpt lat="32.973053" lon="-116.573066"><ele>1435.9694163200181</ele></trkpt>
    <trkpt lat="32.973056" lon="-116.573209"><ele>1434.892167679962</ele></trkpt>
    <trkpt lat="32.973106" lon="-116.573295"><ele>1434.044278399984</ele></trkpt>
    <trkpt lat="32.973277" lon="-116.573393"><ele>1432.9444385600095</ele></trkpt>
    <trkpt lat="32.973549" lon="-116.573597"><ele>1433.5247177600022</ele></trkpt>
    <trkpt lat="32.97376" lon="-116.573819"><ele>1434.2460575999812</ele></trkpt>
    <trkpt lat="32.973842" lon="-116.573913"><ele>1434.1757036799156</ele></trkpt>
    <trkpt lat="32.974168" lon="-116.57439"><ele>1431.013600000078</ele></trkpt>
    <trkpt lat="32.974261" lon="-116.574518"><ele>1431.4928739199931</ele></trkpt>
    <trkpt lat="32.974354" lon="-116.57459"><ele>1432.79541439995</ele></trkpt>
    <trkpt lat="32.974457" lon="-116.574624"><ele>1434.6271654400168</ele></trkpt>
    <trkpt lat="32.974543" lon="-116.574629"><ele>1435.999741759922</ele></trkpt>
    <trkpt lat="32.974686" lon="-116.574641"><ele>1438.1565420799784</ele></trkpt>
    <trkpt lat="32.974836" lon="-116.57468"><ele>1437.911999999984</ele></trkpt>
    <trkpt lat="32.974933" lon="-116.574714"><ele>1437.1775999999963</ele></trkpt>
    <trkpt lat="32.975019" lon="-116.574782"><ele>1435.4009590400085</ele></trkpt>
    <trkpt lat="32.975076" lon="-116.574846"><ele>1433.6993484801358</ele></trkpt>
    <trkpt lat="32.975147" lon="-116.574871"><ele>1433.0427185599676</ele></trkpt>
    <trkpt lat="32.975226" lon="-116.574884"><ele>1432.7175219200453</ele></trkpt>
    <trkpt lat="32.975351" lon="-116.574948"><ele>1432.638291839939</ele></trkpt>
    <trkpt lat="32.975487" lon="-116.575012"><ele>1433.1406617600014</ele></trkpt>
    <trkpt lat="32.975598" lon="-116.57508"><ele>1433.244793599997</ele></trkpt>
    <trkpt lat="32.975655" lon="-116.575153"><ele>1432.5084136000023</ele></trkpt>
    <trkpt lat="32.975702" lon="-116.575289"><ele>1430.9787011200042</ele></trkpt>
    <trkpt lat="32.975777" lon="-116.575349"><ele>1430.7955979199915</ele></trkpt>
    <trkpt lat="32.975866" lon="-116.575344"><ele>1431.0302924800224</ele></trkpt>
    <trkpt lat="32.97592" lon="-116.575374"><ele>1431.2653696000393</ele></trkpt>
    <trkpt lat="32.976073" lon="-116.575425"><ele>1431.6865480000536</ele></trkpt>
    <trkpt lat="32.976188" lon="-116.575417"><ele>1433.3791999999862</ele></trkpt>
    <trkpt lat="32.976291" lon="-116.575511"><ele>1433.8795999999757</ele></trkpt>
    <trkpt lat="32.976413" lon="-116.575579"><ele>1434.9227999999416</ele></trkpt>
    <trkpt lat="32.976556" lon="-116.5756"><ele>1436.164800000106</ele></trkpt>
    <trkpt lat="32.976688" lon="-116.575643"><ele>1436.7408000000078</ele></trkpt>
    <trkpt lat="32.976824" lon="-116.57563"><ele>1436.9279999999444</ele></trkpt>
    <trkpt lat="32.977006" lon="-116.575587"><ele>1437.300514880007</ele></trkpt>
    <trkpt lat="32.977196" lon="-116.575587"><ele>1436.5390860800253</ele></trkpt>
    <trkpt lat="32.977282" lon="-116.575583"><ele>1436.0968617600759</ele></trkpt>
    <trkpt lat="32.977378" lon="-116.575647"><ele>1434.4170153599334</ele></trkpt>
    <trkpt lat="32.977446" lon="-116.57569"><ele>1433.358710400081</ele></trkpt>
    <trkpt lat="32.977514" lon="-116.575715"><ele>1432.5891887999726</ele></trkpt>
    <trkpt lat="32.977596" lon="-116.575719"><ele>1431.8740531199433</ele></trkpt>
    <trkpt lat="32.977668" lon="-116.575694"><ele>1431.4914969599995</ele></trkpt>
    <trkpt lat="32.977754" lon="-116.575749"><ele>1430.4671644800096</ele></trkpt>
    <trkpt lat="32.977872" lon="-116.575783"><ele>1429.441336960014</ele></trkpt>
    <trkpt lat="32.977997" lon="-116.575805"><ele>1428.4431015999824</ele></trkpt>
    <trkpt lat="32.978055" lon="-116.575788"><ele>1428.0043264000185</ele></trkpt>
    <trkpt lat="32.978079" lon="-116.575794"><ele>1427.5899510399809</ele></trkpt>
    <trkpt lat="32.978092" lon="-116.575816"><ele>1427.3521868800578</ele></trkpt>
    <trkpt lat="32.978111" lon="-116.575854"><ele>1426.6448502399107</ele></trkpt>
    <trkpt lat="32.978125" lon="-116.575877"><ele>1426.0032999999298</ele></trkpt>
    <trkpt lat="32.978151" lon="-116.575888"><ele>1425.3656204799504</ele></trkpt>
    <trkpt lat="32.978174" lon="-116.575896"><ele>1424.83619583995</ele></trkpt>
    <trkpt lat="32.978209" lon="-116.575902"><ele>1424.1385532800184</ele></trkpt>
    <trkpt lat="32.978254" lon="-116.575888"><ele>1423.5845939199098</ele></trkpt>
    <trkpt lat="32.978334" lon="-116.575866"><ele>1422.5184467199856</ele></trkpt>
    <trkpt lat="32.978334" lon="-116.575866"><ele>1422.5184467199856</ele></trkpt>
    <trkpt lat="32.978237" lon="-116.576013"><ele>1421.9224897599488</ele></trkpt>
    <trkpt lat="32.978154" lon="-116.57612"><ele>1421.360422399873</ele></trkpt>
    <trkpt lat="32.978064" lon="-116.576269"><ele>1418.383038080075</ele></trkpt>
    <trkpt lat="32.977978" lon="-116.576429"><ele>1415.9627999999464</ele></trkpt>
    <trkpt lat="32.977999" lon="-116.576561"><ele>1414.1592000000742</ele></trkpt>
    <trkpt lat="32.978026" lon="-116.576667"><ele>1412.5370553600103</ele></trkpt>
    <trkpt lat="32.978184" lon="-116.577065"><ele>1415.9474368000672</ele></trkpt>
    <trkpt lat="32.978248" lon="-116.577351"><ele>1416.5359999999873</ele></trkpt>
    <trkpt lat="32.978254" lon="-116.577574"><ele>1416.7704838399986</ele></trkpt>
    <trkpt lat="32.978256" lon="-116.577692"><ele>1417.27563007996</ele></trkpt>
    <trkpt lat="32.978257" lon="-116.577748"><ele>1417.5121414400155</ele></trkpt>
    <trkpt lat="32.978248" lon="-116.577871"><ele>1418.746903680003</ele></trkpt>
    <trkpt lat="32.978204" lon="-116.577959"><ele>1420.4470425601003</ele></trkpt>
    <trkpt lat="32.978224" lon="-116.578109"><ele>1420.8922713600484</ele></trkpt>
    <trkpt lat="32.978246" lon="-116.578202"><ele>1420.4062483200162</ele></trkpt>
    <trkpt lat="32.978157" lon="-116.578323"><ele>1421.562814559961</ele></trkpt>
    <trkpt lat="32.978038" lon="-116.578557"><ele>1422.1808454399825</ele></trkpt>
    <trkpt lat="32.977941" lon="-116.578676"><ele>1421.1203999999934</ele></trkpt>
    <trkpt lat="32.977798" lon="-116.578767"><ele>1419.950400000006</ele></trkpt>
    <trkpt lat="32.977489" lon="-116.578993"><ele>1417.3847158399915</ele></trkpt>
    <trkpt lat="32.977403" lon="-116.579072"><ele>1417.548014719999</ele></trkpt>
    <trkpt lat="32.977363" lon="-116.579132"><ele>1417.5051027199916</ele></trkpt>
    <trkpt lat="32.977336" lon="-116.57931"><ele>1418.23024640004</ele></trkpt>
    <trkpt lat="32.977326" lon="-116.579464"><ele>1419.0</ele></trkpt>
    <trkpt lat="32.977238" lon="-116.579612"><ele>1419.0</ele></trkpt>
    <trkpt lat="32.977207" lon="-116.579774"><ele>1419.0</ele></trkpt>
    <trkpt lat="32.977133" lon="-116.579813"><ele>1419.0</ele></trkpt>
    <trkpt lat="32.977047" lon="-116.579888"><ele>1419.0</ele></trkpt>
    <trkpt lat="32.976931" lon="-116.579955"><ele>1418.9594408000016</ele></trkpt>
    <trkpt lat="32.976918" lon="-116.580009"><ele>1418.869315519976</ele></trkpt>
    <trkpt lat="32.976909" lon="-116.580063"><ele>1418.6166603200145</ele></trkpt>
    <trkpt lat="32.976907" lon="-116.580116"><ele>1418.3913075199691</ele></trkpt>
    <trkpt lat="32.9769" lon="-116.580252"><ele>1417.7876479999973</ele></trkpt>
    <trkpt lat="32.976953" lon="-116.580529"><ele>1417.1264000000117</ele></trkpt>
    <trkpt lat="32.976932" lon="-116.580652"><ele>1416.563199999983</ele></trkpt>
    <trkpt lat="32.976915" lon="-116.580688"><ele>1416.3112000000049</ele></trkpt>
    <trkpt lat="32.976884" lon="-116.580751"><ele>1415.8611999999641</ele></trkpt>
    <trkpt lat="32.976841" lon="-116.580943"><ele>1415.154447039997</ele></trkpt>
    <trkpt lat="32.976811" lon="-116.581034"><ele>1415.0108819199954</ele></trkpt>
    <trkpt lat="32.976758" lon="-116.581228"><ele>1415.144081920005</ele></trkpt>
    <trkpt lat="32.976725" lon="-116.581295"><ele>1415.3839599999858</ele></trkpt>
    <trkpt lat="32.976632" lon="-116.581374"><ele>1416.0711999999805</ele></trkpt>
    <trkpt lat="32.976632" lon="-116.581374"><ele>1416.0711999999805</ele></trkpt>
    <trkpt lat="32.976615" lon="-116.581388"><ele>1416.1828000000055</ele></trkpt>
    <trkpt lat="32.9765" lon="-116.581406"><ele>1416.599999999995</ele></trkpt>
    <trkpt lat="32.976518" lon="-116.581546"><ele>1416.5352000000048</ele></trkpt>
    <trkpt lat="32.976501" lon="-116.581669"><ele>1416.5879999999856</ele></trkpt>
    <trkpt lat="32.976483" lon="-116.5819"><ele>1415.8211999999774</ele></trkpt>
    <trkpt lat="32.976483" lon="-116.582064"><ele>1415.3766195199903</ele></trkpt>
    <trkpt lat="32.976463" lon="-116.582283"><ele>1415.1604241600082</ele></trkpt>
    <trkpt lat="32.976395" lon="-116.582458"><ele>1415.8301264000195</ele></trkpt>
    <trkpt lat="32.976322" lon="-116.582604"><ele>1417.6048000000137</ele></trkpt>
    <trkpt lat="32.976308" lon="-116.582624"><ele>1417.9215999999299</ele></trkpt>
    <trkpt lat="32.976308" lon="-116.582624"><ele>1417.9215999999299</ele></trkpt>
    <trkpt lat="32.976296" lon="-116.582643"><ele>1418.213200000064</ele></trkpt>
    <trkpt lat="32.976271" lon="-116.582679"><ele>1418.782000000009</ele></trkpt>
    <trkpt lat="32.976203" lon="-116.582776"><ele>1420.319199999965</ele></trkpt>
    <trkpt lat="32.976136" lon="-116.582852"><ele>1421.6702822400466</ele></trkpt>
    <trkpt lat="32.976019" lon="-116.582941"><ele>1423.289248160058</ele></trkpt>
    <trkpt lat="32.97567" lon="-116.583112"><ele>1426.932281599997</ele></trkpt>
    <trkpt lat="32.97549" lon="-116.583206"><ele>1428.6883648000671</ele></trkpt>
    <trkpt lat="32.975304" lon="-116.583366"><ele>1430.5647999999765</ele></trkpt>
    <trkpt lat="32.975193" lon="-116.583536"><ele>1431.7801260798992</ele></trkpt>
    <trkpt lat="32.975119" lon="-116.583668"><ele>1432.4450636800304</ele></trkpt>
    <trkpt lat="32.97508" lon="-116.583744"><ele>1432.9278207999234</ele></trkpt>
    <trkpt lat="32.975052" lon="-116.583798"><ele>1433.3140518399987</ele></trkpt>
    <trkpt lat="32.974964" lon="-116.584"><ele>1435.081600000045</ele></trkpt>
    <trkpt lat="32.97488" lon="-116.584534"><ele>1439.3049536000233</ele></trkpt>
    <trkpt lat="32.974852" lon="-116.584741"><ele>1440.6699999999294</ele></trkpt>
    <trkpt lat="32.974852" lon="-116.584741"><ele>1440.6699999999294</ele></trkpt>
    <trkpt lat="32.97489" lon="-116.584787"><ele>1441.3036000000693</ele></trkpt>
    <trkpt lat="32.97493" lon="-116.584798"><ele>1441.5664000000706</ele></trkpt>
    <trkpt lat="32.974956" lon="-116.584778"><ele>1441.4439999999959</ele></trkpt>
    <trkpt lat="32.975048" lon="-116.584698"><ele>1441.2734681600173</ele></trkpt>
    <trkpt lat="32.975128" lon="-116.584635"><ele>1441.752291199994</ele></trkpt>
    <trkpt lat="32.975249" lon="-116.584589"><ele>1442.7431134399799</ele></trkpt>
    <trkpt lat="32.9754" lon="-116.584559"><ele>1443.7258239999949</ele></trkpt>
    <trkpt lat="32.975475" lon="-116.584554"><ele>1444.120095999988</ele></trkpt>
    <trkpt lat="32.975578" lon="-116.584592"><ele>1445.162679040007</ele></trkpt>
    <trkpt lat="32.97567" lon="-116.584638"><ele>1445.912118399978</ele></trkpt>
    <trkpt lat="32.975759" lon="-116.584698"><ele>1446.7150652800347</ele></trkpt>
    <trkpt lat="32.975892" lon="-116.584799"><ele>1448.2155270400615</ele></trkpt>
    <trkpt lat="32.975965" lon="-116.584854"><ele>1449.571796800132</ele></trkpt>
    <trkpt lat="32.976036" lon="-116.584881"><ele>1450.6955180799262</ele></trkpt>
    <trkpt lat="32.976141" lon="-116.584914"><ele>1452.4651999999323</ele></trkpt>
    <trkpt lat="32.97631" lon="-116.584944"><ele>1454.9383999998286</ele></trkpt>
    <trkpt lat="32.976439" lon="-116.584965"><ele>1456.2667303999335</ele></trkpt>
    <trkpt lat="32.976546" lon="-116.585025"><ele>1457.4109040000274</ele></trkpt>
    <trkpt lat="32.976649" lon="-116.585137"><ele>1459.434632480059</ele></trkpt>
    <trkpt lat="32.976693" lon="-116.585252"><ele>1461.4411999999552</ele></trkpt>
    <trkpt lat="32.976722" lon="-116.585418"><ele>1463.0115123200364</ele></trkpt>
    <trkpt lat="32.97672" lon="-116.585533"><ele>1463.9984191999843</ele></trkpt>
    <trkpt lat="32.976683" lon="-116.585784"><ele>1465.7519571200373</ele></trkpt>
    <trkpt lat="32.976656" lon="-116.585852"><ele>1466.0889804800124</ele></trkpt>
    <trkpt lat="32.976601" lon="-116.585996"><ele>1467.1860358399551</ele></trkpt>
    <trkpt lat="32.976537" lon="-116.586141"><ele>1468.5470276799679</ele></trkpt>
    <trkpt lat="32.976487" lon="-116.58628"><ele>1470.5316544000293</ele></trkpt>
    <trkpt lat="32.976418" lon="-116.5864"><ele>1472.3806079999486</ele></trkpt>
    <trkpt lat="32.976338" lon="-116.58649"><ele>1474.531145599947</ele></trkpt>
    <trkpt lat="32.976278" lon="-116.586534"><ele>1475.4303737600083</ele></trkpt>
    <trkpt lat="32.976212" lon="-116.586602"><ele>1476.54154111997</ele></trkpt>
    <trkpt lat="32.976102" lon="-116.586763"><ele>1477.9848499200348</ele></trkpt>
    <trkpt lat="32.976029" lon="-116.58685"><ele>1478.2942079999593</ele></trkpt>
    <trkpt lat="32.975958" lon="-116.586981"><ele>1478.7277241599245</ele></trkpt>
    <trkpt lat="32.975903" lon="-116.587109"><ele>1479.23434784002</ele></trkpt>
    <trkpt lat="32.975867" lon="-116.587174"><ele>1479.2167193600515</ele></trkpt>
    <trkpt lat="32.975803" lon="-116.587251"><ele>1479.2939999998785</ele></trkpt>
    <trkpt lat="32.975752" lon="-116.587292"><ele>1479.6288000001082</ele></trkpt>
    <trkpt lat="32.975558" lon="-116.587483"><ele>1481.6592000001237</ele></trkpt>
    <trkpt lat="32.975322" lon="-116.587742"><ele>1486.8719148801592</ele></trkpt>
    <trkpt lat="32.975251" lon="-116.587832"><ele>1489.4628000001483</ele></trkpt>
    <trkpt lat="32.975249" lon="-116.587834"><ele>1489.5204000000288</ele></trkpt>
    <trkpt lat="32.975201" lon="-116.587859"><ele>1490.323199999869</ele></trkpt>
    <trkpt lat="32.975135" lon="-116.587875"><ele>1490.963999999914</ele></trkpt>
    <trkpt lat="32.975032" lon="-116.587856"><ele>1490.8560000000587</ele></trkpt>
    <trkpt lat="32.974899" lon="-116.587826"><ele>1490.816158080151</ele></trkpt>
    <trkpt lat="32.974773" lon="-116.587785"><ele>1490.7739055999427</ele></trkpt>
    <trkpt lat="32.974656" lon="-116.587734"><ele>1490.6119999999044</ele></trkpt>
    <trkpt lat="32.974549" lon="-116.587706"><ele>1491.0619999998944</ele></trkpt>
    <trkpt lat="32.974485" lon="-116.587706"><ele>1491.7531999999132</ele></trkpt>
    <trkpt lat="32.974405" lon="-116.587734"><ele>1493.0835583999533</ele></trkpt>
    <trkpt lat="32.974331" lon="-116.587774"><ele>1494.3243084799135</ele></trkpt>
    <trkpt lat="32.974288" lon="-116.587826"><ele>1495.084000000069</ele></trkpt>
    <trkpt lat="32.974256" lon="-116.587884"><ele>1495.8256000000383</ele></trkpt>
    <trkpt lat="32.974206" lon="-116.588017"><ele>1497.441999999922</ele></trkpt>
    <trkpt lat="32.97419" lon="-116.588113"><ele>1498.9673712001277</ele></trkpt>
    <trkpt lat="32.974176" lon="-116.588205"><ele>1500.6744768000378</ele></trkpt>
    <trkpt lat="32.974155" lon="-116.588325"><ele>1502.8512599999558</ele></trkpt>
    <trkpt lat="32.974114" lon="-116.58844"><ele>1505.2311936001179</ele></trkpt>
    <trkpt lat="32.974082" lon="-116.588505"><ele>1506.519633599962</ele></trkpt>
    <trkpt lat="32.974052" lon="-116.588565"><ele>1507.6597248000548</ele></trkpt>
    <trkpt lat="32.974018" lon="-116.588609"><ele>1508.423267520107</ele></trkpt>
    <trkpt lat="32.97397" lon="-116.58865"><ele>1509.312880000038</ele></trkpt>
    <trkpt lat="32.973901" lon="-116.588691"><ele>1510.0693393599192</ele></trkpt>
    <trkpt lat="32.973844" lon="-116.588737"><ele>1511.1723999998674</ele></trkpt>
    <trkpt lat="32.97378" lon="-116.588797"><ele>1512.6843999999892</ele></trkpt>
    <trkpt lat="32.973739" lon="-116.588835"><ele>1513.6420000000783</ele></trkpt>
    <trkpt lat="32.973694" lon="-116.588878"><ele>1514.7255999998492</ele></trkpt>
    <trkpt lat="32.973669" lon="-116.588914"><ele>1515.5612393600584</ele></trkpt>
    <trkpt lat="32.973652" lon="-116.588953"><ele>1516.418773760081</ele></trkpt>
    <trkpt lat="32.973647" lon="-116.588988"><ele>1517.1868985600108</ele></trkpt>
    <trkpt lat="32.973645" lon="-116.58904"><ele>1518.330367999932</ele></trkpt>
    <trkpt lat="32.973661" lon="-116.58907"><ele>1519.0290992001474</ele></trkpt>
    <trkpt lat="32.973698" lon="-116.589097"><ele>1519.7295497598907</ele></trkpt>
    <trkpt lat="32.973733" lon="-116.589096"><ele>1519.8007692799576</ele></trkpt>
    <trkpt lat="32.973794" lon="-116.589082"><ele>1519.6289196801094</ele></trkpt>
    <trkpt lat="32.973965" lon="-116.589006"><ele>1518.49919999994</ele></trkpt>
    <trkpt lat="32.974106" lon="-116.588927"><ele>1517.523599999948</ele></trkpt>
    <trkpt lat="32.974206" lon="-116.588903"><ele>1517.780400000075</ele></trkpt>
    <trkpt lat="32.9743" lon="-116.588914"><ele>1519.0728000000602</ele></trkpt>
    <trkpt lat="32.974384" lon="-116.588944"><ele>1520.735999999953</ele></trkpt>
    <trkpt lat="32.974484" lon="-116.589001"><ele>1522.9126905598869</ele></trkpt>
    <trkpt lat="32.974585" lon="-116.589071"><ele>1525.4101344001197</ele></trkpt>
    <trkpt lat="32.974694" lon="-116.589153"><ele>1529.173994879844</ele></trkpt>
    <trkpt lat="32.97481" lon="-116.589261"><ele>1532.4067407997939</ele></trkpt>
    <trkpt lat="32.974849" lon="-116.58928"><ele>1532.9098336000786</ele></trkpt>
    <trkpt lat="32.974883" lon="-116.589291"><ele>1533.2004126401052</ele></trkpt>
    <trkpt lat="32.974938" lon="-116.589286"><ele>1532.8843398400445</ele></trkpt>
    <trkpt lat="32.975134" lon="-116.589259"><ele>1532.7829004799182</ele></trkpt>
    <trkpt lat="32.975391" lon="-116.589237"><ele>1534.5995870399415</ele></trkpt>
    <trkpt lat="32.975665" lon="-116.58928"><ele>1537.6087520000508</ele></trkpt>
    <trkpt lat="32.975952" lon="-116.589324"><ele>1539.1500339201139</ele></trkpt>
    <trkpt lat="32.976052" lon="-116.589362"><ele>1540.1560409598726</ele></trkpt>
    <trkpt lat="32.976123" lon="-116.589384"><ele>1540.8376601599143</ele></trkpt>
    <trkpt lat="32.976241" lon="-116.589384"><ele>1542.2595507199003</ele></trkpt>
    <trkpt lat="32.976396" lon="-116.58934"><ele>1542.7024256002423</ele></trkpt>
    <trkpt lat="32.976528" lon="-116.589291"><ele>1542.807441920112</ele></trkpt>
    <trkpt lat="32.976856" lon="-116.589131"><ele>1542.576552319798</ele></trkpt>
    <trkpt lat="32.977032" lon="-116.589036"><ele>1543.313589759805</ele></trkpt>
    <trkpt lat="32.977125" lon="-116.589001"><ele>1544.265819999881</ele></trkpt>
    <trkpt lat="32.97723" lon="-116.58899"><ele>1546.1058079998033</ele></trkpt>
    <trkpt lat="32.977303" lon="-116.588995"><ele>1547.2541143998756</ele></trkpt>
    <trkpt lat="32.977351" lon="-116.58902"><ele>1548.827580800173</ele></trkpt>
    <trkpt lat="32.977398" lon="-116.589049"><ele>1550.5068540801158</ele></trkpt>
    <trkpt lat="32.97745" lon="-116.589084"><ele>1552.4304319999603</ele></trkpt>
    <trkpt lat="32.977501" lon="-116.589095"><ele>1553.4254575999946</ele></trkpt>
    <trkpt lat="32.977582" lon="-116.589084"><ele>1553.4949030399796</ele></trkpt>
    <trkpt lat="32.977661" lon="-116.589046"><ele>1552.7391564798634</ele></trkpt>
    <trkpt lat="32.977731" lon="-116.589009"><ele>1552.0996323201193</ele></trkpt>
    <trkpt lat="32.977828" lon="-116.58902"><ele>1553.052262400153</ele></trkpt>
    <trkpt lat="32.97783" lon="-116.58902"><ele>1553.063264000125</ele></trkpt>
    <trkpt lat="32.977868" lon="-116.589057"><ele>1554.2946310399168</ele></trkpt>
    <trkpt lat="32.977875" lon="-116.589081"><ele>1554.990739999797</ele></trkpt>
    <trkpt lat="32.977861" lon="-116.589162"><ele>1557.1702332800378</ele></trkpt>
    <trkpt lat="32.977861" lon="-116.589164"><ele>1557.225676159898</ele></trkpt>
    <trkpt lat="32.977816" lon="-116.589221"><ele>1558.1155999998975</ele></trkpt>
    <trkpt lat="32.977697" lon="-116.589376"><ele>1560.696346880027</ele></trkpt>
    <trkpt lat="32.977609" lon="-116.589492"><ele>1562.8191577601222</ele></trkpt>
    <trkpt lat="32.977607" lon="-116.589497"><ele>1562.9025596799022</ele></trkpt>
    <trkpt lat="32.977573" lon="-116.589518"><ele>1563.19837887997</ele></trkpt>
    <trkpt lat="32.977535" lon="-116.589529"><ele>1563.2943087999893</ele></trkpt>
    <trkpt lat="32.977483" lon="-116.589537"><ele>1563.2103755201028</ele></trkpt>
    <trkpt lat="32.977335" lon="-116.589526"><ele>1561.9155952001067</ele></trkpt>
    <trkpt lat="32.977328" lon="-116.589526"><ele>1561.8621913601355</ele></trkpt>
    <trkpt lat="32.977258" lon="-116.589526"><ele>1561.3281529601463</ele></trkpt>
    <trkpt lat="32.977216" lon="-116.589532"><ele>1561.1168000001173</ele></trkpt>
    <trkpt lat="32.977182" lon="-116.589543"><ele>1560.904400000142</ele></trkpt>
    <trkpt lat="32.977146" lon="-116.589596"><ele>1561.721599999972</ele></trkpt>
    <trkpt lat="32.977141" lon="-116.589623"><ele>1562.3300000001248</ele></trkpt>
    <trkpt lat="32.977144" lon="-116.589661"><ele>1563.3308000002066</ele></trkpt>
    <trkpt lat="32.977186" lon="-116.589704"><ele>1565.0191999999859</ele></trkpt>
    <trkpt lat="32.977292" lon="-116.589765"><ele>1566.6546847999973</ele></trkpt>
    <trkpt lat="32.977463" lon="-116.589811"><ele>1567.555429279955</ele></trkpt>
    <trkpt lat="32.977659" lon="-116.589838"><ele>1569.4673763200303</ele></trkpt>
    <trkpt lat="32.977846" lon="-116.589846"><ele>1571.2742393598683</ele></trkpt>
    <trkpt lat="32.978005" lon="-116.589835"><ele>1572.4041079998715</ele></trkpt>
    <trkpt lat="32.978091" lon="-116.589824"><ele>1572.7264947198269</ele></trkpt>
    <trkpt lat="32.978163" lon="-116.589787"><ele>1572.2255964800377</ele></trkpt>
    <trkpt lat="32.978221" lon="-116.589714"><ele>1570.9840000000024</ele></trkpt>
    <trkpt lat="32.978287" lon="-116.589642"><ele>1569.644799999956</ele></trkpt>
    <trkpt lat="32.978352" lon="-116.589612"><ele>1569.410129920071</ele></trkpt>
    <trkpt lat="32.978415" lon="-116.589615"><ele>1570.1129679998642</ele></trkpt>
    <trkpt lat="32.97846" lon="-116.589645"><ele>1571.2195360000808</ele></trkpt>
    <trkpt lat="32.97848" lon="-116.589677"><ele>1572.0883167998654</ele></trkpt>
    <trkpt lat="32.978482" lon="-116.589736"><ele>1573.3449459200374</ele></trkpt>
    <trkpt lat="32.978467" lon="-116.589819"><ele>1574.8720500801278</ele></trkpt>
    <trkpt lat="32.978435" lon="-116.589889"><ele>1575.9537463999654</ele></trkpt>
    <trkpt lat="32.978386" lon="-116.589961"><ele>1576.8401801600492</ele></trkpt>
    <trkpt lat="32.978341" lon="-116.589999"><ele>1577.0647006401111</ele></trkpt>
    <trkpt lat="32.978255" lon="-116.590041"><ele>1577.8855999999864</ele></trkpt>
    <trkpt lat="32.978185" lon="-116.590087"><ele>1578.8791999999335</ele></trkpt>
    <trkpt lat="32.978077" lon="-116.590162"><ele>1580.4992000001407</ele></trkpt>
    <trkpt lat="32.97799" lon="-116.590251"><ele>1581.713599999874</ele></trkpt>
    <trkpt lat="32.977927" lon="-116.590355"><ele>1582.980916800052</ele></trkpt>
    <trkpt lat="32.977884" lon="-116.590433"><ele>1584.0726297601047</ele></trkpt>
    <trkpt lat="32.977843" lon="-116.590481"><ele>1584.7504406399391</ele></trkpt>
    <trkpt lat="32.977803" lon="-116.590538"><ele>1585.723077119904</ele></trkpt>
    <trkpt lat="32.977767" lon="-116.590597"><ele>1586.6296000000452</ele></trkpt>
    <trkpt lat="32.977702" lon="-116.590664"><ele>1587.133600000077</ele></trkpt>
    <trkpt lat="32.977632" lon="-116.59076"><ele>1588.1056000000533</ele></trkpt>
    <trkpt lat="32.977594" lon="-116.590809"><ele>1588.5771999999117</ele></trkpt>
    <trkpt lat="32.97756" lon="-116.590873"><ele>1589.4236896000011</ele></trkpt>
    <trkpt lat="32.977497" lon="-116.590948"><ele>1590.0468582399503</ele></trkpt>
    <trkpt lat="32.977429" lon="-116.591018"><ele>1590.9827228801053</ele></trkpt>
    <trkpt lat="32.977387" lon="-116.591061"><ele>1591.6178132799284</ele></trkpt>
    <trkpt lat="32.977362" lon="-116.591112"><ele>1592.5208102399072</ele></trkpt>
    <trkpt lat="32.977362" lon="-116.591155"><ele>1593.3727056000082</ele></trkpt>
    <trkpt lat="32.977373" lon="-116.591198"><ele>1594.2765878401133</ele></trkpt>
    <trkpt lat="32.977414" lon="-116.591222"><ele>1594.962007680055</ele></trkpt>
    <trkpt lat="32.97747" lon="-116.591214"><ele>1595.0743967998496</ele></trkpt>
    <trkpt lat="32.977512" lon="-116.5912"><ele>1595.1083519999697</ele></trkpt>
    <trkpt lat="32.977576" lon="-116.591171"><ele>1595.54362368004</ele></trkpt>
    <trkpt lat="32.977618" lon="-116.591126"><ele>1595.4000614400445</ele></trkpt>
    <trkpt lat="32.977722" lon="-116.591008"><ele>1594.546673920052</ele></trkpt>
    <trkpt lat="32.977825" lon="-116.590932"><ele>1593.9360159999069</ele></trkpt>
    <trkpt lat="32.97792" lon="-116.590894"><ele>1593.9529792001094</ele></trkpt>
    <trkpt lat="32.978044" lon="-116.590854"><ele>1594.3246950398195</ele></trkpt>
    <trkpt lat="32.97814" lon="-116.590852"><ele>1595.3356287999948</ele></trkpt>
    <trkpt lat="32.978201" lon="-116.590884"><ele>1596.7607046400458</ele></trkpt>
    <trkpt lat="32.978237" lon="-116.590907"><ele>1597.7240286400342</ele></trkpt>
    <trkpt lat="32.978298" lon="-116.59094"><ele>1599.257555200111</ele></trkpt>
    <trkpt lat="32.97839" lon="-116.590976"><ele>1601.1024255999212</ele></trkpt>
    <trkpt lat="32.978451" lon="-116.591004"><ele>1602.3113401599528</ele></trkpt>
    <trkpt lat="32.978507" lon="-116.591028"><ele>1603.343059839874</ele></trkpt>
    <trkpt lat="32.978579" lon="-116.591089"><ele>1605.2819982399515</ele></trkpt>
    <trkpt lat="32.97866" lon="-116.591144"><ele>1606.8655615999908</ele></trkpt>
    <trkpt lat="32.978729" lon="-116.591204"><ele>1608.288880640098</ele></trkpt>
    <trkpt lat="32.978808" lon="-116.591244"><ele>1609.2401100800628</ele></trkpt>
    <trkpt lat="32.978879" lon="-116.591247"><ele>1609.4278155199195</ele></trkpt>
    <trkpt lat="32.97891" lon="-116.591252"><ele>1609.3839999999573</ele></trkpt>
    <trkpt lat="32.97891" lon="-116.591252"><ele>1609.3839999999573</ele></trkpt>
    <trkpt lat="32.97904" lon="-116.591271"><ele>1608.7900000001264</ele></trkpt>
    <trkpt lat="32.979104" lon="-116.591299"><ele>1608.8332000001194</ele></trkpt>
    <trkpt lat="32.979152" lon="-116.591335"><ele>1609.1356000000212</ele></trkpt>
    <trkpt lat="32.979201" lon="-116.591384"><ele>1609.4197753600413</ele></trkpt>
    <trkpt lat="32.979252" lon="-116.591441"><ele>1609.7668307200277</ele></trkpt>
    <trkpt lat="32.979346" lon="-116.591605"><ele>1611.8098768000307</ele></trkpt>
    <trkpt lat="32.979361" lon="-116.591636"><ele>1612.2719641599094</ele></trkpt>
    <trkpt lat="32.979384" lon="-116.591666"><ele>1612.6389222400403</ele></trkpt>
    <trkpt lat="32.979412" lon="-116.591703"><ele>1613.1351999998637</ele></trkpt>
    <trkpt lat="32.979458" lon="-116.591763"><ele>1614.0808000000056</ele></trkpt>
    <trkpt lat="32.979484" lon="-116.591797"><ele>1614.8151999999932</ele></trkpt>
    <trkpt lat="32.979512" lon="-116.591846"><ele>1615.8736000000836</ele></trkpt>
    <trkpt lat="32.979514" lon="-116.591903"><ele>1617.1048000000446</ele></trkpt>
    <trkpt lat="32.979501" lon="-116.591952"><ele>1618.2120620801754</ele></trkpt>
    <trkpt lat="32.979481" lon="-116.591979"><ele>1618.9788289598564</ele></trkpt>
    <trkpt lat="32.979448" lon="-116.591997"><ele>1619.5111782401832</ele></trkpt>
    <trkpt lat="32.979366" lon="-116.591985"><ele>1619.9739695998448</ele></trkpt>
    <trkpt lat="32.979249" lon="-116.591955"><ele>1620.3880631999336</ele></trkpt>
    <trkpt lat="32.979152" lon="-116.591906"><ele>1620.2678924798859</ele></trkpt>
    <trkpt lat="32.979065" lon="-116.591855"><ele>1619.6821479999028</ele></trkpt>
    <trkpt lat="32.978951" lon="-116.591833"><ele>1619.834108319843</ele></trkpt>
    <trkpt lat="32.978877" lon="-116.591833"><ele>1620.157514079845</ele></trkpt>
    <trkpt lat="32.978808" lon="-116.591861"><ele>1620.5772294398803</ele></trkpt>
    <trkpt lat="32.978721" lon="-116.59194"><ele>1621.7082111998877</ele></trkpt>
    <trkpt lat="32.978655" lon="-116.591988"><ele>1622.1000000000356</ele></trkpt>
    <trkpt lat="32.978602" lon="-116.592046"><ele>1622.7951999999411</ele></trkpt>
    <trkpt lat="32.978522" lon="-116.59211"><ele>1623.6592000000876</ele></trkpt>
    <trkpt lat="32.978441" lon="-116.592177"><ele>1624.5736000001068</ele></trkpt>
    <trkpt lat="32.97837" lon="-116.592241"><ele>1625.4878464000178</ele></trkpt>
    <trkpt lat="32.978296" lon="-116.592341"><ele>1626.8117305600842</ele></trkpt>
    <trkpt lat="32.978214" lon="-116.592475"><ele>1628.2998639999016</ele></trkpt>
    <trkpt lat="32.978163" lon="-116.59256"><ele>1629.32394880014</ele></trkpt>
    <trkpt lat="32.978101" lon="-116.592606"><ele>1629.461229760094</ele></trkpt>
    <trkpt lat="32.978058" lon="-116.592658"><ele>1629.875405439967</ele></trkpt>
    <trkpt lat="32.977994" lon="-116.592698"><ele>1629.456000000019</ele></trkpt>
    <trkpt lat="32.977948" lon="-116.59274"><ele>1629.3840000000735</ele></trkpt>
    <trkpt lat="32.977894" lon="-116.592801"><ele>1629.3427999999233</ele></trkpt>
    <trkpt lat="32.977863" lon="-116.592859"><ele>1629.4112000000337</ele></trkpt>
    <trkpt lat="32.97783" lon="-116.592926"><ele>1629.5408000000111</ele></trkpt>
    <trkpt lat="32.977786" lon="-116.592987"><ele>1629.4075999999654</ele></trkpt>
    <trkpt lat="32.977745" lon="-116.593024"><ele>1629.2649855999823</ele></trkpt>
    <trkpt lat="32.977646" lon="-116.5931"><ele>1629.3686080001219</ele></trkpt>
    <trkpt lat="32.977605" lon="-116.593128"><ele>1629.50163519984</ele></trkpt>
    <trkpt lat="32.977579" lon="-116.593161"><ele>1629.9148835198898</ele></trkpt>
    <trkpt lat="32.977574" lon="-116.593189"><ele>1630.4256428798863</ele></trkpt>
    <trkpt lat="32.977574" lon="-116.593244"><ele>1631.5081484799543</ele></trkpt>
    <trkpt lat="32.977594" lon="-116.593302"><ele>1632.7379430399044</ele></trkpt>
    <trkpt lat="32.97764" lon="-116.593338"><ele>1633.5710656000438</ele></trkpt>
    <trkpt lat="32.977702" lon="-116.593341"><ele>1633.8250585599415</ele></trkpt>
    <trkpt lat="32.977789" lon="-116.593308"><ele>1633.800484479924</ele></trkpt>
    <trkpt lat="32.978076" lon="-116.593207"><ele>1637.1574534401127</ele></trkpt>
    <trkpt lat="32.978309" lon="-116.593119"><ele>1641.5763843200948</ele></trkpt>
    <trkpt lat="32.978485" lon="-116.593033"><ele>1642.7336648000978</ele></trkpt>
    <trkpt lat="32.978593" lon="-116.592997"><ele>1643.4881441598852</ele></trkpt>
    <trkpt lat="32.978662" lon="-116.592984"><ele>1644.0040000000263</ele></trkpt>
    <trkpt lat="32.978746" lon="-116.593012"><ele>1645.5160000000465</ele></trkpt>
    <trkpt lat="32.978854" lon="-116.593064"><ele>1647.7751999999514</ele></trkpt>
    <trkpt lat="32.978961" lon="-116.5931"><ele>1648.581936000135</ele></trkpt>
    <trkpt lat="32.979018" lon="-116.593125"><ele>1648.9014000000018</ele></trkpt>
    <trkpt lat="32.979106" lon="-116.59318"><ele>1649.8085568000763</ele></trkpt>
    <trkpt lat="32.979207" lon="-116.593227"><ele>1650.592034879967</ele></trkpt>
    <trkpt lat="32.979308" lon="-116.593267"><ele>1651.324197119927</ele></trkpt>
    <trkpt lat="32.97943" lon="-116.593293"><ele>1651.853500800077</ele></trkpt>
    <trkpt lat="32.979504" lon="-116.5933"><ele>1651.6369279999892</ele></trkpt>
    <trkpt lat="32.979585" lon="-116.593334"><ele>1652.0119999999524</ele></trkpt>
    <trkpt lat="32.979713" lon="-116.593431"><ele>1654.582399999857</ele></trkpt>
    <trkpt lat="32.979826" lon="-116.593503"><ele>1656.5062051199263</ele></trkpt>
    <trkpt lat="32.979999" lon="-116.593597"><ele>1658.5498171200886</ele></trkpt>
    <trkpt lat="32.980073" lon="-116.593654"><ele>1659.7774236800303</ele></trkpt>
    <trkpt lat="32.980172" lon="-116.593691"><ele>1660.2159180801427</ele></trkpt>
    <trkpt lat="32.980253" lon="-116.593718"><ele>1660.4323241599138</ele></trkpt>
    <trkpt lat="32.980305" lon="-116.593726"><ele>1660.5390672000824</ele></trkpt>
    <trkpt lat="32.980341" lon="-116.593758"><ele>1661.2800451198805</ele></trkpt>
    <trkpt lat="32.980348" lon="-116.593793"><ele>1662.0160665601052</ele></trkpt>
    <trkpt lat="32.98035" lon="-116.593852"><ele>1663.2377279999648</ele></trkpt>
    <trkpt lat="32.980348" lon="-116.593914"><ele>1664.700346879946</ele></trkpt>
    <trkpt lat="32.980323" lon="-116.593973"><ele>1666.3731041601543</ele></trkpt>
    <trkpt lat="32.980289" lon="-116.594016"><ele>1667.6423129598961</ele></trkpt>
    <trkpt lat="32.980222" lon="-116.594045"><ele>1668.8975999998484</ele></trkpt>
    <trkpt lat="32.980159" lon="-116.594061"><ele>1669.8119999998926</ele></trkpt>
    <trkpt lat="32.980069" lon="-116.594072"><ele>1670.7767999999123</ele></trkpt>
    <trkpt lat="32.980002" lon="-116.594043"><ele>1670.4239999999845</ele></trkpt>
    <trkpt lat="32.979912" lon="-116.59401"><ele>1670.202700799943</ele></trkpt>
    <trkpt lat="32.979828" lon="-116.593997"><ele>1670.6264294400532</ele></trkpt>
    <trkpt lat="32.979732" lon="-116.594013"><ele>1671.7093094400695</ele></trkpt>
    <trkpt lat="32.979612" lon="-116.594043"><ele>1671.6022553600067</ele></trkpt>
    <trkpt lat="32.979507" lon="-116.594075"><ele>1671.3860840000318</ele></trkpt>
    <trkpt lat="32.979421" lon="-116.594118"><ele>1671.2211999999643</ele></trkpt>
    <trkpt lat="32.979344" lon="-116.594187"><ele>1671.260938240062</ele></trkpt>
    <trkpt lat="32.979277" lon="-116.594265"><ele>1672.0343823998944</ele></trkpt>
    <trkpt lat="32.979232" lon="-116.59434"><ele>1673.1560704000706</ele></trkpt>
    <trkpt lat="32.979187" lon="-116.594399"><ele>1674.1155510399237</ele></trkpt>
    <trkpt lat="32.979167" lon="-116.594423"><ele>1674.538185280119</ele></trkpt>
    <trkpt lat="32.979122" lon="-116.59445"><ele>1674.604031999884</ele></trkpt>
    <trkpt lat="32.979074" lon="-116.594477"><ele>1674.5461958399326</ele></trkpt>
    <trkpt lat="32.979036" lon="-116.594507"><ele>1674.7014681598823</ele></trkpt>
    <trkpt lat="32.978998" lon="-116.594568"><ele>1675.4977651198903</ele></trkpt>
    <trkpt lat="32.978969" lon="-116.594645"><ele>1676.7807503999938</ele></trkpt>
    <trkpt lat="32.978924" lon="-116.59472"><ele>1678.0804223998991</ele></trkpt>
    <trkpt lat="32.978861" lon="-116.594779"><ele>1678.4570435200646</ele></trkpt>
    <trkpt lat="32.978807" lon="-116.594854"><ele>1678.998106240004</ele></trkpt>
    <trkpt lat="32.978787" lon="-116.594932"><ele>1680.1076147199738</ele></trkpt>
    <trkpt lat="32.978782" lon="-116.594993"><ele>1681.110206080058</ele></trkpt>
    <trkpt lat="32.978789" lon="-116.595076"><ele>1682.4735865600871</ele></trkpt>
    <trkpt lat="32.978825" lon="-116.595179"><ele>1684.265812000028</ele></trkpt>
    <trkpt lat="32.97886" lon="-116.595212"><ele>1684.924172800042</ele></trkpt>
    <trkpt lat="32.978904" lon="-116.595235"><ele>1685.446777600034</ele></trkpt>
    <trkpt lat="32.978952" lon="-116.595228"><ele>1685.5511142400778</ele></trkpt>
    <trkpt lat="32.979051" lon="-116.595161"><ele>1685.1473454400468</ele></trkpt>
    <trkpt lat="32.979178" lon="-116.595084"><ele>1684.9603379199873</ele></trkpt>
    <trkpt lat="32.97924" lon="-116.595046"><ele>1684.8045183999463</ele></trkpt>
    <trkpt lat="32.979299" lon="-116.595016"><ele>1684.676640640004</ele></trkpt>
    <trkpt lat="32.979366" lon="-116.595003"><ele>1684.7577500800694</ele></trkpt>
    <trkpt lat="32.979431" lon="-116.595003"><ele>1684.9942772800716</ele></trkpt>
    <trkpt lat="32.979479" lon="-116.595054"><ele>1686.0505833600512</ele></trkpt>
    <trkpt lat="32.979513" lon="-116.595139"><ele>1687.6186987200235</ele></trkpt>
    <trkpt lat="32.979513" lon="-116.595142"><ele>1687.6645641599077</ele></trkpt>
    <trkpt lat="32.979517" lon="-116.595209"><ele>1688.728526879966</ele></trkpt>
    <trkpt lat="32.979513" lon="-116.595322"><ele>1690.3771999999108</ele></trkpt>
    <trkpt lat="32.979474" lon="-116.595448"><ele>1691.7704000001027</ele></trkpt>
    <trkpt lat="32.979447" lon="-116.595504"><ele>1692.2852000000812</ele></trkpt>
    <trkpt lat="32.979382" lon="-116.595561"><ele>1692.6528060800742</ele></trkpt>
    <trkpt lat="32.979319" lon="-116.595582"><ele>1692.6157923198436</ele></trkpt>
    <trkpt lat="32.979256" lon="-116.595636"><ele>1693.287664639975</ele></trkpt>
    <trkpt lat="32.979229" lon="-116.595721"><ele>1694.888747359931</ele></trkpt>
    <trkpt lat="32.979211" lon="-116.595802"><ele>1696.500802880127</ele></trkpt>
    <trkpt lat="32.979186" lon="-116.59588"><ele>1697.741599999908</ele></trkpt>
    <trkpt lat="32.979173" lon="-116.595949"><ele>1698.6884000000755</ele></trkpt>
    <trkpt lat="32.979161" lon="-116.596105"><ele>1700.9519023999333</ele></trkpt>
    <trkpt lat="32.979168" lon="-116.596145"><ele>1701.85704320018</ele></trkpt>
    <trkpt lat="32.979195" lon="-116.596169"><ele>1702.4970296000752</ele></trkpt>
    <trkpt lat="32.979236" lon="-116.596183"><ele>1702.8674105599182</ele></trkpt>
    <trkpt lat="32.979344" lon="-116.59618"><ele>1702.8994304000696</ele></trkpt>
    <trkpt lat="32.979524" lon="-116.596172"><ele>1704.022399999907</ele></trkpt>
    <trkpt lat="32.979623" lon="-116.596194"><ele>1705.764799999908</ele></trkpt>
    <trkpt lat="32.979722" lon="-116.596242"><ele>1707.8816000000888</ele></trkpt>
    <trkpt lat="32.979854" lon="-116.596274"><ele>1709.7687999999462</ele></trkpt>
    <trkpt lat="32.979931" lon="-116.596271"><ele>1710.557200000028</ele></trkpt>
    <trkpt lat="32.979992" lon="-116.596247"><ele>1710.8704000001076</ele></trkpt>
    <trkpt lat="32.9801" lon="-116.596199"><ele>1711.0995039999793</ele></trkpt>
    <trkpt lat="32.980194" lon="-116.596159"><ele>1711.2068041599805</ele></trkpt>
    <trkpt lat="32.980304" lon="-116.596151"><ele>1712.001200000074</ele></trkpt>
    <trkpt lat="32.980403" lon="-116.596185"><ele>1713.6824000001268</ele></trkpt>
    <trkpt lat="32.980406" lon="-116.596185"><ele>1713.7148000001228</ele></trkpt>
    <trkpt lat="32.9805" lon="-116.596207"><ele>1715.126000000115</ele></trkpt>
    <trkpt lat="32.980593" lon="-116.59622"><ele>1715.9837248000463</ele></trkpt>
    <trkpt lat="32.980651" lon="-116.596247"><ele>1716.6066673601179</ele></trkpt>
    <trkpt lat="32.9807" lon="-116.596263"><ele>1717.0670079998397</ele></trkpt>
    <trkpt lat="32.980745" lon="-116.596279"><ele>1717.5766023998842</ele></trkpt>
    <trkpt lat="32.980849" lon="-116.596341"><ele>1719.4710467198752</ele></trkpt>
    <trkpt lat="32.980883" lon="-116.596357"><ele>1719.586252479947</ele></trkpt>
    <trkpt lat="32.980961" lon="-116.596389"><ele>1719.6233515200327</ele></trkpt>
    <trkpt lat="32.981047" lon="-116.596397"><ele>1718.876581919946</ele></trkpt>
    <trkpt lat="32.981159" lon="-116.596384"><ele>1717.7311027200158</ele></trkpt>
    <trkpt lat="32.981207" lon="-116.596395"><ele>1717.7936112000343</ele></trkpt>
    <trkpt lat="32.98127" lon="-116.596462"><ele>1718.9692992000412</ele></trkpt>
    <trkpt lat="32.98131" lon="-116.596518"><ele>1719.8720064000602</ele></trkpt>
    <trkpt lat="32.981407" lon="-116.596585"><ele>1720.2423376001245</ele></trkpt>
    <trkpt lat="32.981477" lon="-116.596644"><ele>1720.0577670399975</ele></trkpt>
    <trkpt lat="32.981556" lon="-116.596735"><ele>1720.7639871999165</ele></trkpt>
    <trkpt lat="32.981558" lon="-116.596741"><ele>1720.887429759859</ele></trkpt>
    <trkpt lat="32.981609" lon="-116.596816"><ele>1722.1155884801262</ele></trkpt>
    <trkpt lat="32.98163" lon="-116.59692"><ele>1724.7152319998927</ele></trkpt>
    <trkpt lat="32.981627" lon="-116.59702"><ele>1727.2547167999855</ele></trkpt>
    <trkpt lat="32.981616" lon="-116.597189"><ele>1731.3888300799936</ele></trkpt>
    <trkpt lat="32.981603" lon="-116.597277"><ele>1733.0180000000782</ele></trkpt>
    <trkpt lat="32.981596" lon="-116.59732"><ele>1733.6623999999351</ele></trkpt>
    <trkpt lat="32.981564" lon="-116.597358"><ele>1734.3248000000021</ele></trkpt>
    <trkpt lat="32.981542" lon="-116.597374"><ele>1734.634400000039</ele></trkpt>
    <trkpt lat="32.981486" lon="-116.59739"><ele>1735.0664000000738</ele></trkpt>
    <trkpt lat="32.981409" lon="-116.597398"><ele>1735.4587999999785</ele></trkpt>
    <trkpt lat="32.981317" lon="-116.597382"><ele>1735.3007999999436</ele></trkpt>
    <trkpt lat="32.981139" lon="-116.597333"><ele>1734.595200000088</ele></trkpt>
    <trkpt lat="32.981072" lon="-116.597309"><ele>1734.1087999999281</ele></trkpt>
    <trkpt lat="32.980966" lon="-116.597304"><ele>1733.6551999999224</ele></trkpt>
    <trkpt lat="32.980898" lon="-116.597312"><ele>1733.525600000045</ele></trkpt>
    <trkpt lat="32.980867" lon="-116.597338"><ele>1733.7883999999185</ele></trkpt>
    <trkpt lat="32.980867" lon="-116.597338"><ele>1733.7883999999185</ele></trkpt>
    <trkpt lat="32.980856" lon="-116.597347"><ele>1733.8783999999987</ele></trkpt>
    <trkpt lat="32.980829" lon="-116.597403"><ele>1734.639104959999</ele></trkpt>
    <trkpt lat="32.980835" lon="-116.597505"><ele>1736.1495679999446</ele></trkpt>
    <trkpt lat="32.980856" lon="-116.597545"><ele>1737.3247231999114</ele></trkpt>
    <trkpt lat="32.980903" lon="-116.597626"><ele>1739.4245484801402</ele></trkpt>
    <trkpt lat="32.980905" lon="-116.597628"><ele>1739.4688544000069</ele></trkpt>
    <trkpt lat="32.980957" lon="-116.597696"><ele>1740.8334675200033</ele></trkpt>
    <trkpt lat="32.980998" lon="-116.59775"><ele>1741.658720000103</ele></trkpt>
    <trkpt lat="32.981157" lon="-116.597913"><ele>1743.4340000000984</ele></trkpt>
    <trkpt lat="32.98128" lon="-116.598025"><ele>1745.4500000001244</ele></trkpt>
    <trkpt lat="32.981414" lon="-116.59813"><ele>1747.2738271999538</ele></trkpt>
    <trkpt lat="32.981474" lon="-116.598168"><ele>1747.8416307200248</ele></trkpt>
    <trkpt lat="32.981593" lon="-116.598226"><ele>1748.7840732799389</ele></trkpt>
    <trkpt lat="32.981919" lon="-116.598341"><ele>1749.3738718401373</ele></trkpt>
    <trkpt lat="32.981922" lon="-116.598341"><ele>1749.3525699201411</ele></trkpt>
    <trkpt lat="32.982027" lon="-116.598398"><ele>1749.7380000000535</ele></trkpt>
    <trkpt lat="32.982088" lon="-116.598481"><ele>1751.1708000001966</ele></trkpt>
    <trkpt lat="32.982169" lon="-116.598569"><ele>1752.513599999953</ele></trkpt>
    <trkpt lat="32.982232" lon="-116.598679"><ele>1754.0194028800063</ele></trkpt>
    <trkpt lat="32.98234" lon="-116.598913"><ele>1756.277196799923</ele></trkpt>
    <trkpt lat="32.98241" lon="-116.599049"><ele>1757.1123535998697</ele></trkpt>
    <trkpt lat="32.982493" lon="-116.599213"><ele>1757.4932067200878</ele></trkpt>
    <trkpt lat="32.982608" lon="-116.599476"><ele>1757.2390323199927</ele></trkpt>
    <trkpt lat="32.982689" lon="-116.599741"><ele>1757.1907851199087</ele></trkpt>
    <trkpt lat="32.982783" lon="-116.599967"><ele>1759.295433440167</ele></trkpt>
    <trkpt lat="32.982817" lon="-116.600055"><ele>1759.5488000000423</ele></trkpt>
    <trkpt lat="32.982912" lon="-116.600248"><ele>1758.8863999999767</ele></trkpt>
    <trkpt lat="32.982912" lon="-116.600251"><ele>1758.9080000000245</ele></trkpt>
    <trkpt lat="32.982952" lon="-116.600361"><ele>1758.2368000000552</ele></trkpt>
    <trkpt lat="32.982986" lon="-116.600505"><ele>1757.5024000000703</ele></trkpt>
    <trkpt lat="32.982994" lon="-116.600595"><ele>1756.9036000000624</ele></trkpt>
    <trkpt lat="32.983" lon="-116.600664"><ele>1756.028800000121</ele></trkpt>
    <trkpt lat="32.982991" lon="-116.600824"><ele>1754.4952000000033</ele></trkpt>
    <trkpt lat="32.982988" lon="-116.600944"><ele>1752.7687091200473</ele></trkpt>
    <trkpt lat="32.982977" lon="-116.601037"><ele>1751.556651039954</ele></trkpt>
    <trkpt lat="32.982981" lon="-116.601107"><ele>1750.4051723199748</ele></trkpt>
    <trkpt lat="32.983009" lon="-116.601139"><ele>1749.7039459199366</ele></trkpt>
    <trkpt lat="32.983066" lon="-116.601158"><ele>1748.8248531200065</ele></trkpt>
    <trkpt lat="32.983069" lon="-116.601159"><ele>1748.8192558400165</ele></trkpt>
    <trkpt lat="32.983069" lon="-116.601159"><ele>1748.8192558400165</ele></trkpt>
    <trkpt lat="32.983066" lon="-116.601158"><ele>1748.8248531200065</ele></trkpt>
    <trkpt lat="32.983009" lon="-116.601139"><ele>1749.7039459199366</ele></trkpt>
    <trkpt lat="32.982981" lon="-116.601107"><ele>1750.4051723199748</ele></trkpt>
    <trkpt lat="32.982949" lon="-116.601171"><ele>1750.536991680076</ele></trkpt>
    <trkpt lat="32.982843" lon="-116.60139"><ele>1750.2876000000083</ele></trkpt>
    <trkpt lat="32.982683" lon="-116.601559"><ele>1750.7776456000552</ele></trkpt>
    <trkpt lat="32.982507" lon="-116.601655"><ele>1750.2635080001603</ele></trkpt>
    <trkpt lat="32.982321" lon="-116.601756"><ele>1749.6820000001467</ele></trkpt>
    <trkpt lat="32.982218" lon="-116.601852"><ele>1748.3853414401144</ele></trkpt>
    <trkpt lat="32.982251" lon="-116.602089"><ele>1743.5536865599295</ele></trkpt>
    <trkpt lat="32.982293" lon="-116.602314"><ele>1740.404185919976</ele></trkpt>
    <trkpt lat="32.982352" lon="-116.60253"><ele>1738.3248575999987</ele></trkpt>
    <trkpt lat="32.982372" lon="-116.60267"><ele>1736.876390399987</ele></trkpt>
    <trkpt lat="32.982386" lon="-116.602825"><ele>1735.480800000044</ele></trkpt>
    <trkpt lat="32.982344" lon="-116.60296"><ele>1734.8112000000456</ele></trkpt>
    <trkpt lat="32.982249" lon="-116.60317"><ele>1734.0229167999435</ele></trkpt>
    <trkpt lat="32.9822" lon="-116.603262"><ele>1733.753600000006</ele></trkpt>
    <trkpt lat="32.982175" lon="-116.603384"><ele>1733.4789920000173</ele></trkpt>
    <trkpt lat="32.982163" lon="-116.603555"><ele>1733.4694664000003</ele></trkpt>
    <trkpt lat="32.98217" lon="-116.603738"><ele>1733.2901215999757</ele></trkpt>
    <trkpt lat="32.982294" lon="-116.603889"><ele>1732.4822966400166</ele></trkpt>
    <trkpt lat="32.982396" lon="-116.603925"><ele>1731.4074719999535</ele></trkpt>
    <trkpt lat="32.982482" lon="-116.604006"><ele>1729.8921196800407</ele></trkpt>
    <trkpt lat="32.982665" lon="-116.604048"><ele>1727.8398431999728</ele></trkpt>
    <trkpt lat="32.982809" lon="-116.604086"><ele>1726.3233590400064</ele></trkpt>
    <trkpt lat="32.982943" lon="-116.604145"><ele>1724.9200055999956</ele></trkpt>
    <trkpt lat="32.98307" lon="-116.604259"><ele>1723.8960000000152</ele></trkpt>
    <trkpt lat="32.983134" lon="-116.604334"><ele>1723.4352000000017</ele></trkpt>
    <trkpt lat="32.983144" lon="-116.604435"><ele>1723.3631999999789</ele></trkpt>
    <trkpt lat="32.983169" lon="-116.604473"><ele>1723.183200000024</ele></trkpt>
    <trkpt lat="32.98318" lon="-116.604536"><ele>1723.1040000000194</ele></trkpt>
    <trkpt lat="32.98318" lon="-116.604683"><ele>1723.1040000000194</ele></trkpt>
    <trkpt lat="32.983141" lon="-116.604784"><ele>1722.6491897600317</ele></trkpt>
    <trkpt lat="32.983095" lon="-116.604881"><ele>1721.9200327999442</ele></trkpt>
    <trkpt lat="32.98301" lon="-116.604969"><ele>1721.1708000000333</ele></trkpt>
    <trkpt lat="32.982866" lon="-116.604977"><ele>1720.5659999999486</ele></trkpt>
    <trkpt lat="32.982767" lon="-116.604998"><ele>1720.0210412800548</ele></trkpt>
    <trkpt lat="32.982711" lon="-116.605011"><ele>1719.8511198399372</ele></trkpt>
    <trkpt lat="32.982626" lon="-116.60504"><ele>1719.5026815999677</ele></trkpt>
    <trkpt lat="32.982584" lon="-116.605108"><ele>1718.7160268799805</ele></trkpt>
    <trkpt lat="32.982559" lon="-116.605276"><ele>1716.8081593599527</ele></trkpt>
    <trkpt lat="32.982542" lon="-116.605414"><ele>1714.813051520046</ele></trkpt>
    <trkpt lat="32.982513" lon="-116.605511"><ele>1713.5555067199161</ele></trkpt>
    <trkpt lat="32.982482" lon="-116.605574"><ele>1712.6809081599279</ele></trkpt>
    <trkpt lat="32.982432" lon="-116.6057"><ele>1710.781888000002</ele></trkpt>
    <trkpt lat="32.982394" lon="-116.605784"><ele>1709.8294835200077</ele></trkpt>
    <trkpt lat="32.982288" lon="-116.605902"><ele>1709.1121369600244</ele></trkpt>
    <trkpt lat="32.98221" lon="-116.605982"><ele>1708.3475488000431</ele></trkpt>
    <trkpt lat="32.982111" lon="-116.606078"><ele>1706.9486723200464</ele></trkpt>
    <trkpt lat="32.982023" lon="-116.606158"><ele>1706.0420000001</ele></trkpt>
    <trkpt lat="32.981925" lon="-116.606209"><ele>1705.5203999998894</ele></trkpt>
    <trkpt lat="32.981833" lon="-116.606213"><ele>1705.1316000000525</ele></trkpt>
    <trkpt lat="32.981653" lon="-116.606268"><ele>1703.5932000000148</ele></trkpt>
    <trkpt lat="32.98153" lon="-116.606356"><ele>1700.9975999999174</ele></trkpt>
    <trkpt lat="32.981445" lon="-116.606444"><ele>1698.614000000077</ele></trkpt>
    <trkpt lat="32.981366" lon="-116.606457"><ele>1697.341795519915</ele></trkpt>
    <trkpt lat="32.981241" lon="-116.606448"><ele>1695.160705279941</ele></trkpt>
    <trkpt lat="32.981124" lon="-116.606359"><ele>1694.7650073600628</ele></trkpt>
    <trkpt lat="32.980999" lon="-116.60621"><ele>1695.4619183998693</ele></trkpt>
    <trkpt lat="32.980874" lon="-116.606108"><ele>1695.6336793599062</ele></trkpt>
    <trkpt lat="32.980599" lon="-116.606031"><ele>1692.779199999948</ele></trkpt>
    <trkpt lat="32.980524" lon="-116.606006"><ele>1692.32938624011</ele></trkpt>
    <trkpt lat="32.980274" lon="-116.605942"><ele>1691.997879680038</ele></trkpt>
    <trkpt lat="32.980128" lon="-116.605925"><ele>1690.5544640000237</ele></trkpt>
    <trkpt lat="32.979949" lon="-116.605929"><ele>1688.3195681599004</ele></trkpt>
    <trkpt lat="32.979828" lon="-116.605946"><ele>1686.4576524799008</ele></trkpt>
    <trkpt lat="32.979731" lon="-116.605938"><ele>1685.4691068801446</ele></trkpt>
    <trkpt lat="32.979648" lon="-116.605898"><ele>1685.4882124800524</ele></trkpt>
    <trkpt lat="32.979525" lon="-116.605872"><ele>1684.482095999942</ele></trkpt>
    <trkpt lat="32.979362" lon="-116.60588"><ele>1682.8341248000224</ele></trkpt>
    <trkpt lat="32.979251" lon="-116.605933"><ele>1681.6717366400544</ele></trkpt>
    <trkpt lat="32.979136" lon="-116.605986"><ele>1680.7794483199757</ele></trkpt>
    <trkpt lat="32.979029" lon="-116.606017"><ele>1680.0222185600478</ele></trkpt>
    <trkpt lat="32.978899" lon="-116.606017"><ele>1679.403335360074</ele></trkpt>
    <trkpt lat="32.978825" lon="-116.606"><ele>1679.3240000000899</ele></trkpt>
    <trkpt lat="32.978738" lon="-116.606013"><ele>1678.7101164799196</ele></trkpt>
    <trkpt lat="32.978606" lon="-116.606103"><ele>1676.1741254399033</ele></trkpt>
    <trkpt lat="32.978464" lon="-116.606213"><ele>1674.3385427200558</ele></trkpt>
    <trkpt lat="32.978342" lon="-116.606304"><ele>1672.5496652800946</ele></trkpt>
    <trkpt lat="32.978266" lon="-116.606317"><ele>1672.0515999999163</ele></trkpt>
    <trkpt lat="32.978216" lon="-116.606317"><ele>1671.871599999936</ele></trkpt>
    <trkpt lat="32.97814" lon="-116.606292"><ele>1672.048000000079</ele></trkpt>
    <trkpt lat="32.978069" lon="-116.606183"><ele>1673.754399999966</ele></trkpt>
    <trkpt lat="32.977872" lon="-116.605973"><ele>1672.0258995198828</ele></trkpt>
    <trkpt lat="32.977759" lon="-116.605844"><ele>1671.3706041599032</ele></trkpt>
    <trkpt lat="32.977684" lon="-116.605794"><ele>1670.4882124800188</ele></trkpt>
    <trkpt lat="32.977626" lon="-116.605789"><ele>1669.2348163199815</ele></trkpt>
    <trkpt lat="32.977571" lon="-116.605824"><ele>1667.0322355199828</ele></trkpt>
    <trkpt lat="32.977446" lon="-116.605859"><ele>1663.7604000000913</ele></trkpt>
    <trkpt lat="32.977266" lon="-116.605829"><ele>1661.742058560003</ele></trkpt>
    <trkpt lat="32.977099" lon="-116.605809"><ele>1660.6871406401708</ele></trkpt>
    <trkpt lat="32.977011" lon="-116.605834"><ele>1659.4708499199623</ele></trkpt>
    <trkpt lat="32.976932" lon="-116.605864"><ele>1658.5742540800188</ele></trkpt>
    <trkpt lat="32.976881" lon="-116.605864"><ele>1658.186784640027</ele></trkpt>
    <trkpt lat="32.976771" lon="-116.605814"><ele>1658.081883520077</ele></trkpt>
    <trkpt lat="32.976639" lon="-116.605754"><ele>1657.544799999907</ele></trkpt>
    <trkpt lat="32.976526" lon="-116.605732"><ele>1655.420799999949</ele></trkpt>
    <trkpt lat="32.976419" lon="-116.605709"><ele>1653.440799999933</ele></trkpt>
    <trkpt lat="32.976312" lon="-116.605657"><ele>1652.2298252801054</ele></trkpt>
    <trkpt lat="32.97623" lon="-116.605559"><ele>1652.648214400023</ele></trkpt>
    <trkpt lat="32.976174" lon="-116.605424"><ele>1654.7472000000207</ele></trkpt>
    <trkpt lat="32.976117" lon="-116.605282"><ele>1656.9935999999748</ele></trkpt>
    <trkpt lat="32.976035" lon="-116.605252"><ele>1656.9204000002342</ele></trkpt>
    <trkpt lat="32.975935" lon="-116.605245"><ele>1656.0420000000986</ele></trkpt>
    <trkpt lat="32.975891" lon="-116.605282"><ele>1654.5195555199068</ele></trkpt>
    <trkpt lat="32.975885" lon="-116.605357"><ele>1652.614647200029</ele></trkpt>
    <trkpt lat="32.975885" lon="-116.605432"><ele>1650.7748672001403</ele></trkpt>
    <trkpt lat="32.975805" lon="-116.605523"><ele>1647.9104455998686</ele></trkpt>
    <trkpt lat="32.975523" lon="-116.605662"><ele>1645.9352000000836</ele></trkpt>
    <trkpt lat="32.97529" lon="-116.605742"><ele>1645.884799999853</ele></trkpt>
    <trkpt lat="32.97513" lon="-116.605699"><ele>1644.7910495999777</ele></trkpt>
    <trkpt lat="32.974947" lon="-116.605596"><ele>1643.300580479927</ele></trkpt>
    <trkpt lat="32.974805" lon="-116.605494"><ele>1641.297236800135</ele></trkpt>
    <trkpt lat="32.974671" lon="-116.605355"><ele>1639.7063999999891</ele></trkpt>
    <trkpt lat="32.974603" lon="-116.605275"><ele>1639.2932000000055</ele></trkpt>
    <trkpt lat="32.97453" lon="-116.605253"><ele>1638.3212000000049</ele></trkpt>
    <trkpt lat="32.974438" lon="-116.605253"><ele>1637.0237388799744</ele></trkpt>
    <trkpt lat="32.974376" lon="-116.605297"><ele>1636.1394508800383</ele></trkpt>
    <trkpt lat="32.974315" lon="-116.605326"><ele>1635.3356975999423</ele></trkpt>
    <trkpt lat="32.974186" lon="-116.605355"><ele>1633.911451200019</ele></trkpt>
    <trkpt lat="32.974002" lon="-116.605355"><ele>1631.778801599967</ele></trkpt>
    <trkpt lat="32.973665" lon="-116.605289"><ele>1629.2746375999861</ele></trkpt>
    <trkpt lat="32.973316" lon="-116.605282"><ele>1628.7839999999237</ele></trkpt>
    <trkpt lat="32.97312" lon="-116.605289"><ele>1627.2216000000308</ele></trkpt>
    <trkpt lat="32.972987" lon="-116.605329"><ele>1624.7506198401036</ele></trkpt>
    <trkpt lat="32.972854" lon="-116.605366"><ele>1621.92730111991</ele></trkpt>
    <trkpt lat="32.972683" lon="-116.605361"><ele>1619.4368000000222</ele></trkpt>
    <trkpt lat="32.972582" lon="-116.605313"><ele>1618.6736000001056</ele></trkpt>
    <trkpt lat="32.972433" lon="-116.605254"><ele>1617.1157532800125</ele></trkpt>
    <trkpt lat="32.97233" lon="-116.605187"><ele>1616.04719839998</ele></trkpt>
    <trkpt lat="32.972242" lon="-116.605136"><ele>1614.9235404800083</ele></trkpt>
    <trkpt lat="32.9721" lon="-116.605087"><ele>1612.5582079999738</ele></trkpt>
    <trkpt lat="32.971929" lon="-116.605036"><ele>1609.351600000084</ele></trkpt>
    <trkpt lat="32.9717" lon="-116.604983"><ele>1604.1459999998842</ele></trkpt>
    <trkpt lat="32.971569" lon="-116.604921"><ele>1602.0607950399688</ele></trkpt>
    <trkpt lat="32.971412" lon="-116.604843"><ele>1599.9265753599652</ele></trkpt>
    <trkpt lat="32.971283" lon="-116.604795"><ele>1597.859474400078</ele></trkpt>
    <trkpt lat="32.971144" lon="-116.604725"><ele>1595.7776160000265</ele></trkpt>
    <trkpt lat="32.97095" lon="-116.604637"><ele>1592.8760560000978</ele></trkpt>
    <trkpt lat="32.97075" lon="-116.604503"><ele>1590.6568000001307</ele></trkpt>
    <trkpt lat="32.970626" lon="-116.604401"><ele>1589.9729260801246</ele></trkpt>
    <trkpt lat="32.970496" lon="-116.604304"><ele>1588.841999359956</ele></trkpt>
    <trkpt lat="32.97041" lon="-116.604229"><ele>1588.0759855999781</ele></trkpt>
    <trkpt lat="32.970318" lon="-116.604143"><ele>1587.0885478400353</ele></trkpt>
    <trkpt lat="32.970264" lon="-116.604025"><ele>1586.7224000000547</ele></trkpt>
    <trkpt lat="32.970199" lon="-116.603966"><ele>1585.7432000000222</ele></trkpt>
    <trkpt lat="32.970111" lon="-116.60391"><ele>1584.245600000068</ele></trkpt>
    <trkpt lat="32.970028" lon="-116.603886"><ele>1582.655751679935</ele></trkpt>
    <trkpt lat="32.969942" lon="-116.603883"><ele>1582.1104265600716</ele></trkpt>
    <trkpt lat="32.969832" lon="-116.603913"><ele>1581.5639167998918</ele></trkpt>
    <trkpt lat="32.969668" lon="-116.60398"><ele>1579.9663487998182</ele></trkpt>
    <trkpt lat="32.969506" lon="-116.604025"><ele>1579.3639680002082</ele></trkpt>
    <trkpt lat="32.969367" lon="-116.604074"><ele>1577.3522384000942</ele></trkpt>
    <trkpt lat="32.969167" lon="-116.604057"><ele>1576.529631200122</ele></trkpt>
    <trkpt lat="32.969012" lon="-116.604003"><ele>1575.4806003197234</ele></trkpt>
    <trkpt lat="32.968871" lon="-116.603957"><ele>1573.9151635202304</ele></trkpt>
    <trkpt lat="32.968725" lon="-116.603892"><ele>1572.7732319999218</ele></trkpt>
    <trkpt lat="32.968607" lon="-116.603813"><ele>1571.2543132799203</ele></trkpt>
    <trkpt lat="32.968461" lon="-116.603657"><ele>1569.4889481599537</ele></trkpt>
    <trkpt lat="32.968387" lon="-116.603574"><ele>1568.0060000000353</ele></trkpt>
    <trkpt lat="32.968317" lon="-116.603494"><ele>1566.598780160003</ele></trkpt>
    <trkpt lat="32.968213" lon="-116.60336"><ele>1566.4252256000357</ele></trkpt>
    <trkpt lat="32.968166" lon="-116.603294"><ele>1566.3907001599339</ele></trkpt>
    <trkpt lat="32.968165" lon="-116.603292"><ele>1566.3894272000084</ele></trkpt>
    <trkpt lat="32.968165" lon="-116.603292"><ele>1566.3894272000084</ele></trkpt>
    <trkpt lat="32.968146" lon="-116.60327"><ele>1566.2790367999926</ele></trkpt>
    <trkpt lat="32.968123" lon="-116.603252"><ele>1566.0922918399924</ele></trkpt>
    <trkpt lat="32.968099" lon="-116.603248"><ele>1565.8244460800533</ele></trkpt>
    <trkpt lat="32.968069" lon="-116.603254"><ele>1565.444623039973</ele></trkpt>
    <trkpt lat="32.967981" lon="-116.603264"><ele>1565.584992640011</ele></trkpt>
    <trkpt lat="32.9676" lon="-116.603281"><ele>1570.8568000000982</ele></trkpt>
    <trkpt lat="32.967334" lon="-116.603295"><ele>1577.4591999999548</ele></trkpt>
    <trkpt lat="32.967268" lon="-116.603282"><ele>1579.2160000001236</ele></trkpt>
    <trkpt lat="32.96721" lon="-116.603258"><ele>1580.7825343999943</ele></trkpt>
    <trkpt lat="32.967061" lon="-116.603182"><ele>1583.9395961599696</ele></trkpt>
    <trkpt lat="32.966866" lon="-116.603083"><ele>1587.1575011199516</ele></trkpt>
    <trkpt lat="32.966796" lon="-116.603048"><ele>1588.0831999999773</ele></trkpt>
    <trkpt lat="32.96671" lon="-116.603024"><ele>1589.1488000000481</ele></trkpt>
    <trkpt lat="32.966562" lon="-116.603"><ele>1590.8057599999297</ele></trkpt>
    <trkpt lat="32.966334" lon="-116.602984"><ele>1593.7752947199724</ele></trkpt>
    <trkpt lat="32.965925" lon="-116.602981"><ele>1598.4165719999999</ele></trkpt>
    <trkpt lat="32.965565" lon="-116.60311"><ele>1601.17600000002</ele></trkpt>
    <trkpt lat="32.965304" lon="-116.603153"><ele>1602.422484480146</ele></trkpt>
    <trkpt lat="32.965025" lon="-116.603245"><ele>1608.7452400000811</ele></trkpt>
    <trkpt lat="32.964823" lon="-116.603261"><ele>1610.1541806400787</ele></trkpt>
    <trkpt lat="32.964656" lon="-116.60324"><ele>1610.3826048000037</ele></trkpt>
    <trkpt lat="32.964638" lon="-116.603223"><ele>1610.1608620799918</ele></trkpt>
    <trkpt lat="32.964638" lon="-116.603223"><ele>1610.1608620799918</ele></trkpt>
    <trkpt lat="32.964582" lon="-116.603261"><ele>1611.2052998400602</ele></trkpt>
    <trkpt lat="32.964519" lon="-116.603282"><ele>1611.893199359872</ele></trkpt>
    <trkpt lat="32.964406" lon="-116.603285"><ele>1612.7192000000296</ele></trkpt>
    <trkpt lat="32.964289" lon="-116.603258"><ele>1613.5939999999437</ele></trkpt>
    <trkpt lat="32.964188" lon="-116.603194"><ele>1613.763200000028</ele></trkpt>
    <trkpt lat="32.964103" lon="-116.603135"><ele>1613.3731999999177</ele></trkpt>
    <trkpt lat="32.964028" lon="-116.603089"><ele>1612.980799999962</ele></trkpt>
    <trkpt lat="32.963977" lon="-116.603036"><ele>1612.5196691200256</ele></trkpt>
    <trkpt lat="32.963936" lon="-116.602955"><ele>1612.0450047999718</ele></trkpt>
    <trkpt lat="32.963882" lon="-116.602899"><ele>1611.9611772799778</ele></trkpt>
    <trkpt lat="32.963833" lon="-116.602888"><ele>1612.5185638399414</ele></trkpt>
    <trkpt lat="32.963788" lon="-116.602888"><ele>1613.1022822399464</ele></trkpt>
    <trkpt lat="32.963729" lon="-116.60291"><ele>1613.9804143999615</ele></trkpt>
    <trkpt lat="32.963709" lon="-116.602931"><ele>1614.3363838399728</ele></trkpt>
    <trkpt lat="32.963698" lon="-116.60296"><ele>1614.6099967999712</ele></trkpt>
    <trkpt lat="32.963671" lon="-116.602971"><ele>1614.9831713600092</ele></trkpt>
    <trkpt lat="32.963635" lon="-116.602995"><ele>1615.5052520000677</ele></trkpt>
    <trkpt lat="32.96361" lon="-116.603022"><ele>1615.8871999999644</ele></trkpt>
    <trkpt lat="32.963592" lon="-116.603044"><ele>1616.0960000000002</ele></trkpt>
    <trkpt lat="32.963567" lon="-116.603062"><ele>1616.363999999975</ele></trkpt>
    <trkpt lat="32.963538" lon="-116.603068"><ele>1616.6159999999531</ele></trkpt>
    <trkpt lat="32.963484" lon="-116.603079"><ele>1617.0839999999484</ele></trkpt>
    <trkpt lat="32.963405" lon="-116.603084"><ele>1617.6887999999562</ele></trkpt>
    <trkpt lat="32.963344" lon="-116.60307"><ele>1618.0272000000223</ele></trkpt>
    <trkpt lat="32.963313" lon="-116.603062"><ele>1618.2676982399632</ele></trkpt>
    <trkpt lat="32.963302" lon="-116.603097"><ele>1618.6536297600544</ele></trkpt>
    <trkpt lat="32.96331" lon="-116.603132"><ele>1618.8255168000176</ele></trkpt>
    <trkpt lat="32.96331" lon="-116.603202"><ele>1619.350684799971</ele></trkpt>
    <trkpt lat="32.963268" lon="-116.603293"><ele>1620.6162489599578</ele></trkpt>
    <trkpt lat="32.963205" lon="-116.603545"><ele>1624.1339999999354</ele></trkpt>
    <trkpt lat="32.963171" lon="-116.60358"><ele>1625.0015999998955</ele></trkpt>
    <trkpt lat="32.963124" lon="-116.603596"><ele>1625.8511999999498</ele></trkpt>
    <trkpt lat="32.963094" lon="-116.603642"><ele>1626.8604198399414</ele></trkpt>
    <trkpt lat="32.963108" lon="-116.603712"><ele>1627.560455680049</ele></trkpt>
    <trkpt lat="32.963126" lon="-116.603816"><ele>1628.5618892798848</ele></trkpt>
    <trkpt lat="32.963144" lon="-116.603854"><ele>1628.6671820799845</ele></trkpt>
    <trkpt lat="32.963148" lon="-116.603937"><ele>1629.8692000001051</ele></trkpt>
    <trkpt lat="32.963117" lon="-116.604025"><ele>1632.1227999999385</ele></trkpt>
    <trkpt lat="32.963072" lon="-116.604039"><ele>1633.3468000000712</ele></trkpt>
    <trkpt lat="32.963049" lon="-116.604082"><ele>1634.655586560147</ele></trkpt>
    <trkpt lat="32.96302" lon="-116.604103"><ele>1635.808675199908</ele></trkpt>
    <trkpt lat="32.963027" lon="-116.604165"><ele>1636.6908335999897</ele></trkpt>
    <trkpt lat="32.963052" lon="-116.604216"><ele>1637.3305267199046</ele></trkpt>
    <trkpt lat="32.963108" lon="-116.604288"><ele>1637.9247999999561</ele></trkpt>
    <trkpt lat="32.963139" lon="-116.604363"><ele>1639.1452000001996</ele></trkpt>
    <trkpt lat="32.963144" lon="-116.604457"><ele>1641.1799999999794</ele></trkpt>
    <trkpt lat="32.963142" lon="-116.604548"><ele>1641.878400000006</ele></trkpt>
    <trkpt lat="32.963126" lon="-116.60461"><ele>1642.6703999999013</ele></trkpt>
    <trkpt lat="32.963081" lon="-116.604634"><ele>1643.8151999999782</ele></trkpt>
    <trkpt lat="32.963013" lon="-116.604618"><ele>1645.16880000009</ele></trkpt>
    <trkpt lat="32.962905" lon="-116.60457"><ele>1647.1559999999827</ele></trkpt>
    <trkpt lat="32.962784" lon="-116.604508"><ele>1649.3231999999857</ele></trkpt>
    <trkpt lat="32.962716" lon="-116.604454"><ele>1650.4032000000216</ele></trkpt>
    <trkpt lat="32.962631" lon="-116.604398"><ele>1651.3438969600197</ele></trkpt>
    <trkpt lat="32.962579" lon="-116.604339"><ele>1651.5592835199798</ele></trkpt>
    <trkpt lat="32.962559" lon="-116.604323"><ele>1651.791077439929</ele></trkpt>
    <trkpt lat="32.96255" lon="-116.604379"><ele>1652.892783999908</ele></trkpt>
    <trkpt lat="32.962545" lon="-116.604436"><ele>1653.8965504001355</ele></trkpt>
    <trkpt lat="32.962527" lon="-116.604463"><ele>1654.5503999999369</ele></trkpt>
    <trkpt lat="32.962478" lon="-116.604454"><ele>1655.6204755200954</ele></trkpt>
    <trkpt lat="32.962446" lon="-116.604422"><ele>1656.037599999996</ele></trkpt>
    <trkpt lat="32.962413" lon="-116.604358"><ele>1655.947600000121</ele></trkpt>
    <trkpt lat="32.962264" lon="-116.604302"><ele>1658.8960000001198</ele></trkpt>
    <trkpt lat="32.962149" lon="-116.604288"><ele>1660.0107999999664</ele></trkpt>
    <trkpt lat="32.962073" lon="-116.604304"><ele>1660.5147999999986</ele></trkpt>
    <trkpt lat="32.962035" lon="-116.604353"><ele>1661.3572000000459</ele></trkpt>
    <trkpt lat="32.96201" lon="-116.604406"><ele>1662.210399999964</ele></trkpt>
    <trkpt lat="32.961958" lon="-116.604417"><ele>1662.555999999961</ele></trkpt>
    <trkpt lat="32.961886" lon="-116.604449"><ele>1663.480351680034</ele></trkpt>
    <trkpt lat="32.961836" lon="-116.604497"><ele>1664.5699910399412</ele></trkpt>
    <trkpt lat="32.961825" lon="-116.604572"><ele>1665.8299680001005</ele></trkpt>
    <trkpt lat="32.961789" lon="-116.604597"><ele>1666.6887969599297</ele></trkpt>
    <trkpt lat="32.961755" lon="-116.604605"><ele>1667.2805880001647</ele></trkpt>
    <trkpt lat="32.961706" lon="-116.604629"><ele>1668.4209628800627</ele></trkpt>
    <trkpt lat="32.961659" lon="-116.60464"><ele>1669.425369600142</ele></trkpt>
    <trkpt lat="32.961627" lon="-116.60461"><ele>1669.6332911998713</ele></trkpt>
    <trkpt lat="32.961593" lon="-116.604578"><ele>1669.8788918400596</ele></trkpt>
    <trkpt lat="32.961542" lon="-116.6045"><ele>1669.7006399999902</ele></trkpt>
    <trkpt lat="32.961479" lon="-116.604479"><ele>1671.0671553600398</ele></trkpt>
    <trkpt lat="32.961456" lon="-116.604438"><ele>1670.9624102400778</ele></trkpt>
    <trkpt lat="32.961425" lon="-116.604371"><ele>1670.7067440000508</ele></trkpt>
    <trkpt lat="32.961411" lon="-116.604296"><ele>1669.7762764801319</ele></trkpt>
    <trkpt lat="32.961389" lon="-116.604277"><ele>1669.983282240006</ele></trkpt>
    <trkpt lat="32.961375" lon="-116.604304"><ele>1670.8467200000696</ele></trkpt>
    <trkpt lat="32.961355" lon="-116.604382"><ele>1672.8245744000894</ele></trkpt>
    <trkpt lat="32.961337" lon="-116.604446"><ele>1674.5213539199162</ele></trkpt>
    <trkpt lat="32.961312" lon="-116.604481"><ele>1675.8359731201328</ele></trkpt>
    <trkpt lat="32.961285" lon="-116.604471"><ele>1676.434245600158</ele></trkpt>
    <trkpt lat="32.961263" lon="-116.604449"><ele>1676.7001675199706</ele></trkpt>
    <trkpt lat="32.961256" lon="-116.604393"><ele>1675.8126003200696</ele></trkpt>
    <trkpt lat="32.961249" lon="-116.604334"><ele>1674.8405686398264</ele></trkpt>
    <trkpt lat="32.96124" lon="-116.604304"><ele>1674.4889984000738</ele></trkpt>
    <trkpt lat="32.96122" lon="-116.604326"><ele>1675.472748800081</ele></trkpt>
    <trkpt lat="32.961186" lon="-116.604328"><ele>1676.4410163199614</ele></trkpt>
    <trkpt lat="32.961179" lon="-116.604294"><ele>1675.9275670398772</ele></trkpt>
    <trkpt lat="32.961173" lon="-116.604256"><ele>1675.2983475200765</ele></trkpt>
    <trkpt lat="32.961152" lon="-116.604253"><ele>1675.7886502400393</ele></trkpt>
    <trkpt lat="32.96113" lon="-116.604315"><ele>1677.691688000071</ele></trkpt>
    <trkpt lat="32.961085" lon="-116.604395"><ele>1681.0934640000605</ele></trkpt>
    <trkpt lat="32.961083" lon="-116.604473"><ele>1682.604793279892</ele></trkpt>
    <trkpt lat="32.961092" lon="-116.604572"><ele>1683.599214080033</ele></trkpt>
    <trkpt lat="32.96117" lon="-116.604779"><ele>1684.3769327998339</ele></trkpt>
    <trkpt lat="32.961191" lon="-116.604894"><ele>1685.6382518400385</ele></trkpt>
    <trkpt lat="32.961213" lon="-116.604983"><ele>1686.5319518400518</ele></trkpt>
    <trkpt lat="32.961182" lon="-116.605039"><ele>1688.0991398400604</ele></trkpt>
    <trkpt lat="32.961159" lon="-116.605104"><ele>1689.7085068799015</ele></trkpt>
    <trkpt lat="32.961161" lon="-116.605168"><ele>1690.7291558401785</ele></trkpt>
    <trkpt lat="32.961184" lon="-116.605262"><ele>1691.6466086398557</ele></trkpt>
    <trkpt lat="32.961209" lon="-116.60531"><ele>1691.6448000001383</ele></trkpt>
    <trkpt lat="32.961218" lon="-116.605356"><ele>1692.0479999999388</ele></trkpt>
    <trkpt lat="32.961218" lon="-116.605474"><ele>1693.7471999999461</ele></trkpt>
    <trkpt lat="32.961206" lon="-116.605557"><ele>1695.277600000115</ele></trkpt>
    <trkpt lat="32.961227" lon="-116.605611"><ele>1695.061599999944</ele></trkpt>
    <trkpt lat="32.961258" lon="-116.605672"><ele>1694.6079999999665</ele></trkpt>
    <trkpt lat="32.961281" lon="-116.605726"><ele>1694.3344000000434</ele></trkpt>
    <trkpt lat="32.961267" lon="-116.605785"><ele>1695.1623999999983</ele></trkpt>
    <trkpt lat="32.961233" lon="-116.605785"><ele>1696.1415999999817</ele></trkpt>
    <trkpt lat="32.961211" lon="-116.605771"><ele>1696.674400000069</ele></trkpt>
    <trkpt lat="32.961191" lon="-116.605771"><ele>1697.250400000048</ele></trkpt>
    <trkpt lat="32.96117" lon="-116.605796"><ele>1698.0351999999057</ele></trkpt>
    <trkpt lat="32.961157" lon="-116.605841"><ele>1698.770319039974</ele></trkpt>
    <trkpt lat="32.961143" lon="-116.605908"><ele>1699.9497164799982</ele></trkpt>
    <trkpt lat="32.961155" lon="-116.605946"><ele>1700.0809696000886</ele></trkpt>
    <trkpt lat="32.96113" lon="-116.605991"><ele>1701.2359936001048</ele></trkpt>
    <trkpt lat="32.961101" lon="-116.606032"><ele>1702.4679001600136</ele></trkpt>
    <trkpt lat="32.961076" lon="-116.606058"><ele>1703.5101030400895</ele></trkpt>
    <trkpt lat="32.961026" lon="-116.606045"><ele>1704.955969600058</ele></trkpt>
    <trkpt lat="32.960999" lon="-116.606069"><ele>1705.9575572799988</ele></trkpt>
    <trkpt lat="32.960979" lon="-116.606115"><ele>1706.840141599971</ele></trkpt>
    <trkpt lat="32.960952" lon="-116.60615"><ele>1707.9222080000272</ele></trkpt>
    <trkpt lat="32.96094" lon="-116.606221"><ele>1708.8711104000222</ele></trkpt>
    <trkpt lat="32.960946" lon="-116.606285"><ele>1709.2611056000007</ele></trkpt>
    <trkpt lat="32.960953" lon="-116.606371"><ele>1709.8278564798725</ele></trkpt>
    <trkpt lat="32.960959" lon="-116.60641"><ele>1710.1788175998822</ele></trkpt>
    <trkpt lat="32.960934" lon="-116.606435"><ele>1711.2330416000334</ele></trkpt>
    <trkpt lat="32.960877" lon="-116.606478"><ele>1713.45317023983</ele></trkpt>
    <trkpt lat="32.96086" lon="-116.606531"><ele>1714.8368864001582</ele></trkpt>
    <trkpt lat="32.960846" lon="-116.606548"><ele>1715.5186803201584</ele></trkpt>
    <trkpt lat="32.960814" lon="-116.606529"><ele>1716.0436937599295</ele></trkpt>
    <trkpt lat="32.960753" lon="-116.606505"><ele>1717.282714400059</ele></trkpt>
    <trkpt lat="32.960704" lon="-116.606547"><ele>1719.3057804801074</ele></trkpt>
    <trkpt lat="32.96067" lon="-116.60659"><ele>1720.898287999945</ele></trkpt>
    <trkpt lat="32.960666" lon="-116.606681"><ele>1722.5469161597941</ele></trkpt>
    <trkpt lat="32.960676" lon="-116.606737"><ele>1723.5937875199072</ele></trkpt>
    <trkpt lat="32.96073" lon="-116.606808"><ele>1723.9763264000649</ele></trkpt>
    <trkpt lat="32.960784" lon="-116.606838"><ele>1723.4512563199823</ele></trkpt>
    <trkpt lat="32.960823" lon="-116.606868"><ele>1723.3070374401937</ele></trkpt>
    <trkpt lat="32.960873" lon="-116.606925"><ele>1723.5004040001168</ele></trkpt>
    <trkpt lat="32.96091" lon="-116.606981"><ele>1723.608086400105</ele></trkpt>
    <trkpt lat="32.960919" lon="-116.607017"><ele>1723.9470163200508</ele></trkpt>
    <trkpt lat="32.960916" lon="-116.607052"><ele>1724.5393228799887</ele></trkpt>
    <trkpt lat="32.960877" lon="-116.607059"><ele>1725.3961171200185</ele></trkpt>
    <trkpt lat="32.960843" lon="-116.60705"><ele>1725.949296000069</ele></trkpt>
    <trkpt lat="32.960761" lon="-116.607079"><ele>1728.0156000000316</ele></trkpt>
    <trkpt lat="32.960651" lon="-116.607139"><ele>1731.0396000000712</ele></trkpt>
    <trkpt lat="32.960591" lon="-116.60717"><ele>1732.6703999999436</ele></trkpt>
    <trkpt lat="32.960502" lon="-116.607182"><ele>1734.6944825599762</ele></trkpt>
    <trkpt lat="32.960421" lon="-116.607131"><ele>1735.7621230400111</ele></trkpt>
    <trkpt lat="32.960352" lon="-116.607066"><ele>1736.297473280037</ele></trkpt>
    <trkpt lat="32.960313" lon="-116.607047"><ele>1736.7959854399357</ele></trkpt>
    <trkpt lat="32.96028" lon="-116.606992"><ele>1736.6434304001243</ele></trkpt>
    <trkpt lat="32.960257" lon="-116.606973"><ele>1736.8599999999778</ele></trkpt>
    <trkpt lat="32.96023" lon="-116.606954"><ele>1737.1695999999656</ele></trkpt>
    <trkpt lat="32.960203" lon="-116.606961"><ele>1737.8535999999767</ele></trkpt>
    <trkpt lat="32.960199" lon="-116.607009"><ele>1738.6312000000107</ele></trkpt>
    <trkpt lat="32.960213" lon="-116.607052"><ele>1738.947999999874</ele></trkpt>
    <trkpt lat="32.960216" lon="-116.607123"><ele>1739.9055999999637</ele></trkpt>
    <trkpt lat="32.960195" lon="-116.607174"><ele>1741.0936000000338</ele></trkpt>
    <trkpt lat="32.960159" lon="-116.607217"><ele>1742.4904000001388</ele></trkpt>
    <trkpt lat="32.960116" lon="-116.607229"><ele>1743.567600000056</ele></trkpt>
    <trkpt lat="32.960001" lon="-116.607263"><ele>1746.4188000000702</ele></trkpt>
    <trkpt lat="32.959949" lon="-116.607267"><ele>1747.2475963198958</ele></trkpt>
    <trkpt lat="32.959897" lon="-116.607245"><ele>1747.7596056001016</ele></trkpt>
    <trkpt lat="32.959866" lon="-116.607218"><ele>1747.8981299200507</ele></trkpt>
    <trkpt lat="32.959838" lon="-116.607214"><ele>1748.283450880028</ele></trkpt>
    <trkpt lat="32.959819" lon="-116.607217"><ele>1748.5802003199826</ele></trkpt>
    <trkpt lat="32.959785" lon="-116.607237"><ele>1749.2967768000194</ele></trkpt>
    <trkpt lat="32.95977" lon="-116.607261"><ele>1749.8463887999349</ele></trkpt>
    <trkpt lat="32.959762" lon="-116.607287"><ele>1750.3266057600254</ele></trkpt>
    <trkpt lat="32.959746" lon="-116.607299"><ele>1750.7395401599258</ele></trkpt>
    <trkpt lat="32.959722" lon="-116.607302"><ele>1751.1539404800772</ele></trkpt>
    <trkpt lat="32.959705" lon="-116.607278"><ele>1751.2123007999244</ele></trkpt>
    <trkpt lat="32.959677" lon="-116.607237"><ele>1751.3350780799901</ele></trkpt>
    <trkpt lat="32.959667" lon="-116.607201"><ele>1751.3612233599279</ele></trkpt>
    <trkpt lat="32.959646" lon="-116.607173"><ele>1751.8235526400229</ele></trkpt>
    <trkpt lat="32.959657" lon="-116.607141"><ele>1751.5062889599988</ele></trkpt>
    <trkpt lat="32.959667" lon="-116.607125"><ele>1751.2524399999238</ele></trkpt>
    <trkpt lat="32.959687" lon="-116.607082"><ele>1750.7595827199532</ele></trkpt>
    <trkpt lat="32.959687" lon="-116.607052"><ele>1750.7321939199464</ele></trkpt>
    <trkpt lat="32.95968" lon="-116.607012"><ele>1750.8339328000225</ele></trkpt>
    <trkpt lat="32.95966" lon="-116.606982"><ele>1751.1805696000138</ele></trkpt>
    <trkpt lat="32.959604" lon="-116.606976"><ele>1752.224696320031</ele></trkpt>
    <trkpt lat="32.959547" lon="-116.606942"><ele>1753.1340979200202</ele></trkpt>
    <trkpt lat="32.959466" lon="-116.606895"><ele>1754.1056255999592</ele></trkpt>
    <trkpt lat="32.959413" lon="-116.606859"><ele>1754.5735593600355</ele></trkpt>
    <trkpt lat="32.95938" lon="-116.606805"><ele>1754.4210719998848</ele></trkpt>
    <trkpt lat="32.95936" lon="-116.6068"><ele>1754.6438400001366</ele></trkpt>
    <trkpt lat="32.95935" lon="-116.606822"><ele>1755.0778559999114</ele></trkpt>
    <trkpt lat="32.959337" lon="-116.606909"><ele>1756.4524886400586</ele></trkpt>
    <trkpt lat="32.95932" lon="-116.606958"><ele>1757.3813248000954</ele></trkpt>
    <trkpt lat="32.959302" lon="-116.607025"><ele>1758.4414239999037</ele></trkpt>
    <trkpt lat="32.959293" lon="-116.607051"><ele>1758.9114774399332</ele></trkpt>
    <trkpt lat="32.959275" lon="-116.60705"><ele>1759.2736000000514</ele></trkpt>
    <trkpt lat="32.959255" lon="-116.607032"><ele>1759.4703328000703</ele></trkpt>
    <trkpt lat="32.959224" lon="-116.606999"><ele>1759.6725260800433</ele></trkpt>
    <trkpt lat="32.959166" lon="-116.60695"><ele>1760.096703999883</ele></trkpt>
    <trkpt lat="32.959144" lon="-116.606914"><ele>1760.023200000008</ele></trkpt>
    <trkpt lat="32.959126" lon="-116.606872"><ele>1759.7207999999794</ele></trkpt>
    <trkpt lat="32.95909" lon="-116.606831"><ele>1759.8899999999103</ele></trkpt>
    <trkpt lat="32.95904" lon="-116.606785"><ele>1760.3219999999947</ele></trkpt>
    <trkpt lat="32.958967" lon="-116.606744"><ele>1761.42360000008</ele></trkpt>
    <trkpt lat="32.958906" lon="-116.606706"><ele>1762.2768000000729</ele></trkpt>
    <trkpt lat="32.958874" lon="-116.606674"><ele>1762.7681247999008</ele></trkpt>
    <trkpt lat="32.958847" lon="-116.606639"><ele>1763.6404393600674</ele></trkpt>
    <trkpt lat="32.958817" lon="-116.60661"><ele>1764.8031903998667</ele></trkpt>
    <trkpt lat="32.958776" lon="-116.606585"><ele>1766.5277631999675</ele></trkpt>
    <trkpt lat="32.958751" lon="-116.606573"><ele>1767.6171721600135</ele></trkpt>
    <trkpt lat="32.958716" lon="-116.606565"><ele>1769.19239679989</ele></trkpt>
    <trkpt lat="32.958695" lon="-116.606568"><ele>1770.161459200047</ele></trkpt>
    <trkpt lat="32.958691" lon="-116.606584"><ele>1770.37762047992</ele></trkpt>
    <trkpt lat="32.958696" lon="-116.60662"><ele>1770.230118399867</ele></trkpt>
    <trkpt lat="32.958718" lon="-116.606725"><ele>1769.7864400000778</ele></trkpt>
    <trkpt lat="32.958735" lon="-116.606793"><ele>1769.6622040000673</ele></trkpt>
    <trkpt lat="32.958751" lon="-116.606848"><ele>1769.6005504000102</ele></trkpt>
    <trkpt lat="32.958757" lon="-116.606886"><ele>1769.7710896000713</ele></trkpt>
    <trkpt lat="32.958752" lon="-116.606915"><ele>1770.180784000089</ele></trkpt>
    <trkpt lat="32.958757" lon="-116.606957"><ele>1770.4139999999961</ele></trkpt>
    <trkpt lat="32.958754" lon="-116.607004"><ele>1770.82800000005</ele></trkpt>
    <trkpt lat="32.958748" lon="-116.607044"><ele>1771.2672000000139</ele></trkpt>
    <trkpt lat="32.958759" lon="-116.607096"><ele>1771.3643999999763</ele></trkpt>
    <trkpt lat="32.958766" lon="-116.607151"><ele>1771.5840000000853</ele></trkpt>
    <trkpt lat="32.958765" lon="-116.607192"><ele>1771.9043999999926</ele></trkpt>
    <trkpt lat="32.958737" lon="-116.607218"><ele>1772.7972000000423</ele></trkpt>
    <trkpt lat="32.958721" lon="-116.607233"><ele>1773.3472000000063</ele></trkpt>
    <trkpt lat="32.958696" lon="-116.607223"><ele>1773.8691999999673</ele></trkpt>
    <trkpt lat="32.958671" lon="-116.607198"><ele>1774.3163999999133</ele></trkpt>
    <trkpt lat="32.95863" lon="-116.60717"><ele>1775.1479999999888</ele></trkpt>
    <trkpt lat="32.958593" lon="-116.607147"><ele>1775.9976561599688</ele></trkpt>
    <trkpt lat="32.958574" lon="-116.60711"><ele>1776.3147744000782</ele></trkpt>
    <trkpt lat="32.958545" lon="-116.607075"><ele>1776.9701399999378</ele></trkpt>
    <trkpt lat="32.958533" lon="-116.607044"><ele>1777.1468179199285</ele></trkpt>
    <trkpt lat="32.958511" lon="-116.607017"><ele>1777.6718635199509</ele></trkpt>
    <trkpt lat="32.958506" lon="-116.606991"><ele>1777.6773801599672</ele></trkpt>
    <trkpt lat="32.958496" lon="-116.606964"><ele>1777.8412262401348</ele></trkpt>
    <trkpt lat="32.95849" lon="-116.606926"><ele>1777.924000000079</ele></trkpt>
    <trkpt lat="32.958474" lon="-116.606886"><ele>1778.4423999999203</ele></trkpt>
    <trkpt lat="32.958465" lon="-116.606862"><ele>1778.734000000105</ele></trkpt>
    <trkpt lat="32.958452" lon="-116.606842"><ele>1779.1551999999624</ele></trkpt>
    <trkpt lat="32.958428" lon="-116.60683"><ele>1779.93280000007</ele></trkpt>
    <trkpt lat="32.958381" lon="-116.606818"><ele>1781.4555999999088</ele></trkpt>
    <trkpt lat="32.958346" lon="-116.606795"><ele>1782.5896000000375</ele></trkpt>
    <trkpt lat="32.958311" lon="-116.606753"><ele>1783.643199999944</ele></trkpt>
    <trkpt lat="32.958286" lon="-116.60671"><ele>1784.3631999999707</ele></trkpt>
    <trkpt lat="32.958227" lon="-116.606571"><ele>1786.1942363199728</ele></trkpt>
    <trkpt lat="32.958197" lon="-116.606509"><ele>1787.2049780800462</ele></trkpt>
    <trkpt lat="32.958196" lon="-116.606454"><ele>1787.3337126399736</ele></trkpt>
    <trkpt lat="32.958203" lon="-116.606403"><ele>1787.198964640081</ele></trkpt>
    <trkpt lat="32.958213" lon="-116.606359"><ele>1786.9454123199823</ele></trkpt>
    <trkpt lat="32.958213" lon="-116.606313"><ele>1787.0171502399783</ele></trkpt>
    <trkpt lat="32.958209" lon="-116.606264"><ele>1787.2296409601222</ele></trkpt>
    <trkpt lat="32.958224" lon="-116.606142"><ele>1786.892231679946</ele></trkpt>
    <trkpt lat="32.958241" lon="-116.606109"><ele>1786.3290737599575</ele></trkpt>
    <trkpt lat="32.958241" lon="-116.606037"><ele>1786.5021156799655</ele></trkpt>
    <trkpt lat="32.958234" lon="-116.60597"><ele>1786.9023392000906</ele></trkpt>
    <trkpt lat="32.958213" lon="-116.605773"><ele>1787.6165268799768</ele></trkpt>
    <trkpt lat="32.958216" lon="-116.605694"><ele>1787.1659724799947</ele></trkpt>
    <trkpt lat="32.958196" lon="-116.605671"><ele>1787.5828179199823</ele></trkpt>
    <trkpt lat="32.958143" lon="-116.605663"><ele>1788.9063060800572</ele></trkpt>
    <trkpt lat="32.958083" lon="-116.605625"><ele>1790.0830999999857</ele></trkpt>
    <trkpt lat="32.958023" lon="-116.605561"><ele>1790.6470971199888</ele></trkpt>
    <trkpt lat="32.95785" lon="-116.605468"><ele>1791.8907520000296</ele></trkpt>
    <trkpt lat="32.957792" lon="-116.605475"><ele>1793.0188480000056</ele></trkpt>
    <trkpt lat="32.957645" lon="-116.605446"><ele>1794.6465536000228</ele></trkpt>
    <trkpt lat="32.957576" lon="-116.605411"><ele>1794.7535628800542</ele></trkpt>
    <trkpt lat="32.957308" lon="-116.605315"><ele>1798.0030208002004</ele></trkpt>
    <trkpt lat="32.957215" lon="-116.605247"><ele>1798.4420808001526</ele></trkpt>
    <trkpt lat="32.957156" lon="-116.605216"><ele>1798.672220160007</ele></trkpt>
    <trkpt lat="32.957087" lon="-116.605125"><ele>1797.914939999998</ele></trkpt>
    <trkpt lat="32.95702" lon="-116.605089"><ele>1798.3291488001264</ele></trkpt>
    <trkpt lat="32.956943" lon="-116.605112"><ele>1800.0336966400669</ele></trkpt>
    <trkpt lat="32.956875" lon="-116.605151"><ele>1801.6039000001651</ele></trkpt>
    <trkpt lat="32.956835" lon="-116.605189"><ele>1802.8520775999418</ele></trkpt>
    <trkpt lat="32.95675" lon="-116.6052"><ele>1804.2039999999324</ele></trkpt>
    <trkpt lat="32.95668" lon="-116.605192"><ele>1804.970022400069</ele></trkpt>
    <trkpt lat="32.956632" lon="-116.605159"><ele>1804.7373644800173</ele></trkpt>
    <trkpt lat="32.956408" lon="-116.60511"><ele>1805.800844799901</ele></trkpt>
    <trkpt lat="32.95625" lon="-116.605083"><ele>1807.2927999998928</ele></trkpt>
    <trkpt lat="32.956036" lon="-116.605081"><ele>1809.8523999999886</ele></trkpt>
    <trkpt lat="32.95593" lon="-116.605098"><ele>1811.42559999993</ele></trkpt>
    <trkpt lat="32.955458" lon="-116.605188"><ele>1817.8231078399654</ele></trkpt>
    <trkpt lat="32.955294" lon="-116.605232"><ele>1818.2247756800225</ele></trkpt>
    <trkpt lat="32.955214" lon="-116.605248"><ele>1818.2836262400456</ele></trkpt>
    <trkpt lat="32.955203" lon="-116.60526"><ele>1818.4452576000115</ele></trkpt>
    <trkpt lat="32.955203" lon="-116.60526"><ele>1818.4452576000115</ele></trkpt>
    <trkpt lat="32.955166" lon="-116.605298"><ele>1818.9616000000801</ele></trkpt>
    <trkpt lat="32.955139" lon="-116.605348"><ele>1819.7644000001253</ele></trkpt>
    <trkpt lat="32.955075" lon="-116.605523"><ele>1822.6840000000952</ele></trkpt>
    <trkpt lat="32.955017" lon="-116.605611"><ele>1824.0836310399186</ele></trkpt>
    <trkpt lat="32.954942" lon="-116.6057"><ele>1825.3995519999858</ele></trkpt>
    <trkpt lat="32.954883" lon="-116.605775"><ele>1826.7730959998812</ele></trkpt>
    <trkpt lat="32.95482" lon="-116.605786"><ele>1826.9271615998803</ele></trkpt>
    <trkpt lat="32.9547" lon="-116.605818"><ele>1827.698015999973</ele></trkpt>
    <trkpt lat="32.954637" lon="-116.60582"><ele>1827.9855263998684</ele></trkpt>
    <trkpt lat="32.954559" lon="-116.60581"><ele>1828.048958400109</ele></trkpt>
    <trkpt lat="32.954536" lon="-116.605793"><ele>1827.7513420801379</ele></trkpt>
    <trkpt lat="32.9545" lon="-116.605793"><ele>1827.899760000112</ele></trkpt>
    <trkpt lat="32.954451" lon="-116.605813"><ele>1828.535472479955</ele></trkpt>
    <trkpt lat="32.954375" lon="-116.605877"><ele>1830.8111000001734</ele></trkpt>
    <trkpt lat="32.954319" lon="-116.605919"><ele>1832.3743265600203</ele></trkpt>
    <trkpt lat="32.954231" lon="-116.605961"><ele>1834.1692433598548</ele></trkpt>
    <trkpt lat="32.95421" lon="-116.60597"><ele>1834.5607519999535</ele></trkpt>
    <trkpt lat="32.954158" lon="-116.605947"><ele>1834.580000000015</ele></trkpt>
    <trkpt lat="32.954127" lon="-116.605916"><ele>1834.3567999998627</ele></trkpt>
    <trkpt lat="32.954075" lon="-116.605915"><ele>1835.0839999998693</ele></trkpt>
    <trkpt lat="32.954045" lon="-116.605939"><ele>1836.0344000001287</ele></trkpt>
    <trkpt lat="32.9539" lon="-116.605952"><ele>1838.4032000000825</ele></trkpt>
    <trkpt lat="32.95379" lon="-116.605975"><ele>1839.7720000000327</ele></trkpt>
    <trkpt lat="32.953585" lon="-116.606021"><ele>1842.3965872000074</ele></trkpt>
    <trkpt lat="32.953534" lon="-116.606049"><ele>1843.6153427200045</ele></trkpt>
    <trkpt lat="32.953397" lon="-116.606123"><ele>1846.5790097598983</ele></trkpt>
    <trkpt lat="32.953317" lon="-116.606096"><ele>1847.1351999999442</ele></trkpt>
    <trkpt lat="32.95326" lon="-116.606064"><ele>1847.9056000000455</ele></trkpt>
    <trkpt lat="32.953113" lon="-116.605988"><ele>1849.986399999908</ele></trkpt>
    <trkpt lat="32.952991" lon="-116.605948"><ele>1851.4443347200022</ele></trkpt>
    <trkpt lat="32.952902" lon="-116.605956"><ele>1852.6689164800803</ele></trkpt>
    <trkpt lat="32.952859" lon="-116.605954"><ele>1853.1677814399918</ele></trkpt>
    <trkpt lat="32.952753" lon="-116.605932"><ele>1854.0119161599116</ele></trkpt>
    <trkpt lat="32.952619" lon="-116.605908"><ele>1854.9051539200054</ele></trkpt>
    <trkpt lat="32.952487" lon="-116.605862"><ele>1855.5532000000508</ele></trkpt>
    <trkpt lat="32.952335" lon="-116.60585"><ele>1857.0220000000763</ele></trkpt>
    <trkpt lat="32.952188" lon="-116.605845"><ele>1858.5427744000367</ele></trkpt>
    <trkpt lat="32.95208" lon="-116.605841"><ele>1859.6605311999444</ele></trkpt>
    <trkpt lat="32.95191" lon="-116.605802"><ele>1860.9459871999775</ele></trkpt>
    <trkpt lat="32.951812" lon="-116.605772"><ele>1861.908477440078</ele></trkpt>
    <trkpt lat="32.951743" lon="-116.605749"><ele>1862.6029707200394</ele></trkpt>
    <trkpt lat="32.951685" lon="-116.605717"><ele>1863.0331592000152</ele></trkpt>
    <trkpt lat="32.951644" lon="-116.605701"><ele>1863.5412742399149</ele></trkpt>
    <trkpt lat="32.951576" lon="-116.60568"><ele>1864.604172800032</ele></trkpt>
    <trkpt lat="32.951524" lon="-116.605653"><ele>1865.304629120064</ele></trkpt>
    <trkpt lat="32.951467" lon="-116.605629"><ele>1866.1803492799006</ele></trkpt>
    <trkpt lat="32.951406" lon="-116.605599"><ele>1867.1092342400073</ele></trkpt>
    <trkpt lat="32.951328" lon="-116.605589"><ele>1868.018799999981</ele></trkpt>
    <trkpt lat="32.951212" lon="-116.605515"><ele>1868.6053183999995</ele></trkpt>
    <trkpt lat="32.951113" lon="-116.605426"><ele>1869.5036854399884</ele></trkpt>
    <trkpt lat="32.950981" lon="-116.605392"><ele>1871.0090060799873</ele></trkpt>
    <trkpt lat="32.950861" lon="-116.605393"><ele>1872.4894859200042</ele></trkpt>
    <trkpt lat="32.950771" lon="-116.605413"><ele>1873.192075839977</ele></trkpt>
    <trkpt lat="32.950681" lon="-116.60549"><ele>1874.365955200019</ele></trkpt>
    <trkpt lat="32.950613" lon="-116.605563"><ele>1875.597484480026</ele></trkpt>
    <trkpt lat="32.950519" lon="-116.605553"><ele>1875.5696107200044</ele></trkpt>
    <trkpt lat="32.950434" lon="-116.605523"><ele>1874.2696867200798</ele></trkpt>
    <trkpt lat="32.950405" lon="-116.605524"><ele>1873.9811712000683</ele></trkpt>
    <trkpt lat="32.950405" lon="-116.605524"><ele>1873.9811712000683</ele></trkpt>
    <trkpt lat="32.950333" lon="-116.605526"><ele>1873.2560476799777</ele></trkpt>
    <trkpt lat="32.950304" lon="-116.605613"><ele>1873.6577561600602</ele></trkpt>
    <trkpt lat="32.950283" lon="-116.60567"><ele>1873.8649088000163</ele></trkpt>
    <trkpt lat="32.950263" lon="-116.605714"><ele>1874.026909440039</ele></trkpt>
    <trkpt lat="32.950202" lon="-116.605782"><ele>1873.9128268800002</ele></trkpt>
    <trkpt lat="32.950131" lon="-116.605801"><ele>1873.305011519988</ele></trkpt>
    <trkpt lat="32.949997" lon="-116.6058"><ele>1872.0323999999646</ele></trkpt>
    <trkpt lat="32.949827" lon="-116.605794"><ele>1873.8684000000098</ele></trkpt>
    <trkpt lat="32.949643" lon="-116.605773"><ele>1876.996399999954</ele></trkpt>
    <trkpt lat="32.94937" lon="-116.605688"><ele>1884.3995647999445</ele></trkpt>
    <trkpt lat="32.949146" lon="-116.605605"><ele>1890.7412431999992</ele></trkpt>
    <trkpt lat="32.949019" lon="-116.605473"><ele>1891.9243915200348</ele></trkpt>
    <trkpt lat="32.948933" lon="-116.605391"><ele>1892.9271268800446</ele></trkpt>
    <trkpt lat="32.948866" lon="-116.605365"><ele>1894.065873599999</ele></trkpt>
    <trkpt lat="32.948792" lon="-116.60535"><ele>1895.3546880000606</ele></trkpt>
    <trkpt lat="32.948653" lon="-116.605321"><ele>1897.6893355200323</ele></trkpt>
    <trkpt lat="32.948591" lon="-116.605289"><ele>1898.6250750399809</ele></trkpt>
    <trkpt lat="32.948561" lon="-116.605251"><ele>1898.9909905600077</ele></trkpt>
    <trkpt lat="32.948532" lon="-116.605173"><ele>1898.9694265599326</ele></trkpt>
    <trkpt lat="32.948468" lon="-116.604968"><ele>1898.6643020800439</ele></trkpt>
    <trkpt lat="32.948366" lon="-116.604772"><ele>1899.4037478399644</ele></trkpt>
    <trkpt lat="32.948245" lon="-116.604586"><ele>1902.6359999999606</ele></trkpt>
    <trkpt lat="32.94814" lon="-116.604442"><ele>1906.0912255999835</ele></trkpt>
    <trkpt lat="32.947987" lon="-116.604257"><ele>1908.8453406401457</ele></trkpt>
    <trkpt lat="32.94789" lon="-116.604176"><ele>1909.9495743998812</ele></trkpt>
    <trkpt lat="32.947785" lon="-116.604126"><ele>1911.9212127997757</ele></trkpt>
    <trkpt lat="32.947697" lon="-116.604111"><ele>1912.3209236800844</ele></trkpt>
    <trkpt lat="32.947599" lon="-116.604115"><ele>1913.0514903998555</ele></trkpt>
    <trkpt lat="32.947491" lon="-116.604147"><ele>1914.5993060799433</ele></trkpt>
    <trkpt lat="32.947377" lon="-116.604166"><ele>1916.3105372801388</ele></trkpt>
    <trkpt lat="32.947297" lon="-116.604165"><ele>1917.1460151998651</ele></trkpt>
    <trkpt lat="32.947196" lon="-116.604159"><ele>1917.967999999889</ele></trkpt>
    <trkpt lat="32.947134" lon="-116.604178"><ele>1918.9596742401422</ele></trkpt>
    <trkpt lat="32.947064" lon="-116.60421"><ele>1920.4977727998591</ele></trkpt>
    <trkpt lat="32.946944" lon="-116.604241"><ele>1922.682400000036</ele></trkpt>
    <trkpt lat="32.946866" lon="-116.604241"><ele>1923.8056000000652</ele></trkpt>
    <trkpt lat="32.946712" lon="-116.604224"><ele>1925.4112000001046</ele></trkpt>
    <trkpt lat="32.946535" lon="-116.604217"><ele>1927.7080000002406</ele></trkpt>
    <trkpt lat="32.946422" lon="-116.604212"><ele>1929.155200000168</ele></trkpt>
    <trkpt lat="32.946319" lon="-116.604217"><ele>1930.6816302401521</ele></trkpt>
    <trkpt lat="32.946249" lon="-116.604224"><ele>1931.766570880044</ele></trkpt>
    <trkpt lat="32.946157" lon="-116.604241"><ele>1933.3450225600548</ele></trkpt>
    <trkpt lat="32.94608" lon="-116.604289"><ele>1935.1947999998492</ele></trkpt>
    <trkpt lat="32.946032" lon="-116.604339"><ele>1936.6275999998895</ele></trkpt>
    <trkpt lat="32.945983" lon="-116.604405"><ele>1938.4672000000025</ele></trkpt>
    <trkpt lat="32.945956" lon="-116.60445"><ele>1939.700735999989</ele></trkpt>
    <trkpt lat="32.945952" lon="-116.604473"><ele>1940.3073676799738</ele></trkpt>
    <trkpt lat="32.945956" lon="-116.604499"><ele>1940.9561395200933</ele></trkpt>
    <trkpt lat="32.945983" lon="-116.60454"><ele>1941.8425056000121</ele></trkpt>
    <trkpt lat="32.946037" lon="-116.604594"><ele>1942.784490240161</ele></trkpt>
    <trkpt lat="32.946072" lon="-116.604642"><ele>1943.6082739199542</ele></trkpt>
    <trkpt lat="32.946099" lon="-116.604701"><ele>1944.6657379201586</ele></trkpt>
    <trkpt lat="32.946114" lon="-116.604764"><ele>1946.0304358400635</ele></trkpt>
    <trkpt lat="32.946155" lon="-116.604957"><ele>1950.466858399998</ele></trkpt>
    <trkpt lat="32.946173" lon="-116.605"><ele>1951.3316000000714</ele></trkpt>
    <trkpt lat="32.946211" lon="-116.605051"><ele>1952.08882256009</ele></trkpt>
    <trkpt lat="32.946263" lon="-116.605101"><ele>1952.7400164800956</ele></trkpt>
    <trkpt lat="32.946309" lon="-116.605141"><ele>1953.2700142400847</ele></trkpt>
    <trkpt lat="32.946407" lon="-116.605212"><ele>1954.27719999986</ele></trkpt>
    <trkpt lat="32.946504" lon="-116.605273"><ele>1955.4651999999298</ele></trkpt>
    <trkpt lat="32.946544" lon="-116.605306"><ele>1955.9495999999674</ele></trkpt>
    <trkpt lat="32.946568" lon="-116.60534"><ele>1956.4751999999705</ele></trkpt>
    <trkpt lat="32.946584" lon="-116.605384"><ele>1957.2096000000095</ele></trkpt>
    <trkpt lat="32.946607" lon="-116.605459"><ele>1958.4767999999308</ele></trkpt>
    <trkpt lat="32.946638" lon="-116.605534"><ele>1959.7152000001038</ele></trkpt>
    <trkpt lat="32.946681" lon="-116.605619"><ele>1961.3305854400999</ele></trkpt>
    <trkpt lat="32.946738" lon="-116.605706"><ele>1963.131882879946</ele></trkpt>
    <trkpt lat="32.94678" lon="-116.605779"><ele>1964.7465951999627</ele></trkpt>
    <trkpt lat="32.946798" lon="-116.605818"><ele>1965.6427014399835</ele></trkpt>
    <trkpt lat="32.946799" lon="-116.605875"><ele>1966.907079999947</ele></trkpt>
    <trkpt lat="32.946778" lon="-116.605926"><ele>1968.0677862399205</ele></trkpt>
    <trkpt lat="32.946717" lon="-116.605976"><ele>1969.4090713599605</ele></trkpt>
    <trkpt lat="32.946692" lon="-116.605996"><ele>1969.9923865601195</ele></trkpt>
    <trkpt lat="32.946646" lon="-116.606024"><ele>1970.777063680125</ele></trkpt>
    <trkpt lat="32.946616" lon="-116.606044"><ele>1971.2145356799294</ele></trkpt>
    <trkpt lat="32.946585" lon="-116.606067"><ele>1971.687774399903</ele></trkpt>
    <trkpt lat="32.946561" lon="-116.606099"><ele>1972.3475708800174</ele></trkpt>
    <trkpt lat="32.946565" lon="-116.606141"><ele>1972.956799999932</ele></trkpt>
    <trkpt lat="32.946591" lon="-116.606191"><ele>1973.590399999944</ele></trkpt>
    <trkpt lat="32.946682" lon="-116.606286"><ele>1974.7783999999504</ele></trkpt>
    <trkpt lat="32.9467" lon="-116.606298"><ele>1974.7783999999508</ele></trkpt>
    <trkpt lat="32.946734" lon="-116.606322"><ele>1974.792800000068</ele></trkpt>
    <trkpt lat="32.946836" lon="-116.606373"><ele>1974.609200000071</ele></trkpt>
    <trkpt lat="32.946928" lon="-116.606441"><ele>1973.5667059199614</ele></trkpt>
    <trkpt lat="32.947012" lon="-116.606505"><ele>1970.9419423999946</ele></trkpt>
    <trkpt lat="32.947082" lon="-116.60659"><ele>1968.0030751999889</ele></trkpt>
    <trkpt lat="32.947082" lon="-116.60659"><ele>1968.0030751999889</ele></trkpt>
    <trkpt lat="32.947082" lon="-116.60659"><ele>1968.0030751999889</ele></trkpt>
    <trkpt lat="32.947012" lon="-116.606505"><ele>1970.9419423999946</ele></trkpt>
    <trkpt lat="32.946928" lon="-116.606441"><ele>1973.5667059199614</ele></trkpt>
    <trkpt lat="32.946836" lon="-116.606373"><ele>1974.609200000071</ele></trkpt>
    <trkpt lat="32.946734" lon="-116.606322"><ele>1974.792800000068</ele></trkpt>
    <trkpt lat="32.9467" lon="-116.606298"><ele>1974.7783999999508</ele></trkpt>
    <trkpt lat="32.946682" lon="-116.606286"><ele>1974.7783999999504</ele></trkpt>
    <trkpt lat="32.946591" lon="-116.606191"><ele>1973.590399999944</ele></trkpt>
    <trkpt lat="32.946565" lon="-116.606141"><ele>1972.956799999932</ele></trkpt>
    <trkpt lat="32.946561" lon="-116.606099"><ele>1972.3475708800174</ele></trkpt>
    <trkpt lat="32.946585" lon="-116.606067"><ele>1971.687774399903</ele></trkpt>
    <trkpt lat="32.946616" lon="-116.606044"><ele>1971.2145356799294</ele></trkpt>
    <trkpt lat="32.946646" lon="-116.606024"><ele>1970.777063680125</ele></trkpt>
    <trkpt lat="32.946692" lon="-116.605996"><ele>1969.9923865601195</ele></trkpt>
    <trkpt lat="32.946717" lon="-116.605976"><ele>1969.4090713599605</ele></trkpt>
    <trkpt lat="32.946778" lon="-116.605926"><ele>1968.0677862399205</ele></trkpt>
    <trkpt lat="32.946799" lon="-116.605875"><ele>1966.907079999947</ele></trkpt>
    <trkpt lat="32.946798" lon="-116.605818"><ele>1965.6427014399835</ele></trkpt>
    <trkpt lat="32.94678" lon="-116.605779"><ele>1964.7465951999627</ele></trkpt>
    <trkpt lat="32.946738" lon="-116.605706"><ele>1963.131882879946</ele></trkpt>
    <trkpt lat="32.946681" lon="-116.605619"><ele>1961.3305854400999</ele></trkpt>
    <trkpt lat="32.946638" lon="-116.605534"><ele>1959.7152000001038</ele></trkpt>
    <trkpt lat="32.946607" lon="-116.605459"><ele>1958.4767999999308</ele></trkpt>
    <trkpt lat="32.946584" lon="-116.605384"><ele>1957.2096000000095</ele></trkpt>
    <trkpt lat="32.946568" lon="-116.60534"><ele>1956.4751999999705</ele></trkpt>
    <trkpt lat="32.946544" lon="-116.605306"><ele>1955.9495999999674</ele></trkpt>
    <trkpt lat="32.946504" lon="-116.605273"><ele>1955.4651999999298</ele></trkpt>
    <trkpt lat="32.946407" lon="-116.605212"><ele>1954.27719999986</ele></trkpt>
    <trkpt lat="32.946309" lon="-116.605141"><ele>1953.2700142400847</ele></trkpt>
    <trkpt lat="32.946263" lon="-116.605101"><ele>1952.7400164800956</ele></trkpt>
    <trkpt lat="32.946211" lon="-116.605051"><ele>1952.08882256009</ele></trkpt>
    <trkpt lat="32.946173" lon="-116.605"><ele>1951.3316000000714</ele></trkpt>
    <trkpt lat="32.946155" lon="-116.604957"><ele>1950.466858399998</ele></trkpt>
    <trkpt lat="32.946114" lon="-116.604764"><ele>1946.0304358400635</ele></trkpt>
    <trkpt lat="32.946099" lon="-116.604701"><ele>1944.6657379201586</ele></trkpt>
    <trkpt lat="32.946072" lon="-116.604642"><ele>1943.6082739199542</ele></trkpt>
    <trkpt lat="32.946037" lon="-116.604594"><ele>1942.784490240161</ele></trkpt>
    <trkpt lat="32.945983" lon="-116.60454"><ele>1941.8425056000121</ele></trkpt>
    <trkpt lat="32.945956" lon="-116.604499"><ele>1940.9561395200933</ele></trkpt>
    <trkpt lat="32.945952" lon="-116.604473"><ele>1940.3073676799738</ele></trkpt>
    <trkpt lat="32.945956" lon="-116.60445"><ele>1939.700735999989</ele></trkpt>
    <trkpt lat="32.945983" lon="-116.604405"><ele>1938.4672000000025</ele></trkpt>
    <trkpt lat="32.946032" lon="-116.604339"><ele>1936.6275999998895</ele></trkpt>
    <trkpt lat="32.94608" lon="-116.604289"><ele>1935.1947999998492</ele></trkpt>
    <trkpt lat="32.946157" lon="-116.604241"><ele>1933.3450225600548</ele></trkpt>
    <trkpt lat="32.946249" lon="-116.604224"><ele>1931.766570880044</ele></trkpt>
    <trkpt lat="32.946319" lon="-116.604217"><ele>1930.6816302401521</ele></trkpt>
    <trkpt lat="32.946422" lon="-116.604212"><ele>1929.155200000168</ele></trkpt>
    <trkpt lat="32.946535" lon="-116.604217"><ele>1927.7080000002406</ele></trkpt>
    <trkpt lat="32.946712" lon="-116.604224"><ele>1925.4112000001046</ele></trkpt>
    <trkpt lat="32.946866" lon="-116.604241"><ele>1923.8056000000652</ele></trkpt>
    <trkpt lat="32.946944" lon="-116.604241"><ele>1922.682400000036</ele></trkpt>
    <trkpt lat="32.947064" lon="-116.60421"><ele>1920.4977727998591</ele></trkpt>
    <trkpt lat="32.947134" lon="-116.604178"><ele>1918.9596742401422</ele></trkpt>
    <trkpt lat="32.947196" lon="-116.604159"><ele>1917.967999999889</ele></trkpt>
    <trkpt lat="32.947297" lon="-116.604165"><ele>1917.1460151998651</ele></trkpt>
    <trkpt lat="32.947377" lon="-116.604166"><ele>1916.3105372801388</ele></trkpt>
    <trkpt lat="32.947491" lon="-116.604147"><ele>1914.5993060799433</ele></trkpt>
    <trkpt lat="32.947599" lon="-116.604115"><ele>1913.0514903998555</ele></trkpt>
    <trkpt lat="32.947697" lon="-116.604111"><ele>1912.3209236800844</ele></trkpt>
    <trkpt lat="32.947785" lon="-116.604126"><ele>1911.9212127997757</ele></trkpt>
    <trkpt lat="32.94789" lon="-116.604176"><ele>1909.9495743998812</ele></trkpt>
    <trkpt lat="32.947987" lon="-116.604257"><ele>1908.8453406401457</ele></trkpt>
    <trkpt lat="32.94814" lon="-116.604442"><ele>1906.0912255999835</ele></trkpt>
    <trkpt lat="32.948245" lon="-116.604586"><ele>1902.6359999999606</ele></trkpt>
    <trkpt lat="32.948366" lon="-116.604772"><ele>1899.4037478399644</ele></trkpt>
    <trkpt lat="32.948468" lon="-116.604968"><ele>1898.6643020800439</ele></trkpt>
    <trkpt lat="32.948532" lon="-116.605173"><ele>1898.9694265599326</ele></trkpt>
    <trkpt lat="32.948571" lon="-116.605155"><ele>1897.7486247999295</ele></trkpt>
    <trkpt lat="32.94858" lon="-116.605105"><ele>1896.9876639999522</ele></trkpt>
    <trkpt lat="32.948571" lon="-116.605061"><ele>1896.7822897600304</ele></trkpt>
    <trkpt lat="32.948571" lon="-116.605061"><ele>1896.7822897600304</ele></trkpt>
    <trkpt lat="32.948567" lon="-116.60504"><ele>1896.6795328001085</ele></trkpt>
    <trkpt lat="32.948538" lon="-116.604912"><ele>1895.6883635200068</ele></trkpt>
    <trkpt lat="32.948455" lon="-116.604697"><ele>1895.1262295999338</ele></trkpt>
    <trkpt lat="32.948383" lon="-116.604552"><ele>1895.0384313599748</ele></trkpt>
    <trkpt lat="32.948383" lon="-116.604295"><ele>1890.9382279999177</ele></trkpt>
    <trkpt lat="32.948358" lon="-116.604171"><ele>1890.6329263999883</ele></trkpt>
    <trkpt lat="32.948205" lon="-116.603925"><ele>1894.525999999984</ele></trkpt>
    <trkpt lat="32.948089" lon="-116.603844"><ele>1898.1614566397195</ele></trkpt>
    <trkpt lat="32.948089" lon="-116.603844"><ele>1898.1614566397195</ele></trkpt>
    <trkpt lat="32.947935" lon="-116.603737"><ele>1898.9922887998362</ele></trkpt>
    <trkpt lat="32.947775" lon="-116.603635"><ele>1898.7839999999037</ele></trkpt>
    <trkpt lat="32.947494" lon="-116.603579"><ele>1897.6127999998407</ele></trkpt>
    <trkpt lat="32.94737" lon="-116.603536"><ele>1895.7552000002333</ele></trkpt>
    <trkpt lat="32.947212" lon="-116.603506"><ele>1894.5974502398174</ele></trkpt>
    <trkpt lat="32.947048" lon="-116.603477"><ele>1895.6936243198913</ele></trkpt>
    <trkpt lat="32.946893" lon="-116.60345"><ele>1897.125999999775</ele></trkpt>
    <trkpt lat="32.946814" lon="-116.603329"><ele>1894.2139772800062</ele></trkpt>
    <trkpt lat="32.946697" lon="-116.603184"><ele>1892.514682239961</ele></trkpt>
    <trkpt lat="32.946557" lon="-116.603098"><ele>1892.6488000000925</ele></trkpt>
    <trkpt lat="32.946008" lon="-116.602905"><ele>1890.5792096002874</ele></trkpt>
    <trkpt lat="32.945441" lon="-116.602546"><ele>1877.480800000119</ele></trkpt>
    <trkpt lat="32.944405" lon="-116.602165"><ele>1869.7152520000109</ele></trkpt>
    <trkpt lat="32.94423" lon="-116.60202"><ele>1866.3780159999276</ele></trkpt>
    <trkpt lat="32.944005" lon="-116.601859"><ele>1861.9454696000487</ele></trkpt>
    <trkpt lat="32.943586" lon="-116.601672"><ele>1861.2192000001676</ele></trkpt>
    <trkpt lat="32.943455" lon="-116.601468"><ele>1857.456796800001</ele></trkpt>
    <trkpt lat="32.943365" lon="-116.600878"><ele>1859.2590624000352</ele></trkpt>
    <trkpt lat="32.943221" lon="-116.600212"><ele>1858.8855238399865</ele></trkpt>
    <trkpt lat="32.943217" lon="-116.600078"><ele>1857.8636019199969</ele></trkpt>
    <trkpt lat="32.943275" lon="-116.599976"><ele>1856.2662559999721</ele></trkpt>
    <trkpt lat="32.943401" lon="-116.600041"><ele>1854.7735553600164</ele></trkpt>
    <trkpt lat="32.943608" lon="-116.600534"><ele>1854.901669120018</ele></trkpt>
    <trkpt lat="32.943752" lon="-116.600792"><ele>1851.210928639875</ele></trkpt>
    <trkpt lat="32.943937" lon="-116.600888"><ele>1846.48025728001</ele></trkpt>
    <trkpt lat="32.94427" lon="-116.601119"><ele>1846.1882351999297</ele></trkpt>
    <trkpt lat="32.944428" lon="-116.601199"><ele>1847.9171308798677</ele></trkpt>
    <trkpt lat="32.944529" lon="-116.601264"><ele>1848.69359999999</ele></trkpt>
    <trkpt lat="32.944529" lon="-116.601264"><ele>1848.69359999999</ele></trkpt>
    <trkpt lat="32.944603" lon="-116.601312"><ele>1849.1975999998426</ele></trkpt>
    <trkpt lat="32.944725" lon="-116.601285"><ele>1847.7322600001073</ele></trkpt>
    <trkpt lat="32.944675" lon="-116.601114"><ele>1844.4023999999272</ele></trkpt>
    <trkpt lat="32.944572" lon="-116.601022"><ele>1842.6625113600055</ele></trkpt>
    <trkpt lat="32.944383" lon="-116.600862"><ele>1839.2223443201622</ele></trkpt>
    <trkpt lat="32.94432" lon="-116.600652"><ele>1835.8565631999772</ele></trkpt>
    <trkpt lat="32.944383" lon="-116.600561"><ele>1833.210593439945</ele></trkpt>
    <trkpt lat="32.944482" lon="-116.600583"><ele>1832.2139155200002</ele></trkpt>
    <trkpt lat="32.944639" lon="-116.600711"><ele>1834.0402876800915</ele></trkpt>
    <trkpt lat="32.944833" lon="-116.600899"><ele>1836.8493526399072</ele></trkpt>
    <trkpt lat="32.94499" lon="-116.600953"><ele>1836.0261824001743</ele></trkpt>
    <trkpt lat="32.945103" lon="-116.600899"><ele>1832.6443999998987</ele></trkpt>
    <trkpt lat="32.945288" lon="-116.600792"><ele>1826.5300275199763</ele></trkpt>
    <trkpt lat="32.945477" lon="-116.600813"><ele>1824.6298971201004</ele></trkpt>
    <trkpt lat="32.94576" lon="-116.600878"><ele>1824.550399999841</ele></trkpt>
    <trkpt lat="32.945814" lon="-116.600835"><ele>1823.1176000001078</ele></trkpt>
    <trkpt lat="32.945823" lon="-116.600743"><ele>1821.085999999886</ele></trkpt>
    <trkpt lat="32.945783" lon="-116.600663"><ele>1819.5019999999458</ele></trkpt>
    <trkpt lat="32.945657" lon="-116.600566"><ele>1817.8604000000237</ele></trkpt>
    <trkpt lat="32.945481" lon="-116.60054"><ele>1817.9883999999101</ele></trkpt>
    <trkpt lat="32.945283" lon="-116.600459"><ele>1817.2432000000008</ele></trkpt>
    <trkpt lat="32.945103" lon="-116.600309"><ele>1816.4495999998892</ele></trkpt>
    <trkpt lat="32.945039" lon="-116.600152"><ele>1815.0932537599133</ele></trkpt>
    <trkpt lat="32.945039" lon="-116.600152"><ele>1815.0932537599133</ele></trkpt>
    <trkpt lat="32.944572" lon="-116.599"><ele>1806.8121600000375</ele></trkpt>
    <trkpt lat="32.944383" lon="-116.598512"><ele>1805.400924159952</ele></trkpt>
    <trkpt lat="32.944176" lon="-116.598335"><ele>1806.8226016001108</ele></trkpt>
    <trkpt lat="32.943946" lon="-116.598254"><ele>1807.1571193599523</ele></trkpt>
    <trkpt lat="32.943505" lon="-116.598169"><ele>1801.3300087999794</ele></trkpt>
    <trkpt lat="32.943248" lon="-116.598201"><ele>1798.984350080091</ele></trkpt>
    <trkpt lat="32.942798" lon="-116.598464"><ele>1803.452000000263</ele></trkpt>
    <trkpt lat="32.942564" lon="-116.598566"><ele>1803.335016960145</ele></trkpt>
    <trkpt lat="32.942366" lon="-116.598501"><ele>1799.4536467199614</ele></trkpt>
    <trkpt lat="32.941997" lon="-116.598389"><ele>1794.6299156799357</ele></trkpt>
    <trkpt lat="32.941718" lon="-116.598265"><ele>1792.229582399948</ele></trkpt>
    <trkpt lat="32.941533" lon="-116.598244"><ele>1791.610984319807</ele></trkpt>
    <trkpt lat="32.941407" lon="-116.598179"><ele>1788.968100480061</ele></trkpt>
    <trkpt lat="32.94098" lon="-116.598083"><ele>1783.376099200095</ele></trkpt>
    <trkpt lat="32.940786" lon="-116.598067"><ele>1781.2589795200693</ele></trkpt>
    <trkpt lat="32.94061" lon="-116.598131"><ele>1778.8588335998784</ele></trkpt>
    <trkpt lat="32.940426" lon="-116.598201"><ele>1777.5202070400996</ele></trkpt>
    <trkpt lat="32.940223" lon="-116.598271"><ele>1777.231999999933</ele></trkpt>
    <trkpt lat="32.940106" lon="-116.598367"><ele>1779.518649919869</ele></trkpt>
    <trkpt lat="32.939895" lon="-116.598549"><ele>1783.5601208001717</ele></trkpt>
    <trkpt lat="32.939777" lon="-116.598667"><ele>1785.0356766401258</ele></trkpt>
    <trkpt lat="32.939651" lon="-116.598748"><ele>1784.2883539199597</ele></trkpt>
    <trkpt lat="32.939498" lon="-116.598769"><ele>1781.2188124801164</ele></trkpt>
    <trkpt lat="32.939206" lon="-116.59892"><ele>1782.2594816002045</ele></trkpt>
    <trkpt lat="32.939035" lon="-116.599011"><ele>1783.800029600108</ele></trkpt>
    <trkpt lat="32.938877" lon="-116.599027"><ele>1782.763839680152</ele></trkpt>
    <trkpt lat="32.938774" lon="-116.599038"><ele>1781.1959590398612</ele></trkpt>
    <trkpt lat="32.938621" lon="-116.599107"><ele>1779.9095062400343</ele></trkpt>
    <trkpt lat="32.938526" lon="-116.599193"><ele>1779.890953280057</ele></trkpt>
    <trkpt lat="32.938377" lon="-116.599354"><ele>1780.7700156802002</ele></trkpt>
    <trkpt lat="32.938269" lon="-116.599456"><ele>1781.5867654400668</ele></trkpt>
    <trkpt lat="32.938076" lon="-116.599451"><ele>1779.364136960068</ele></trkpt>
    <trkpt lat="32.937855" lon="-116.599354"><ele>1775.6732000001484</ele></trkpt>
    <trkpt lat="32.937653" lon="-116.599343"><ele>1774.3440478401108</ele></trkpt>
    <trkpt lat="32.9374" lon="-116.599408"><ele>1773.688831999878</ele></trkpt>
    <trkpt lat="32.937211" lon="-116.599472"><ele>1772.3263846400685</ele></trkpt>
    <trkpt lat="32.937072" lon="-116.599558"><ele>1771.4386419200355</ele></trkpt>
    <trkpt lat="32.936946" lon="-116.599681"><ele>1770.5867379200213</ele></trkpt>
    <trkpt lat="32.936261" lon="-116.600196"><ele>1757.0233164800047</ele></trkpt>
    <trkpt lat="32.936095" lon="-116.600389"><ele>1756.233976799945</ele></trkpt>
    <trkpt lat="32.935973" lon="-116.600448"><ele>1755.9669158400034</ele></trkpt>
    <trkpt lat="32.935856" lon="-116.600475"><ele>1755.8463359999676</ele></trkpt>
    <trkpt lat="32.93582" lon="-116.600325"><ele>1757.6738400000263</ele></trkpt>
    <trkpt lat="32.935879" lon="-116.600153"><ele>1758.1371030399864</ele></trkpt>
    <trkpt lat="32.935996" lon="-116.600025"><ele>1757.2586079999721</ele></trkpt>
    <trkpt lat="32.936104" lon="-116.599976"><ele>1755.901788159983</ele></trkpt>
    <trkpt lat="32.936248" lon="-116.599805"><ele>1754.8897088000354</ele></trkpt>
    <trkpt lat="32.936532" lon="-116.599322"><ele>1754.9480000000035</ele></trkpt>
    <trkpt lat="32.936869" lon="-116.598517"><ele>1747.5843819200547</ele></trkpt>
    <trkpt lat="32.936964" lon="-116.598399"><ele>1747.4802425600587</ele></trkpt>
    <trkpt lat="32.937761" lon="-116.597954"><ele>1746.042000000084</ele></trkpt>
    <trkpt lat="32.937842" lon="-116.597884"><ele>1744.4835673598138</ele></trkpt>
    <trkpt lat="32.937819" lon="-116.597782"><ele>1740.7388329597973</ele></trkpt>
    <trkpt lat="32.937666" lon="-116.597798"><ele>1738.7159999999085</ele></trkpt>
    <trkpt lat="32.937518" lon="-116.597863"><ele>1738.3920000000876</ele></trkpt>
    <trkpt lat="32.937256" lon="-116.597922"><ele>1737.9454041598995</ele></trkpt>
    <trkpt lat="32.937085" lon="-116.597922"><ele>1735.4208847999703</ele></trkpt>
    <trkpt lat="32.936964" lon="-116.597879"><ele>1732.2415462402255</ele></trkpt>
    <trkpt lat="32.93682" lon="-116.597815"><ele>1728.9959039999078</ele></trkpt>
    <trkpt lat="32.93664" lon="-116.597863"><ele>1728.4085472000536</ele></trkpt>
    <trkpt lat="32.936446" lon="-116.597938"><ele>1728.631390079968</ele></trkpt>
    <trkpt lat="32.936383" lon="-116.597863"><ele>1727.1212000000428</ele></trkpt>
    <trkpt lat="32.936437" lon="-116.597761"><ele>1725.8607387200964</ele></trkpt>
    <trkpt lat="32.936536" lon="-116.597664"><ele>1724.2646758398864</ele></trkpt>
    <trkpt lat="32.936698" lon="-116.59753"><ele>1721.772982400134</ele></trkpt>
    <trkpt lat="32.93695" lon="-116.597525"><ele>1722.6754000001397</ele></trkpt>
    <trkpt lat="32.937121" lon="-116.597514"><ele>1723.7201027201058</ele></trkpt>
    <trkpt lat="32.937382" lon="-116.597369"><ele>1723.270864320004</ele></trkpt>
    <trkpt lat="32.937662" lon="-116.597047"><ele>1722.1926348801392</ele></trkpt>
    <trkpt lat="32.937707" lon="-116.596945"><ele>1720.7389808001767</ele></trkpt>
    <trkpt lat="32.937711" lon="-116.596833"><ele>1717.781296960104</ele></trkpt>
    <trkpt lat="32.937594" lon="-116.596774"><ele>1714.5951155198734</ele></trkpt>
    <trkpt lat="32.937473" lon="-116.596801"><ele>1713.2682059199174</ele></trkpt>
    <trkpt lat="32.937346" lon="-116.596854"><ele>1711.5394873597968</ele></trkpt>
    <trkpt lat="32.937198" lon="-116.596919"><ele>1710.1844000000094</ele></trkpt>
    <trkpt lat="32.936833" lon="-116.596978"><ele>1709.323599999847</ele></trkpt>
    <trkpt lat="32.936617" lon="-116.596913"><ele>1706.4650401600045</ele></trkpt>
    <trkpt lat="32.936257" lon="-116.596817"><ele>1700.5978382400276</ele></trkpt>
    <trkpt lat="32.93614" lon="-116.59686"><ele>1701.0483840001796</ele></trkpt>
    <trkpt lat="32.935789" lon="-116.596849"><ele>1697.459600000126</ele></trkpt>
    <trkpt lat="32.935497" lon="-116.596892"><ele>1694.9842009599001</ele></trkpt>
    <trkpt lat="32.934489" lon="-116.597422"><ele>1688.001840319873</ele></trkpt>
    <trkpt lat="32.934329" lon="-116.597313"><ele>1682.467199999955</ele></trkpt>
    <trkpt lat="32.934329" lon="-116.597015"><ele>1675.904475199947</ele></trkpt>
    <trkpt lat="32.934466" lon="-116.596607"><ele>1671.2626630400903</ele></trkpt>
    <trkpt lat="32.93481" lon="-116.596173"><ele>1663.3623999997822</ele></trkpt>
    <trkpt lat="32.935269" lon="-116.595847"><ele>1659.4132452802194</ele></trkpt>
    <trkpt lat="32.93536" lon="-116.595548"><ele>1654.3087487999094</ele></trkpt>
    <trkpt lat="32.935223" lon="-116.595439"><ele>1649.6618902399878</ele></trkpt>
    <trkpt lat="32.934421" lon="-116.595466"><ele>1645.839610560042</ele></trkpt>
    <trkpt lat="32.934215" lon="-116.595575"><ele>1645.9176399999496</ele></trkpt>
    <trkpt lat="32.933" lon="-116.596851"><ele>1650.318000000009</ele></trkpt>
    <trkpt lat="32.932702" lon="-116.59696"><ele>1642.745030399875</ele></trkpt>
    <trkpt lat="32.932611" lon="-116.596851"><ele>1638.1096763200587</ele></trkpt>
    <trkpt lat="32.932725" lon="-116.596253"><ele>1630.8440000000085</ele></trkpt>
    <trkpt lat="32.933184" lon="-116.595601"><ele>1630.844399999967</ele></trkpt>
    <trkpt lat="32.933252" lon="-116.595357"><ele>1626.1484934402763</ele></trkpt>
    <trkpt lat="32.933161" lon="-116.595248"><ele>1620.7330931198942</ele></trkpt>
    <trkpt lat="32.932978" lon="-116.595275"><ele>1616.1263759999722</ele></trkpt>
    <trkpt lat="32.932313" lon="-116.596253"><ele>1617.4952000000974</ele></trkpt>
    <trkpt lat="32.932152" lon="-116.596389"><ele>1615.2332044801046</ele></trkpt>
    <trkpt lat="32.931923" lon="-116.596389"><ele>1609.54073824002</ele></trkpt>
    <trkpt lat="32.9319" lon="-116.596063"><ele>1601.8685119999889</ele></trkpt>
    <trkpt lat="32.932405" lon="-116.595139"><ele>1596.6208632001105</ele></trkpt>
    <trkpt lat="32.933344" lon="-116.594352"><ele>1602.9135795199757</ele></trkpt>
    <trkpt lat="32.933551" lon="-116.593999"><ele>1599.3906190399478</ele></trkpt>
    <trkpt lat="32.933191" lon="-116.593994"><ele>1591.6391235199337</ele></trkpt>
    <trkpt lat="32.933191" lon="-116.593994"><ele>1591.6391235199337</ele></trkpt>
    <trkpt lat="32.933414" lon="-116.593766"><ele>1591.5304000000203</ele></trkpt>
    <trkpt lat="32.933738" lon="-116.59367"><ele>1596.080883200036</ele></trkpt>
    <trkpt lat="32.93426" lon="-116.593359"><ele>1591.0328608000868</ele></trkpt>
    <trkpt lat="32.934458" lon="-116.593283"><ele>1589.1427999999898</ele></trkpt>
    <trkpt lat="32.934665" lon="-116.593155"><ele>1587.5839999999348</ele></trkpt>
    <trkpt lat="32.934782" lon="-116.59309"><ele>1586.620000000066</ele></trkpt>
    <trkpt lat="32.935277" lon="-116.593112"><ele>1588.2158310401037</ele></trkpt>
    <trkpt lat="32.935404" lon="-116.593058"><ele>1588.4199987199638</ele></trkpt>
    <trkpt lat="32.935449" lon="-116.592876"><ele>1585.3692409600562</ele></trkpt>
    <trkpt lat="32.935485" lon="-116.592672"><ele>1581.8865535998636</ele></trkpt>
    <trkpt lat="32.93573" lon="-116.592515"><ele>1581.5599120001161</ele></trkpt>
    <trkpt lat="32.936043" lon="-116.592361"><ele>1576.6201095999322</ele></trkpt>
    <trkpt lat="32.936397" lon="-116.592311"><ele>1576.3157292799258</ele></trkpt>
    <trkpt lat="32.936682" lon="-116.592404"><ele>1580.3094771200433</ele></trkpt>
    <trkpt lat="32.936883" lon="-116.592493"><ele>1583.5968257601257</ele></trkpt>
    <trkpt lat="32.936951" lon="-116.592456"><ele>1582.9582617599683</ele></trkpt>
    <trkpt lat="32.937114" lon="-116.592372"><ele>1582.3243276799408</ele></trkpt>
    <trkpt lat="32.937441" lon="-116.5923"><ele>1583.94934399987</ele></trkpt>
    <trkpt lat="32.937493" lon="-116.591953"><ele>1579.0468238400917</ele></trkpt>
    <trkpt lat="32.93763" lon="-116.591796"><ele>1576.5459008000414</ele></trkpt>
    <trkpt lat="32.938348" lon="-116.591792"><ele>1582.5173299198682</ele></trkpt>
    <trkpt lat="32.93854" lon="-116.591732"><ele>1587.031833599943</ele></trkpt>
    <trkpt lat="32.938528" lon="-116.591535"><ele>1582.4476415998038</ele></trkpt>
    <trkpt lat="32.938537" lon="-116.591256"><ele>1578.6856742399264</ele></trkpt>
    <trkpt lat="32.938711" lon="-116.591141"><ele>1581.9173859198556</ele></trkpt>
    <trkpt lat="32.939005" lon="-116.591084"><ele>1587.4607935999868</ele></trkpt>
    <trkpt lat="32.93905" lon="-116.590827"><ele>1586.4056720000901</ele></trkpt>
    <trkpt lat="32.9389" lon="-116.590498"><ele>1575.7327039997201</ele></trkpt>
    <trkpt lat="32.939122" lon="-116.589893"><ele>1566.9767401599347</ele></trkpt>
    <trkpt lat="32.939287" lon="-116.589639"><ele>1568.2271734400651</ele></trkpt>
    <trkpt lat="32.939491" lon="-116.589646"><ele>1572.2432105599598</ele></trkpt>
    <trkpt lat="32.939482" lon="-116.589507"><ele>1571.0216470399532</ele></trkpt>
    <trkpt lat="32.939375" lon="-116.589239"><ele>1562.8879000001148</ele></trkpt>
    <trkpt lat="32.939305" lon="-116.588856"><ele>1552.6922368000064</ele></trkpt>
    <trkpt lat="32.939428" lon="-116.588198"><ele>1551.2408844800477</ele></trkpt>
    <trkpt lat="32.93951" lon="-116.587919"><ele>1550.1811647999534</ele></trkpt>
    <trkpt lat="32.939401" lon="-116.587533"><ele>1547.5683999999994</ele></trkpt>
    <trkpt lat="32.939275" lon="-116.587275"><ele>1548.399999999977</ele></trkpt>
    <trkpt lat="32.939222" lon="-116.587214"><ele>1548.3629036800194</ele></trkpt>
    <trkpt lat="32.939222" lon="-116.587214"><ele>1548.3629036800194</ele></trkpt>
    <trkpt lat="32.939068" lon="-116.587039"><ele>1546.2748000000033</ele></trkpt>
    <trkpt lat="32.938987" lon="-116.586793"><ele>1544.8670353599769</ele></trkpt>
    <trkpt lat="32.93878" lon="-116.586438"><ele>1542.609811200026</ele></trkpt>
    <trkpt lat="32.938735" lon="-116.58617"><ele>1539.7485519999848</ele></trkpt>
    <trkpt lat="32.938612" lon="-116.586002"><ele>1535.8325721599188</ele></trkpt>
    <trkpt lat="32.937988" lon="-116.585248"><ele>1522.867671040066</ele></trkpt>
    <trkpt lat="32.937774" lon="-116.58508"><ele>1518.8271168000283</ele></trkpt>
    <trkpt lat="32.937495" lon="-116.584693"><ele>1513.7697064000045</ele></trkpt>
    <trkpt lat="32.937423" lon="-116.584533"><ele>1512.1715713599604</ele></trkpt>
    <trkpt lat="32.937558" lon="-116.584189"><ele>1509.2411999999456</ele></trkpt>
    <trkpt lat="32.937862" lon="-116.583949"><ele>1505.562400000049</ele></trkpt>
    <trkpt lat="32.938267" lon="-116.583788"><ele>1501.0247999999538</ele></trkpt>
    <trkpt lat="32.938747" lon="-116.583696"><ele>1497.7116000000456</ele></trkpt>
    <trkpt lat="32.938969" lon="-116.583424"><ele>1495.459199999911</ele></trkpt>
    <trkpt lat="32.939167" lon="-116.583349"><ele>1497.2292676799502</ele></trkpt>
    <trkpt lat="32.939555" lon="-116.582801"><ele>1495.080072800031</ele></trkpt>
    <trkpt lat="32.939861" lon="-116.582651"><ele>1494.9455825599782</ele></trkpt>
    <trkpt lat="32.940296" lon="-116.582022"><ele>1490.350231039879</ele></trkpt>
    <trkpt lat="32.940302" lon="-116.581782"><ele>1487.9390163200446</ele></trkpt>
    <trkpt lat="32.940674" lon="-116.581164"><ele>1481.386013440033</ele></trkpt>
    <trkpt lat="32.940716" lon="-116.580913"><ele>1481.4210886400401</ele></trkpt>
    <trkpt lat="32.940986" lon="-116.580774"><ele>1485.963610880051</ele></trkpt>
    <trkpt lat="32.941247" lon="-116.580484"><ele>1487.209999999963</ele></trkpt>
    <trkpt lat="32.94149" lon="-116.580226"><ele>1489.346249600038</ele></trkpt>
    <trkpt lat="32.941655" lon="-116.579951"><ele>1493.0158087999841</ele></trkpt>
    <trkpt lat="32.941756" lon="-116.579606"><ele>1494.0147276800092</ele></trkpt>
    <trkpt lat="32.941744" lon="-116.579499"><ele>1494.1324332800016</ele></trkpt>
    <trkpt lat="32.941744" lon="-116.579499"><ele>1494.1324332800016</ele></trkpt>
    <trkpt lat="32.941689" lon="-116.579027"><ele>1496.019949760083</ele></trkpt>
    <trkpt lat="32.941571" lon="-116.578805"><ele>1497.3443999999881</ele></trkpt>
    <trkpt lat="32.941313" lon="-116.578658"><ele>1497.4074838400034</ele></trkpt>
    <trkpt lat="32.941022" lon="-116.578808"><ele>1494.048549119955</ele></trkpt>
    <trkpt lat="32.940778" lon="-116.578915"><ele>1490.8422496000271</ele></trkpt>
    <trkpt lat="32.940409" lon="-116.578679"><ele>1479.4251636800063</ele></trkpt>
    <trkpt lat="32.940103" lon="-116.578454"><ele>1473.8390755200212</ele></trkpt>
    <trkpt lat="32.939176" lon="-116.578143"><ele>1469.0230227200086</ele></trkpt>
    <trkpt lat="32.938987" lon="-116.577928"><ele>1469.3243788799912</ele></trkpt>
    <trkpt lat="32.938924" lon="-116.577724"><ele>1468.914542080022</ele></trkpt>
    <trkpt lat="32.938725" lon="-116.577467"><ele>1463.9525839999628</ele></trkpt>
    <trkpt lat="32.938503" lon="-116.57729"><ele>1462.2942352000007</ele></trkpt>
    <trkpt lat="32.938228" lon="-116.577155"><ele>1463.2744000000175</ele></trkpt>
    <trkpt lat="32.937959" lon="-116.577055"><ele>1464.00525520001</ele></trkpt>
    <trkpt lat="32.937151" lon="-116.577019"><ele>1459.5560177600069</ele></trkpt>
    <trkpt lat="32.936702" lon="-116.576894"><ele>1459.008200960027</ele></trkpt>
    <trkpt lat="32.936307" lon="-116.576476"><ele>1459.0043507199966</ele></trkpt>
    <trkpt lat="32.936378" lon="-116.575941"><ele>1454.2471999999889</ele></trkpt>
    <trkpt lat="32.936249" lon="-116.575696"><ele>1448.5207999998593</ele></trkpt>
    <trkpt lat="32.93597" lon="-116.575439"><ele>1442.3056000000242</ele></trkpt>
    <trkpt lat="32.935817" lon="-116.575074"><ele>1437.3289286400066</ele></trkpt>
    <trkpt lat="32.93561" lon="-116.574849"><ele>1432.259745599954</ele></trkpt>
    <trkpt lat="32.93543" lon="-116.574892"><ele>1429.5735999999993</ele></trkpt>
    <trkpt lat="32.935304" lon="-116.575139"><ele>1430.9267622399102</ele></trkpt>
    <trkpt lat="32.935128" lon="-116.575147"><ele>1427.4107999999958</ele></trkpt>
    <trkpt lat="32.934995" lon="-116.574934"><ele>1421.4750768</ele></trkpt>
    <trkpt lat="32.934998" lon="-116.574711"><ele>1419.9853091200016</ele></trkpt>
    <trkpt lat="32.935053" lon="-116.574157"><ele>1417.6670406400444</ele></trkpt>
    <trkpt lat="32.935169" lon="-116.573937"><ele>1415.7678995200176</ele></trkpt>
    <trkpt lat="32.935295" lon="-116.573744"><ele>1412.972921600085</ele></trkpt>
    <trkpt lat="32.935187" lon="-116.573604"><ele>1410.9660339200148</ele></trkpt>
    <trkpt lat="32.934974" lon="-116.573224"><ele>1409.8439590400328</ele></trkpt>
    <trkpt lat="32.934755" lon="-116.573003"><ele>1411.3784000000005</ele></trkpt>
    <trkpt lat="32.93451" lon="-116.572801"><ele>1412.196540800012</ele></trkpt>
    <trkpt lat="32.934481" lon="-116.572386"><ele>1411.3648086399537</ele></trkpt>
    <trkpt lat="32.934364" lon="-116.572195"><ele>1409.5143999999618</ele></trkpt>
    <trkpt lat="32.934212" lon="-116.572059"><ele>1407.9879999999785</ele></trkpt>
    <trkpt lat="32.934094" lon="-116.57181"><ele>1405.547999999992</ele></trkpt>
    <trkpt lat="32.934094" lon="-116.57181"><ele>1405.547999999992</ele></trkpt>
    <trkpt lat="32.933998" lon="-116.571898"><ele>1406.4984000000482</ele></trkpt>
    <trkpt lat="32.933863" lon="-116.572134"><ele>1407.589200000028</ele></trkpt>
    <trkpt lat="32.933771" lon="-116.57235"><ele>1407.5756000000006</ele></trkpt>
    <trkpt lat="32.933488" lon="-116.572686"><ele>1407.0</ele></trkpt>
    <trkpt lat="32.933353" lon="-116.573086"><ele>1405.898159679987</ele></trkpt>
    <trkpt lat="32.933245" lon="-116.573241"><ele>1405.2266968000094</ele></trkpt>
    <trkpt lat="32.93317" lon="-116.573615"><ele>1404.9975359999974</ele></trkpt>
    <trkpt lat="32.933061" lon="-116.574189"><ele>1400.681127519961</ele></trkpt>
    <trkpt lat="32.932992" lon="-116.574403"><ele>1395.0180108798895</ele></trkpt>
    <trkpt lat="32.932867" lon="-116.574613"><ele>1387.9474958400524</ele></trkpt>
    <trkpt lat="32.932683" lon="-116.574742"><ele>1383.8254934399954</ele></trkpt>
    <trkpt lat="32.931902" lon="-116.575062"><ele>1396.5872000000445</ele></trkpt>
    <trkpt lat="32.931817" lon="-116.575133"><ele>1396.9975999999288</ele></trkpt>
    <trkpt lat="32.931685" lon="-116.575205"><ele>1397.083999999967</ele></trkpt>
    <trkpt lat="32.931523" lon="-116.575281"><ele>1397.5172009600367</ele></trkpt>
    <trkpt lat="32.931156" lon="-116.575593"><ele>1398.0703673600117</ele></trkpt>
    <trkpt lat="32.930961" lon="-116.575675"><ele>1396.4892000000107</ele></trkpt>
    <trkpt lat="32.930702" lon="-116.57589"><ele>1394.2694975999748</ele></trkpt>
    <trkpt lat="32.930314" lon="-116.577048"><ele>1395.1432000001205</ele></trkpt>
    <trkpt lat="32.93026" lon="-116.577219"><ele>1396.7615999999603</ele></trkpt>
    <trkpt lat="32.930093" lon="-116.57742"><ele>1395.9547776000093</ele></trkpt>
    <trkpt lat="32.92993" lon="-116.577501"><ele>1393.9991999999697</ele></trkpt>
    <trkpt lat="32.929643" lon="-116.577631"><ele>1390.366500319946</ele></trkpt>
    <trkpt lat="32.929253" lon="-116.577846"><ele>1384.9688675200111</ele></trkpt>
    <trkpt lat="32.929018" lon="-116.578031"><ele>1381.6119999999514</ele></trkpt>
    <trkpt lat="32.928934" lon="-116.578201"><ele>1380.8515347200096</ele></trkpt>
    <trkpt lat="32.928836" lon="-116.578284"><ele>1379.278184959891</ele></trkpt>
    <trkpt lat="32.928082" lon="-116.578679"><ele>1371.5353337599583</ele></trkpt>
    <trkpt lat="32.928056" lon="-116.578688"><ele>1371.5544857599934</ele></trkpt>
    <trkpt lat="32.928056" lon="-116.578688"><ele>1371.5544857599934</ele></trkpt>
    <trkpt lat="32.928031" lon="-116.578696"><ele>1371.50313983995</ele></trkpt>
    <trkpt lat="32.927992" lon="-116.578767"><ele>1371.6087897600235</ele></trkpt>
    <trkpt lat="32.927781" lon="-116.578885"><ele>1369.0737504000465</ele></trkpt>
    <trkpt lat="32.927646" lon="-116.578977"><ele>1368.3913609600284</ele></trkpt>
    <trkpt lat="32.927502" lon="-116.579095"><ele>1366.5392271999985</ele></trkpt>
    <trkpt lat="32.927281" lon="-116.579325"><ele>1364.0944240000133</ele></trkpt>
    <trkpt lat="32.927054" lon="-116.579672"><ele>1362.6079999999954</ele></trkpt>
    <trkpt lat="32.926928" lon="-116.57978"><ele>1363.1115136000058</ele></trkpt>
    <trkpt lat="32.926718" lon="-116.579776"><ele>1363.9410227198996</ele></trkpt>
    <trkpt lat="32.926525" lon="-116.579872"><ele>1367.2551999998977</ele></trkpt>
    <trkpt lat="32.926286" lon="-116.579942"><ele>1369.6698604800583</ele></trkpt>
    <trkpt lat="32.926023" lon="-116.579973"><ele>1369.9099044798716</ele></trkpt>
    <trkpt lat="32.925714" lon="-116.579958"><ele>1366.1702220801305</ele></trkpt>
    <trkpt lat="32.925318" lon="-116.580151"><ele>1365.0812867199822</ele></trkpt>
    <trkpt lat="32.925149" lon="-116.580289"><ele>1365.5927294397534</ele></trkpt>
    <trkpt lat="32.924978" lon="-116.580413"><ele>1364.3420908798767</ele></trkpt>
    <trkpt lat="32.924821" lon="-116.580702"><ele>1366.820527680086</ele></trkpt>
    <trkpt lat="32.924597" lon="-116.580881"><ele>1364.9647145600427</ele></trkpt>
    <trkpt lat="32.924296" lon="-116.581187"><ele>1365.890001919977</ele></trkpt>
    <trkpt lat="32.924244" lon="-116.581351"><ele>1368.3936262399827</ele></trkpt>
    <trkpt lat="32.924102" lon="-116.581696"><ele>1372.8954163198894</ele></trkpt>
    <trkpt lat="32.923942" lon="-116.58192"><ele>1371.1455743998933</ele></trkpt>
    <trkpt lat="32.923744" lon="-116.582167"><ele>1367.7062118399815</ele></trkpt>
    <trkpt lat="32.923679" lon="-116.582651"><ele>1371.9075999999768</ele></trkpt>
    <trkpt lat="32.923589" lon="-116.582839"><ele>1374.2077123201457</ele></trkpt>
    <trkpt lat="32.923436" lon="-116.582962"><ele>1375.5126374399326</ele></trkpt>
    <trkpt lat="32.923001" lon="-116.583186"><ele>1373.4387411199664</ele></trkpt>
    <trkpt lat="32.92283" lon="-116.583304"><ele>1370.982694399942</ele></trkpt>
    <trkpt lat="32.922454" lon="-116.583601"><ele>1368.695200000072</ele></trkpt>
    <trkpt lat="32.922312" lon="-116.583771"><ele>1367.9368678399212</ele></trkpt>
    <trkpt lat="32.922263" lon="-116.584141"><ele>1373.1256713600812</ele></trkpt>
    <trkpt lat="32.922186" lon="-116.584414"><ele>1372.8394163200537</ele></trkpt>
    <trkpt lat="32.92213" lon="-116.584974"><ele>1379.6025248001015</ele></trkpt>
    <trkpt lat="32.922206" lon="-116.585258"><ele>1386.0766323200305</ele></trkpt>
    <trkpt lat="32.922195" lon="-116.585444"><ele>1387.8152000000237</ele></trkpt>
    <trkpt lat="32.922159" lon="-116.58589"><ele>1389.7468304000504</ele></trkpt>
    <trkpt lat="32.922202" lon="-116.586122"><ele>1392.2805612799539</ele></trkpt>
    <trkpt lat="32.922377" lon="-116.586508"><ele>1397.855217919945</ele></trkpt>
    <trkpt lat="32.922409" lon="-116.586637"><ele>1397.922236960078</ele></trkpt>
    <trkpt lat="32.922508" lon="-116.586766"><ele>1399.8995033600274</ele></trkpt>
    <trkpt lat="32.922549" lon="-116.586884"><ele>1400.5675539199171</ele></trkpt>
    <trkpt lat="32.922594" lon="-116.586905"><ele>1401.654958399898</ele></trkpt>
    <trkpt lat="32.922724" lon="-116.587012"><ele>1404.3467340800455</ele></trkpt>
    <trkpt lat="32.922958" lon="-116.587157"><ele>1409.4682147199662</ele></trkpt>
    <trkpt lat="32.9231" lon="-116.587268"><ele>1411.7424639999863</ele></trkpt>
    <trkpt lat="32.923152" lon="-116.587361"><ele>1412.2366777600243</ele></trkpt>
    <trkpt lat="32.92349" lon="-116.587678"><ele>1417.9480000000276</ele></trkpt>
    <trkpt lat="32.923591" lon="-116.587816"><ele>1420.4153734400318</ele></trkpt>
    <trkpt lat="32.923719" lon="-116.588096"><ele>1422.3953958399584</ele></trkpt>
    <trkpt lat="32.923908" lon="-116.588284"><ele>1424.6426188799464</ele></trkpt>
    <trkpt lat="32.92408" lon="-116.588563"><ele>1425.0983999999962</ele></trkpt>
    <trkpt lat="32.924201" lon="-116.588708"><ele>1427.0846649599166</ele></trkpt>
    <trkpt lat="32.924152" lon="-116.58881"><ele>1426.5426047999745</ele></trkpt>
    <trkpt lat="32.924012" lon="-116.588911"><ele>1425.603678719924</ele></trkpt>
    <trkpt lat="32.923911" lon="-116.588937"><ele>1424.7721867199793</ele></trkpt>
    <trkpt lat="32.923735" lon="-116.588985"><ele>1425.0379999999338</ele></trkpt>
    <trkpt lat="32.923562" lon="-116.589099"><ele>1426.9764000000928</ele></trkpt>
    <trkpt lat="32.923461" lon="-116.589055"><ele>1427.9555999999743</ele></trkpt>
    <trkpt lat="32.923326" lon="-116.588953"><ele>1428.8365862399812</ele></trkpt>
    <trkpt lat="32.923161" lon="-116.588858"><ele>1430.672634560021</ele></trkpt>
    <trkpt lat="32.922961" lon="-116.588781"><ele>1431.2099545599378</ele></trkpt>
    <trkpt lat="32.922718" lon="-116.588776"><ele>1431.510428159843</ele></trkpt>
    <trkpt lat="32.922589" lon="-116.58889"><ele>1436.384481600129</ele></trkpt>
    <trkpt lat="32.922407" lon="-116.589001"><ele>1441.0310505599114</ele></trkpt>
    <trkpt lat="32.922299" lon="-116.588926"><ele>1440.8893459199817</ele></trkpt>
    <trkpt lat="32.921979" lon="-116.588685"><ele>1435.461490399921</ele></trkpt>
    <trkpt lat="32.921873" lon="-116.588622"><ele>1434.192717760055</ele></trkpt>
    <trkpt lat="32.921556" lon="-116.58869"><ele>1440.2073087999595</ele></trkpt>
    <trkpt lat="32.921423" lon="-116.588681"><ele>1441.583392959857</ele></trkpt>
    <trkpt lat="32.921299" lon="-116.58862"><ele>1442.2079552002276</ele></trkpt>
    <trkpt lat="32.921131" lon="-116.588445"><ele>1441.982399999793</ele></trkpt>
    <trkpt lat="32.921131" lon="-116.588445"><ele>1441.982399999793</ele></trkpt>
    <trkpt lat="32.920994" lon="-116.588406"><ele>1445.0526905601332</ele></trkpt>
    <trkpt lat="32.920898" lon="-116.58838"><ele>1447.2744895999876</ele></trkpt>
    <trkpt lat="32.920833" lon="-116.588359"><ele>1448.6577108798629</ele></trkpt>
    <trkpt lat="32.920811" lon="-116.588331"><ele>1448.7054492799557</ele></trkpt>
    <trkpt lat="32.920732" lon="-116.588287"><ele>1450.8279027199121</ele></trkpt>
    <trkpt lat="32.920675" lon="-116.588236"><ele>1452.0297439998567</ele></trkpt>
    <trkpt lat="32.920603" lon="-116.588201"><ele>1453.719938239978</ele></trkpt>
    <trkpt lat="32.920558" lon="-116.58815"><ele>1454.2924159999898</ele></trkpt>
    <trkpt lat="32.920528" lon="-116.588131"><ele>1454.6362854401168</ele></trkpt>
    <trkpt lat="32.920528" lon="-116.588131"><ele>1454.6362854401168</ele></trkpt>
    <trkpt lat="32.920455" lon="-116.588085"><ele>1455.31074400017</ele></trkpt>
    <trkpt lat="32.920333" lon="-116.587983"><ele>1455.8038531199127</ele></trkpt>
    <trkpt lat="32.920248" lon="-116.58793"><ele>1456.0131455999929</ele></trkpt>
    <trkpt lat="32.920165" lon="-116.587868"><ele>1455.5678688000285</ele></trkpt>
    <trkpt lat="32.920036" lon="-116.587892"><ele>1457.1547084798988</ele></trkpt>
    <trkpt lat="32.919872" lon="-116.587885"><ele>1458.561081600019</ele></trkpt>
    <trkpt lat="32.919722" lon="-116.587797"><ele>1455.9042892797527</ele></trkpt>
    <trkpt lat="32.919388" lon="-116.587504"><ele>1452.7695999999023</ele></trkpt>
    <trkpt lat="32.91919" lon="-116.587453"><ele>1456.8194127998731</ele></trkpt>
    <trkpt lat="32.919158" lon="-116.587404"><ele>1456.0348172801594</ele></trkpt>
    <trkpt lat="32.919158" lon="-116.587404"><ele>1456.0348172801594</ele></trkpt>
    <trkpt lat="32.919068" lon="-116.587265"><ele>1452.8615008000288</ele></trkpt>
    <trkpt lat="32.918897" lon="-116.58719"><ele>1452.3921360002976</ele></trkpt>
    <trkpt lat="32.91862" lon="-116.587204"><ele>1450.5607039999677</ele></trkpt>
    <trkpt lat="32.918386" lon="-116.587183"><ele>1447.0865139199088</ele></trkpt>
    <trkpt lat="32.918242" lon="-116.587097"><ele>1444.6550691199957</ele></trkpt>
    <trkpt lat="32.917966" lon="-116.586753"><ele>1440.0871961600126</ele></trkpt>
    <trkpt lat="32.917918" lon="-116.586717"><ele>1439.3737395199512</ele></trkpt>
    <trkpt lat="32.917813" lon="-116.586525"><ele>1437.6142639999844</ele></trkpt>
    <trkpt lat="32.917817" lon="-116.586441"><ele>1437.2405782399696</ele></trkpt>
    <trkpt lat="32.917853" lon="-116.586347"><ele>1436.6984000000252</ele></trkpt>
    <trkpt lat="32.917854" lon="-116.586248"><ele>1435.9855999999832</ele></trkpt>
    <trkpt lat="32.917836" lon="-116.586168"><ele>1435.409600000005</ele></trkpt>
    <trkpt lat="32.917809" lon="-116.586131"><ele>1435.1431999999613</ele></trkpt>
    <trkpt lat="32.917691" lon="-116.586099"><ele>1434.687599999992</ele></trkpt>
    <trkpt lat="32.917636" lon="-116.58606"><ele>1434.4896000000062</ele></trkpt>
    <trkpt lat="32.917557" lon="-116.586036"><ele>1434.2052000000076</ele></trkpt>
    <trkpt lat="32.917473" lon="-116.586072"><ele>1434.0</ele></trkpt>
    <trkpt lat="32.917431" lon="-116.586055"><ele>1434.0</ele></trkpt>
    <trkpt lat="32.917322" lon="-116.586072"><ele>1434.0</ele></trkpt>
    <trkpt lat="32.917292" lon="-116.586067"><ele>1434.0</ele></trkpt>
    <trkpt lat="32.917257" lon="-116.58604"><ele>1434.0</ele></trkpt>
    <trkpt lat="32.917239" lon="-116.58597"><ele>1434.0</ele></trkpt>
    <trkpt lat="32.917253" lon="-116.585922"><ele>1434.0</ele></trkpt>
    <trkpt lat="32.917237" lon="-116.585834"><ele>1434.0</ele></trkpt>
    <trkpt lat="32.917205" lon="-116.585796"><ele>1434.099001599986</ele></trkpt>
    <trkpt lat="32.917236" lon="-116.585712"><ele>1434.043330560008</ele></trkpt>
    <trkpt lat="32.917217" lon="-116.585584"><ele>1433.9869753600015</ele></trkpt>
    <trkpt lat="32.917131" lon="-116.585536"><ele>1433.4604000000425</ele></trkpt>
    <trkpt lat="32.917101" lon="-116.585523"><ele>1433.2119999999536</ele></trkpt>
    <trkpt lat="32.917061" lon="-116.585545"><ele>1433.3055999999474</ele></trkpt>
    <trkpt lat="32.916935" lon="-116.585522"><ele>1432.6375999999723</ele></trkpt>
    <trkpt lat="32.916857" lon="-116.585492"><ele>1432.313600000023</ele></trkpt>
    <trkpt lat="32.916766" lon="-116.585471"><ele>1432.0867999999816</ele></trkpt>
    <trkpt lat="32.916727" lon="-116.585441"><ele>1431.7628000000323</ele></trkpt>
    <trkpt lat="32.916661" lon="-116.585366"><ele>1430.9861580799409</ele></trkpt>
    <trkpt lat="32.916599" lon="-116.585252"><ele>1429.6867999999427</ele></trkpt>
    <trkpt lat="32.91658" lon="-116.585193"><ele>1428.4808000000712</ele></trkpt>
    <trkpt lat="32.916327" lon="-116.584812"><ele>1421.4500358399653</ele></trkpt>
    <trkpt lat="32.916281" lon="-116.584713"><ele>1419.1505153598416</ele></trkpt>
    <trkpt lat="32.915938" lon="-116.584291"><ele>1409.6272329598717</ele></trkpt>
    <trkpt lat="32.91582" lon="-116.584141"><ele>1406.6900352001164</ele></trkpt>
    <trkpt lat="32.915748" lon="-116.584006"><ele>1405.243284480032</ele></trkpt>
    <trkpt lat="32.915674" lon="-116.58377"><ele>1402.7295999999587</ele></trkpt>
    <trkpt lat="32.915669" lon="-116.583657"><ele>1401.2104000000072</ele></trkpt>
    <trkpt lat="32.915724" lon="-116.583507"><ele>1398.8392787200396</ele></trkpt>
    <trkpt lat="32.915917" lon="-116.58323"><ele>1392.332799999999</ele></trkpt>
    <trkpt lat="32.915958" lon="-116.583083"><ele>1388.8011999999646</ele></trkpt>
    <trkpt lat="32.91596" lon="-116.58299"><ele>1386.6988479999193</ele></trkpt>
    <trkpt lat="32.915867" lon="-116.582798"><ele>1383.1923299199284</ele></trkpt>
    <trkpt lat="32.915684" lon="-116.582516"><ele>1379.557931519973</ele></trkpt>
    <trkpt lat="32.915555" lon="-116.582284"><ele>1375.5672448000792</ele></trkpt>
    <trkpt lat="32.915481" lon="-116.582198"><ele>1374.4934044801907</ele></trkpt>
    <trkpt lat="32.915196" lon="-116.582009"><ele>1372.97479999996</ele></trkpt>
    <trkpt lat="32.915041" lon="-116.581939"><ele>1372.3248929602125</ele></trkpt>
    <trkpt lat="32.914922" lon="-116.581919"><ele>1372.1815999999753</ele></trkpt>
    <trkpt lat="32.914609" lon="-116.581761"><ele>1366.2059580800094</ele></trkpt>
    <trkpt lat="32.914235" lon="-116.58164"><ele>1361.7187679998565</ele></trkpt>
    <trkpt lat="32.914066" lon="-116.581613"><ele>1360.9639843200832</ele></trkpt>
    <trkpt lat="32.913999" lon="-116.581535"><ele>1359.343893600042</ele></trkpt>
    <trkpt lat="32.913849" lon="-116.581519"><ele>1358.186888799987</ele></trkpt>
    <trkpt lat="32.913722" lon="-116.581431"><ele>1355.2525935999447</ele></trkpt>
    <trkpt lat="32.913619" lon="-116.581429"><ele>1354.2217047999707</ele></trkpt>
    <trkpt lat="32.913452" lon="-116.581277"><ele>1348.7292953599892</ele></trkpt>
    <trkpt lat="32.913417" lon="-116.58114"><ele>1347.3300992000627</ele></trkpt>
    <trkpt lat="32.913583" lon="-116.580953"><ele>1349.0836030400142</ele></trkpt>
    <trkpt lat="32.913686" lon="-116.580916"><ele>1349.3778329600073</ele></trkpt>
    <trkpt lat="32.913725" lon="-116.580937"><ele>1349.5262120000289</ele></trkpt>
    <trkpt lat="32.913776" lon="-116.580927"><ele>1349.5373619200134</ele></trkpt>
    <trkpt lat="32.913875" lon="-116.581005"><ele>1350.2051000000267</ele></trkpt>
    <trkpt lat="32.913941" lon="-116.581006"><ele>1349.9136243200107</ele></trkpt>
    <trkpt lat="32.914003" lon="-116.581042"><ele>1349.887185919959</ele></trkpt>
    <trkpt lat="32.914052" lon="-116.581048"><ele>1349.6915763199593</ele></trkpt>
    <trkpt lat="32.914077" lon="-116.581065"><ele>1349.7659695999484</ele></trkpt>
    <trkpt lat="32.914111" lon="-116.581062"><ele>1349.5640614400452</ele></trkpt>
    <trkpt lat="32.914145" lon="-116.58108"><ele>1349.6474720000106</ele></trkpt>
    <trkpt lat="32.914226" lon="-116.581064"><ele>1348.9993203199674</ele></trkpt>
    <trkpt lat="32.914326" lon="-116.581081"><ele>1348.806265279936</ele></trkpt>
    <trkpt lat="32.914669" lon="-116.581068"><ele>1346.8542726400428</ele></trkpt>
    <trkpt lat="32.9148" lon="-116.58106"><ele>1345.8870399998102</ele></trkpt>
    <trkpt lat="32.914882" lon="-116.58107"><ele>1345.6878591999196</ele></trkpt>
    <trkpt lat="32.914899" lon="-116.581038"><ele>1344.6934009601925</ele></trkpt>
    <trkpt lat="32.914846" lon="-116.580986"><ele>1343.4565964798878</ele></trkpt>
    <trkpt lat="32.914786" lon="-116.580962"><ele>1342.9560985599876</ele></trkpt>
    <trkpt lat="32.914736" lon="-116.580929"><ele>1342.065435519928</ele></trkpt>
    <trkpt lat="32.914603" lon="-116.580839"><ele>1340.4536886399292</ele></trkpt>
    <trkpt lat="32.914543" lon="-116.580792"><ele>1339.7884115200443</ele></trkpt>
    <trkpt lat="32.914529" lon="-116.58073"><ele>1338.2563264000482</ele></trkpt>
    <trkpt lat="32.914533" lon="-116.580392"><ele>1330.0609094400886</ele></trkpt>
    <trkpt lat="32.914559" lon="-116.580039"><ele>1326.1363009600486</ele></trkpt>
    <trkpt lat="32.914595" lon="-116.579967"><ele>1324.8791895999816</ele></trkpt>
    <trkpt lat="32.914579" lon="-116.579902"><ele>1324.3376963199962</ele></trkpt>
    <trkpt lat="32.914414" lon="-116.579548"><ele>1321.2745177600398</ele></trkpt>
    <trkpt lat="32.914352" lon="-116.579435"><ele>1319.7490848000873</ele></trkpt>
    <trkpt lat="32.914323" lon="-116.579365"><ele>1318.1845607998546</ele></trkpt>
    <trkpt lat="32.914044" lon="-116.57916"><ele>1316.0851968000864</ele></trkpt>
    <trkpt lat="32.91399" lon="-116.57908"><ele>1315.704864000113</ele></trkpt>
    <trkpt lat="32.913865" lon="-116.578762"><ele>1312.6817695999275</ele></trkpt>
    <trkpt lat="32.913822" lon="-116.578534"><ele>1308.3679078400642</ele></trkpt>
    <trkpt lat="32.913796" lon="-116.5784"><ele>1305.1781120000912</ele></trkpt>
    <trkpt lat="32.913672" lon="-116.57831"><ele>1304.4880256000756</ele></trkpt>
    <trkpt lat="32.913416" lon="-116.578156"><ele>1301.1467878402218</ele></trkpt>
    <trkpt lat="32.912909" lon="-116.578059"><ele>1293.4239999999145</ele></trkpt>
    <trkpt lat="32.91278" lon="-116.57809"><ele>1291.6600000000185</ele></trkpt>
    <trkpt lat="32.912584" lon="-116.578159"><ele>1287.2812000000627</ele></trkpt>
    <trkpt lat="32.912367" lon="-116.57835"><ele>1285.817272000065</ele></trkpt>
    <trkpt lat="32.912257" lon="-116.578518"><ele>1285.7036329599637</ele></trkpt>
    <trkpt lat="32.912197" lon="-116.578664"><ele>1287.0688883200717</ele></trkpt>
    <trkpt lat="32.911863" lon="-116.578579"><ele>1283.474612160059</ele></trkpt>
    <trkpt lat="32.911863" lon="-116.578579"><ele>1283.474612160059</ele></trkpt>
    <trkpt lat="32.911761" lon="-116.578553"><ele>1281.6964886399692</ele></trkpt>
    <trkpt lat="32.911517" lon="-116.578566"><ele>1278.0816988799295</ele></trkpt>
    <trkpt lat="32.911398" lon="-116.578531"><ele>1274.8662595199148</ele></trkpt>
    <trkpt lat="32.91114" lon="-116.578427"><ele>1268.9992064001276</ele></trkpt>
    <trkpt lat="32.911026" lon="-116.578402"><ele>1266.8589158399463</ele></trkpt>
    <trkpt lat="32.910842" lon="-116.578468"><ele>1264.609451520052</ele></trkpt>
    <trkpt lat="32.910764" lon="-116.578622"><ele>1263.7633843200076</ele></trkpt>
    <trkpt lat="32.910788" lon="-116.578876"><ele>1264.6868275198979</ele></trkpt>
    <trkpt lat="32.910812" lon="-116.579143"><ele>1263.6965132799853</ele></trkpt>
    <trkpt lat="32.910807" lon="-116.579311"><ele>1263.2341676799479</ele></trkpt>
    <trkpt lat="32.910816" lon="-116.579473"><ele>1263.4787999998678</ele></trkpt>
    <trkpt lat="32.910783" lon="-116.57951"><ele>1262.424000000074</ele></trkpt>
    <trkpt lat="32.91067" lon="-116.579602"><ele>1258.6872000000953</ele></trkpt>
    <trkpt lat="32.910614" lon="-116.579832"><ele>1256.8751001601056</ele></trkpt>
    <trkpt lat="32.910582" lon="-116.580134"><ele>1254.2694489599016</ele></trkpt>
    <trkpt lat="32.910485" lon="-116.580469"><ele>1247.998507200092</ele></trkpt>
    <trkpt lat="32.910422" lon="-116.580925"><ele>1243.9438639999487</ele></trkpt>
    <trkpt lat="32.910392" lon="-116.58098"><ele>1243.2500864000372</ele></trkpt>
    <trkpt lat="32.910258" lon="-116.581099"><ele>1240.7863999999881</ele></trkpt>
    <trkpt lat="32.910181" lon="-116.581075"><ele>1239.9548000000154</ele></trkpt>
    <trkpt lat="32.910091" lon="-116.580995"><ele>1238.9828000000139</ele></trkpt>
    <trkpt lat="32.910046" lon="-116.580995"><ele>1238.496800000013</ele></trkpt>
    <trkpt lat="32.909981" lon="-116.580956"><ele>1238.0</ele></trkpt>
    <trkpt lat="32.909879" lon="-116.581046"><ele>1238.0</ele></trkpt>
    <trkpt lat="32.909771" lon="-116.581089"><ele>1238.0</ele></trkpt>
    <trkpt lat="32.909597" lon="-116.581077"><ele>1238.3954417599957</ele></trkpt>
    <trkpt lat="32.909494" lon="-116.581073"><ele>1238.7088764800035</ele></trkpt>
    <trkpt lat="32.909184" lon="-116.58096"><ele>1237.9459456000386</ele></trkpt>
    <trkpt lat="32.909093" lon="-116.580966"><ele>1236.6291999999999</ele></trkpt>
    <trkpt lat="32.908965" lon="-116.580958"><ele>1234.2676000000029</ele></trkpt>
    <trkpt lat="32.908879" lon="-116.580943"><ele>1232.6256548800181</ele></trkpt>
    <trkpt lat="32.908829" lon="-116.580982"><ele>1232.1077891200023</ele></trkpt>
    <trkpt lat="32.908814" lon="-116.581038"><ele>1232.3242412800478</ele></trkpt>
    <trkpt lat="32.908795" lon="-116.581183"><ele>1232.990651199944</ele></trkpt>
    <trkpt lat="32.908641" lon="-116.581364"><ele>1230.626318080055</ele></trkpt>
    <trkpt lat="32.908602" lon="-116.581507"><ele>1231.5605603200574</ele></trkpt>
    <trkpt lat="32.908602" lon="-116.581727"><ele>1234.0275241600425</ele></trkpt>
    <trkpt lat="32.90843" lon="-116.581949"><ele>1231.729307200063</ele></trkpt>
    <trkpt lat="32.908417" lon="-116.58217"><ele>1230.938574399987</ele></trkpt>
    <trkpt lat="32.908464" lon="-116.582383"><ele>1230.3582675201158</ele></trkpt>
    <trkpt lat="32.908451" lon="-116.582616"><ele>1228.3707046399804</ele></trkpt>
    <trkpt lat="32.908383" lon="-116.582674"><ele>1226.5131996800271</ele></trkpt>
    <trkpt lat="32.908332" lon="-116.582765"><ele>1225.0268000000397</ele></trkpt>
    <trkpt lat="32.908288" lon="-116.582937"><ele>1225.013946239991</ele></trkpt>
    <trkpt lat="32.908239" lon="-116.583013"><ele>1224.7759732799918</ele></trkpt>
    <trkpt lat="32.908205" lon="-116.583035"><ele>1224.505812000002</ele></trkpt>
    <trkpt lat="32.90816" lon="-116.583015"><ele>1223.890896000045</ele></trkpt>
    <trkpt lat="32.907959" lon="-116.582745"><ele>1220.688366399989</ele></trkpt>
    <trkpt lat="32.907761" lon="-116.582585"><ele>1219.077929599985</ele></trkpt>
    <trkpt lat="32.907536" lon="-116.582616"><ele>1216.519516160029</ele></trkpt>
    <trkpt lat="32.907417" lon="-116.582573"><ele>1214.2605507199742</ele></trkpt>
    <trkpt lat="32.907256" lon="-116.582605"><ele>1212.5907295999662</ele></trkpt>
    <trkpt lat="32.907022" lon="-116.582704"><ele>1210.5114444800247</ele></trkpt>
    <trkpt lat="32.906832" lon="-116.582962"><ele>1211.5847999999498</ele></trkpt>
    <trkpt lat="32.906832" lon="-116.582962"><ele>1211.5847999999498</ele></trkpt>
    <trkpt lat="32.906782" lon="-116.58303"><ele>1212.1391999999312</ele></trkpt>
    <trkpt lat="32.906601" lon="-116.583312"><ele>1213.3917555200549</ele></trkpt>
    <trkpt lat="32.906504" lon="-116.583465"><ele>1212.2736511999638</ele></trkpt>
    <trkpt lat="32.906408" lon="-116.583666"><ele>1210.2751999999855</ele></trkpt>
    <trkpt lat="32.906246" lon="-116.583826"><ele>1207.8259398400496</ele></trkpt>
    <trkpt lat="32.905925" lon="-116.584096"><ele>1205.2351520000418</ele></trkpt>
    <trkpt lat="32.905701" lon="-116.584232"><ele>1205.5935507200013</ele></trkpt>
    <trkpt lat="32.905643" lon="-116.584234"><ele>1205.5611075199567</ele></trkpt>
    <trkpt lat="32.905643" lon="-116.584234"><ele>1205.5611075199567</ele></trkpt>
    <trkpt lat="32.905542" lon="-116.584238"><ele>1205.6837363200323</ele></trkpt>
    <trkpt lat="32.905421" lon="-116.58415"><ele>1206.8176000000012</ele></trkpt>
    <trkpt lat="32.905234" lon="-116.584016"><ele>1208.1449177600414</ele></trkpt>
    <trkpt lat="32.905069" lon="-116.583795"><ele>1206.821559199956</ele></trkpt>
    <trkpt lat="32.904799" lon="-116.583695"><ele>1207.134672800066</ele></trkpt>
    <trkpt lat="32.904722" lon="-116.583671"><ele>1207.4326275199696</ele></trkpt>
    <trkpt lat="32.904492" lon="-116.583597"><ele>1208.5894060800056</ele></trkpt>
    <trkpt lat="32.904492" lon="-116.583597"><ele>1208.5894060800056</ele></trkpt>
    <trkpt lat="32.904473" lon="-116.583591"><ele>1208.7071145599705</ele></trkpt>
    <trkpt lat="32.904298" lon="-116.583521"><ele>1210.257200000048</ele></trkpt>
    <trkpt lat="32.904033" lon="-116.583358"><ele>1211.6127305600282</ele></trkpt>
    <trkpt lat="32.903769" lon="-116.583407"><ele>1212.4159396799632</ele></trkpt>
    <trkpt lat="32.903651" lon="-116.583652"><ele>1213.3957241600133</ele></trkpt>
    <trkpt lat="32.903651" lon="-116.583652"><ele>1213.3957241600133</ele></trkpt>
    <trkpt lat="32.90367" lon="-116.583821"><ele>1214.4028256000054</ele></trkpt>
    <trkpt lat="32.903697" lon="-116.584028"><ele>1214.4996947199952</ele></trkpt>
    <trkpt lat="32.903739" lon="-116.584203"><ele>1214.7822203200265</ele></trkpt>
    <trkpt lat="32.903781" lon="-116.584338"><ele>1216.222434880036</ele></trkpt>
    <trkpt lat="32.903836" lon="-116.584467"><ele>1218.0252000000535</ele></trkpt>
    <trkpt lat="32.903886" lon="-116.584636"><ele>1221.4272000000585</ele></trkpt>
    <trkpt lat="32.903889" lon="-116.584781"><ele>1223.2110307200267</ele></trkpt>
    <trkpt lat="32.903907" lon="-116.584944"><ele>1223.6290886400088</ele></trkpt>
    <trkpt lat="32.903907" lon="-116.584944"><ele>1223.6290886400088</ele></trkpt>
    <trkpt lat="32.903469" lon="-116.585142"><ele>1224.284729919998</ele></trkpt>
    <trkpt lat="32.903325" lon="-116.58544"><ele>1226.6140000000114</ele></trkpt>
    <trkpt lat="32.903237" lon="-116.585595"><ele>1227.630799999995</ele></trkpt>
    <trkpt lat="32.902972" lon="-116.585548"><ele>1228.265418240019</ele></trkpt>
    <trkpt lat="32.902637" lon="-116.585135"><ele>1226.471809599956</ele></trkpt>
    <trkpt lat="32.90251" lon="-116.585134"><ele>1226.448467199963</ele></trkpt>
    <trkpt lat="32.902457" lon="-116.585362"><ele>1227.683999999988</ele></trkpt>
    <trkpt lat="32.902345" lon="-116.585504"><ele>1226.5823999999554</ele></trkpt>
    <trkpt lat="32.902315" lon="-116.585914"><ele>1227.4442064000489</ele></trkpt>
    <trkpt lat="32.902556" lon="-116.586157"><ele>1232.1652000000001</ele></trkpt>
    <trkpt lat="32.902548" lon="-116.586363"><ele>1232.9068000000207</ele></trkpt>
    <trkpt lat="32.902575" lon="-116.586549"><ele>1235.0404560000602</ele></trkpt>
    <trkpt lat="32.902448" lon="-116.586669"><ele>1235.2947724800053</ele></trkpt>
    <trkpt lat="32.902376" lon="-116.587193"><ele>1244.9336774399687</ele></trkpt>
    <trkpt lat="32.902069" lon="-116.587419"><ele>1247.9823068798783</ele></trkpt>
    <trkpt lat="32.901751" lon="-116.587462"><ele>1242.673937599971</ele></trkpt>
    <trkpt lat="32.901636" lon="-116.587781"><ele>1242.0038387201053</ele></trkpt>
    <trkpt lat="32.9018" lon="-116.587985"><ele>1247.678080000059</ele></trkpt>
    <trkpt lat="32.902154" lon="-116.588238"><ele>1257.1061798400751</ele></trkpt>
    <trkpt lat="32.902238" lon="-116.588908"><ele>1256.9808921598492</ele></trkpt>
    <trkpt lat="32.90286" lon="-116.588866"><ele>1267.4271999999482</ele></trkpt>
    <trkpt lat="32.903209" lon="-116.589154"><ele>1267.7436211200113</ele></trkpt>
    <trkpt lat="32.904001" lon="-116.589262"><ele>1278.8606310400996</ele></trkpt>
    <trkpt lat="32.904421" lon="-116.589608"><ele>1287.0916211199597</ele></trkpt>
    <trkpt lat="32.904699" lon="-116.589711"><ele>1287.8473774398262</ele></trkpt>
    <trkpt lat="32.904699" lon="-116.589711"><ele>1287.8473774398262</ele></trkpt>
    <trkpt lat="32.904771" lon="-116.589738"><ele>1288.1651999999472</ele></trkpt>
    <trkpt lat="32.905129" lon="-116.589983"><ele>1291.7040000000638</ele></trkpt>
    <trkpt lat="32.905251" lon="-116.589918"><ele>1289.4215999999428</ele></trkpt>
    <trkpt lat="32.905422" lon="-116.590048"><ele>1289.871082239947</ele></trkpt>
    <trkpt lat="32.905633" lon="-116.590485"><ele>1290.220045599965</ele></trkpt>
    <trkpt lat="32.905575" lon="-116.590936"><ele>1291.434688000033</ele></trkpt>
    <trkpt lat="32.905556" lon="-116.591416"><ele>1288.0020684799865</ele></trkpt>
    <trkpt lat="32.906031" lon="-116.59179"><ele>1295.1678512000742</ele></trkpt>
    <trkpt lat="32.906319" lon="-116.592175"><ele>1305.0159719998933</ele></trkpt>
    <trkpt lat="32.90653" lon="-116.592271"><ele>1304.8459999999898</ele></trkpt>
    <trkpt lat="32.9066" lon="-116.592422"><ele>1306.5560000000214</ele></trkpt>
    <trkpt lat="32.906892" lon="-116.592684"><ele>1311.362938880157</ele></trkpt>
    <trkpt lat="32.907029" lon="-116.592666"><ele>1311.3895999998413</ele></trkpt>
    <trkpt lat="32.906901" lon="-116.592771"><ele>1313.8086161599733</ele></trkpt>
    <trkpt lat="32.906714" lon="-116.59272"><ele>1312.5085567999972</ele></trkpt>
    <trkpt lat="32.906412" lon="-116.592658"><ele>1315.1702758399538</ele></trkpt>
    <trkpt lat="32.905988" lon="-116.592656"><ele>1319.4928000001491</ele></trkpt>
    <trkpt lat="32.905768" lon="-116.592658"><ele>1318.2729817600405</ele></trkpt>
    <trkpt lat="32.905692" lon="-116.593083"><ele>1326.0266611200304</ele></trkpt>
    <trkpt lat="32.905847" lon="-116.592847"><ele>1324.7689212801588</ele></trkpt>
    <trkpt lat="32.905955" lon="-116.592857"><ele>1325.2462351998581</ele></trkpt>
    <trkpt lat="32.90656" lon="-116.593141"><ele>1332.194118400106</ele></trkpt>
    <trkpt lat="32.906929" lon="-116.593363"><ele>1338.2622476798765</ele></trkpt>
    <trkpt lat="32.907043" lon="-116.59326"><ele>1334.7260672000539</ele></trkpt>
    <trkpt lat="32.90735" lon="-116.593144"><ele>1332.4478719998149</ele></trkpt>
    <trkpt lat="32.907566" lon="-116.593328"><ele>1339.3282380799665</ele></trkpt>
    <trkpt lat="32.907969" lon="-116.593626"><ele>1347.8643017600107</ele></trkpt>
    <trkpt lat="32.907864" lon="-116.593715"><ele>1351.687510400137</ele></trkpt>
    <trkpt lat="32.908063" lon="-116.593772"><ele>1352.6269548800794</ele></trkpt>
    <trkpt lat="32.908322" lon="-116.59417"><ele>1355.4449792001215</ele></trkpt>
    <trkpt lat="32.908375" lon="-116.594544"><ele>1357.7411200000051</ele></trkpt>
    <trkpt lat="32.908528" lon="-116.594791"><ele>1355.8342361601165</ele></trkpt>
    <trkpt lat="32.908653" lon="-116.595126"><ele>1354.189199999988</ele></trkpt>
    <trkpt lat="32.908544" lon="-116.595274"><ele>1356.7080857600058</ele></trkpt>
    <trkpt lat="32.908205" lon="-116.59552"><ele>1359.6725440001176</ele></trkpt>
    <trkpt lat="32.907579" lon="-116.595753"><ele>1357.1519999999728</ele></trkpt>
    <trkpt lat="32.907471" lon="-116.59614"><ele>1360.310400000151</ele></trkpt>
    <trkpt lat="32.907534" lon="-116.596333"><ele>1365.053480640059</ele></trkpt>
    <trkpt lat="32.907531" lon="-116.596534"><ele>1368.8208006401203</ele></trkpt>
    <trkpt lat="32.907445" lon="-116.596413"><ele>1366.693559200002</ele></trkpt>
    <trkpt lat="32.907344" lon="-116.596461"><ele>1366.4889740801427</ele></trkpt>
    <trkpt lat="32.907263" lon="-116.596701"><ele>1371.6049110399467</ele></trkpt>
    <trkpt lat="32.907331" lon="-116.596857"><ele>1373.5957513600008</ele></trkpt>
    <trkpt lat="32.907454" lon="-116.597361"><ele>1381.1638675200961</ele></trkpt>
    <trkpt lat="32.90747" lon="-116.597775"><ele>1385.195999999965</ele></trkpt>
    <trkpt lat="32.907667" lon="-116.597787"><ele>1383.2230795200273</ele></trkpt>
    <trkpt lat="32.907873" lon="-116.597822"><ele>1380.7135475199027</ele></trkpt>
    <trkpt lat="32.907936" lon="-116.597872"><ele>1380.2168166399556</ele></trkpt>
    <trkpt lat="32.907936" lon="-116.597872"><ele>1380.2168166399556</ele></trkpt>
    <trkpt lat="32.908231" lon="-116.598104"><ele>1378.6939020800203</ele></trkpt>
    <trkpt lat="32.908599" lon="-116.598125"><ele>1374.1525999999135</ele></trkpt>
    <trkpt lat="32.90839" lon="-116.597789"><ele>1370.9944832001756</ele></trkpt>
    <trkpt lat="32.908241" lon="-116.597297"><ele>1365.0974820800136</ele></trkpt>
    <trkpt lat="32.908011" lon="-116.596978"><ele>1360.4532947197301</ele></trkpt>
    <trkpt lat="32.908053" lon="-116.596743"><ele>1355.900528159967</ele></trkpt>
    <trkpt lat="32.908399" lon="-116.596983"><ele>1354.9087876798023</ele></trkpt>
    <trkpt lat="32.908289" lon="-116.596707"><ele>1352.31805215987</ele></trkpt>
    <trkpt lat="32.908391" lon="-116.596606"><ele>1349.5251999999277</ele></trkpt>
    <trkpt lat="32.908416" lon="-116.596483"><ele>1348.1896000000006</ele></trkpt>
    <trkpt lat="32.908537" lon="-116.596694"><ele>1347.609559359945</ele></trkpt>
    <trkpt lat="32.908917" lon="-116.596945"><ele>1339.0994024000165</ele></trkpt>
    <trkpt lat="32.908806" lon="-116.596698"><ele>1340.61280000007</ele></trkpt>
    <trkpt lat="32.909046" lon="-116.596794"><ele>1333.2137420801598</ele></trkpt>
    <trkpt lat="32.909187" lon="-116.597004"><ele>1331.805388159895</ele></trkpt>
    <trkpt lat="32.909858" lon="-116.597302"><ele>1323.5887999999834</ele></trkpt>
    <trkpt lat="32.910544" lon="-116.597255"><ele>1313.5502912000472</ele></trkpt>
    <trkpt lat="32.910737" lon="-116.596795"><ele>1306.8433784000174</ele></trkpt>
    <trkpt lat="32.91092" lon="-116.596682"><ele>1302.716000000071</ele></trkpt>
    <trkpt lat="32.911221" lon="-116.596864"><ele>1299.1061657600148</ele></trkpt>
    <trkpt lat="32.911921" lon="-116.597386"><ele>1293.1111244800104</ele></trkpt>
    <trkpt lat="32.912057" lon="-116.597507"><ele>1292.1691779200403</ele></trkpt>
    <trkpt lat="32.912228" lon="-116.597518"><ele>1290.9093043200385</ele></trkpt>
    <trkpt lat="32.912228" lon="-116.597518"><ele>1290.9093043200385</ele></trkpt>
    <trkpt lat="32.911984" lon="-116.598297"><ele>1287.3653740800628</ele></trkpt>
    <trkpt lat="32.912011" lon="-116.598823"><ele>1281.560000000022</ele></trkpt>
    <trkpt lat="32.91229" lon="-116.599134"><ele>1272.1252831999782</ele></trkpt>
    <trkpt lat="32.912318" lon="-116.599263"><ele>1268.230046720214</ele></trkpt>
    <trkpt lat="32.912191" lon="-116.599885"><ele>1254.824400799988</ele></trkpt>
    <trkpt lat="32.912101" lon="-116.600132"><ele>1249.9853772799388</ele></trkpt>
    <trkpt lat="32.911912" lon="-116.600228"><ele>1252.0263833599415</ele></trkpt>
    <trkpt lat="32.911165" lon="-116.600422"><ele>1259.7372752002582</ele></trkpt>
    <trkpt lat="32.911002" lon="-116.60054"><ele>1257.3675968001548</ele></trkpt>
    <trkpt lat="32.910714" lon="-116.60055"><ele>1261.665392000107</ele></trkpt>
    <trkpt lat="32.910174" lon="-116.600604"><ele>1277.7100441598548</ele></trkpt>
    <trkpt lat="32.909958" lon="-116.600808"><ele>1271.2407577599627</ele></trkpt>
    <trkpt lat="32.90966" lon="-116.600808"><ele>1271.7743999999502</ele></trkpt>
    <trkpt lat="32.909417" lon="-116.600797"><ele>1273.3953539200131</ele></trkpt>
    <trkpt lat="32.908426" lon="-116.600497"><ele>1287.6865686398735</ele></trkpt>
    <trkpt lat="32.908237" lon="-116.600561"><ele>1285.1639864000235</ele></trkpt>
    <trkpt lat="32.907976" lon="-116.600754"><ele>1281.0606041600659</ele></trkpt>
    <trkpt lat="32.90767" lon="-116.600979"><ele>1277.7660000000742</ele></trkpt>
    <trkpt lat="32.907472" lon="-116.600937"><ele>1279.5627628799896</ele></trkpt>
    <trkpt lat="32.907282" lon="-116.600958"><ele>1281.9755635198342</ele></trkpt>
    <trkpt lat="32.907138" lon="-116.601301"><ele>1275.6966649598132</ele></trkpt>
    <trkpt lat="32.906661" lon="-116.60157"><ele>1267.7056000001796</ele></trkpt>
    <trkpt lat="32.906481" lon="-116.601473"><ele>1267.658800000042</ele></trkpt>
    <trkpt lat="32.90594" lon="-116.601237"><ele>1261.9575712000847</ele></trkpt>
    <trkpt lat="32.905643" lon="-116.601237"><ele>1255.65226528</ele></trkpt>
    <trkpt lat="32.905481" lon="-116.601248"><ele>1252.322402560056</ele></trkpt>
    <trkpt lat="32.90531" lon="-116.601194"><ele>1249.9953567999435</ele></trkpt>
    <trkpt lat="32.905188" lon="-116.60134"><ele>1247.7056000000666</ele></trkpt>
    <trkpt lat="32.905188" lon="-116.60134"><ele>1247.7056000000666</ele></trkpt>
    <trkpt lat="32.90531" lon="-116.601194"><ele>1249.9953567999435</ele></trkpt>
    <trkpt lat="32.905175" lon="-116.601097"><ele>1249.3936040000383</ele></trkpt>
    <trkpt lat="32.905022" lon="-116.601248"><ele>1247.1728000000303</ele></trkpt>
    <trkpt lat="32.904913" lon="-116.601398"><ele>1245.2526729599608</ele></trkpt>
    <trkpt lat="32.90467" lon="-116.601537"><ele>1242.3001584000824</ele></trkpt>
    <trkpt lat="32.904571" lon="-116.601473"><ele>1242.9267556800148</ele></trkpt>
    <trkpt lat="32.904481" lon="-116.601398"><ele>1243.873116479955</ele></trkpt>
    <trkpt lat="32.904391" lon="-116.601484"><ele>1242.6962777600143</ele></trkpt>
    <trkpt lat="32.904292" lon="-116.601666"><ele>1240.5570828800753</ele></trkpt>
    <trkpt lat="32.904139" lon="-116.601741"><ele>1240.102147039936</ele></trkpt>
    <trkpt lat="32.903797" lon="-116.60172"><ele>1242.4343136000073</ele></trkpt>
    <trkpt lat="32.9034" lon="-116.60187"><ele>1241.6283199999448</ele></trkpt>
    <trkpt lat="32.903211" lon="-116.601763"><ele>1243.399999999946</ele></trkpt>
    <trkpt lat="32.903076" lon="-116.601666"><ele>1244.9337766400658</ele></trkpt>
    <trkpt lat="32.902671" lon="-116.602009"><ele>1243.7765345600526</ele></trkpt>
    <trkpt lat="32.902481" lon="-116.602149"><ele>1243.5452302400197</ele></trkpt>
    <trkpt lat="32.902274" lon="-116.60217"><ele>1243.528956799991</ele></trkpt>
    <trkpt lat="32.902013" lon="-116.602095"><ele>1240.5447311998485</ele></trkpt>
    <trkpt lat="32.902004" lon="-116.60187"><ele>1244.408140799865</ele></trkpt>
    <trkpt lat="32.901968" lon="-116.601752"><ele>1246.437250559859</ele></trkpt>
    <trkpt lat="32.901662" lon="-116.601763"><ele>1244.8451999998379</ele></trkpt>
    <trkpt lat="32.901517" lon="-116.601795"><ele>1242.7644000001299</ele></trkpt>
    <trkpt lat="32.901346" lon="-116.601848"><ele>1239.0439999997873</ele></trkpt>
    <trkpt lat="32.901247" lon="-116.601752"><ele>1239.6595999997958</ele></trkpt>
    <trkpt lat="32.901166" lon="-116.601516"><ele>1244.6152217599747</ele></trkpt>
    <trkpt lat="32.901058" lon="-116.601312"><ele>1246.9073241601054</ele></trkpt>
    <trkpt lat="32.900806" lon="-116.601215"><ele>1242.6696048000854</ele></trkpt>
    <trkpt lat="32.900644" lon="-116.601044"><ele>1244.273850879982</ele></trkpt>
    <trkpt lat="32.900462" lon="-116.600851"><ele>1245.2738614399902</ele></trkpt>
    <trkpt lat="32.900419" lon="-116.600867"><ele>1245.4279457600146</ele></trkpt>
    <trkpt lat="32.900419" lon="-116.600867"><ele>1245.4279457600146</ele></trkpt>
    <trkpt lat="32.900342" lon="-116.600894"><ele>1245.8357177599848</ele></trkpt>
    <trkpt lat="32.900283" lon="-116.600927"><ele>1246.299381919983</ele></trkpt>
    <trkpt lat="32.900102" lon="-116.600988"><ele>1249.0161139200427</ele></trkpt>
    <trkpt lat="32.89989" lon="-116.601096"><ele>1251.6384000000178</ele></trkpt>
    <trkpt lat="32.899818" lon="-116.601111"><ele>1252.6211999999405</ele></trkpt>
    <trkpt lat="32.899683" lon="-116.601053"><ele>1254.5737219199884</ele></trkpt>
    <trkpt lat="32.899515" lon="-116.600871"><ele>1255.8127151999918</ele></trkpt>
    <trkpt lat="32.899426" lon="-116.60087"><ele>1256.313670400018</ele></trkpt>
    <trkpt lat="32.899426" lon="-116.60101"><ele>1256.7507392000175</ele></trkpt>
    <trkpt lat="32.899411" lon="-116.601085"><ele>1257.049035199991</ele></trkpt>
    <trkpt lat="32.899301" lon="-116.601206"><ele>1257.3512022399855</ele></trkpt>
    <trkpt lat="32.899239" lon="-116.60127"><ele>1257.5906511999924</ele></trkpt>
    <trkpt lat="32.899098" lon="-116.601388"><ele>1258.00158208</ele></trkpt>
    <trkpt lat="32.899049" lon="-116.601483"><ele>1257.4659156799926</ele></trkpt>
    <trkpt lat="32.899027" lon="-116.601572"><ele>1257.013045759984</ele></trkpt>
    <trkpt lat="32.898931" lon="-116.601617"><ele>1257.0543060799887</ele></trkpt>
    <trkpt lat="32.898869" lon="-116.601657"><ele>1257.1088916799972</ele></trkpt>
    <trkpt lat="32.898779" lon="-116.601706"><ele>1257.1124000000596</ele></trkpt>
    <trkpt lat="32.898694" lon="-116.601752"><ele>1257.0871999999695</ele></trkpt>
    <trkpt lat="32.898591" lon="-116.601868"><ele>1256.6752755200068</ele></trkpt>
    <trkpt lat="32.898536" lon="-116.601979"><ele>1256.2919999999995</ele></trkpt>
    <trkpt lat="32.898483" lon="-116.602215"><ele>1254.974400000001</ele></trkpt>
    <trkpt lat="32.898434" lon="-116.602525"><ele>1254.3978159999879</ele></trkpt>
    <trkpt lat="32.898449" lon="-116.602757"><ele>1255.4776532799865</ele></trkpt>
    <trkpt lat="32.898441" lon="-116.603026"><ele>1256.8523593599998</ele></trkpt>
    <trkpt lat="32.898412" lon="-116.603367"><ele>1257.3700761600164</ele></trkpt>
    <trkpt lat="32.898329" lon="-116.60374"><ele>1258.455638400001</ele></trkpt>
    <trkpt lat="32.898302" lon="-116.60399"><ele>1258.958940800003</ele></trkpt>
    <trkpt lat="32.898261" lon="-116.604169"><ele>1258.7100252800071</ele></trkpt>
    <trkpt lat="32.89825" lon="-116.604342"><ele>1256.4276799999443</ele></trkpt>
    <trkpt lat="32.898242" lon="-116.604446"><ele>1255.0024000000662</ele></trkpt>
    <trkpt lat="32.898368" lon="-116.604653"><ele>1254.592099840001</ele></trkpt>
    <trkpt lat="32.898414" lon="-116.604824"><ele>1254.290400000009</ele></trkpt>
    <trkpt lat="32.898487" lon="-116.605064"><ele>1254.322800000015</ele></trkpt>
    <trkpt lat="32.898508" lon="-116.605192"><ele>1253.93759999999</ele></trkpt>
    <trkpt lat="32.898515" lon="-116.605357"><ele>1253.6540000000118</ele></trkpt>
    <trkpt lat="32.89852" lon="-116.605417"><ele>1253.6719999999918</ele></trkpt>
    <trkpt lat="32.898436" lon="-116.60543"><ele>1253.3695999999882</ele></trkpt>
    <trkpt lat="32.898344" lon="-116.605391"><ele>1253.0384000000058</ele></trkpt>
    <trkpt lat="32.898282" lon="-116.605363"><ele>1252.388903360023</ele></trkpt>
    <trkpt lat="32.898259" lon="-116.605281"><ele>1252.1940958400276</ele></trkpt>
    <trkpt lat="32.898238" lon="-116.605197"><ele>1252.2611999999767</ele></trkpt>
    <trkpt lat="32.898186" lon="-116.605128"><ele>1251.948000000052</ele></trkpt>
    <trkpt lat="32.898081" lon="-116.60511"><ele>1250.8787999999881</ele></trkpt>
    <trkpt lat="32.898059" lon="-116.605069"><ele>1250.788800000036</ele></trkpt>
    <trkpt lat="32.898006" lon="-116.60497"><ele>1250.324934400039</ele></trkpt>
    <trkpt lat="32.897902" lon="-116.604871"><ele>1249.3022406400098</ele></trkpt>
    <trkpt lat="32.897794" lon="-116.604826"><ele>1248.4132364799573</ele></trkpt>
    <trkpt lat="32.897706" lon="-116.604821"><ele>1247.7547388799842</ele></trkpt>
    <trkpt lat="32.89764" lon="-116.604906"><ele>1246.1963392000316</ele></trkpt>
    <trkpt lat="32.897552" lon="-116.60511"><ele>1242.95679999999</ele></trkpt>
    <trkpt lat="32.897511" lon="-116.605177"><ele>1241.8840000000391</ele></trkpt>
    <trkpt lat="32.897441" lon="-116.605203"><ele>1240.6316219199905</ele></trkpt>
    <trkpt lat="32.89736" lon="-116.605188"><ele>1239.4675071999939</ele></trkpt>
    <trkpt lat="32.897254" lon="-116.605217"><ele>1237.7014307199654</ele></trkpt>
    <trkpt lat="32.897113" lon="-116.605217"><ele>1236.5184321600025</ele></trkpt>
    <trkpt lat="32.897043" lon="-116.605203"><ele>1236.15248783996</ele></trkpt>
    <trkpt lat="32.897013" lon="-116.605148"><ele>1236.312695040008</ele></trkpt>
    <trkpt lat="32.897005" lon="-116.605084"><ele>1236.679123199968</ele></trkpt>
    <trkpt lat="32.897047" lon="-116.604947"><ele>1238.0120433600546</ele></trkpt>
    <trkpt lat="32.897014" lon="-116.604867"><ele>1238.8066915200081</ele></trkpt>
    <trkpt lat="32.896907" lon="-116.604659"><ele>1240.621439040017</ele></trkpt>
    <trkpt lat="32.896689" lon="-116.604594"><ele>1240.5358252799826</ele></trkpt>
    <trkpt lat="32.89661" lon="-116.604535"><ele>1240.2660000000242</ele></trkpt>
    <trkpt lat="32.896532" lon="-116.60449"><ele>1239.86640000001</ele></trkpt>
    <trkpt lat="32.896452" lon="-116.60449"><ele>1239.2903999999808</ele></trkpt>
    <trkpt lat="32.896437" lon="-116.604612"><ele>1238.7431999999803</ele></trkpt>
    <trkpt lat="32.896406" lon="-116.604625"><ele>1238.4731999999976</ele></trkpt>
    <trkpt lat="32.896348" lon="-116.604599"><ele>1238.1159916800643</ele></trkpt>
    <trkpt lat="32.896371" lon="-116.604521"><ele>1238.6534054399833</ele></trkpt>
    <trkpt lat="32.896311" lon="-116.604436"><ele>1239.0522758399572</ele></trkpt>
    <trkpt lat="32.896224" lon="-116.60453"><ele>1237.9606848000224</ele></trkpt>
    <trkpt lat="32.896131" lon="-116.604544"><ele>1237.3106457599129</ele></trkpt>
    <trkpt lat="32.896037" lon="-116.604564"><ele>1236.4292307200615</ele></trkpt>
    <trkpt lat="32.895958" lon="-116.604678"><ele>1234.15704895989</ele></trkpt>
    <trkpt lat="32.895833" lon="-116.604792"><ele>1231.7415999999635</ele></trkpt>
    <trkpt lat="32.89572" lon="-116.604943"><ele>1228.2099999998752</ele></trkpt>
    <trkpt lat="32.895622" lon="-116.605044"><ele>1226.0789785599654</ele></trkpt>
    <trkpt lat="32.895576" lon="-116.605089"><ele>1225.2331628799166</ele></trkpt>
    <trkpt lat="32.89557" lon="-116.605389"><ele>1222.4071999999724</ele></trkpt>
    <trkpt lat="32.895551" lon="-116.605598"><ele>1220.5113059199784</ele></trkpt>
    <trkpt lat="32.895489" lon="-116.605813"><ele>1217.9624612800142</ele></trkpt>
    <trkpt lat="32.89545" lon="-116.605911"><ele>1217.89960000001</ele></trkpt>
    <trkpt lat="32.895206" lon="-116.605984"><ele>1217.638731520003</ele></trkpt>
    <trkpt lat="32.89509" lon="-116.606058"><ele>1217.5205535999887</ele></trkpt>
    <trkpt lat="32.894961" lon="-116.606093"><ele>1216.9991540799967</ele></trkpt>
    <trkpt lat="32.894903" lon="-116.606018"><ele>1217.4382518399482</ele></trkpt>
    <trkpt lat="32.894812" lon="-116.605999"><ele>1217.403556480032</ele></trkpt>
    <trkpt lat="32.894733" lon="-116.606018"><ele>1217.031394239942</ele></trkpt>
    <trkpt lat="32.894675" lon="-116.606069"><ele>1216.259027999946</ele></trkpt>
    <trkpt lat="32.894592" lon="-116.606103"><ele>1215.6051110399696</ele></trkpt>
    <trkpt lat="32.894446" lon="-116.606074"><ele>1215.2735481599607</ele></trkpt>
    <trkpt lat="32.894323" lon="-116.606031"><ele>1214.9545769599836</ele></trkpt>
    <trkpt lat="32.894168" lon="-116.60601"><ele>1214.4621056000353</ele></trkpt>
    <trkpt lat="32.893971" lon="-116.605965"><ele>1214.0290856000306</ele></trkpt>
    <trkpt lat="32.893791" lon="-116.605847"><ele>1213.8298761600256</ele></trkpt>
    <trkpt lat="32.893636" lon="-116.605781"><ele>1212.834000000082</ele></trkpt>
    <trkpt lat="32.893491" lon="-116.605816"><ele>1210.9169817599177</ele></trkpt>
    <trkpt lat="32.893359" lon="-116.605792"><ele>1209.8586508800522</ele></trkpt>
    <trkpt lat="32.893181" lon="-116.605757"><ele>1208.8516996800247</ele></trkpt>
    <trkpt lat="32.893063" lon="-116.605746"><ele>1208.0052259200222</ele></trkpt>
    <trkpt lat="32.892954" lon="-116.605728"><ele>1207.7720000000204</ele></trkpt>
    <trkpt lat="32.89286" lon="-116.605732"><ele>1207.3903999999604</ele></trkpt>
    <trkpt lat="32.892773" lon="-116.605749"><ele>1206.8659561599522</ele></trkpt>
    <trkpt lat="32.892627" lon="-116.605771"><ele>1205.3439913599477</ele></trkpt>
    <trkpt lat="32.892478" lon="-116.605732"><ele>1204.1849843199614</ele></trkpt>
    <trkpt lat="32.892381" lon="-116.605727"><ele>1203.4255830399914</ele></trkpt>
    <trkpt lat="32.892317" lon="-116.605754"><ele>1202.6855065599482</ele></trkpt>
    <trkpt lat="32.8922" lon="-116.605741"><ele>1201.970608000058</ele></trkpt>
    <trkpt lat="32.892141" lon="-116.605777"><ele>1201.5491012799691</ele></trkpt>
    <trkpt lat="32.892008" lon="-116.605791"><ele>1201.339669120027</ele></trkpt>
    <trkpt lat="32.891955" lon="-116.605743"><ele>1201.6627575999746</ele></trkpt>
    <trkpt lat="32.891898" lon="-116.605738"><ele>1200.8553491199368</ele></trkpt>
    <trkpt lat="32.891767" lon="-116.605786"><ele>1197.8345545601044</ele></trkpt>
    <trkpt lat="32.891704" lon="-116.605837"><ele>1195.8952518397934</ele></trkpt>
    <trkpt lat="32.891608" lon="-116.605825"><ele>1194.5100640000492</ele></trkpt>
    <trkpt lat="32.891536" lon="-116.605854"><ele>1194.004606719897</ele></trkpt>
    <trkpt lat="32.891423" lon="-116.605923"><ele>1193.7785195201118</ele></trkpt>
    <trkpt lat="32.89137" lon="-116.605879"><ele>1192.6352416000248</ele></trkpt>
    <trkpt lat="32.891315" lon="-116.605878"><ele>1192.55765440005</ele></trkpt>
    <trkpt lat="32.891267" lon="-116.605914"><ele>1192.9067449599816</ele></trkpt>
    <trkpt lat="32.891178" lon="-116.605875"><ele>1192.3722399999738</ele></trkpt>
    <trkpt lat="32.891079" lon="-116.605845"><ele>1192.0742896000133</ele></trkpt>
    <trkpt lat="32.89099" lon="-116.60587"><ele>1192.1488959999854</ele></trkpt>
    <trkpt lat="32.8908" lon="-116.605889"><ele>1191.7599999999911</ele></trkpt>
    <trkpt lat="32.890711" lon="-116.6059"><ele>1191.1192000000228</ele></trkpt>
    <trkpt lat="32.890657" lon="-116.605936"><ele>1190.7303999999813</ele></trkpt>
    <trkpt lat="32.890572" lon="-116.605914"><ele>1190.1183999999912</ele></trkpt>
    <trkpt lat="32.890484" lon="-116.605825"><ele>1188.9618720000076</ele></trkpt>
    <trkpt lat="32.890484" lon="-116.605825"><ele>1188.9618720000076</ele></trkpt>
    <trkpt lat="32.890484" lon="-116.605825"><ele>1188.9618720000076</ele></trkpt>
    <trkpt lat="32.890381" lon="-116.605752"><ele>1187.302404479956</ele></trkpt>
    <trkpt lat="32.890361" lon="-116.605674"><ele>1186.7966505599597</ele></trkpt>
    <trkpt lat="32.890335" lon="-116.605599"><ele>1186.1541815999992</ele></trkpt>
    <trkpt lat="32.8903" lon="-116.605564"><ele>1185.4279680000643</ele></trkpt>
    <trkpt lat="32.890192" lon="-116.605558"><ele>1183.4675174399924</ele></trkpt>
    <trkpt lat="32.890154" lon="-116.6055"><ele>1183.1937600000008</ele></trkpt>
    <trkpt lat="32.890149" lon="-116.605332"><ele>1184.3501894399924</ele></trkpt>
    <trkpt lat="32.890098" lon="-116.60524"><ele>1183.8776000001005</ele></trkpt>
    <trkpt lat="32.889998" lon="-116.605207"><ele>1181.7265654400474</ele></trkpt>
    <trkpt lat="32.88994" lon="-116.605151"><ele>1181.1906175999907</ele></trkpt>
    <trkpt lat="32.88991" lon="-116.605074"><ele>1181.3431135999892</ele></trkpt>
    <trkpt lat="32.889906" lon="-116.604979"><ele>1182.2208339200731</ele></trkpt>
    <trkpt lat="32.889832" lon="-116.604961"><ele>1180.7629721599355</ele></trkpt>
    <trkpt lat="32.889763" lon="-116.60489"><ele>1179.7890656000732</ele></trkpt>
    <trkpt lat="32.889673" lon="-116.604833"><ele>1178.2805347200417</ele></trkpt>
    <trkpt lat="32.88957" lon="-116.604857"><ele>1176.2733791999974</ele></trkpt>
    <trkpt lat="32.889496" lon="-116.604921"><ele>1174.8479692800138</ele></trkpt>
    <trkpt lat="32.889415" lon="-116.604928"><ele>1173.6819999999952</ele></trkpt>
    <trkpt lat="32.889337" lon="-116.604901"><ele>1172.8395999999748</ele></trkpt>
    <trkpt lat="32.889224" lon="-116.604776"><ele>1171.6191999999864</ele></trkpt>
    <trkpt lat="32.889099" lon="-116.604709"><ele>1170.0371953600227</ele></trkpt>
    <trkpt lat="32.888957" lon="-116.604766"><ele>1168.337669439955</ele></trkpt>
    <trkpt lat="32.888878" lon="-116.604784"><ele>1167.7368819199587</ele></trkpt>
    <trkpt lat="32.888772" lon="-116.60477"><ele>1168.2852223999987</ele></trkpt>
    <trkpt lat="32.888677" lon="-116.604753"><ele>1168.77348176001</ele></trkpt>
    <trkpt lat="32.888535" lon="-116.604696"><ele>1168.9482688000064</ele></trkpt>
    <trkpt lat="32.88843" lon="-116.604634"><ele>1168.5858496000194</ele></trkpt>
    <trkpt lat="32.888335" lon="-116.604647"><ele>1168.4616495999953</ele></trkpt>
    <trkpt lat="32.888218" lon="-116.604661"><ele>1167.8203100799724</ele></trkpt>
    <trkpt lat="32.888126" lon="-116.604641"><ele>1167.1406473600025</ele></trkpt>
    <trkpt lat="32.888009" lon="-116.604454"><ele>1166.2020000000261</ele></trkpt>
    <trkpt lat="32.88792" lon="-116.604309"><ele>1166.250051199999</ele></trkpt>
    <trkpt lat="32.887775" lon="-116.60423"><ele>1166.2280000000042</ele></trkpt>
    <trkpt lat="32.887692" lon="-116.604214"><ele>1166.170399999996</ele></trkpt>
    <trkpt lat="32.887627" lon="-116.604209"><ele>1166.1523999999904</ele></trkpt>
    <trkpt lat="32.887463" lon="-116.604045"><ele>1165.4287999999858</ele></trkpt>
    <trkpt lat="32.887389" lon="-116.603987"><ele>1164.9536000000087</ele></trkpt>
    <trkpt lat="32.887314" lon="-116.604004"><ele>1164.7448000000245</ele></trkpt>
    <trkpt lat="32.887212" lon="-116.60405"><ele>1164.5490879999977</ele></trkpt>
    <trkpt lat="32.887178" lon="-116.604083"><ele>1164.6028979200105</ele></trkpt>
    <trkpt lat="32.88709" lon="-116.603933"><ele>1163.3579775999883</ele></trkpt>
    <trkpt lat="32.88705" lon="-116.603811"><ele>1162.4795999999903</ele></trkpt>
    <trkpt lat="32.88704" lon="-116.603736"><ele>1162.137599999985</ele></trkpt>
    <trkpt lat="32.886953" lon="-116.603717"><ele>1161.4427999999996</ele></trkpt>
    <trkpt lat="32.886886" lon="-116.603724"><ele>1161.6168000000098</ele></trkpt>
    <trkpt lat="32.886843" lon="-116.603638"><ele>1161.462000000017</ele></trkpt>
    <trkpt lat="32.886771" lon="-116.603637"><ele>1161.717600000011</ele></trkpt>
    <trkpt lat="32.886701" lon="-116.603546"><ele>1161.876399999992</ele></trkpt>
    <trkpt lat="32.88662" lon="-116.603439"><ele>1161.895907199998</ele></trkpt>
    <trkpt lat="32.886527" lon="-116.603353"><ele>1161.5327982400004</ele></trkpt>
    <trkpt lat="32.886449" lon="-116.603324"><ele>1161.15647104</ele></trkpt>
    <trkpt lat="32.886342" lon="-116.603294"><ele>1160.210400000029</ele></trkpt>
    <trkpt lat="32.88627" lon="-116.60329"><ele>1159.4040000000432</ele></trkpt>
    <trkpt lat="32.886226" lon="-116.603226"><ele>1158.468000000053</ele></trkpt>
    <trkpt lat="32.886106" lon="-116.603218"><ele>1157.1251603199698</ele></trkpt>
    <trkpt lat="32.886027" lon="-116.603116"><ele>1155.5926892799862</ele></trkpt>
    <trkpt lat="32.885915" lon="-116.60302"><ele>1153.6787359999767</ele></trkpt>
    <trkpt lat="32.885765" lon="-116.602918"><ele>1153.1209808000183</ele></trkpt>
    <trkpt lat="32.885607" lon="-116.602842"><ele>1154.0491817599684</ele></trkpt>
    <trkpt lat="32.8855" lon="-116.60277"><ele>1154.1048000000803</ele></trkpt>
    <trkpt lat="32.885422" lon="-116.602773"><ele>1154.4126604799928</ele></trkpt>
    <trkpt lat="32.885345" lon="-116.602727"><ele>1153.9324752000234</ele></trkpt>
    <trkpt lat="32.885308" lon="-116.602652"><ele>1152.7257292801057</ele></trkpt>
    <trkpt lat="32.885209" lon="-116.602594"><ele>1151.524424319948</ele></trkpt>
    <trkpt lat="32.885109" lon="-116.602516"><ele>1150.218004479922</ele></trkpt>
    <trkpt lat="32.885167" lon="-116.602431"><ele>1149.1069523199542</ele></trkpt>
    <trkpt lat="32.885175" lon="-116.602345"><ele>1148.05815999997</ele></trkpt>
    <trkpt lat="32.885286" lon="-116.602285"><ele>1148.504510399968</ele></trkpt>
    <trkpt lat="32.885388" lon="-116.602219"><ele>1148.7842086400076</ele></trkpt>
    <trkpt lat="32.885401" lon="-116.602145"><ele>1148.7011624000002</ele></trkpt>
    <trkpt lat="32.885317" lon="-116.602082"><ele>1147.4866332799825</ele></trkpt>
    <trkpt lat="32.885259" lon="-116.602027"><ele>1146.3240000000164</ele></trkpt>
    <trkpt lat="32.885298" lon="-116.601915"><ele>1146.0537168000346</ele></trkpt>
    <trkpt lat="32.885278" lon="-116.601809"><ele>1144.541590080023</ele></trkpt>
    <trkpt lat="32.885333" lon="-116.601642"><ele>1143.9440534400437</ele></trkpt>
    <trkpt lat="32.885405" lon="-116.60146"><ele>1143.8567519999942</ele></trkpt>
    <trkpt lat="32.88537" lon="-116.601348"><ele>1142.1279296000503</ele></trkpt>
    <trkpt lat="32.885406" lon="-116.601234"><ele>1142.416211840101</ele></trkpt>
    <trkpt lat="32.88533" lon="-116.601076"><ele>1139.748800000138</ele></trkpt>
    <trkpt lat="32.885307" lon="-116.60093"><ele>1137.6752000000024</ele></trkpt>
    <trkpt lat="32.885313" lon="-116.60074"><ele>1135.6249855999588</ele></trkpt>
    <trkpt lat="32.885304" lon="-116.600595"><ele>1133.749414399955</ele></trkpt>
    <trkpt lat="32.885338" lon="-116.600526"><ele>1133.0722649600139</ele></trkpt>
    <trkpt lat="32.88538" lon="-116.600446"><ele>1131.841721600089</ele></trkpt>
    <trkpt lat="32.885409" lon="-116.600372"><ele>1130.4888761598677</ele></trkpt>
    <trkpt lat="32.885326" lon="-116.600322"><ele>1129.0248742401031</ele></trkpt>
    <trkpt lat="32.885184" lon="-116.600411"><ele>1129.58843519995</ele></trkpt>
    <trkpt lat="32.885025" lon="-116.600486"><ele>1128.3373199999894</ele></trkpt>
    <trkpt lat="32.884879" lon="-116.600511"><ele>1128.0698702400052</ele></trkpt>
    <trkpt lat="32.88472" lon="-116.600436"><ele>1128.4269567999954</ele></trkpt>
    <trkpt lat="32.884574" lon="-116.600372"><ele>1128.3081971200131</ele></trkpt>
    <trkpt lat="32.884453" lon="-116.600382"><ele>1128.0192438400018</ele></trkpt>
    <trkpt lat="32.884261" lon="-116.600416"><ele>1126.3474150400095</ele></trkpt>
    <trkpt lat="32.88404" lon="-116.600441"><ele>1123.8434912000084</ele></trkpt>
    <trkpt lat="32.883815" lon="-116.600486"><ele>1121.184800000017</ele></trkpt>
    <trkpt lat="32.883719" lon="-116.600488"><ele>1119.823999999973</ele></trkpt>
    <trkpt lat="32.883668" lon="-116.600521"><ele>1119.4460000000074</ele></trkpt>
    <trkpt lat="32.883614" lon="-116.600576"><ele>1119.188034560047</ele></trkpt>
    <trkpt lat="32.883574" lon="-116.600624"><ele>1119.1926809599993</ele></trkpt>
    <trkpt lat="32.883523" lon="-116.600656"><ele>1118.9741004799766</ele></trkpt>
    <trkpt lat="32.883446" lon="-116.600606"><ele>1118.0664569599896</ele></trkpt>
    <trkpt lat="32.883404" lon="-116.600577"><ele>1117.6056396799959</ele></trkpt>
    <trkpt lat="32.883341" lon="-116.600491"><ele>1116.809971520028</ele></trkpt>
    <trkpt lat="32.883344" lon="-116.600424"><ele>1116.5668275200187</ele></trkpt>
    <trkpt lat="32.883321" lon="-116.600358"><ele>1116.4595091199692</ele></trkpt>
    <trkpt lat="32.883284" lon="-116.600352"><ele>1116.9653811199544</ele></trkpt>
    <trkpt lat="32.883259" lon="-116.600331"><ele>1117.3245113599628</ele></trkpt>
    <trkpt lat="32.883254" lon="-116.600258"><ele>1117.631404160019</ele></trkpt>
    <trkpt lat="32.883215" lon="-116.600189"><ele>1119.1776487999987</ele></trkpt>
    <trkpt lat="32.883138" lon="-116.600158"><ele>1121.288059520044</ele></trkpt>
    <trkpt lat="32.883077" lon="-116.600092"><ele>1123.8031059199334</ele></trkpt>
    <trkpt lat="32.883012" lon="-116.600031"><ele>1125.825595519972</ele></trkpt>
    <trkpt lat="32.882966" lon="-116.599946"><ele>1126.970925439962</ele></trkpt>
    <trkpt lat="32.882957" lon="-116.599908"><ele>1127.254490240019</ele></trkpt>
    <trkpt lat="32.882931" lon="-116.599875"><ele>1127.5950200000198</ele></trkpt>
    <trkpt lat="32.882861" lon="-116.599833"><ele>1128.1821195199905</ele></trkpt>
    <trkpt lat="32.882774" lon="-116.599806"><ele>1128.6889017599908</ele></trkpt>
    <trkpt lat="32.88273" lon="-116.59973"><ele>1128.8048160000262</ele></trkpt>
    <trkpt lat="32.882678" lon="-116.599692"><ele>1128.6798809599893</ele></trkpt>
    <trkpt lat="32.882678" lon="-116.599692"><ele>1128.6798809599893</ele></trkpt>
    <trkpt lat="32.882532" lon="-116.599586"><ele>1128.5491059199887</ele></trkpt>
    <trkpt lat="32.882415" lon="-116.599484"><ele>1128.508025599989</ele></trkpt>
    <trkpt lat="32.882305" lon="-116.59936"><ele>1128.9059999999772</ele></trkpt>
    <trkpt lat="32.882112" lon="-116.599114"><ele>1131.3800000000062</ele></trkpt>
    <trkpt lat="32.881957" lon="-116.598874"><ele>1133.869245440003</ele></trkpt>
    <trkpt lat="32.881779" lon="-116.598692"><ele>1136.1336774399783</ele></trkpt>
    <trkpt lat="32.881632" lon="-116.598575"><ele>1137.4777759999295</ele></trkpt>
    <trkpt lat="32.881456" lon="-116.598355"><ele>1139.170755199986</ele></trkpt>
    <trkpt lat="32.881236" lon="-116.598098"><ele>1140.337701119952</ele></trkpt>
    <trkpt lat="32.881144" lon="-116.598018"><ele>1140.8272307200114</ele></trkpt>
    <trkpt lat="32.881" lon="-116.597955"><ele>1141.6551999999972</ele></trkpt>
    <trkpt lat="32.880814" lon="-116.597913"><ele>1142.9044000000022</ele></trkpt>
    <trkpt lat="32.880683" lon="-116.597803"><ele>1145.3380000000461</ele></trkpt>
    <trkpt lat="32.880337" lon="-116.597471"><ele>1156.0785161600725</ele></trkpt>
    <trkpt lat="32.880237" lon="-116.597423"><ele>1158.2065859199165</ele></trkpt>
    <trkpt lat="32.879952" lon="-116.597308"><ele>1162.5500032000214</ele></trkpt>
    <trkpt lat="32.8797" lon="-116.597219"><ele>1163.0213440000298</ele></trkpt>
    <trkpt lat="32.879291" lon="-116.597045"><ele>1162.2951375999864</ele></trkpt>
    <trkpt lat="32.879069" lon="-116.596852"><ele>1159.4953875200074</ele></trkpt>
    <trkpt lat="32.878891" lon="-116.596667"><ele>1156.0327908800182</ele></trkpt>
    <trkpt lat="32.878691" lon="-116.596429"><ele>1155.7797411200324</ele></trkpt>
    <trkpt lat="32.878463" lon="-116.59622"><ele>1153.0762144000512</ele></trkpt>
    <trkpt lat="32.878318" lon="-116.595952"><ele>1150.1983628799906</ele></trkpt>
    <trkpt lat="32.878171" lon="-116.59572"><ele>1147.247564800036</ele></trkpt>
    <trkpt lat="32.877931" lon="-116.595551"><ele>1144.121292479974</ele></trkpt>
    <trkpt lat="32.877839" lon="-116.595427"><ele>1143.6448022400152</ele></trkpt>
    <trkpt lat="32.877761" lon="-116.595328"><ele>1142.890120319996</ele></trkpt>
    <trkpt lat="32.877685" lon="-116.595288"><ele>1142.3442911999925</ele></trkpt>
    <trkpt lat="32.877485" lon="-116.595228"><ele>1140.5972768000413</ele></trkpt>
    <trkpt lat="32.877243" lon="-116.595108"><ele>1139.4178822399851</ele></trkpt>
    <trkpt lat="32.877066" lon="-116.595024"><ele>1139.1349913599727</ele></trkpt>
    <trkpt lat="32.87697" lon="-116.594938"><ele>1138.3509343999904</ele></trkpt>
    <trkpt lat="32.876877" lon="-116.594827"><ele>1136.8887999999486</ele></trkpt>
    <trkpt lat="32.876732" lon="-116.594542"><ele>1133.9376000000188</ele></trkpt>
    <trkpt lat="32.87658" lon="-116.594348"><ele>1133.3369472000031</ele></trkpt>
    <trkpt lat="32.876492" lon="-116.594188"><ele>1132.5077836800392</ele></trkpt>
    <trkpt lat="32.876452" lon="-116.594066"><ele>1131.17833727997</ele></trkpt>
    <trkpt lat="32.876439" lon="-116.593671"><ele>1127.392305760005</ele></trkpt>
    <trkpt lat="32.876419" lon="-116.593424"><ele>1124.07010943996</ele></trkpt>
    <trkpt lat="32.876359" lon="-116.593173"><ele>1122.2895731199815</ele></trkpt>
    <trkpt lat="32.876292" lon="-116.593011"><ele>1122.3413574400017</ele></trkpt>
    <trkpt lat="32.876163" lon="-116.592847"><ele>1121.7323483200237</ele></trkpt>
    <trkpt lat="32.876043" lon="-116.592757"><ele>1121.2649771199865</ele></trkpt>
    <trkpt lat="32.875699" lon="-116.592458"><ele>1119.8237593600352</ele></trkpt>
    <trkpt lat="32.875472" lon="-116.592325"><ele>1118.4598880000276</ele></trkpt>
    <trkpt lat="32.875312" lon="-116.59221"><ele>1115.6708416000438</ele></trkpt>
    <trkpt lat="32.875197" lon="-116.592009"><ele>1114.6719819199895</ele></trkpt>
    <trkpt lat="32.875123" lon="-116.591907"><ele>1113.8905788800125</ele></trkpt>
    <trkpt lat="32.874957" lon="-116.591549"><ele>1112.6752534400218</ele></trkpt>
    <trkpt lat="32.874832" lon="-116.591223"><ele>1113.517253759948</ele></trkpt>
    <trkpt lat="32.874642" lon="-116.591001"><ele>1109.8379196800136</ele></trkpt>
    <trkpt lat="32.874583" lon="-116.590821"><ele>1109.0150532800164</ele></trkpt>
    <trkpt lat="32.87457" lon="-116.590644"><ele>1109.085516799977</ele></trkpt>
    <trkpt lat="32.87461" lon="-116.59048"><ele>1109.8701119999416</ele></trkpt>
    <trkpt lat="32.874697" lon="-116.590396"><ele>1111.4938444799516</ele></trkpt>
    <trkpt lat="32.874853" lon="-116.590268"><ele>1113.7962278399764</ele></trkpt>
    <trkpt lat="32.874977" lon="-116.590176"><ele>1114.5999379200118</ele></trkpt>
    <trkpt lat="32.875127" lon="-116.590123"><ele>1114.9880481600637</ele></trkpt>
    <trkpt lat="32.875353" lon="-116.590007"><ele>1114.642399999977</ele></trkpt>
    <trkpt lat="32.875477" lon="-116.589914"><ele>1115.12479999995</ele></trkpt>
    <trkpt lat="32.875585" lon="-116.589889"><ele>1115.7700424000031</ele></trkpt>
    <trkpt lat="32.875878" lon="-116.589752"><ele>1116.5015244800268</ele></trkpt>
    <trkpt lat="32.876112" lon="-116.589681"><ele>1117.8611999999864</ele></trkpt>
    <trkpt lat="32.876281" lon="-116.589592"><ele>1119.365999999973</ele></trkpt>
    <trkpt lat="32.876382" lon="-116.589398"><ele>1119.097893120045</ele></trkpt>
    <trkpt lat="32.876449" lon="-116.58911"><ele>1115.833854400039</ele></trkpt>
    <trkpt lat="32.876494" lon="-116.588837"><ele>1115.3974851200112</ele></trkpt>
    <trkpt lat="32.876525" lon="-116.588592"><ele>1115.4837120000075</ele></trkpt>
    <trkpt lat="32.876444" lon="-116.588371"><ele>1114.1634969599888</ele></trkpt>
    <trkpt lat="32.876411" lon="-116.588231"><ele>1113.845999999967</ele></trkpt>
    <trkpt lat="32.876439" lon="-116.588054"><ele>1115.0803795199517</ele></trkpt>
    <trkpt lat="32.876534" lon="-116.587841"><ele>1116.3273964799814</ele></trkpt>
    <trkpt lat="32.876619" lon="-116.587669"><ele>1116.59759856001</ele></trkpt>
    <trkpt lat="32.876677" lon="-116.587443"><ele>1115.671633439959</ele></trkpt>
    <trkpt lat="32.876678" lon="-116.58733"><ele>1114.8825695999442</ele></trkpt>
    <trkpt lat="32.876599" lon="-116.587106"><ele>1113.0944000000118</ele></trkpt>
    <trkpt lat="32.876559" lon="-116.586961"><ele>1112.28440000001</ele></trkpt>
    <trkpt lat="32.876559" lon="-116.586961"><ele>1112.28440000001</ele></trkpt>
    <trkpt lat="32.876559" lon="-116.586961"><ele>1112.28440000001</ele></trkpt>
    <trkpt lat="32.876519" lon="-116.586866"><ele>1112.6695715200024</ele></trkpt>
    <trkpt lat="32.876425" lon="-116.586815"><ele>1112.9422599999762</ele></trkpt>
    <trkpt lat="32.876453" lon="-116.586785"><ele>1113.3601623999252</ele></trkpt>
    <trkpt lat="32.876525" lon="-116.586757"><ele>1113.6872439999477</ele></trkpt>
    <trkpt lat="32.876655" lon="-116.586747"><ele>1113.7163607999898</ele></trkpt>
    <trkpt lat="32.876741" lon="-116.586699"><ele>1114.1823486400217</ele></trkpt>
    <trkpt lat="32.876861" lon="-116.586681"><ele>1114.6840993599942</ele></trkpt>
    <trkpt lat="32.876926" lon="-116.586648"><ele>1115.0141862400067</ele></trkpt>
    <trkpt lat="32.877004" lon="-116.586575"><ele>1115.3300000000133</ele></trkpt>
    <trkpt lat="32.877131" lon="-116.586482"><ele>1115.6647999999866</ele></trkpt>
    <trkpt lat="32.877256" lon="-116.586466"><ele>1115.9656000000136</ele></trkpt>
    <trkpt lat="32.877336" lon="-116.586448"><ele>1116.6063999999826</ele></trkpt>
    <trkpt lat="32.877522" lon="-116.586386"><ele>1118.0095763199852</ele></trkpt>
    <trkpt lat="32.877633" lon="-116.58634"><ele>1118.0917311999851</ele></trkpt>
    <trkpt lat="32.877719" lon="-116.586288"><ele>1118.0768531200042</ele></trkpt>
    <trkpt lat="32.877741" lon="-116.586289"><ele>1118.0476110400025</ele></trkpt>
    <trkpt lat="32.877798" lon="-116.586276"><ele>1117.9704140800018</ele></trkpt>
    <trkpt lat="32.877847" lon="-116.586273"><ele>1117.896033760001</ele></trkpt>
    <trkpt lat="32.877916" lon="-116.58618"><ele>1117.6258048000004</ele></trkpt>
    <trkpt lat="32.877947" lon="-116.586115"><ele>1117.399328800018</ele></trkpt>
    <trkpt lat="32.877961" lon="-116.586102"><ele>1117.3732000000148</ele></trkpt>
    <trkpt lat="32.877978" lon="-116.586053"><ele>1117.48839999998</ele></trkpt>
    <trkpt lat="32.877997" lon="-116.58598"><ele>1117.682799999975</ele></trkpt>
    <trkpt lat="32.878021" lon="-116.585929"><ele>1117.7800000000366</ele></trkpt>
    <trkpt lat="32.878026" lon="-116.585851"><ele>1118.0427999999868</ele></trkpt>
    <trkpt lat="32.878038" lon="-116.585792"><ele>1118.816604160053</ele></trkpt>
    <trkpt lat="32.878072" lon="-116.585791"><ele>1118.7529779199913</ele></trkpt>
    <trkpt lat="32.878111" lon="-116.585819"><ele>1118.2477006399874</ele></trkpt>
    <trkpt lat="32.878131" lon="-116.585844"><ele>1117.9616000000199</ele></trkpt>
    <trkpt lat="32.878139" lon="-116.585893"><ele>1117.7852000000048</ele></trkpt>
    <trkpt lat="32.878207" lon="-116.585891"><ele>1117.7923999999866</ele></trkpt>
    <trkpt lat="32.878384" lon="-116.585845"><ele>1118.3227999999554</ele></trkpt>
    <trkpt lat="32.878513" lon="-116.585842"><ele>1119.262399999988</ele></trkpt>
    <trkpt lat="32.878641" lon="-116.585847"><ele>1120.0636939200033</ele></trkpt>
    <trkpt lat="32.878786" lon="-116.58587"><ele>1120.580707199992</ele></trkpt>
    <trkpt lat="32.878848" lon="-116.585882"><ele>1120.827010559992</ele></trkpt>
    <trkpt lat="32.878906" lon="-116.585919"><ele>1121.023605119999</ele></trkpt>
    <trkpt lat="32.879011" lon="-116.585969"><ele>1121.0101987199816</ele></trkpt>
    <trkpt lat="32.879089" lon="-116.585971"><ele>1121.0063395199963</ele></trkpt>
    <trkpt lat="32.879175" lon="-116.585956"><ele>1121.1970559999972</ele></trkpt>
    <trkpt lat="32.879278" lon="-116.585954"><ele>1122.2120774399823</ele></trkpt>
    <trkpt lat="32.879357" lon="-116.585978"><ele>1122.6286435200302</ele></trkpt>
    <trkpt lat="32.87964" lon="-116.585973"><ele>1123.135971200064</ele></trkpt>
    <trkpt lat="32.879738" lon="-116.585994"><ele>1122.6474124799993</ele></trkpt>
    <trkpt lat="32.879815" lon="-116.58598"><ele>1122.5914079999366</ele></trkpt>
    <trkpt lat="32.879912" lon="-116.585977"><ele>1122.2950041600102</ele></trkpt>
    <trkpt lat="32.880038" lon="-116.58591"><ele>1121.6273568000086</ele></trkpt>
    <trkpt lat="32.880112" lon="-116.585862"><ele>1120.832010240041</ele></trkpt>
    <trkpt lat="32.88014" lon="-116.585806"><ele>1120.9799999999375</ele></trkpt>
    <trkpt lat="32.880183" lon="-116.585779"><ele>1121.0015999999341</ele></trkpt>
    <trkpt lat="32.880275" lon="-116.585774"><ele>1120.0980000000156</ele></trkpt>
    <trkpt lat="32.880343" lon="-116.585739"><ele>1120.6138476799401</ele></trkpt>
    <trkpt lat="32.880468" lon="-116.585652"><ele>1121.160650240029</ele></trkpt>
    <trkpt lat="32.880512" lon="-116.585658"><ele>1120.8702886400115</ele></trkpt>
    <trkpt lat="32.880619" lon="-116.585633"><ele>1121.432711680032</ele></trkpt>
    <trkpt lat="32.880705" lon="-116.585598"><ele>1122.2520256000091</ele></trkpt>
    <trkpt lat="32.880754" lon="-116.585591"><ele>1122.6658297599863</ele></trkpt>
    <trkpt lat="32.8808" lon="-116.585607"><ele>1123.2267039999701</ele></trkpt>
    <trkpt lat="32.88086" lon="-116.585607"><ele>1124.1138207999238</ele></trkpt>
    <trkpt lat="32.880976" lon="-116.585653"><ele>1126.9538291198792</ele></trkpt>
    <trkpt lat="32.881017" lon="-116.585641"><ele>1127.6866148799588</ele></trkpt>
    <trkpt lat="32.881051" lon="-116.585643"><ele>1128.3993227200247</ele></trkpt>
    <trkpt lat="32.881075" lon="-116.585632"><ele>1128.8061760000867</ele></trkpt>
    <trkpt lat="32.881099" lon="-116.585639"><ele>1129.3522974399827</ele></trkpt>
    <trkpt lat="32.88113" lon="-116.585633"><ele>1129.6635168000041</ele></trkpt>
    <trkpt lat="32.881178" lon="-116.585565"><ele>1129.325174400017</ele></trkpt>
    <trkpt lat="32.881209" lon="-116.585549"><ele>1129.2982332799966</ele></trkpt>
    <trkpt lat="32.881241" lon="-116.585559"><ele>1129.5039964800471</ele></trkpt>
    <trkpt lat="32.881513" lon="-116.585334"><ele>1128.8460323200215</ele></trkpt>
    <trkpt lat="32.881589" lon="-116.585259"><ele>1128.328299040023</ele></trkpt>
    <trkpt lat="32.881636" lon="-116.585228"><ele>1128.2698163199966</ele></trkpt>
    <trkpt lat="32.881693" lon="-116.585222"><ele>1128.2955999999883</ele></trkpt>
    <trkpt lat="32.881765" lon="-116.585221"><ele>1128.5583999999901</ele></trkpt>
    <trkpt lat="32.881839" lon="-116.585235"><ele>1128.7744000000077</ele></trkpt>
    <trkpt lat="32.881872" lon="-116.585207"><ele>1128.9940000000156</ele></trkpt>
    <trkpt lat="32.881937" lon="-116.585202"><ele>1129.246000000019</ele></trkpt>
    <trkpt lat="32.881991" lon="-116.585206"><ele>1129.593599999997</ele></trkpt>
    <trkpt lat="32.882033" lon="-116.585197"><ele>1129.9284000000216</ele></trkpt>
    <trkpt lat="32.882124" lon="-116.585202"><ele>1130.5655999999988</ele></trkpt>
    <trkpt lat="32.882209" lon="-116.58518"><ele>1131.2568000000435</ele></trkpt>
    <trkpt lat="32.882298" lon="-116.585152"><ele>1131.5763238400268</ele></trkpt>
    <trkpt lat="32.882359" lon="-116.585119"><ele>1131.8530558399702</ele></trkpt>
    <trkpt lat="32.88239" lon="-116.585117"><ele>1131.9283952000203</ele></trkpt>
    <trkpt lat="32.882418" lon="-116.585133"><ele>1131.8885417600084</ele></trkpt>
    <trkpt lat="32.882445" lon="-116.585143"><ele>1131.8743303999806</ele></trkpt>
    <trkpt lat="32.882462" lon="-116.585175"><ele>1131.6893839999511</ele></trkpt>
    <trkpt lat="32.882498" lon="-116.585182"><ele>1131.6871174399748</ele></trkpt>
    <trkpt lat="32.882543" lon="-116.585176"><ele>1131.9443187199595</ele></trkpt>
    <trkpt lat="32.882572" lon="-116.585192"><ele>1131.9568409599635</ele></trkpt>
    <trkpt lat="32.882635" lon="-116.58526"><ele>1131.6451039999552</ele></trkpt>
    <trkpt lat="32.882711" lon="-116.585308"><ele>1131.7334444800038</ele></trkpt>
    <trkpt lat="32.882746" lon="-116.585329"><ele>1131.8645046399881</ele></trkpt>
    <trkpt lat="32.882811" lon="-116.585337"><ele>1132.2137012799808</ele></trkpt>
    <trkpt lat="32.882867" lon="-116.585341"><ele>1132.569294879984</ele></trkpt>
    <trkpt lat="32.882922" lon="-116.585334"><ele>1132.9333139199985</ele></trkpt>
    <trkpt lat="32.882967" lon="-116.585339"><ele>1133.2122635199933</ele></trkpt>
    <trkpt lat="32.883032" lon="-116.585351"><ele>1133.5891532799913</ele></trkpt>
    <trkpt lat="32.883089" lon="-116.585347"><ele>1133.7508000000046</ele></trkpt>
    <trkpt lat="32.883137" lon="-116.585365"><ele>1133.6860000000147</ele></trkpt>
    <trkpt lat="32.883174" lon="-116.585337"><ele>1133.786800000016</ele></trkpt>
    <trkpt lat="32.883228" lon="-116.58528"><ele>1133.9920000000095</ele></trkpt>
    <trkpt lat="32.883295" lon="-116.585239"><ele>1134.418799999985</ele></trkpt>
    <trkpt lat="32.883342" lon="-116.585196"><ele>1134.9456000000328</ele></trkpt>
    <trkpt lat="32.883407" lon="-116.585143"><ele>1135.9859999999642</ele></trkpt>
    <trkpt lat="32.883486" lon="-116.585088"><ele>1137.1487999999956</ele></trkpt>
    <trkpt lat="32.88354" lon="-116.585007"><ele>1138.4123999999772</ele></trkpt>
    <trkpt lat="32.883571" lon="-116.584927"><ele>1139.7624000001215</ele></trkpt>
    <trkpt lat="32.883609" lon="-116.584888"><ele>1140.5975999999055</ele></trkpt>
    <trkpt lat="32.88364" lon="-116.58485"><ele>1141.4719999999552</ele></trkpt>
    <trkpt lat="32.883664" lon="-116.584845"><ele>1141.803200000014</ele></trkpt>
    <trkpt lat="32.88378" lon="-116.584882"><ele>1142.5232000001142</ele></trkpt>
    <trkpt lat="32.883813" lon="-116.584882"><ele>1142.8796000001353</ele></trkpt>
    <trkpt lat="32.883881" lon="-116.584778"><ele>1145.1116000000252</ele></trkpt>
    <trkpt lat="32.883894" lon="-116.584725"><ele>1146.0702159998702</ele></trkpt>
    <trkpt lat="32.88393" lon="-116.584661"><ele>1147.2961808000077</ele></trkpt>
    <trkpt lat="32.883967" lon="-116.584575"><ele>1148.5981639999611</ele></trkpt>
    <trkpt lat="32.883967" lon="-116.584536"><ele>1148.8394835199683</ele></trkpt>
    <trkpt lat="32.883936" lon="-116.584451"><ele>1148.8048025599644</ele></trkpt>
    <trkpt lat="32.883917" lon="-116.584438"><ele>1148.5036521599436</ele></trkpt>
    <trkpt lat="32.883906" lon="-116.584416"><ele>1148.3016921600567</ele></trkpt>
    <trkpt lat="32.883917" lon="-116.584327"><ele>1148.4632126399467</ele></trkpt>
    <trkpt lat="32.883928" lon="-116.584299"><ele>1148.6302771199585</ele></trkpt>
    <trkpt lat="32.883958" lon="-116.584294"><ele>1149.1092499199972</ele></trkpt>
    <trkpt lat="32.884002" lon="-116.584305"><ele>1149.8315856000402</ele></trkpt>
    <trkpt lat="32.884051" lon="-116.584269"><ele>1150.5493982400046</ele></trkpt>
    <trkpt lat="32.884077" lon="-116.584248"><ele>1150.907084159971</ele></trkpt>
    <trkpt lat="32.884112" lon="-116.584259"><ele>1151.4797836800374</ele></trkpt>
    <trkpt lat="32.884141" lon="-116.584268"><ele>1151.961492479976</ele></trkpt>
    <trkpt lat="32.884161" lon="-116.584261"><ele>1152.2510721599754</ele></trkpt>
    <trkpt lat="32.884212" lon="-116.584214"><ele>1152.5246092799962</ele></trkpt>
    <trkpt lat="32.884345" lon="-116.584206"><ele>1153.5165071999934</ele></trkpt>
    <trkpt lat="32.884392" lon="-116.584181"><ele>1153.7158579199934</ele></trkpt>
    <trkpt lat="32.884446" lon="-116.584175"><ele>1154.0706959999925</ele></trkpt>
    <trkpt lat="32.884534" lon="-116.584207"><ele>1154.7947625600357</ele></trkpt>
    <trkpt lat="32.884591" lon="-116.584216"><ele>1155.1292947199986</ele></trkpt>
    <trkpt lat="32.884629" lon="-116.584203"><ele>1155.3296894399812</ele></trkpt>
    <trkpt lat="32.884713" lon="-116.584144"><ele>1156.012490880002</ele></trkpt>
    <trkpt lat="32.884785" lon="-116.584114"><ele>1156.5869984000078</ele></trkpt>
    <trkpt lat="32.884846" lon="-116.584113"><ele>1156.983159679999</ele></trkpt>
    <trkpt lat="32.884891" lon="-116.584124"><ele>1157.1345094399849</ele></trkpt>
    <trkpt lat="32.884904" lon="-116.584139"><ele>1157.0147129600814</ele></trkpt>
    <trkpt lat="32.884915" lon="-116.584187"><ele>1156.5191983999982</ele></trkpt>
    <trkpt lat="32.884926" lon="-116.584209"><ele>1156.3575987199888</ele></trkpt>
    <trkpt lat="32.884952" lon="-116.584219"><ele>1156.3271110399535</ele></trkpt>
    <trkpt lat="32.884975" lon="-116.584221"><ele>1156.3584079999996</ele></trkpt>
    <trkpt lat="32.885" lon="-116.584249"><ele>1156.1107999999992</ele></trkpt>
    <trkpt lat="32.88502" lon="-116.58426"><ele>1156.1838079999686</ele></trkpt>
    <trkpt lat="32.885047" lon="-116.584252"><ele>1156.5340217599273</ele></trkpt>
    <trkpt lat="32.885074" lon="-116.584242"><ele>1156.9133523199914</ele></trkpt>
    <trkpt lat="32.885215" lon="-116.584233"><ele>1158.4207688000567</ele></trkpt>
    <trkpt lat="32.885367" lon="-116.584242"><ele>1160.1999999999853</ele></trkpt>
    <trkpt lat="32.885445" lon="-116.584216"><ele>1161.6975999999904</ele></trkpt>
    <trkpt lat="32.885483" lon="-116.58419"><ele>1162.6191999999137</ele></trkpt>
    <trkpt lat="32.885542" lon="-116.584201"><ele>1163.3104000001122</ele></trkpt>
    <trkpt lat="32.885584" lon="-116.584193"><ele>1163.835307520024</ele></trkpt>
    <trkpt lat="32.885625" lon="-116.584163"><ele>1164.5494999999312</ele></trkpt>
    <trkpt lat="32.885724" lon="-116.584109"><ele>1165.917311360046</ele></trkpt>
    <trkpt lat="32.885769" lon="-116.584098"><ele>1166.3356515200524</ele></trkpt>
    <trkpt lat="32.885839" lon="-116.584102"><ele>1166.7752508799463</ele></trkpt>
    <trkpt lat="32.885895" lon="-116.584076"><ele>1167.794739200012</ele></trkpt>
    <trkpt lat="32.885918" lon="-116.584071"><ele>1168.1474268800102</ele></trkpt>
    <trkpt lat="32.88593" lon="-116.584108"><ele>1167.9521024000207</ele></trkpt>
    <trkpt lat="32.885935" lon="-116.584203"><ele>1167.0716000000266</ele></trkpt>
    <trkpt lat="32.885947" lon="-116.584295"><ele>1166.2508000000507</ele></trkpt>
    <trkpt lat="32.885961" lon="-116.584352"><ele>1165.8368000000742</ele></trkpt>
    <trkpt lat="32.885995" lon="-116.584383"><ele>1165.9915999999903</ele></trkpt>
    <trkpt lat="32.886072" lon="-116.584426"><ele>1166.636000000052</ele></trkpt>
    <trkpt lat="32.886129" lon="-116.584442"><ele>1167.284</ele></trkpt>
    <trkpt lat="32.886203" lon="-116.584512"><ele>1167.5935999999863</ele></trkpt>
    <trkpt lat="32.886234" lon="-116.584529"><ele>1167.8563999999883</ele></trkpt>
    <trkpt lat="32.886413" lon="-116.584521"><ele>1170.4336000000249</ele></trkpt>
    <trkpt lat="32.88644" lon="-116.584537"><ele>1170.5524000000312</ele></trkpt>
    <trkpt lat="32.886514" lon="-116.584546"><ele>1171.2543999999477</ele></trkpt>
    <trkpt lat="32.886582" lon="-116.584544"><ele>1172.0104000000342</ele></trkpt>
    <trkpt lat="32.886629" lon="-116.58458"><ele>1172.1291999999642</ele></trkpt>
    <trkpt lat="32.886682" lon="-116.584605"><ele>1172.321200000042</ele></trkpt>
    <trkpt lat="32.886757" lon="-116.584611"><ele>1172.5264000000607</ele></trkpt>
    <trkpt lat="32.886865" lon="-116.584592"><ele>1173.1203999999937</ele></trkpt>
    <trkpt lat="32.886914" lon="-116.584588"><ele>1173.3400000000274</ele></trkpt>
    <trkpt lat="32.886971" lon="-116.584597"><ele>1173.596103520001</ele></trkpt>
    <trkpt lat="32.886996" lon="-116.584574"><ele>1174.0585638399957</ele></trkpt>
    <trkpt lat="32.887023" lon="-116.584573"><ele>1174.3080798399344</ele></trkpt>
    <trkpt lat="32.887045" lon="-116.584596"><ele>1174.2847071999595</ele></trkpt>
    <trkpt lat="32.887096" lon="-116.584597"><ele>1174.7432435199764</ele></trkpt>
    <trkpt lat="32.887192" lon="-116.584594"><ele>1175.647022080023</ele></trkpt>
    <trkpt lat="32.887249" lon="-116.584585"><ele>1176.0843999999597</ele></trkpt>
    <trkpt lat="32.887282" lon="-116.584589"><ele>1176.1744000000394</ele></trkpt>
    <trkpt lat="32.887305" lon="-116.584574"><ele>1176.365199999967</ele></trkpt>
    <trkpt lat="32.887333" lon="-116.58457"><ele>1176.4947999999981</ele></trkpt>
    <trkpt lat="32.887358" lon="-116.58458"><ele>1176.5127999999781</ele></trkpt>
    <trkpt lat="32.887384" lon="-116.584573"><ele>1176.656799999947</ele></trkpt>
    <trkpt lat="32.887432" lon="-116.584537"><ele>1177.0888000000073</ele></trkpt>
    <trkpt lat="32.887475" lon="-116.584532"><ele>1177.2796000000371</ele></trkpt>
    <trkpt lat="32.887517" lon="-116.584491"><ele>1177.664800000001</ele></trkpt>
    <trkpt lat="32.887598" lon="-116.584477"><ele>1177.765599999951</ele></trkpt>
    <trkpt lat="32.887649" lon="-116.584481"><ele>1177.7368000000238</ele></trkpt>
    <trkpt lat="32.887714" lon="-116.584515"><ele>1177.492000000028</ele></trkpt>
    <trkpt lat="32.887766" lon="-116.584537"><ele>1177.3336000000186</ele></trkpt>
    <trkpt lat="32.887802" lon="-116.584536"><ele>1177.6608588800086</ele></trkpt>
    <trkpt lat="32.887828" lon="-116.584538"><ele>1177.9887065600271</ele></trkpt>
    <trkpt lat="32.887868" lon="-116.584571"><ele>1178.2400211199938</ele></trkpt>
    <trkpt lat="32.88791" lon="-116.584587"><ele>1178.6333167999833</ele></trkpt>
    <trkpt lat="32.887946" lon="-116.584585"><ele>1179.1039663999545</ele></trkpt>
    <trkpt lat="32.887985" lon="-116.584562"><ele>1179.821892799954</ele></trkpt>
    <trkpt lat="32.888015" lon="-116.584555"><ele>1180.2801080000925</ele></trkpt>
    <trkpt lat="32.888045" lon="-116.584558"><ele>1180.6371343999638</ele></trkpt>
    <trkpt lat="32.8881" lon="-116.584547"><ele>1181.2124000000042</ele></trkpt>
    <trkpt lat="32.888151" lon="-116.584519"><ele>1181.8820000000014</ele></trkpt>
    <trkpt lat="32.888223" lon="-116.58443"><ele>1183.2469088000314</ele></trkpt>
    <trkpt lat="32.888264" lon="-116.584395"><ele>1183.5896575999957</ele></trkpt>
    <trkpt lat="32.888334" lon="-116.584389"><ele>1183.9937580799967</ele></trkpt>
    <trkpt lat="32.888406" lon="-116.584377"><ele>1183.342232959963</ele></trkpt>
    <trkpt lat="32.888446" lon="-116.584352"><ele>1183.053167359998</ele></trkpt>
    <trkpt lat="32.888497" lon="-116.584343"><ele>1182.6627516799747</ele></trkpt>
    <trkpt lat="32.888562" lon="-116.584317"><ele>1182.2857683200057</ele></trkpt>
    <trkpt lat="32.88871" lon="-116.584219"><ele>1182.0453407999603</ele></trkpt>
    <trkpt lat="32.888753" lon="-116.58416"><ele>1182.038659200017</ele></trkpt>
    <trkpt lat="32.888795" lon="-116.584125"><ele>1182.0752999999856</ele></trkpt>
    <trkpt lat="32.88881" lon="-116.584078"><ele>1182.4349471999524</ele></trkpt>
    <trkpt lat="32.888877" lon="-116.58405"><ele>1182.3276239999436</ele></trkpt>
    <trkpt lat="32.888918" lon="-116.584061"><ele>1182.3109340799238</ele></trkpt>
    <trkpt lat="32.888966" lon="-116.58405"><ele>1182.6986079999724</ele></trkpt>
    <trkpt lat="32.888996" lon="-116.584047"><ele>1182.89748352001</ele></trkpt>
    <trkpt lat="32.889029" lon="-116.584074"><ele>1182.8413321599944</ele></trkpt>
    <trkpt lat="32.889077" lon="-116.584074"><ele>1183.1292860799924</ele></trkpt>
    <trkpt lat="32.889121" lon="-116.584072"><ele>1183.4088275199692</ele></trkpt>
    <trkpt lat="32.88917" lon="-116.584082"><ele>1183.6419424000355</ele></trkpt>
    <trkpt lat="32.889205" lon="-116.584109"><ele>1183.8005511999827</ele></trkpt>
    <trkpt lat="32.889259" lon="-116.584128"><ele>1184.2293299199869</ele></trkpt>
    <trkpt lat="32.8893" lon="-116.584135"><ele>1184.613279999967</ele></trkpt>
    <trkpt lat="32.88935" lon="-116.584183"><ele>1185.038799999989</ele></trkpt>
    <trkpt lat="32.889375" lon="-116.584241"><ele>1185.517600000033</ele></trkpt>
    <trkpt lat="32.889439" lon="-116.584292"><ele>1186.3924000000502</ele></trkpt>
    <trkpt lat="32.88948" lon="-116.584305"><ele>1186.6902559999958</ele></trkpt>
    <trkpt lat="32.889521" lon="-116.58436"><ele>1187.0553824000192</ele></trkpt>
    <trkpt lat="32.889575" lon="-116.584417"><ele>1187.4176360000065</ele></trkpt>
    <trkpt lat="32.889673" lon="-116.584458"><ele>1187.9203999999922</ele></trkpt>
    <trkpt lat="32.889729" lon="-116.584471"><ele>1188.1911999999534</ele></trkpt>
    <trkpt lat="32.889808" lon="-116.584442"><ele>1188.0054348800097</ele></trkpt>
    <trkpt lat="32.889889" lon="-116.58438"><ele>1188.2785856000119</ele></trkpt>
    <trkpt lat="32.889889" lon="-116.58438"><ele>1188.2785856000119</ele></trkpt>
    <trkpt lat="32.889965" lon="-116.584323"><ele>1188.7642256000036</ele></trkpt>
    <trkpt lat="32.890026" lon="-116.584295"><ele>1189.31355680001</ele></trkpt>
    <trkpt lat="32.890102" lon="-116.584301"><ele>1189.9568220800206</ele></trkpt>
    <trkpt lat="32.890167" lon="-116.584342"><ele>1190.1617225599223</ele></trkpt>
    <trkpt lat="32.890221" lon="-116.584418"><ele>1189.8573411199816</ele></trkpt>
    <trkpt lat="32.890261" lon="-116.584492"><ele>1190.060740480006</ele></trkpt>
    <trkpt lat="32.890346" lon="-116.58458"><ele>1190.9850944000116</ele></trkpt>
    <trkpt lat="32.89051" lon="-116.58471"><ele>1191.8655679999936</ele></trkpt>
    <trkpt lat="32.890543" lon="-116.584765"><ele>1192.2628000000354</ele></trkpt>
    <trkpt lat="32.890605" lon="-116.58495"><ele>1193.6720400000418</ele></trkpt>
    <trkpt lat="32.890637" lon="-116.585015"><ele>1194.0539999999946</ele></trkpt>
    <trkpt lat="32.89068" lon="-116.585049"><ele>1194.1763999999926</ele></trkpt>
    <trkpt lat="32.890725" lon="-116.585083"><ele>1194.2987999999905</ele></trkpt>
    <trkpt lat="32.890763" lon="-116.585123"><ele>1194.442799999985</ele></trkpt>
    <trkpt lat="32.890801" lon="-116.58519"><ele>1194.68399999999</ele></trkpt>
    <trkpt lat="32.890846" lon="-116.585284"><ele>1195.0680000000175</ele></trkpt>
    <trkpt lat="32.890901" lon="-116.585366"><ele>1195.5611999999742</ele></trkpt>
    <trkpt lat="32.890938" lon="-116.585457"><ele>1196.0220000000133</ele></trkpt>
    <trkpt lat="32.890983" lon="-116.585573"><ele>1196.6933633599647</ele></trkpt>
    <trkpt lat="32.891" lon="-116.585648"><ele>1197.398720000049</ele></trkpt>
    <trkpt lat="32.891017" lon="-116.585739"><ele>1198.2057435200295</ele></trkpt>
    <trkpt lat="32.891062" lon="-116.585843"><ele>1199.0757526399768</ele></trkpt>
    <trkpt lat="32.891082" lon="-116.585886"><ele>1199.399070080018</ele></trkpt>
    <trkpt lat="32.891135" lon="-116.585905"><ele>1199.5159999999769</ele></trkpt>
    <trkpt lat="32.89124" lon="-116.585949"><ele>1199.8327999999956</ele></trkpt>
    <trkpt lat="32.891301" lon="-116.585995"><ele>1200.163999999978</ele></trkpt>
    <trkpt lat="32.891362" lon="-116.586077"><ele>1200.754400000022</ele></trkpt>
    <trkpt lat="32.891404" lon="-116.586101"><ele>1200.9291801599954</ele></trkpt>
    <trkpt lat="32.891442" lon="-116.586098"><ele>1200.9146246400444</ele></trkpt>
    <trkpt lat="32.891477" lon="-116.58606"><ele>1200.6903648000216</ele></trkpt>
    <trkpt lat="32.891569" lon="-116.586036"><ele>1200.6345273599625</ele></trkpt>
    <trkpt lat="32.891583" lon="-116.586029"><ele>1200.6153652799799</ele></trkpt>
    <trkpt lat="32.891591" lon="-116.586045"><ele>1200.6971687999921</ele></trkpt>
    <trkpt lat="32.891586" lon="-116.586065"><ele>1200.785793600021</ele></trkpt>
    <trkpt lat="32.891573" lon="-116.586092"><ele>1200.9080006399695</ele></trkpt>
    <trkpt lat="32.891654" lon="-116.586171"><ele>1201.4311999999504</ele></trkpt>
    <trkpt lat="32.891722" lon="-116.586284"><ele>1202.244800000045</ele></trkpt>
    <trkpt lat="32.891747" lon="-116.586368"><ele>1202.8495999999504</ele></trkpt>
    <trkpt lat="32.891783" lon="-116.586435"><ele>1203.6909583999213</ele></trkpt>
    <trkpt lat="32.891816" lon="-116.586465"><ele>1204.0753952000593</ele></trkpt>
    <trkpt lat="32.891859" lon="-116.586468"><ele>1204.0296089599603</ele></trkpt>
    <trkpt lat="32.891924" lon="-116.586453"><ele>1203.7263737600615</ele></trkpt>
    <trkpt lat="32.891972" lon="-116.586458"><ele>1203.6970380799273</ele></trkpt>
    <trkpt lat="32.892045" lon="-116.586494"><ele>1203.8612384000069</ele></trkpt>
    <trkpt lat="32.892061" lon="-116.586522"><ele>1204.0354553600232</ele></trkpt>
    <trkpt lat="32.892069" lon="-116.586598"><ele>1204.5832889599665</ele></trkpt>
    <trkpt lat="32.892119" lon="-116.586639"><ele>1204.5695772800261</ele></trkpt>
    <trkpt lat="32.892213" lon="-116.586689"><ele>1204.390669280114</ele></trkpt>
    <trkpt lat="32.892345" lon="-116.586847"><ele>1205.2939608000688</ele></trkpt>
    <trkpt lat="32.892433" lon="-116.586997"><ele>1205.7672350399964</ele></trkpt>
    <trkpt lat="32.892417" lon="-116.58705"><ele>1206.828744000049</ele></trkpt>
    <trkpt lat="32.892432" lon="-116.587147"><ele>1208.0745081600355</ele></trkpt>
    <trkpt lat="32.892434" lon="-116.587189"><ele>1208.6811830398979</ele></trkpt>
    <trkpt lat="32.892399" lon="-116.587224"><ele>1209.8412729601248</ele></trkpt>
    <trkpt lat="32.89239" lon="-116.587253"><ele>1210.379323200071</ele></trkpt>
    <trkpt lat="32.892394" lon="-116.587279"><ele>1210.6476009598862</ele></trkpt>
    <trkpt lat="32.892411" lon="-116.587294"><ele>1210.5528086399527</ele></trkpt>
    <trkpt lat="32.892465" lon="-116.587291"><ele>1209.5892023998822</ele></trkpt>
    <trkpt lat="32.892547" lon="-116.587255"><ele>1208.282834399984</ele></trkpt>
    <trkpt lat="32.892581" lon="-116.587259"><ele>1208.1993921600417</ele></trkpt>
    <trkpt lat="32.892638" lon="-116.587575"><ele>1211.4105360000178</ele></trkpt>
    <trkpt lat="32.892688" lon="-116.587573"><ele>1211.087063040039</ele></trkpt>
    <trkpt lat="32.89274" lon="-116.587507"><ele>1210.3189727999907</ele></trkpt>
    <trkpt lat="32.892773" lon="-116.587492"><ele>1209.9475046399846</ele></trkpt>
    <trkpt lat="32.892799" lon="-116.587571"><ele>1210.511199999978</ele></trkpt>
    <trkpt lat="32.892858" lon="-116.587701"><ele>1211.4471999999682</ele></trkpt>
    <trkpt lat="32.892899" lon="-116.587694"><ele>1211.3967999999932</ele></trkpt>
    <trkpt lat="32.892967" lon="-116.58767"><ele>1211.2240000000202</ele></trkpt>
    <trkpt lat="32.893046" lon="-116.587685"><ele>1211.3319999999521</ele></trkpt>
    <trkpt lat="32.893057" lon="-116.587789"><ele>1212.1763596799997</ele></trkpt>
    <trkpt lat="32.893104" lon="-116.587809"><ele>1212.8943897599247</ele></trkpt>
    <trkpt lat="32.893152" lon="-116.587892"><ele>1214.11532543997</ele></trkpt>
    <trkpt lat="32.89322" lon="-116.587985"><ele>1214.9934720000194</ele></trkpt>
    <trkpt lat="32.893249" lon="-116.588066"><ele>1215.3787999999936</ele></trkpt>
    <trkpt lat="32.893477" lon="-116.588185"><ele>1216.5195391999894</ele></trkpt>
    <trkpt lat="32.893514" lon="-116.588266"><ele>1216.49542783999</ele></trkpt>
    <trkpt lat="32.893621" lon="-116.588343"><ele>1216.0691611199925</ele></trkpt>
    <trkpt lat="32.893661" lon="-116.588424"><ele>1216.447378560014</ele></trkpt>
    <trkpt lat="32.893695" lon="-116.588482"><ele>1216.6755695999993</ele></trkpt>
    <trkpt lat="32.893776" lon="-116.588504"><ele>1216.843292160004</ele></trkpt>
    <trkpt lat="32.893785" lon="-116.588601"><ele>1216.9863863999963</ele></trkpt>
    <trkpt lat="32.893785" lon="-116.588601"><ele>1216.9863863999963</ele></trkpt>
    <trkpt lat="32.893776" lon="-116.588504"><ele>1216.843292160004</ele></trkpt>
    <trkpt lat="32.89377" lon="-116.588437"><ele>1216.7317296000065</ele></trkpt>
    <trkpt lat="32.893779" lon="-116.587998"><ele>1219.0620633600192</ele></trkpt>
    <trkpt lat="32.893986" lon="-116.587483"><ele>1223.2361955200292</ele></trkpt>
    <trkpt lat="32.894059" lon="-116.587332"><ele>1223.0055795200071</ele></trkpt>
    <trkpt lat="32.894185" lon="-116.587225"><ele>1224.1526600000286</ele></trkpt>
    <trkpt lat="32.894374" lon="-116.587225"><ele>1225.5202640000298</ele></trkpt>
    <trkpt lat="32.89477" lon="-116.587375"><ele>1227.5725999999345</ele></trkpt>
    <trkpt lat="32.894977" lon="-116.587343"><ele>1226.7859985600644</ele></trkpt>
    <trkpt lat="32.895158" lon="-116.587332"><ele>1228.1816307200509</ele></trkpt>
    <trkpt lat="32.895392" lon="-116.587279"><ele>1230.8401536000345</ele></trkpt>
    <trkpt lat="32.895383" lon="-116.586774"><ele>1233.5023683199881</ele></trkpt>
    <trkpt lat="32.895266" lon="-116.586581"><ele>1233.7262761600412</ele></trkpt>
    <trkpt lat="32.895005" lon="-116.586571"><ele>1229.4614007998682</ele></trkpt>
    <trkpt lat="32.894788" lon="-116.58642"><ele>1229.1769215999145</ele></trkpt>
    <trkpt lat="32.894491" lon="-116.586066"><ele>1231.8668364799871</ele></trkpt>
    <trkpt lat="32.89432" lon="-116.58568"><ele>1235.1760000000763</ele></trkpt>
    <trkpt lat="32.894302" lon="-116.585358"><ele>1239.377696640111</ele></trkpt>
    <trkpt lat="32.894032" lon="-116.585272"><ele>1233.7014323199792</ele></trkpt>
    <trkpt lat="32.893806" lon="-116.585026"><ele>1234.0399999999759</ele></trkpt>
    <trkpt lat="32.893626" lon="-116.584768"><ele>1237.9943667200396</ele></trkpt>
    <trkpt lat="32.893311" lon="-116.5845"><ele>1240.4854399997355</ele></trkpt>
    <trkpt lat="32.893032" lon="-116.584532"><ele>1233.7668710401042</ele></trkpt>
    <trkpt lat="32.892293" lon="-116.584285"><ele>1237.9663656001924</ele></trkpt>
    <trkpt lat="32.892158" lon="-116.584124"><ele>1238.9943999999946</ele></trkpt>
    <trkpt lat="32.891725" lon="-116.58376"><ele>1233.6334400000605</ele></trkpt>
    <trkpt lat="32.891671" lon="-116.583567"><ele>1234.619277280053</ele></trkpt>
    <trkpt lat="32.891671" lon="-116.583009"><ele>1240.4495417600326</ele></trkpt>
    <trkpt lat="32.891599" lon="-116.582891"><ele>1240.3004345599522</ele></trkpt>
    <trkpt lat="32.891455" lon="-116.582858"><ele>1239.0181375999766</ele></trkpt>
    <trkpt lat="32.891122" lon="-116.582762"><ele>1236.6045203199697</ele></trkpt>
    <trkpt lat="32.89095" lon="-116.582858"><ele>1233.1095999999402</ele></trkpt>
    <trkpt lat="32.890653" lon="-116.582622"><ele>1236.7812713599874</ele></trkpt>
    <trkpt lat="32.890473" lon="-116.582429"><ele>1238.7021427199008</ele></trkpt>
    <trkpt lat="32.890347" lon="-116.582279"><ele>1237.675054079951</ele></trkpt>
    <trkpt lat="32.890374" lon="-116.582054"><ele>1242.6780403200544</ele></trkpt>
    <trkpt lat="32.890248" lon="-116.581764"><ele>1243.8800742398878</ele></trkpt>
    <trkpt lat="32.89014" lon="-116.58171"><ele>1242.245248000035</ele></trkpt>
    <trkpt lat="32.889941" lon="-116.581571"><ele>1241.2756494400853</ele></trkpt>
    <trkpt lat="32.889644" lon="-116.581249"><ele>1243.3165862399796</ele></trkpt>
    <trkpt lat="32.889392" lon="-116.580992"><ele>1243.6521574399837</ele></trkpt>
    <trkpt lat="32.889368" lon="-116.580843"><ele>1243.300423040013</ele></trkpt>
    <trkpt lat="32.889523" lon="-116.580792"><ele>1243.9675999999713</ele></trkpt>
    <trkpt lat="32.889523" lon="-116.580792"><ele>1243.9675999999713</ele></trkpt>
    <trkpt lat="32.889547" lon="-116.580784"><ele>1244.3131999999423</ele></trkpt>
    <trkpt lat="32.889611" lon="-116.580745"><ele>1245.043999999965</ele></trkpt>
    <trkpt lat="32.889841" lon="-116.580496"><ele>1245.4550451198886</ele></trkpt>
    <trkpt lat="32.88993" lon="-116.580458"><ele>1245.7106047998327</ele></trkpt>
    <trkpt lat="32.890337" lon="-116.580417"><ele>1246.2946883199224</ele></trkpt>
    <trkpt lat="32.890713" lon="-116.580445"><ele>1244.1939727999859</ele></trkpt>
    <trkpt lat="32.891093" lon="-116.580613"><ele>1241.8025166400162</ele></trkpt>
    <trkpt lat="32.891167" lon="-116.580597"><ele>1241.0752190399503</ele></trkpt>
    <trkpt lat="32.891211" lon="-116.580563"><ele>1240.3708372799863</ele></trkpt>
    <trkpt lat="32.891365" lon="-116.580354"><ele>1237.6583983999965</ele></trkpt>
    <trkpt lat="32.891447" lon="-116.580295"><ele>1237.124000000048</ele></trkpt>
    <trkpt lat="32.891533" lon="-116.580274"><ele>1236.9592000000307</ele></trkpt>
    <trkpt lat="32.891649" lon="-116.580285"><ele>1237.0520000000251</ele></trkpt>
    <trkpt lat="32.891779" lon="-116.580325"><ele>1236.866852000013</ele></trkpt>
    <trkpt lat="32.891916" lon="-116.5804"><ele>1236.5874559999793</ele></trkpt>
    <trkpt lat="32.892007" lon="-116.580485"><ele>1236.463599199984</ele></trkpt>
    <trkpt lat="32.892118" lon="-116.580621"><ele>1236.6107999999642</ele></trkpt>
    <trkpt lat="32.89215" lon="-116.580693"><ele>1236.7547999999842</ele></trkpt>
    <trkpt lat="32.892246" lon="-116.581061"><ele>1239.2876000000574</ele></trkpt>
    <trkpt lat="32.892326" lon="-116.58114"><ele>1239.5259456000683</ele></trkpt>
    <trkpt lat="32.892589" lon="-116.58124"><ele>1238.1154655999414</ele></trkpt>
    <trkpt lat="32.892898" lon="-116.581457"><ele>1237.298122559979</ele></trkpt>
    <trkpt lat="32.893009" lon="-116.581445"><ele>1236.0749448000295</ele></trkpt>
    <trkpt lat="32.893311" lon="-116.581184"><ele>1233.7067999999165</ele></trkpt>
    <trkpt lat="32.893782" lon="-116.580972"><ele>1236.3432000000462</ele></trkpt>
    <trkpt lat="32.893928" lon="-116.580849"><ele>1236.302058880015</ele></trkpt>
    <trkpt lat="32.89411" lon="-116.580665"><ele>1236.066375999971</ele></trkpt>
    <trkpt lat="32.894378" lon="-116.580512"><ele>1236.409693440004</ele></trkpt>
    <trkpt lat="32.894547" lon="-116.580361"><ele>1235.709812319972</ele></trkpt>
    <trkpt lat="32.894603" lon="-116.580278"><ele>1235.0020566400644</ele></trkpt>
    <trkpt lat="32.894659" lon="-116.580114"><ele>1233.5524140799412</ele></trkpt>
    <trkpt lat="32.894657" lon="-116.580009"><ele>1232.610415040051</ele></trkpt>
    <trkpt lat="32.894609" lon="-116.579827"><ele>1230.6853467199778</ele></trkpt>
    <trkpt lat="32.894601" lon="-116.579736"><ele>1229.811645439989</ele></trkpt>
    <trkpt lat="32.894621" lon="-116.579646"><ele>1229.5324086399933</ele></trkpt>
    <trkpt lat="32.89465" lon="-116.579594"><ele>1229.6383839999842</ele></trkpt>
    <trkpt lat="32.894831" lon="-116.579382"><ele>1230.6371683199955</ele></trkpt>
    <trkpt lat="32.895124" lon="-116.57918"><ele>1230.6118271999335</ele></trkpt>
    <trkpt lat="32.895138" lon="-116.57916"><ele>1230.4367232000257</ele></trkpt>
    <trkpt lat="32.895138" lon="-116.57916"><ele>1230.4367232000257</ele></trkpt>
    <trkpt lat="32.895185" lon="-116.579092"><ele>1230.038620800014</ele></trkpt>
    <trkpt lat="32.89522" lon="-116.578998"><ele>1229.4513023999993</ele></trkpt>
    <trkpt lat="32.895217" lon="-116.578896"><ele>1228.6192012800193</ele></trkpt>
    <trkpt lat="32.895197" lon="-116.57873"><ele>1228.0127375999982</ele></trkpt>
    <trkpt lat="32.895233" lon="-116.578726"><ele>1228.1857276799967</ele></trkpt>
    <trkpt lat="32.895233" lon="-116.578726"><ele>1228.1857276799967</ele></trkpt>
    <trkpt lat="32.895197" lon="-116.57873"><ele>1228.0127375999982</ele></trkpt>
    <trkpt lat="32.895184" lon="-116.578707"><ele>1227.8910604799885</ele></trkpt>
    <trkpt lat="32.895166" lon="-116.578714"><ele>1227.818951040027</ele></trkpt>
    <trkpt lat="32.895149" lon="-116.578728"><ele>1227.7621171200144</ele></trkpt>
    <trkpt lat="32.895117" lon="-116.578754"><ele>1227.6378652800001</ele></trkpt>
    <trkpt lat="32.895072" lon="-116.578756"><ele>1227.394398719993</ele></trkpt>
    <trkpt lat="32.895035" lon="-116.578741"><ele>1227.1849175999976</ele></trkpt>
    <trkpt lat="32.894973" lon="-116.578722"><ele>1226.786004480001</ele></trkpt>
    <trkpt lat="32.894895" lon="-116.578702"><ele>1226.1133632000035</ele></trkpt>
    <trkpt lat="32.894831" lon="-116.578685"><ele>1225.4984688000006</ele></trkpt>
    <trkpt lat="32.894767" lon="-116.578678"><ele>1224.8875660799936</ele></trkpt>
    <trkpt lat="32.894734" lon="-116.578656"><ele>1224.4366963199639</ele></trkpt>
    <trkpt lat="32.894691" lon="-116.578626"><ele>1223.8763753600113</ele></trkpt>
    <trkpt lat="32.894655" lon="-116.578603"><ele>1223.5381335999984</ele></trkpt>
    <trkpt lat="32.894644" lon="-116.578571"><ele>1223.5405369600053</ele></trkpt>
    <trkpt lat="32.894614" lon="-116.578485"><ele>1223.497921599973</ele></trkpt>
    <trkpt lat="32.894586" lon="-116.578441"><ele>1223.3312790399737</ele></trkpt>
    <trkpt lat="32.894566" lon="-116.578418"><ele>1223.1794195199773</ele></trkpt>
    <trkpt lat="32.894533" lon="-116.57838"><ele>1222.902841600032</ele></trkpt>
    <trkpt lat="32.894493" lon="-116.578359"><ele>1222.5082484799664</ele></trkpt>
    <trkpt lat="32.894428" lon="-116.578361"><ele>1221.994103679999</ele></trkpt>
    <trkpt lat="32.894369" lon="-116.578359"><ele>1221.9749041599932</ele></trkpt>
    <trkpt lat="32.894316" lon="-116.578355"><ele>1221.9639327999978</ele></trkpt>
    <trkpt lat="32.894275" lon="-116.578334"><ele>1221.9985360000042</ele></trkpt>
    <trkpt lat="32.894224" lon="-116.578292"><ele>1222.0307123199973</ele></trkpt>
    <trkpt lat="32.894185" lon="-116.578273"><ele>1222.0143352000011</ele></trkpt>
    <trkpt lat="32.894134" lon="-116.578258"><ele>1221.882400000004</ele></trkpt>
    <trkpt lat="32.894104" lon="-116.578219"><ele>1221.7743999999952</ele></trkpt>
    <trkpt lat="32.894074" lon="-116.578166"><ele>1221.666400000012</ele></trkpt>
    <trkpt lat="32.894037" lon="-116.578152"><ele>1221.5331999999903</ele></trkpt>
    <trkpt lat="32.893963" lon="-116.578152"><ele>1221.2667999999976</ele></trkpt>
    <trkpt lat="32.893917" lon="-116.578152"><ele>1221.1012000000064</ele></trkpt>
    <trkpt lat="32.893877" lon="-116.578151"><ele>1220.9291060800208</ele></trkpt>
    <trkpt lat="32.893843" lon="-116.578166"><ele>1220.7352835199795</ele></trkpt>
    <trkpt lat="32.893814" lon="-116.578162"><ele>1220.56411072</ele></trkpt>
    <trkpt lat="32.893786" lon="-116.578147"><ele>1220.3811356799938</ele></trkpt>
    <trkpt lat="32.893748" lon="-116.578156"><ele>1220.169003520026</ele></trkpt>
    <trkpt lat="32.893708" lon="-116.578185"><ele>1220.0010591999928</ele></trkpt>
    <trkpt lat="32.893657" lon="-116.57815"><ele>1219.6142319999658</ele></trkpt>
    <trkpt lat="32.893594" lon="-116.578125"><ele>1219.0806000000025</ele></trkpt>
    <trkpt lat="32.893536" lon="-116.578084"><ele>1218.3188889599912</ele></trkpt>
    <trkpt lat="32.893418" lon="-116.578015"><ele>1216.6669007999258</ele></trkpt>
    <trkpt lat="32.893301" lon="-116.577933"><ele>1214.9498443200175</ele></trkpt>
    <trkpt lat="32.893233" lon="-116.577899"><ele>1214.3080276800308</ele></trkpt>
    <trkpt lat="32.893172" lon="-116.577842"><ele>1213.4350809600357</ele></trkpt>
    <trkpt lat="32.893129" lon="-116.57782"><ele>1212.944611200038</ele></trkpt>
    <trkpt lat="32.893069" lon="-116.577774"><ele>1212.0702582400143</ele></trkpt>
    <trkpt lat="32.893015" lon="-116.577715"><ele>1211.5479999999839</ele></trkpt>
    <trkpt lat="32.892952" lon="-116.577691"><ele>1211.3752000000109</ele></trkpt>
    <trkpt lat="32.892938" lon="-116.577674"><ele>1211.252800000013</ele></trkpt>
    <trkpt lat="32.89293" lon="-116.577644"><ele>1211.0368000000467</ele></trkpt>
    <trkpt lat="32.892933" lon="-116.577607"><ele>1210.770400000003</ele></trkpt>
    <trkpt lat="32.892942" lon="-116.577517"><ele>1210.122400000002</ele></trkpt>
    <trkpt lat="32.892923" lon="-116.577486"><ele>1210.0504000000242</ele></trkpt>
    <trkpt lat="32.892877" lon="-116.577441"><ele>1210.2124000000244</ele></trkpt>
    <trkpt lat="32.892817" lon="-116.577414"><ele>1210.3095999999837</ele></trkpt>
    <trkpt lat="32.892761" lon="-116.577358"><ele>1210.4494470399886</ele></trkpt>
    <trkpt lat="32.892719" lon="-116.577357"><ele>1210.2969366399852</ele></trkpt>
    <trkpt lat="32.892671" lon="-116.577346"><ele>1210.1281772799953</ele></trkpt>
    <trkpt lat="32.892604" lon="-116.577332"><ele>1209.8480742399927</ele></trkpt>
    <trkpt lat="32.892543" lon="-116.57734"><ele>1209.6023296000303</ele></trkpt>
    <trkpt lat="32.892471" lon="-116.577331"><ele>1209.1828000000066</ele></trkpt>
    <trkpt lat="32.892385" lon="-116.577294"><ele>1208.430399999962</ele></trkpt>
    <trkpt lat="32.892332" lon="-116.577223"><ele>1207.7932000000364</ele></trkpt>
    <trkpt lat="32.892263" lon="-116.577193"><ele>1207.293599999999</ele></trkpt>
    <trkpt lat="32.89222" lon="-116.577159"><ele>1206.9901792000078</ele></trkpt>
    <trkpt lat="32.892135" lon="-116.577115"><ele>1206.564796000023</ele></trkpt>
    <trkpt lat="32.89209" lon="-116.577057"><ele>1206.2408752000117</ele></trkpt>
    <trkpt lat="32.89203" lon="-116.577017"><ele>1205.7967503999844</ele></trkpt>
    <trkpt lat="32.891931" lon="-116.576956"><ele>1205.041599999984</ele></trkpt>
    <trkpt lat="32.891831" lon="-116.576927"><ele>1205.0999524800136</ele></trkpt>
    <trkpt lat="32.891741" lon="-116.576851"><ele>1205.4264206399816</ele></trkpt>
    <trkpt lat="32.891662" lon="-116.576818"><ele>1205.447552639984</ele></trkpt>
    <trkpt lat="32.891496" lon="-116.576745"><ele>1205.2768607999874</ele></trkpt>
    <trkpt lat="32.891431" lon="-116.576683"><ele>1205.1426859199892</ele></trkpt>
    <trkpt lat="32.891283" lon="-116.576592"><ele>1205.156399999968</ele></trkpt>
    <trkpt lat="32.891171" lon="-116.576557"><ele>1205.0052000000428</ele></trkpt>
    <trkpt lat="32.891038" lon="-116.576485"><ele>1205.1358671999715</ele></trkpt>
    <trkpt lat="32.890934" lon="-116.576451"><ele>1205.0577673599757</ele></trkpt>
    <trkpt lat="32.890763" lon="-116.576384"><ele>1205.013143679988</ele></trkpt>
    <trkpt lat="32.890666" lon="-116.576343"><ele>1205.06568352001</ele></trkpt>
    <trkpt lat="32.890666" lon="-116.576343"><ele>1205.06568352001</ele></trkpt>
    <trkpt lat="32.89056" lon="-116.5763"><ele>1205.0051200000005</ele></trkpt>
    <trkpt lat="32.890437" lon="-116.576234"><ele>1204.7620163199963</ele></trkpt>
    <trkpt lat="32.890336" lon="-116.576145"><ele>1204.3060287999838</ele></trkpt>
    <trkpt lat="32.890258" lon="-116.576087"><ele>1204.0744396799985</ele></trkpt>
    <trkpt lat="32.890144" lon="-116.576044"><ele>1204.0088908799994</ele></trkpt>
    <trkpt lat="32.890019" lon="-116.576012"><ele>1203.6920102400238</ele></trkpt>
    <trkpt lat="32.889916" lon="-116.576"><ele>1203.7814399999702</ele></trkpt>
    <trkpt lat="32.889861" lon="-116.575995"><ele>1203.8732328000256</ele></trkpt>
    <trkpt lat="32.889781" lon="-116.575973"><ele>1203.8992075200317</ele></trkpt>
    <trkpt lat="32.889746" lon="-116.575949"><ele>1203.797156159957</ele></trkpt>
    <trkpt lat="32.889697" lon="-116.575942"><ele>1203.6915999999774</ele></trkpt>
    <trkpt lat="32.889646" lon="-116.575894"><ele>1203.1624000000343</ele></trkpt>
    <trkpt lat="32.889632" lon="-116.575877"><ele>1202.9896000000358</ele></trkpt>
    <trkpt lat="32.889582" lon="-116.575751"><ele>1201.9023999999667</ele></trkpt>
    <trkpt lat="32.889559" lon="-116.575702"><ele>1201.4668000000433</ele></trkpt>
    <trkpt lat="32.889559" lon="-116.575702"><ele>1201.4668000000433</ele></trkpt>
    <trkpt lat="32.889545" lon="-116.575674"><ele>1201.2148000000402</ele></trkpt>
    <trkpt lat="32.889507" lon="-116.575566"><ele>1200.30039999997</ele></trkpt>
    <trkpt lat="32.889373" lon="-116.575406"><ele>1199.481352960002</ele></trkpt>
    <trkpt lat="32.889329" lon="-116.575349"><ele>1199.458880320008</ele></trkpt>
    <trkpt lat="32.889326" lon="-116.575282"><ele>1199.4286374400117</ele></trkpt>
    <trkpt lat="32.889361" lon="-116.575211"><ele>1199.3003999999964</ele></trkpt>
    <trkpt lat="32.889454" lon="-116.575155"><ele>1199.0</ele></trkpt>
    <trkpt lat="32.889656" lon="-116.575016"><ele>1199.0</ele></trkpt>
    <trkpt lat="32.889772" lon="-116.57489"><ele>1199.7544000000178</ele></trkpt>
    <trkpt lat="32.889885" lon="-116.574772"><ele>1200.9928000000118</ele></trkpt>
    <trkpt lat="32.889844" lon="-116.574707"><ele>1200.955624319955</ele></trkpt>
    <trkpt lat="32.8897" lon="-116.574675"><ele>1200.089999999995</ele></trkpt>
    <trkpt lat="32.889619" lon="-116.574605"><ele>1200.0503999999926</ele></trkpt>
    <trkpt lat="32.889525" lon="-116.574523"><ele>1200.007199999999</ele></trkpt>
    <trkpt lat="32.889457" lon="-116.57448"><ele>1199.9172000000217</ele></trkpt>
    <trkpt lat="32.889516" lon="-116.574426"><ele>1200.4910092799698</ele></trkpt>
    <trkpt lat="32.8897" lon="-116.574466"><ele>1200.8423999999882</ele></trkpt>
    <trkpt lat="32.889862" lon="-116.574471"><ele>1202.365894079994</ele></trkpt>
    <trkpt lat="32.889921" lon="-116.574375"><ele>1204.3967999999509</ele></trkpt>
    <trkpt lat="32.890016" lon="-116.574428"><ele>1204.4688000000754</ele></trkpt>
    <trkpt lat="32.890165" lon="-116.574453"><ele>1205.702104799983</ele></trkpt>
    <trkpt lat="32.890606" lon="-116.574241"><ele>1210.995388480001</ele></trkpt>
    <trkpt lat="32.890723" lon="-116.574042"><ele>1212.9867999999037</ele></trkpt>
    <trkpt lat="32.89084" lon="-116.573908"><ele>1213.678451199977</ele></trkpt>
    <trkpt lat="32.890872" lon="-116.573847"><ele>1214.4546086399755</ele></trkpt>
    <trkpt lat="32.890912" lon="-116.57382"><ele>1214.603366400036</ele></trkpt>
    <trkpt lat="32.891038" lon="-116.573838"><ele>1213.307418240063</ele></trkpt>
    <trkpt lat="32.891142" lon="-116.573817"><ele>1213.035199999923</ele></trkpt>
    <trkpt lat="32.8912" lon="-116.57379"><ele>1213.4239999999645</ele></trkpt>
    <trkpt lat="32.891264" lon="-116.573709"><ele>1214.5904000000892</ele></trkpt>
    <trkpt lat="32.891264" lon="-116.573709"><ele>1214.5904000000892</ele></trkpt>
    <trkpt lat="32.891268" lon="-116.573704"><ele>1214.6623999999074</ele></trkpt>
    <trkpt lat="32.891399" lon="-116.573613"><ele>1216.0456000000768</ele></trkpt>
    <trkpt lat="32.891547" lon="-116.573568"><ele>1217.7592000000986</ele></trkpt>
    <trkpt lat="32.891826" lon="-116.573664"><ele>1218.4948134400915</ele></trkpt>
    <trkpt lat="32.892038" lon="-116.573769"><ele>1218.5323113600084</ele></trkpt>
    <trkpt lat="32.892178" lon="-116.573763"><ele>1218.8980483200037</ele></trkpt>
    <trkpt lat="32.892309" lon="-116.573699"><ele>1218.9011566399975</ele></trkpt>
    <trkpt lat="32.892399" lon="-116.573608"><ele>1219.0336000000755</ele></trkpt>
    <trkpt lat="32.892727" lon="-116.573372"><ele>1222.5133542399542</ele></trkpt>
    <trkpt lat="32.892813" lon="-116.573227"><ele>1224.8630609599297</ele></trkpt>
    <trkpt lat="32.892944" lon="-116.573267"><ele>1225.6075020799835</ele></trkpt>
    <trkpt lat="32.893115" lon="-116.573232"><ele>1227.6583327999713</ele></trkpt>
    <trkpt lat="32.893295" lon="-116.573109"><ele>1230.3126487999973</ele></trkpt>
    <trkpt lat="32.893372" lon="-116.572991"><ele>1231.8176998399833</ele></trkpt>
    <trkpt lat="32.893426" lon="-116.572878"><ele>1232.8527257599742</ele></trkpt>
    <trkpt lat="32.89339" lon="-116.572792"><ele>1233.1224895999474</ele></trkpt>
    <trkpt lat="32.893421" lon="-116.572658"><ele>1234.1779999999576</ele></trkpt>
    <trkpt lat="32.893317" lon="-116.572556"><ele>1234.6318918399486</ele></trkpt>
    <trkpt lat="32.893268" lon="-116.57242"><ele>1236.1669376000748</ele></trkpt>
    <trkpt lat="32.893344" lon="-116.572345"><ele>1236.7124000000124</ele></trkpt>
    <trkpt lat="32.893475" lon="-116.572363"><ele>1236.989600000054</ele></trkpt>
    <trkpt lat="32.893651" lon="-116.572296"><ele>1238.279480320052</ele></trkpt>
    <trkpt lat="32.8938" lon="-116.572304"><ele>1238.5171839999823</ele></trkpt>
    <trkpt lat="32.894106" lon="-116.572275"><ele>1239.2555120000245</ele></trkpt>
    <trkpt lat="32.894363" lon="-116.572256"><ele>1239.2431999999703</ele></trkpt>
    <trkpt lat="32.894525" lon="-116.57224"><ele>1240.2694399999823</ele></trkpt>
    <trkpt lat="32.894664" lon="-116.572224"><ele>1242.1693414400077</ele></trkpt>
    <trkpt lat="32.894768" lon="-116.572181"><ele>1243.7831436799863</ele></trkpt>
    <trkpt lat="32.894989" lon="-116.572084"><ele>1246.861304960031</ele></trkpt>
    <trkpt lat="32.895169" lon="-116.572063"><ele>1246.6512651199942</ele></trkpt>
    <trkpt lat="32.895344" lon="-116.572106"><ele>1246.2434534400154</ele></trkpt>
    <trkpt lat="32.895439" lon="-116.57228"><ele>1246.7483232000268</ele></trkpt>
    <trkpt lat="32.895565" lon="-116.572291"><ele>1246.5207816000434</ele></trkpt>
    <trkpt lat="32.895723" lon="-116.572175"><ele>1246.2627999999986</ele></trkpt>
    <trkpt lat="32.895862" lon="-116.572157"><ele>1246.578862720029</ele></trkpt>
    <trkpt lat="32.895925" lon="-116.572144"><ele>1246.6226559999698</ele></trkpt>
    <trkpt lat="32.895925" lon="-116.572144"><ele>1246.6226559999698</ele></trkpt>
    <trkpt lat="32.896051" lon="-116.572048"><ele>1246.7285478399922</ele></trkpt>
    <trkpt lat="32.89614" lon="-116.572006"><ele>1247.1270464000122</ele></trkpt>
    <trkpt lat="32.896217" lon="-116.571981"><ele>1247.4313659199918</ele></trkpt>
    <trkpt lat="32.896443" lon="-116.57189"><ele>1248.2317807999725</ele></trkpt>
    <trkpt lat="32.896626" lon="-116.57182"><ele>1249.641612799981</ele></trkpt>
    <trkpt lat="32.896713" lon="-116.571789"><ele>1250.1469174399892</ele></trkpt>
    <trkpt lat="32.896759" lon="-116.571742"><ele>1250.1802937600069</ele></trkpt>
    <trkpt lat="32.896773" lon="-116.57167"><ele>1250.0091871999932</ele></trkpt>
    <trkpt lat="32.896763" lon="-116.571605"><ele>1250.384947999967</ele></trkpt>
    <trkpt lat="32.896737" lon="-116.571539"><ele>1250.5818536000077</ele></trkpt>
    <trkpt lat="32.896626" lon="-116.571321"><ele>1250.3297801600052</ele></trkpt>
    <trkpt lat="32.896421" lon="-116.570936"><ele>1254.6018227198906</ele></trkpt>
    <trkpt lat="32.896369" lon="-116.570787"><ele>1256.2497713600421</ele></trkpt>
    <trkpt lat="32.896338" lon="-116.570638"><ele>1257.1735212799813</ele></trkpt>
    <trkpt lat="32.896316" lon="-116.57052"><ele>1257.7760127999557</ele></trkpt>
    <trkpt lat="32.896263" lon="-116.570419"><ele>1257.5328068799342</ele></trkpt>
    <trkpt lat="32.896217" lon="-116.570339"><ele>1257.1435835199661</ele></trkpt>
    <trkpt lat="32.89617" lon="-116.570223"><ele>1257.3146063999657</ele></trkpt>
    <trkpt lat="32.896091" lon="-116.570026"><ele>1258.1323532799822</ele></trkpt>
    <trkpt lat="32.896035" lon="-116.569871"><ele>1258.347954399875</ele></trkpt>
    <trkpt lat="32.896021" lon="-116.569769"><ele>1258.9542289599892</ele></trkpt>
    <trkpt lat="32.896041" lon="-116.569667"><ele>1260.0811542399194</ele></trkpt>
    <trkpt lat="32.896089" lon="-116.569547"><ele>1261.4636233600856</ele></trkpt>
    <trkpt lat="32.896211" lon="-116.569361"><ele>1264.1191523200378</ele></trkpt>
    <trkpt lat="32.896356" lon="-116.569218"><ele>1266.0514393600379</ele></trkpt>
    <trkpt lat="32.896485" lon="-116.569086"><ele>1267.3049647999333</ele></trkpt>
    <trkpt lat="32.896569" lon="-116.568943"><ele>1266.4001249600847</ele></trkpt>
    <trkpt lat="32.896629" lon="-116.568788"><ele>1265.1154495999422</ele></trkpt>
    <trkpt lat="32.896671" lon="-116.568623"><ele>1263.2498676799933</ele></trkpt>
    <trkpt lat="32.89673" lon="-116.568487"><ele>1264.3830591999613</ele></trkpt>
    <trkpt lat="32.896802" lon="-116.568408"><ele>1265.4547187200126</ele></trkpt>
    <trkpt lat="32.896857" lon="-116.568368"><ele>1266.101825919976</ele></trkpt>
    <trkpt lat="32.896965" lon="-116.568313"><ele>1267.4369831999982</ele></trkpt>
    <trkpt lat="32.89707" lon="-116.568275"><ele>1269.1330799999912</ele></trkpt>
    <trkpt lat="32.897143" lon="-116.56826"><ele>1270.19849280002</ele></trkpt>
    <trkpt lat="32.89729" lon="-116.56825"><ele>1271.9587999999653</ele></trkpt>
    <trkpt lat="32.897414" lon="-116.568253"><ele>1273.1607363199794</ele></trkpt>
    <trkpt lat="32.897513" lon="-116.568203"><ele>1274.1184414399675</ele></trkpt>
    <trkpt lat="32.897715" lon="-116.568098"><ele>1275.6662672000023</ele></trkpt>
    <trkpt lat="32.897811" lon="-116.568047"><ele>1276.1159163199934</ele></trkpt>
    <trkpt lat="32.897934" lon="-116.567903"><ele>1276.2535299200013</ele></trkpt>
    <trkpt lat="32.898039" lon="-116.567766"><ele>1276.0</ele></trkpt>
    <trkpt lat="32.898123" lon="-116.567756"><ele>1276.2427999999936</ele></trkpt>
    <trkpt lat="32.898123" lon="-116.567756"><ele>1276.2427999999936</ele></trkpt>
    <trkpt lat="32.898141" lon="-116.567754"><ele>1276.3076000000092</ele></trkpt>
    <trkpt lat="32.898193" lon="-116.567734"><ele>1276.4947999999968</ele></trkpt>
    <trkpt lat="32.898277" lon="-116.567644"><ele>1276.7972000000009</ele></trkpt>
    <trkpt lat="32.898324" lon="-116.567579"><ele>1276.9664000000084</ele></trkpt>
    <trkpt lat="32.898402" lon="-116.567533"><ele>1277.5531347199735</ele></trkpt>
    <trkpt lat="32.898473" lon="-116.567513"><ele>1278.0526620800395</ele></trkpt>
    <trkpt lat="32.898547" lon="-116.567516"><ele>1278.6270118399923</ele></trkpt>
    <trkpt lat="32.898628" lon="-116.567524"><ele>1279.4317593600802</ele></trkpt>
    <trkpt lat="32.898692" lon="-116.567489"><ele>1280.0906054399213</ele></trkpt>
    <trkpt lat="32.898847" lon="-116.567433"><ele>1281.541118879965</ele></trkpt>
    <trkpt lat="32.899031" lon="-116.567393"><ele>1282.4823999999426</ele></trkpt>
    <trkpt lat="32.899121" lon="-116.56735"><ele>1282.5112000000745</ele></trkpt>
    <trkpt lat="32.89927" lon="-116.567388"><ele>1283.9871615999537</ele></trkpt>
    <trkpt lat="32.899342" lon="-116.567431"><ele>1284.6335603199852</ele></trkpt>
    <trkpt lat="32.899448" lon="-116.567481"><ele>1285.0136755199985</ele></trkpt>
    <trkpt lat="32.899518" lon="-116.567479"><ele>1285.2848188799962</ele></trkpt>
    <trkpt lat="32.899648" lon="-116.567439"><ele>1285.8937228800146</ele></trkpt>
    <trkpt lat="32.89984" lon="-116.567409"><ele>1286.3276000000078</ele></trkpt>
    <trkpt lat="32.899957" lon="-116.567396"><ele>1286.374399999992</ele></trkpt>
    <trkpt lat="32.900029" lon="-116.567331"><ele>1286.5040000000022</ele></trkpt>
    <trkpt lat="32.900103" lon="-116.567302"><ele>1286.3420000000021</ele></trkpt>
    <trkpt lat="32.900252" lon="-116.567302"><ele>1285.8056000000008</ele></trkpt>
    <trkpt lat="32.90034" lon="-116.56728"><ele>1286.0160000000117</ele></trkpt>
    <trkpt lat="32.900416" lon="-116.567326"><ele>1286.1240000000205</ele></trkpt>
    <trkpt lat="32.900477" lon="-116.567377"><ele>1286.1600000000317</ele></trkpt>
    <trkpt lat="32.900596" lon="-116.567363"><ele>1286.7844000000005</ele></trkpt>
    <trkpt lat="32.900698" lon="-116.567369"><ele>1287.4971999999914</ele></trkpt>
    <trkpt lat="32.900752" lon="-116.567412"><ele>1287.7311999999636</ele></trkpt>
    <trkpt lat="32.900799" lon="-116.567471"><ele>1287.8572000000033</ele></trkpt>
    <trkpt lat="32.90086" lon="-116.567481"><ele>1288.3564000000135</ele></trkpt>
    <trkpt lat="32.900892" lon="-116.567425"><ele>1288.903599999988</ele></trkpt>
    <trkpt lat="32.900909" lon="-116.567275"><ele>1289.6272000000035</ele></trkpt>
    <trkpt lat="32.900946" lon="-116.567203"><ele>1290.147599999997</ele></trkpt>
    <trkpt lat="32.901027" lon="-116.567135"><ele>1290.7775999999665</ele></trkpt>
    <trkpt lat="32.901081" lon="-116.567034"><ele>1290.9972000000007</ele></trkpt>
    <trkpt lat="32.901094" lon="-116.56695"><ele>1290.8352000000257</ele></trkpt>
    <trkpt lat="32.901151" lon="-116.566819"><ele>1291.7527004800022</ele></trkpt>
    <trkpt lat="32.901202" lon="-116.566773"><ele>1292.1949043199895</ele></trkpt>
    <trkpt lat="32.901378" lon="-116.566739"><ele>1293.2007846400004</ele></trkpt>
    <trkpt lat="32.901648" lon="-116.566604"><ele>1294.1735603200116</ele></trkpt>
    <trkpt lat="32.901826" lon="-116.566537"><ele>1295.0023129600245</ele></trkpt>
    <trkpt lat="32.901957" lon="-116.566384"><ele>1297.1708000000376</ele></trkpt>
    <trkpt lat="32.902067" lon="-116.566379"><ele>1298.3948000000414</ele></trkpt>
    <trkpt lat="32.902225" lon="-116.566427"><ele>1299.9128000000078</ele></trkpt>
    <trkpt lat="32.902292" lon="-116.566419"><ele>1301.147600000062</ele></trkpt>
    <trkpt lat="32.90236" lon="-116.566347"><ele>1302.6320064000504</ele></trkpt>
    <trkpt lat="32.902416" lon="-116.566309"><ele>1303.6619404800294</ele></trkpt>
    <trkpt lat="32.902445" lon="-116.566218"><ele>1304.2536191999932</ele></trkpt>
    <trkpt lat="32.902569" lon="-116.566143"><ele>1305.773716319994</ele></trkpt>
    <trkpt lat="32.902639" lon="-116.566124"><ele>1306.5244185600104</ele></trkpt>
    <trkpt lat="32.902686" lon="-116.566146"><ele>1307.09290176004</ele></trkpt>
    <trkpt lat="32.902711" lon="-116.566114"><ele>1307.2866998399595</ele></trkpt>
    <trkpt lat="32.902693" lon="-116.566038"><ele>1307.1647286399864</ele></trkpt>
    <trkpt lat="32.90274" lon="-116.566004"><ele>1307.64444160001</ele></trkpt>
    <trkpt lat="32.902934" lon="-116.565869"><ele>1309.6872000000212</ele></trkpt>
    <trkpt lat="32.90302" lon="-116.565792"><ele>1310.9326463999646</ele></trkpt>
    <trkpt lat="32.903081" lon="-116.5658"><ele>1311.595408000031</ele></trkpt>
    <trkpt lat="32.903168" lon="-116.565819"><ele>1312.7015123199847</ele></trkpt>
    <trkpt lat="32.903247" lon="-116.565754"><ele>1314.1311644800123</ele></trkpt>
    <trkpt lat="32.903297" lon="-116.565641"><ele>1315.259765920027</ele></trkpt>
    <trkpt lat="32.903351" lon="-116.565591"><ele>1316.126800000017</ele></trkpt>
    <trkpt lat="32.903432" lon="-116.565599"><ele>1317.2644000000112</ele></trkpt>
    <trkpt lat="32.903497" lon="-116.56554"><ele>1318.5148096000369</ele></trkpt>
    <trkpt lat="32.903506" lon="-116.565451"><ele>1319.5240595200416</ele></trkpt>
    <trkpt lat="32.903544" lon="-116.565403"><ele>1320.3973734399342</ele></trkpt>
    <trkpt lat="32.90363" lon="-116.565363"><ele>1321.6112623999618</ele></trkpt>
    <trkpt lat="32.903724" lon="-116.565285"><ele>1323.1777663999496</ele></trkpt>
    <trkpt lat="32.903779" lon="-116.565177"><ele>1324.3195236799725</ele></trkpt>
    <trkpt lat="32.903803" lon="-116.565097"><ele>1324.924427360056</ele></trkpt>
    <trkpt lat="32.903882" lon="-116.565057"><ele>1325.7401110400388</ele></trkpt>
    <trkpt lat="32.903963" lon="-116.565105"><ele>1327.287899199928</ele></trkpt>
    <trkpt lat="32.90404" lon="-116.565126"><ele>1328.860883199995</ele></trkpt>
    <trkpt lat="32.904107" lon="-116.565084"><ele>1330.7191110400884</ele></trkpt>
    <trkpt lat="32.904218" lon="-116.564992"><ele>1333.2295667199803</ele></trkpt>
    <trkpt lat="32.90431" lon="-116.564976"><ele>1333.7361471999975</ele></trkpt>
    <trkpt lat="32.904398" lon="-116.564893"><ele>1335.1803836800311</ele></trkpt>
    <trkpt lat="32.904501" lon="-116.564864"><ele>1336.369834880024</ele></trkpt>
    <trkpt lat="32.904585" lon="-116.564901"><ele>1336.5829231999123</ele></trkpt>
    <trkpt lat="32.90465" lon="-116.564909"><ele>1337.0455519999707</ele></trkpt>
    <trkpt lat="32.904713" lon="-116.56488"><ele>1337.7930847999912</ele></trkpt>
    <trkpt lat="32.904774" lon="-116.564735"><ele>1339.4757744000435</ele></trkpt>
    <trkpt lat="32.904868" lon="-116.564711"><ele>1340.6339980799905</ele></trkpt>
    <trkpt lat="32.904927" lon="-116.564695"><ele>1341.335354400005</ele></trkpt>
    <trkpt lat="32.904954" lon="-116.564751"><ele>1341.3824438399563</ele></trkpt>
    <trkpt lat="32.904925" lon="-116.564805"><ele>1340.8115399999522</ele></trkpt>
    <trkpt lat="32.904909" lon="-116.564864"><ele>1340.3395929600442</ele></trkpt>
    <trkpt lat="32.904943" lon="-116.564933"><ele>1340.4698942400555</ele></trkpt>
    <trkpt lat="32.904995" lon="-116.564925"><ele>1341.2028599999844</ele></trkpt>
    <trkpt lat="32.905026" lon="-116.564888"><ele>1341.6085209600062</ele></trkpt>
    <trkpt lat="32.905062" lon="-116.564933"><ele>1341.803128320015</ele></trkpt>
    <trkpt lat="32.90504" lon="-116.565027"><ele>1341.3627935999934</ele></trkpt>
    <trkpt lat="32.905071" lon="-116.565046"><ele>1341.6858547200022</ele></trkpt>
    <trkpt lat="32.905152" lon="-116.564971"><ele>1342.63174464001</ele></trkpt>
    <trkpt lat="32.905192" lon="-116.564968"><ele>1343.0295475199862</ele></trkpt>
    <trkpt lat="32.905192" lon="-116.564968"><ele>1343.0295475199862</ele></trkpt>
    <trkpt lat="32.905245" lon="-116.564963"><ele>1343.5442352000239</ele></trkpt>
    <trkpt lat="32.905154" lon="-116.565218"><ele>1342.7485862400524</ele></trkpt>
    <trkpt lat="32.905002" lon="-116.565334"><ele>1340.0389145600611</ele></trkpt>
    <trkpt lat="32.904945" lon="-116.565441"><ele>1338.928344799964</ele></trkpt>
    <trkpt lat="32.904955" lon="-116.56565"><ele>1340.2100000000742</ele></trkpt>
    <trkpt lat="32.904566" lon="-116.566524"><ele>1340.0360000000733</ele></trkpt>
    <trkpt lat="32.904551" lon="-116.566593"><ele>1340.1547999999284</ele></trkpt>
    <trkpt lat="32.904451" lon="-116.566704"><ele>1338.4276563200497</ele></trkpt>
    <trkpt lat="32.904321" lon="-116.566868"><ele>1337.1053011200538</ele></trkpt>
    <trkpt lat="32.904249" lon="-116.567168"><ele>1337.8530572799714</ele></trkpt>
    <trkpt lat="32.904162" lon="-116.567391"><ele>1338.131199999994</ele></trkpt>
    <trkpt lat="32.904119" lon="-116.567649"><ele>1338.0499537600276</ele></trkpt>
    <trkpt lat="32.904134" lon="-116.56782"><ele>1338.3122751999801</ele></trkpt>
    <trkpt lat="32.904191" lon="-116.567897"><ele>1339.4255958399542</ele></trkpt>
    <trkpt lat="32.904263" lon="-116.568086"><ele>1341.1523907199926</ele></trkpt>
    <trkpt lat="32.904112" lon="-116.568577"><ele>1339.3854329599787</ele></trkpt>
    <trkpt lat="32.904055" lon="-116.568688"><ele>1338.5742208000127</ele></trkpt>
    <trkpt lat="32.904024" lon="-116.568872"><ele>1338.0279193600015</ele></trkpt>
    <trkpt lat="32.904021" lon="-116.569031"><ele>1337.513366080015</ele></trkpt>
    <trkpt lat="32.904053" lon="-116.569181"><ele>1336.7269441600163</ele></trkpt>
    <trkpt lat="32.904115" lon="-116.56929"><ele>1335.2877520000745</ele></trkpt>
    <trkpt lat="32.904201" lon="-116.569318"><ele>1334.287188160053</ele></trkpt>
    <trkpt lat="32.904348" lon="-116.569354"><ele>1333.3088550399304</ele></trkpt>
    <trkpt lat="32.904454" lon="-116.569423"><ele>1331.5002556799946</ele></trkpt>
    <trkpt lat="32.904669" lon="-116.569584"><ele>1329.179039359891</ele></trkpt>
    <trkpt lat="32.904755" lon="-116.569711"><ele>1326.2471672000424</ele></trkpt>
    <trkpt lat="32.904835" lon="-116.569851"><ele>1324.2327568000067</ele></trkpt>
    <trkpt lat="32.904939" lon="-116.569857"><ele>1323.7870998400213</ele></trkpt>
    <trkpt lat="32.905028" lon="-116.569893"><ele>1323.530800000154</ele></trkpt>
    <trkpt lat="32.905067" lon="-116.569999"><ele>1322.4652000001315</ele></trkpt>
    <trkpt lat="32.905066" lon="-116.570129"><ele>1320.347317120054</ele></trkpt>
    <trkpt lat="32.905036" lon="-116.57043"><ele>1315.3264000000117</ele></trkpt>
    <trkpt lat="32.905039" lon="-116.570659"><ele>1311.7518849599235</ele></trkpt>
    <trkpt lat="32.905113" lon="-116.570951"><ele>1307.1477590401537</ele></trkpt>
    <trkpt lat="32.905311" lon="-116.571562"><ele>1295.5246611199204</ele></trkpt>
    <trkpt lat="32.905377" lon="-116.571645"><ele>1295.923846399963</ele></trkpt>
    <trkpt lat="32.905413" lon="-116.571772"><ele>1294.511600000151</ele></trkpt>
    <trkpt lat="32.905397" lon="-116.57188"><ele>1292.164400000141</ele></trkpt>
    <trkpt lat="32.905453" lon="-116.57211"><ele>1289.875686400105</ele></trkpt>
    <trkpt lat="32.905571" lon="-116.572273"><ele>1289.4152726400837</ele></trkpt>
    <trkpt lat="32.905795" lon="-116.572518"><ele>1286.4642575999405</ele></trkpt>
    <trkpt lat="32.905885" lon="-116.572701"><ele>1282.6584000001076</ele></trkpt>
    <trkpt lat="32.905998" lon="-116.572774"><ele>1281.0816000000982</ele></trkpt>
    <trkpt lat="32.906188" lon="-116.572944"><ele>1276.8111999998291</ele></trkpt>
    <trkpt lat="32.906318" lon="-116.57302"><ele>1274.896000000009</ele></trkpt>
    <trkpt lat="32.906318" lon="-116.57302"><ele>1274.896000000009</ele></trkpt>
    <trkpt lat="32.906346" lon="-116.573037"><ele>1274.4676000000163</ele></trkpt>
    <trkpt lat="32.90658" lon="-116.573138"><ele>1272.2946047999949</ele></trkpt>
    <trkpt lat="32.906699" lon="-116.573254"><ele>1268.1380438397694</ele></trkpt>
    <trkpt lat="32.906817" lon="-116.573341"><ele>1263.6845371200639</ele></trkpt>
    <trkpt lat="32.906964" lon="-116.573436"><ele>1260.0815999999752</ele></trkpt>
    <trkpt lat="32.907088" lon="-116.573519"><ele>1258.1411999999123</ele></trkpt>
    <trkpt lat="32.907232" lon="-116.57382"><ele>1253.6558592000206</ele></trkpt>
    <trkpt lat="32.907567" lon="-116.574062"><ele>1245.9192000000353</ele></trkpt>
    <trkpt lat="32.907652" lon="-116.574083"><ele>1244.3171999999881</ele></trkpt>
    <trkpt lat="32.907733" lon="-116.574088"><ele>1243.0607999999359</ele></trkpt>
    <trkpt lat="32.907951" lon="-116.573873"><ele>1245.153199999868</ele></trkpt>
    <trkpt lat="32.90799" lon="-116.573865"><ele>1245.0740000000685</ele></trkpt>
    <trkpt lat="32.90803" lon="-116.573881"><ele>1244.3828000000226</ele></trkpt>
    <trkpt lat="32.90832" lon="-116.573991"><ele>1241.2099999998695</ele></trkpt>
    <trkpt lat="32.908616" lon="-116.573914"><ele>1240.603199999956</ele></trkpt>
    <trkpt lat="32.908672" lon="-116.573923"><ele>1240.0704000000733</ele></trkpt>
    <trkpt lat="32.908789" lon="-116.57394"><ele>1238.983200000106</ele></trkpt>
    <trkpt lat="32.909394" lon="-116.574052"><ele>1227.6909644801551</ele></trkpt>
    <trkpt lat="32.90998" lon="-116.57403"><ele>1223.3720000001572</ele></trkpt>
    <trkpt lat="32.90998" lon="-116.57403"><ele>1223.3720000001572</ele></trkpt>
    <trkpt lat="32.910086" lon="-116.574026"><ele>1223.3880185599166</ele></trkpt>
    <trkpt lat="32.910453" lon="-116.573865"><ele>1221.7368536001652</ele></trkpt>
    <trkpt lat="32.910482" lon="-116.57406"><ele>1218.2339327999323</ele></trkpt>
    <trkpt lat="32.910482" lon="-116.57406"><ele>1218.2339327999323</ele></trkpt>
    <trkpt lat="32.910453" lon="-116.573865"><ele>1221.7368536001652</ele></trkpt>
    <trkpt lat="32.910474" lon="-116.573784"><ele>1223.7021900798702</ele></trkpt>
    <trkpt lat="32.910568" lon="-116.573399"><ele>1229.8281536002344</ele></trkpt>
    <trkpt lat="32.910604" lon="-116.573296"><ele>1228.70296064004</ele></trkpt>
    <trkpt lat="32.910655" lon="-116.572841"><ele>1226.2958384001313</ele></trkpt>
    <trkpt lat="32.910604" lon="-116.572627"><ele>1230.6726643200516</ele></trkpt>
    <trkpt lat="32.910607" lon="-116.572593"><ele>1230.6399950400785</ele></trkpt>
    <trkpt lat="32.910607" lon="-116.572593"><ele>1230.6399950400785</ele></trkpt>
    <trkpt lat="32.910626" lon="-116.572352"><ele>1229.8149542399628</ele></trkpt>
    <trkpt lat="32.910712" lon="-116.572112"><ele>1227.1424332800889</ele></trkpt>
    <trkpt lat="32.910842" lon="-116.571786"><ele>1229.416210559874</ele></trkpt>
    <trkpt lat="32.910986" lon="-116.571554"><ele>1232.581835519821</ele></trkpt>
    <trkpt lat="32.911217" lon="-116.571408"><ele>1231.8074265598418</ele></trkpt>
    <trkpt lat="32.911433" lon="-116.571339"><ele>1227.7293590400277</ele></trkpt>
    <trkpt lat="32.911664" lon="-116.571168"><ele>1223.468067839943</ele></trkpt>
    <trkpt lat="32.911923" lon="-116.571039"><ele>1219.3021233599732</ele></trkpt>
    <trkpt lat="32.912334" lon="-116.57055"><ele>1221.7654080000789</ele></trkpt>
    <trkpt lat="32.913198" lon="-116.569897"><ele>1220.7356688000098</ele></trkpt>
    <trkpt lat="32.913415" lon="-116.569108"><ele>1231.4099999999858</ele></trkpt>
    <trkpt lat="32.913775" lon="-116.568438"><ele>1235.156887999973</ele></trkpt>
    <trkpt lat="32.913991" lon="-116.568318"><ele>1234.8405084798562</ele></trkpt>
    <trkpt lat="32.914157" lon="-116.568164"><ele>1235.2084140800257</ele></trkpt>
    <trkpt lat="32.914351" lon="-116.567923"><ele>1236.8965203200546</ele></trkpt>
    <trkpt lat="32.914445" lon="-116.567734"><ele>1237.7724239999554</ele></trkpt>
    <trkpt lat="32.914603" lon="-116.567288"><ele>1238.8583308799332</ele></trkpt>
    <trkpt lat="32.914618" lon="-116.566773"><ele>1245.2945062400952</ele></trkpt>
    <trkpt lat="32.914762" lon="-116.566533"><ele>1243.1354156799243</ele></trkpt>
    <trkpt lat="32.914738" lon="-116.566402"><ele>1243.7106380800046</ele></trkpt>
    <trkpt lat="32.914738" lon="-116.566402"><ele>1243.7106380800046</ele></trkpt>
    <trkpt lat="32.914757" lon="-116.566359"><ele>1243.535486079943</ele></trkpt>
    <trkpt lat="32.914792" lon="-116.566317"><ele>1243.2628422400358</ele></trkpt>
    <trkpt lat="32.91486" lon="-116.566324"><ele>1242.2170624000976</ele></trkpt>
    <trkpt lat="32.914887" lon="-116.566335"><ele>1241.688323200056</ele></trkpt>
    <trkpt lat="32.914911" lon="-116.566382"><ele>1240.694216320004</ele></trkpt>
    <trkpt lat="32.914972" lon="-116.566462"><ele>1239.0306611200147</ele></trkpt>
    <trkpt lat="32.915477" lon="-116.566699"><ele>1233.049999999991</ele></trkpt>
    <trkpt lat="32.915738" lon="-116.566771"><ele>1232.4122118399644</ele></trkpt>
    <trkpt lat="32.916031" lon="-116.566746"><ele>1232.1460000000857</ele></trkpt>
    <trkpt lat="32.916153" lon="-116.566717"><ele>1231.973600000033</ele></trkpt>
    <trkpt lat="32.916466" lon="-116.566588"><ele>1230.660583680043</ele></trkpt>
    <trkpt lat="32.916796" lon="-116.566411"><ele>1227.518123520012</ele></trkpt>
    <trkpt lat="32.917488" lon="-116.565927"><ele>1224.7778329600046</ele></trkpt>
    <trkpt lat="32.91794" lon="-116.565495"><ele>1226.744688000017</ele></trkpt>
    <trkpt lat="32.91831" lon="-116.565037"><ele>1233.479622399941</ele></trkpt>
    <trkpt lat="32.918653" lon="-116.564727"><ele>1235.3133937599282</ele></trkpt>
    <trkpt lat="32.918895" lon="-116.564572"><ele>1235.7499072000478</ele></trkpt>
    <trkpt lat="32.919149" lon="-116.564465"><ele>1235.88068080005</ele></trkpt>
    <trkpt lat="32.919252" lon="-116.564404"><ele>1236.9986150401528</ele></trkpt>
    <trkpt lat="32.919804" lon="-116.563984"><ele>1238.3776102398867</ele></trkpt>
    <trkpt lat="32.919908" lon="-116.563853"><ele>1238.388391040181</ele></trkpt>
    <trkpt lat="32.920038" lon="-116.563641"><ele>1240.08895903994</ele></trkpt>
    <trkpt lat="32.920141" lon="-116.563431"><ele>1240.8422164800575</ele></trkpt>
    <trkpt lat="32.920212" lon="-116.563172"><ele>1239.6048000000264</ele></trkpt>
    <trkpt lat="32.920247" lon="-116.562605"><ele>1239.9097175998368</ele></trkpt>
    <trkpt lat="32.920344" lon="-116.562342"><ele>1237.7052019199982</ele></trkpt>
    <trkpt lat="32.920332" lon="-116.562213"><ele>1238.0903999999664</ele></trkpt>
    <trkpt lat="32.920258" lon="-116.562021"><ele>1241.07726816009</ele></trkpt>
    <trkpt lat="32.920219" lon="-116.561955"><ele>1242.6409223999242</ele></trkpt>
    <trkpt lat="32.920061" lon="-116.561783"><ele>1245.882494560115</ele></trkpt>
    <trkpt lat="32.920034" lon="-116.56171"><ele>1245.7987168000268</ele></trkpt>
    <trkpt lat="32.920045" lon="-116.561619"><ele>1245.1017975999578</ele></trkpt>
    <trkpt lat="32.920119" lon="-116.561553"><ele>1243.9747038400005</ele></trkpt>
    <trkpt lat="32.920356" lon="-116.561455"><ele>1242.6715584000412</ele></trkpt>
    <trkpt lat="32.92043" lon="-116.561383"><ele>1243.62321759993</ele></trkpt>
    <trkpt lat="32.920605" lon="-116.561145"><ele>1246.1531479999958</ele></trkpt>
    <trkpt lat="32.920655" lon="-116.561001"><ele>1244.9108448000898</ele></trkpt>
    <trkpt lat="32.92067" lon="-116.560803"><ele>1244.2685712000034</ele></trkpt>
    <trkpt lat="32.9207" lon="-116.560675"><ele>1243.6692000000335</ele></trkpt>
    <trkpt lat="32.920969" lon="-116.560153"><ele>1242.2138107200074</ele></trkpt>
    <trkpt lat="32.921012" lon="-116.560091"><ele>1241.982712320034</ele></trkpt>
    <trkpt lat="32.921174" lon="-116.559943"><ele>1241.5014854399446</ele></trkpt>
    <trkpt lat="32.921359" lon="-116.559743"><ele>1242.1571030399953</ele></trkpt>
    <trkpt lat="32.921449" lon="-116.559527"><ele>1245.8483140799265</ele></trkpt>
    <trkpt lat="32.921524" lon="-116.559439"><ele>1247.1638668800747</ele></trkpt>
    <trkpt lat="32.921724" lon="-116.559275"><ele>1250.4672000000319</ele></trkpt>
    <trkpt lat="32.921769" lon="-116.559279"><ele>1250.027999999913</ele></trkpt>
    <trkpt lat="32.921769" lon="-116.559279"><ele>1250.027999999913</ele></trkpt>
    <trkpt lat="32.921797" lon="-116.559282"><ele>1249.740000000128</ele></trkpt>
    <trkpt lat="32.922063" lon="-116.559196"><ele>1250.728399999994</ele></trkpt>
    <trkpt lat="32.922413" lon="-116.55913"><ele>1249.1354576001092</ele></trkpt>
    <trkpt lat="32.922638" lon="-116.559066"><ele>1248.6799193599747</ele></trkpt>
    <trkpt lat="32.922872" lon="-116.559055"><ele>1247.4014751999962</ele></trkpt>
    <trkpt lat="32.92315" lon="-116.559"><ele>1246.440000000077</ele></trkpt>
    <trkpt lat="32.923665" lon="-116.558771"><ele>1249.2440000002512</ele></trkpt>
    <trkpt lat="32.924067" lon="-116.558758"><ele>1248.7317334400939</ele></trkpt>
    <trkpt lat="32.924172" lon="-116.55872"><ele>1249.6070528002615</ele></trkpt>
    <trkpt lat="32.924413" lon="-116.558669"><ele>1247.6432182401525</ele></trkpt>
    <trkpt lat="32.924653" lon="-116.558542"><ele>1249.7952009598864</ele></trkpt>
    <trkpt lat="32.924653" lon="-116.558542"><ele>1249.7952009598864</ele></trkpt>
    <trkpt lat="32.924893" lon="-116.558457"><ele>1252.3165089598333</ele></trkpt>
    <trkpt lat="32.92513" lon="-116.558306"><ele>1255.637702399888</ele></trkpt>
    <trkpt lat="32.925278" lon="-116.558239"><ele>1255.7297132800202</ele></trkpt>
    <trkpt lat="32.925488" lon="-116.558194"><ele>1251.4583564799505</ele></trkpt>
    <trkpt lat="32.925654" lon="-116.558116"><ele>1250.1363174400199</ele></trkpt>
    <trkpt lat="32.925771" lon="-116.558036"><ele>1250.4219955200028</ele></trkpt>
    <trkpt lat="32.925976" lon="-116.557848"><ele>1252.429923839816</ele></trkpt>
    <trkpt lat="32.926173" lon="-116.557703"><ele>1253.324799999944</ele></trkpt>
    <trkpt lat="32.926484" lon="-116.557433"><ele>1251.9678131198793</ele></trkpt>
    <trkpt lat="32.926623" lon="-116.557272"><ele>1251.333429760064</ele></trkpt>
    <trkpt lat="32.92678" lon="-116.557167"><ele>1251.4840895997781</ele></trkpt>
    <trkpt lat="32.926822" lon="-116.557105"><ele>1252.8844175997676</ele></trkpt>
    <trkpt lat="32.926889" lon="-116.556927"><ele>1257.3635999999037</ele></trkpt>
    <trkpt lat="32.927192" lon="-116.55671"><ele>1254.9620544001905</ele></trkpt>
    <trkpt lat="32.927207" lon="-116.556694"><ele>1254.8484153600764</ele></trkpt>
    <trkpt lat="32.927207" lon="-116.556694"><ele>1254.8484153600764</ele></trkpt>
    <trkpt lat="32.927265" lon="-116.556634"><ele>1254.5101792000007</ele></trkpt>
    <trkpt lat="32.927395" lon="-116.556417"><ele>1253.7450928001208</ele></trkpt>
    <trkpt lat="32.927476" lon="-116.556318"><ele>1252.734049279972</ele></trkpt>
    <trkpt lat="32.927547" lon="-116.556255"><ele>1252.7648912001018</ele></trkpt>
    <trkpt lat="32.927777" lon="-116.556111"><ele>1253.0064033599979</ele></trkpt>
    <trkpt lat="32.927946" lon="-116.555937"><ele>1254.0275900800007</ele></trkpt>
    <trkpt lat="32.928034" lon="-116.555804"><ele>1255.2521728000504</ele></trkpt>
    <trkpt lat="32.928079" lon="-116.555688"><ele>1255.7932000000096</ele></trkpt>
    <trkpt lat="32.928114" lon="-116.555449"><ele>1256.9745811200135</ele></trkpt>
    <trkpt lat="32.92814" lon="-116.555365"><ele>1257.0429120000417</ele></trkpt>
    <trkpt lat="32.928162" lon="-116.555337"><ele>1256.8209964800196</ele></trkpt>
    <trkpt lat="32.928243" lon="-116.5553"><ele>1255.57396799996</ele></trkpt>
    <trkpt lat="32.928433" lon="-116.555293"><ele>1253.621537759999</ele></trkpt>
    <trkpt lat="32.928551" lon="-116.555253"><ele>1253.3948000000523</ele></trkpt>
    <trkpt lat="32.928954" lon="-116.554997"><ele>1253.5661315200164</ele></trkpt>
    <trkpt lat="32.929237" lon="-116.554775"><ele>1254.7817079999095</ele></trkpt>
    <trkpt lat="32.92948" lon="-116.55454"><ele>1253.8720000000067</ele></trkpt>
    <trkpt lat="32.929953" lon="-116.553971"><ele>1253.9427689599916</ele></trkpt>
    <trkpt lat="32.930398" lon="-116.55351"><ele>1255.0521823999836</ele></trkpt>
    <trkpt lat="32.930563" lon="-116.553273"><ele>1255.3539999999753</ele></trkpt>
    <trkpt lat="32.930918" lon="-116.552837"><ele>1258.4833500800928</ele></trkpt>
    <trkpt lat="32.930983" lon="-116.552783"><ele>1258.7435883199337</ele></trkpt>
    <trkpt lat="32.93111" lon="-116.552744"><ele>1257.8676863999444</ele></trkpt>
    <trkpt lat="32.931306" lon="-116.552744"><ele>1257.5952563199282</ele></trkpt>
    <trkpt lat="32.931491" lon="-116.552716"><ele>1256.9908915199458</ele></trkpt>
    <trkpt lat="32.931827" lon="-116.552462"><ele>1256.0402390399838</ele></trkpt>
    <trkpt lat="32.932193" lon="-116.552126"><ele>1256.4557238400016</ele></trkpt>
    <trkpt lat="32.933108" lon="-116.551193"><ele>1259.955316480037</ele></trkpt>
    <trkpt lat="32.933403" lon="-116.550867"><ele>1257.905996960031</ele></trkpt>
    <trkpt lat="32.933555" lon="-116.550675"><ele>1258.4277200000452</ele></trkpt>
    <trkpt lat="32.933709" lon="-116.55044"><ele>1260.3772032000763</ele></trkpt>
    <trkpt lat="32.933766" lon="-116.550321"><ele>1261.0499251200763</ele></trkpt>
    <trkpt lat="32.933867" lon="-116.550041"><ele>1263.0167382401223</ele></trkpt>
    <trkpt lat="32.933898" lon="-116.549913"><ele>1264.3917270399495</ele></trkpt>
    <trkpt lat="32.9339" lon="-116.549743"><ele>1267.3889919998567</ele></trkpt>
    <trkpt lat="32.933942" lon="-116.549529"><ele>1267.9473961599356</ele></trkpt>
    <trkpt lat="32.933949" lon="-116.549423"><ele>1268.3237182400226</ele></trkpt>
    <trkpt lat="32.93392" lon="-116.549293"><ele>1268.3019872000114</ele></trkpt>
    <trkpt lat="32.933552" lon="-116.548853"><ele>1269.907306239995</ele></trkpt>
    <trkpt lat="32.93338" lon="-116.548504"><ele>1270.3655423999505</ele></trkpt>
    <trkpt lat="32.933334" lon="-116.548378"><ele>1269.4788422399843</ele></trkpt>
    <trkpt lat="32.933319" lon="-116.548285"><ele>1268.9705784001096</ele></trkpt>
    <trkpt lat="32.933301" lon="-116.547669"><ele>1268.0444177599998</ele></trkpt>
    <trkpt lat="32.933246" lon="-116.547329"><ele>1269.3784553600542</ele></trkpt>
    <trkpt lat="32.933255" lon="-116.547249"><ele>1269.1551847999551</ele></trkpt>
    <trkpt lat="32.933257" lon="-116.547247"><ele>1269.1237121600345</ele></trkpt>
    <trkpt lat="32.933257" lon="-116.547247"><ele>1269.1237121600345</ele></trkpt>
    <trkpt lat="32.933302" lon="-116.547189"><ele>1268.5438182400235</ele></trkpt>
    <trkpt lat="32.933356" lon="-116.547185"><ele>1268.0742687999955</ele></trkpt>
    <trkpt lat="32.933406" lon="-116.547223"><ele>1267.7354700799983</ele></trkpt>
    <trkpt lat="32.933482" lon="-116.547163"><ele>1267.906209280022</ele></trkpt>
    <trkpt lat="32.93368" lon="-116.547092"><ele>1270.1114495999716</ele></trkpt>
    <trkpt lat="32.933723" lon="-116.54706"><ele>1271.706940799981</ele></trkpt>
    <trkpt lat="32.933745" lon="-116.547012"><ele>1273.1395104001365</ele></trkpt>
    <trkpt lat="32.933745" lon="-116.547012"><ele>1273.1395104001365</ele></trkpt>
    <trkpt lat="32.933752" lon="-116.546998"><ele>1273.5952473599136</ele></trkpt>
    <trkpt lat="32.933687" lon="-116.546649"><ele>1279.2303999999363</ele></trkpt>
    <trkpt lat="32.933679" lon="-116.546351"><ele>1284.2897361599244</ele></trkpt>
    <trkpt lat="32.933661" lon="-116.546284"><ele>1284.8354169600198</ele></trkpt>
    <trkpt lat="32.933617" lon="-116.546222"><ele>1284.564336959946</ele></trkpt>
    <trkpt lat="32.93352" lon="-116.546142"><ele>1282.530252799992</ele></trkpt>
    <trkpt lat="32.93345" lon="-116.54606"><ele>1281.6227200000644</ele></trkpt>
    <trkpt lat="32.933324" lon="-116.545814"><ele>1282.3144614401403</ele></trkpt>
    <trkpt lat="32.933264" lon="-116.545625"><ele>1285.563999999993</ele></trkpt>
    <trkpt lat="32.933231" lon="-116.545378"><ele>1289.8906374399965</ele></trkpt>
    <trkpt lat="32.933183" lon="-116.545305"><ele>1290.2708752000083</ele></trkpt>
    <trkpt lat="32.932906" lon="-116.545003"><ele>1289.6338147201925</ele></trkpt>
    <trkpt lat="32.932831" lon="-116.544861"><ele>1291.53600000008</ele></trkpt>
    <trkpt lat="32.932817" lon="-116.544769"><ele>1293.7823999999346</ele></trkpt>
    <trkpt lat="32.932901" lon="-116.544337"><ele>1306.1659689600533</ele></trkpt>
    <trkpt lat="32.932897" lon="-116.544003"><ele>1307.7395999998566</ele></trkpt>
    <trkpt lat="32.932897" lon="-116.544003"><ele>1307.7395999998566</ele></trkpt>
    <trkpt lat="32.932897" lon="-116.544001"><ele>1307.7467999998896</ele></trkpt>
    <trkpt lat="32.932948" lon="-116.543669"><ele>1310.0470924801416</ele></trkpt>
    <trkpt lat="32.932973" lon="-116.543547"><ele>1310.2131999999128</ele></trkpt>
    <trkpt lat="32.933016" lon="-116.543442"><ele>1310.713600000082</ele></trkpt>
    <trkpt lat="32.933079" lon="-116.543341"><ele>1311.8723294399488</ele></trkpt>
    <trkpt lat="32.933303" lon="-116.54315"><ele>1312.3451279999717</ele></trkpt>
    <trkpt lat="32.933471" lon="-116.542964"><ele>1312.318949759813</ele></trkpt>
    <trkpt lat="32.933683" lon="-116.542666"><ele>1312.392941120018</ele></trkpt>
    <trkpt lat="32.933776" lon="-116.542487"><ele>1312.6509804800496</ele></trkpt>
    <trkpt lat="32.933799" lon="-116.542407"><ele>1313.3500587200087</ele></trkpt>
    <trkpt lat="32.933797" lon="-116.54224"><ele>1312.4539711999537</ele></trkpt>
    <trkpt lat="32.933747" lon="-116.542095"><ele>1312.148692799785</ele></trkpt>
    <trkpt lat="32.933433" lon="-116.541366"><ele>1315.782365120062</ele></trkpt>
    <trkpt lat="32.933374" lon="-116.541157"><ele>1315.2558147200384</ele></trkpt>
    <trkpt lat="32.933372" lon="-116.540929"><ele>1315.0581190399482</ele></trkpt>
    <trkpt lat="32.933349" lon="-116.540755"><ele>1313.419390400005</ele></trkpt>
    <trkpt lat="32.933385" lon="-116.540507"><ele>1313.314287200124</ele></trkpt>
    <trkpt lat="32.933414" lon="-116.540159"><ele>1309.6211999999962</ele></trkpt>
    <trkpt lat="32.933431" lon="-116.540082"><ele>1309.4015999999344</ele></trkpt>
    <trkpt lat="32.93346" lon="-116.540036"><ele>1309.9487999998853</ele></trkpt>
    <trkpt lat="32.933576" lon="-116.53994"><ele>1313.790604800076</ele></trkpt>
    <trkpt lat="32.933592" lon="-116.539903"><ele>1314.3600499199133</ele></trkpt>
    <trkpt lat="32.933561" lon="-116.53984"><ele>1313.4038207999204</ele></trkpt>
    <trkpt lat="32.933342" lon="-116.53977"><ele>1306.9163328000677</ele></trkpt>
    <trkpt lat="32.933324" lon="-116.53976"><ele>1306.555430399972</ele></trkpt>
    <trkpt lat="32.933324" lon="-116.53976"><ele>1306.555430399972</ele></trkpt>
    <trkpt lat="32.933237" lon="-116.539715"><ele>1305.4389831999438</ele></trkpt>
    <trkpt lat="32.932831" lon="-116.5394"><ele>1306.3374239999928</ele></trkpt>
    <trkpt lat="32.932632" lon="-116.539194"><ele>1307.6600806400431</ele></trkpt>
    <trkpt lat="32.932411" lon="-116.538844"><ele>1316.2500934401007</ele></trkpt>
    <trkpt lat="32.932248" lon="-116.538706"><ele>1318.9459980798906</ele></trkpt>
    <trkpt lat="32.931977" lon="-116.538555"><ele>1317.6670232000247</ele></trkpt>
    <trkpt lat="32.931902" lon="-116.538542"><ele>1316.9383999998854</ele></trkpt>
    <trkpt lat="32.931752" lon="-116.538552"><ele>1315.6784000000996</ele></trkpt>
    <trkpt lat="32.931521" lon="-116.538483"><ele>1315.2978934399848</ele></trkpt>
    <trkpt lat="32.931242" lon="-116.538318"><ele>1316.240451199937</ele></trkpt>
    <trkpt lat="32.931169" lon="-116.538243"><ele>1316.9892584000459</ele></trkpt>
    <trkpt lat="32.931125" lon="-116.538155"><ele>1317.4444999999916</ele></trkpt>
    <trkpt lat="32.931118" lon="-116.538086"><ele>1317.891209599913</ele></trkpt>
    <trkpt lat="32.93119" lon="-116.537752"><ele>1320.2983552000292</ele></trkpt>
    <trkpt lat="32.931198" lon="-116.537647"><ele>1320.6496662400514</ele></trkpt>
    <trkpt lat="32.931161" lon="-116.537089"><ele>1323.6171915201191</ele></trkpt>
    <trkpt lat="32.930966" lon="-116.536595"><ele>1326.341579199911</ele></trkpt>
    <trkpt lat="32.930811" lon="-116.536336"><ele>1327.8841081599578</ele></trkpt>
    <trkpt lat="32.930679" lon="-116.536037"><ele>1327.7482340800166</ele></trkpt>
    <trkpt lat="32.930578" lon="-116.535864"><ele>1327.949720319952</ele></trkpt>
    <trkpt lat="32.93048" lon="-116.535743"><ele>1328.378400000035</ele></trkpt>
    <trkpt lat="32.930428" lon="-116.53571"><ele>1328.428800000036</ele></trkpt>
    <trkpt lat="32.93028" lon="-116.535691"><ele>1328.0328000000127</ele></trkpt>
    <trkpt lat="32.930206" lon="-116.535646"><ele>1327.573599999983</ele></trkpt>
    <trkpt lat="32.930183" lon="-116.535604"><ele>1327.6275999999489</ele></trkpt>
    <trkpt lat="32.930159" lon="-116.535406"><ele>1328.0996793600236</ele></trkpt>
    <trkpt lat="32.930085" lon="-116.535233"><ele>1328.7565456000011</ele></trkpt>
    <trkpt lat="32.930076" lon="-116.535146"><ele>1328.9412083200068</ele></trkpt>
    <trkpt lat="32.930113" lon="-116.535018"><ele>1328.767521280018</ele></trkpt>
    <trkpt lat="32.930107" lon="-116.53495"><ele>1329.0244000000232</ele></trkpt>
    <trkpt lat="32.930074" lon="-116.534917"><ele>1329.4996000000513</ele></trkpt>
    <trkpt lat="32.930023" lon="-116.534904"><ele>1330.0972000000254</ele></trkpt>
    <trkpt lat="32.929562" lon="-116.535005"><ele>1337.388800000088</ele></trkpt>
    <trkpt lat="32.929493" lon="-116.535007"><ele>1338.8504000000812</ele></trkpt>
    <trkpt lat="32.929282" lon="-116.534927"><ele>1344.450885440036</ele></trkpt>
    <trkpt lat="32.929227" lon="-116.534867"><ele>1346.5080046399862</ele></trkpt>
    <trkpt lat="32.929231" lon="-116.534798"><ele>1347.3507804800306</ele></trkpt>
    <trkpt lat="32.92929" lon="-116.534677"><ele>1347.4709167999283</ele></trkpt>
    <trkpt lat="32.929305" lon="-116.534586"><ele>1348.2313807999606</ele></trkpt>
    <trkpt lat="32.929242" lon="-116.534113"><ele>1355.0932041598878</ele></trkpt>
    <trkpt lat="32.929182" lon="-116.534083"><ele>1356.8569737601265</ele></trkpt>
    <trkpt lat="32.929126" lon="-116.534145"><ele>1358.0573808002139</ele></trkpt>
    <trkpt lat="32.928825" lon="-116.534631"><ele>1360.9648679997997</ele></trkpt>
    <trkpt lat="32.928723" lon="-116.534723"><ele>1362.3753443200667</ele></trkpt>
    <trkpt lat="32.928659" lon="-116.534711"><ele>1364.657364959867</ele></trkpt>
    <trkpt lat="32.928644" lon="-116.534621"><ele>1366.7995449600237</ele></trkpt>
    <trkpt lat="32.928698" lon="-116.534472"><ele>1367.9705702402014</ele></trkpt>
    <trkpt lat="32.928708" lon="-116.534305"><ele>1371.7003071999052</ele></trkpt>
    <trkpt lat="32.928668" lon="-116.533985"><ele>1379.7493215998954</ele></trkpt>
    <trkpt lat="32.928641" lon="-116.533928"><ele>1381.9275001599958</ele></trkpt>
    <trkpt lat="32.928568" lon="-116.533955"><ele>1384.243737599948</ele></trkpt>
    <trkpt lat="32.928409" lon="-116.534257"><ele>1384.1476310400033</ele></trkpt>
    <trkpt lat="32.928305" lon="-116.534364"><ele>1386.0474431999926</ele></trkpt>
    <trkpt lat="32.92815" lon="-116.534466"><ele>1391.6719680000222</ele></trkpt>
    <trkpt lat="32.92806" lon="-116.534501"><ele>1395.153715199725</ele></trkpt>
    <trkpt lat="32.928002" lon="-116.534492"><ele>1399.1338073600407</ele></trkpt>
    <trkpt lat="32.927952" lon="-116.534411"><ele>1404.0858553600876</ele></trkpt>
    <trkpt lat="32.927913" lon="-116.534303"><ele>1408.0399643203111</ele></trkpt>
    <trkpt lat="32.927911" lon="-116.534193"><ele>1409.5907982398505</ele></trkpt>
    <trkpt lat="32.927973" lon="-116.534041"><ele>1407.0144270398741</ele></trkpt>
    <trkpt lat="32.927987" lon="-116.533977"><ele>1407.0999947200094</ele></trkpt>
    <trkpt lat="32.927987" lon="-116.533977"><ele>1407.0999947200094</ele></trkpt>
    <trkpt lat="32.927997" lon="-116.533928"><ele>1407.3141644800703</ele></trkpt>
    <trkpt lat="32.92802" lon="-116.533688"><ele>1411.669260800206</ele></trkpt>
    <trkpt lat="32.928011" lon="-116.53351"><ele>1415.6864143999685</ele></trkpt>
    <trkpt lat="32.928022" lon="-116.533343"><ele>1418.1590038400195</ele></trkpt>
    <trkpt lat="32.928007" lon="-116.533185"><ele>1419.99079999994</ele></trkpt>
    <trkpt lat="32.927979" lon="-116.53307"><ele>1421.927600000015</ele></trkpt>
    <trkpt lat="32.927939" lon="-116.53304"><ele>1423.592102399917</ele></trkpt>
    <trkpt lat="32.927888" lon="-116.533065"><ele>1425.5671999999322</ele></trkpt>
    <trkpt lat="32.927852" lon="-116.533137"><ele>1426.4743999999682</ele></trkpt>
    <trkpt lat="32.927799" lon="-116.533308"><ele>1427.3419999999533</ele></trkpt>
    <trkpt lat="32.927617" lon="-116.533715"><ele>1430.0873424000918</ele></trkpt>
    <trkpt lat="32.927537" lon="-116.533854"><ele>1432.4122598398892</ele></trkpt>
    <trkpt lat="32.927468" lon="-116.533902"><ele>1434.7219251201054</ele></trkpt>
    <trkpt lat="32.927421" lon="-116.533848"><ele>1436.8005273598462</ele></trkpt>
    <trkpt lat="32.927368" lon="-116.533673"><ele>1440.871850880052</ele></trkpt>
    <trkpt lat="32.927316" lon="-116.533583"><ele>1443.9288953601608</ele></trkpt>
    <trkpt lat="32.927268" lon="-116.533556"><ele>1445.8468889600292</ele></trkpt>
    <trkpt lat="32.927173" lon="-116.533553"><ele>1448.3414702399543</ele></trkpt>
    <trkpt lat="32.927068" lon="-116.533509"><ele>1450.7152915200754</ele></trkpt>
    <trkpt lat="32.926851" lon="-116.533321"><ele>1456.5936084800205</ele></trkpt>
    <trkpt lat="32.9268" lon="-116.533289"><ele>1457.3701759999785</ele></trkpt>
    <trkpt lat="32.92671" lon="-116.533267"><ele>1459.108241599992</ele></trkpt>
    <trkpt lat="32.926645" lon="-116.533284"><ele>1460.1559999999954</ele></trkpt>
    <trkpt lat="32.926533" lon="-116.533361"><ele>1460.9032376000087</ele></trkpt>
    <trkpt lat="32.92605" lon="-116.533513"><ele>1468.875896000027</ele></trkpt>
    <trkpt lat="32.925819" lon="-116.533671"><ele>1472.6983999999916</ele></trkpt>
    <trkpt lat="32.92572" lon="-116.533705"><ele>1473.4219999999805</ele></trkpt>
    <trkpt lat="32.925604" lon="-116.533702"><ele>1473.807200000057</ele></trkpt>
    <trkpt lat="32.925551" lon="-116.533721"><ele>1474.2424878400157</ele></trkpt>
    <trkpt lat="32.925511" lon="-116.533779"><ele>1475.391345759947</ele></trkpt>
    <trkpt lat="32.925474" lon="-116.53391"><ele>1477.4784000000664</ele></trkpt>
    <trkpt lat="32.925426" lon="-116.53398"><ele>1479.1775999999709</ele></trkpt>
    <trkpt lat="32.925363" lon="-116.534017"><ele>1480.6176000001215</ele></trkpt>
    <trkpt lat="32.925293" lon="-116.534023"><ele>1481.7120000000186</ele></trkpt>
    <trkpt lat="32.92522" lon="-116.533993"><ele>1482.747199999867</ele></trkpt>
    <trkpt lat="32.92517" lon="-116.533948"><ele>1483.1791999999004</ele></trkpt>
    <trkpt lat="32.924956" lon="-116.533694"><ele>1484.4135334399116</ele></trkpt>
    <trkpt lat="32.924896" lon="-116.533649"><ele>1485.4897318400506</ele></trkpt>
    <trkpt lat="32.924571" lon="-116.533474"><ele>1491.785599999974</ele></trkpt>
    <trkpt lat="32.924408" lon="-116.533428"><ele>1494.2848000000097</ele></trkpt>
    <trkpt lat="32.924311" lon="-116.533431"><ele>1495.0155999999045</ele></trkpt>
    <trkpt lat="32.924227" lon="-116.533463"><ele>1495.96599999996</ele></trkpt>
    <trkpt lat="32.924037" lon="-116.533578"><ele>1497.1756000000555</ele></trkpt>
    <trkpt lat="32.923919" lon="-116.533708"><ele>1498.7767801600717</ele></trkpt>
    <trkpt lat="32.923678" lon="-116.534167"><ele>1506.5210889599546</ele></trkpt>
    <trkpt lat="32.923575" lon="-116.534261"><ele>1507.5933480000049</ele></trkpt>
    <trkpt lat="32.923319" lon="-116.534429"><ele>1508.77586208003</ele></trkpt>
    <trkpt lat="32.923203" lon="-116.534588"><ele>1510.0811999999967</ele></trkpt>
    <trkpt lat="32.923173" lon="-116.534681"><ele>1510.977600000061</ele></trkpt>
    <trkpt lat="32.92315" lon="-116.534881"><ele>1512.6775439999863</ele></trkpt>
    <trkpt lat="32.923117" lon="-116.534967"><ele>1513.1785214399417</ele></trkpt>
    <trkpt lat="32.923068" lon="-116.535024"><ele>1513.1798707200314</ele></trkpt>
    <trkpt lat="32.92288" lon="-116.535109"><ele>1512.3763968000285</ele></trkpt>
    <trkpt lat="32.922655" lon="-116.535407"><ele>1515.3260000001153</ele></trkpt>
    <trkpt lat="32.922486" lon="-116.535566"><ele>1518.087200000046</ele></trkpt>
    <trkpt lat="32.922381" lon="-116.535642"><ele>1518.6991999999336</ele></trkpt>
    <trkpt lat="32.922231" lon="-116.53566"><ele>1517.9431999998476</ele></trkpt>
    <trkpt lat="32.9221" lon="-116.535635"><ele>1517.8699999999842</ele></trkpt>
    <trkpt lat="32.921885" lon="-116.535512"><ele>1517.879644799932</ele></trkpt>
    <trkpt lat="32.921393" lon="-116.535367"><ele>1522.5769387198745</ele></trkpt>
    <trkpt lat="32.921079" lon="-116.53521"><ele>1523.2397936000707</ele></trkpt>
    <trkpt lat="32.920931" lon="-116.535111"><ele>1521.8095006400138</ele></trkpt>
    <trkpt lat="32.920706" lon="-116.534919"><ele>1523.0662611199398</ele></trkpt>
    <trkpt lat="32.920556" lon="-116.534737"><ele>1525.9934297600332</ele></trkpt>
    <trkpt lat="32.92043" lon="-116.534637"><ele>1528.9161055999434</ele></trkpt>
    <trkpt lat="32.92015" lon="-116.534495"><ele>1531.549720000088</ele></trkpt>
    <trkpt lat="32.919934" lon="-116.534424"><ele>1532.5867379200295</ele></trkpt>
    <trkpt lat="32.919359" lon="-116.534078"><ele>1534.7032281599425</ele></trkpt>
    <trkpt lat="32.91883" lon="-116.533916"><ele>1541.4485824000437</ele></trkpt>
    <trkpt lat="32.918607" lon="-116.533803"><ele>1541.0678238400671</ele></trkpt>
    <trkpt lat="32.917847" lon="-116.533343"><ele>1537.2492000000066</ele></trkpt>
    <trkpt lat="32.917682" lon="-116.533262"><ele>1536.2224000000158</ele></trkpt>
    <trkpt lat="32.917335" lon="-116.533147"><ele>1533.475434400009</ele></trkpt>
    <trkpt lat="32.91727" lon="-116.533105"><ele>1532.780152000051</ele></trkpt>
    <trkpt lat="32.917125" lon="-116.53309"><ele>1531.1979999999953</ele></trkpt>
    <trkpt lat="32.917077" lon="-116.533016"><ele>1530.4251065599894</ele></trkpt>
    <trkpt lat="32.917018" lon="-116.533021"><ele>1529.7358822399935</ele></trkpt>
    <trkpt lat="32.91693" lon="-116.532995"><ele>1528.4586640000148</ele></trkpt>
    <trkpt lat="32.916809" lon="-116.533"><ele>1525.7768800000213</ele></trkpt>
    <trkpt lat="32.91665" lon="-116.533046"><ele>1522.7511999999601</ele></trkpt>
    <trkpt lat="32.91665" lon="-116.533046"><ele>1522.7511999999601</ele></trkpt>
    <trkpt lat="32.916705" lon="-116.532934"><ele>1523.0131887999905</ele></trkpt>
    <trkpt lat="32.916736" lon="-116.532839"><ele>1523.1329881599793</ele></trkpt>
    <trkpt lat="32.916737" lon="-116.532767"><ele>1522.7723999999434</ele></trkpt>
    <trkpt lat="32.916718" lon="-116.532655"><ele>1522.2936000000764</ele></trkpt>
    <trkpt lat="32.916673" lon="-116.532563"><ele>1521.1596000000745</ele></trkpt>
    <trkpt lat="32.916642" lon="-116.532448"><ele>1520.4838233600628</ele></trkpt>
    <trkpt lat="32.916546" lon="-116.532217"><ele>1518.86559999992</ele></trkpt>
    <trkpt lat="32.916457" lon="-116.532012"><ele>1518.7396000000608</ele></trkpt>
    <trkpt lat="32.91636" lon="-116.531791"><ele>1520.0372512000065</ele></trkpt>
    <trkpt lat="32.916301" lon="-116.531624"><ele>1521.3094009600063</ele></trkpt>
    <trkpt lat="32.916194" lon="-116.531377"><ele>1521.1935999999605</ele></trkpt>
    <trkpt lat="32.916163" lon="-116.531283"><ele>1520.7471999999616</ele></trkpt>
    <trkpt lat="32.916165" lon="-116.531234"><ele>1520.7759999999926</ele></trkpt>
    <trkpt lat="32.916158" lon="-116.531164"><ele>1520.6752000000415</ele></trkpt>
    <trkpt lat="32.916172" lon="-116.531134"><ele>1520.8768000000455</ele></trkpt>
    <trkpt lat="32.916206" lon="-116.531123"><ele>1521.3664000000354</ele></trkpt>
    <trkpt lat="32.916244" lon="-116.531113"><ele>1521.9135999999853</ele></trkpt>
    <trkpt lat="32.916286" lon="-116.531107"><ele>1522.4778361600504</ele></trkpt>
    <trkpt lat="32.916305" lon="-116.53105"><ele>1522.2191199999575</ele></trkpt>
    <trkpt lat="32.916307" lon="-116.530985"><ele>1521.6451216000703</ele></trkpt>
    <trkpt lat="32.916325" lon="-116.530941"><ele>1521.5734959999966</ele></trkpt>
    <trkpt lat="32.916343" lon="-116.530866"><ele>1521.2828550399772</ele></trkpt>
    <trkpt lat="32.916398" lon="-116.530807"><ele>1521.561909439929</ele></trkpt>
    <trkpt lat="32.916425" lon="-116.530745"><ele>1520.581339999915</ele></trkpt>
    <trkpt lat="32.916482" lon="-116.530682"><ele>1519.7938169599904</ele></trkpt>
    <trkpt lat="32.916529" lon="-116.53061"><ele>1518.8899375999129</ele></trkpt>
    <trkpt lat="32.916593" lon="-116.530564"><ele>1518.5992620799655</ele></trkpt>
    <trkpt lat="32.916638" lon="-116.530503"><ele>1518.0172745599323</ele></trkpt>
    <trkpt lat="32.916721" lon="-116.530421"><ele>1517.1571486400596</ele></trkpt>
    <trkpt lat="32.916774" lon="-116.530334"><ele>1516.1177926399425</ele></trkpt>
    <trkpt lat="32.916779" lon="-116.530296"><ele>1515.6402713600844</ele></trkpt>
    <trkpt lat="32.916772" lon="-116.530261"><ele>1515.3187999999914</ele></trkpt>
    <trkpt lat="32.916753" lon="-116.530212"><ele>1515.074000000021</ele></trkpt>
    <trkpt lat="32.916707" lon="-116.530163"><ele>1514.7320000000148</ele></trkpt>
    <trkpt lat="32.91665" lon="-116.530114"><ele>1514.1950239999533</ele></trkpt>
    <trkpt lat="32.916512" lon="-116.530014"><ele>1511.8512627199304</ele></trkpt>
    <trkpt lat="32.916431" lon="-116.529971"><ele>1510.6791459200301</ele></trkpt>
    <trkpt lat="32.916342" lon="-116.529919"><ele>1509.7851999999775</ele></trkpt>
    <trkpt lat="32.916288" lon="-116.529914"><ele>1509.2199999999987</ele></trkpt>
    <trkpt lat="32.916245" lon="-116.529868"><ele>1508.921200000062</ele></trkpt>
    <trkpt lat="32.916133" lon="-116.529805"><ele>1507.9384000000366</ele></trkpt>
    <trkpt lat="32.916083" lon="-116.529754"><ele>1507.4143318400158</ele></trkpt>
    <trkpt lat="32.915901" lon="-116.529691"><ele>1504.330399999966</ele></trkpt>
    <trkpt lat="32.915804" lon="-116.529662"><ele>1502.9827059200054</ele></trkpt>
    <trkpt lat="32.91574" lon="-116.529623"><ele>1502.565180799994</ele></trkpt>
    <trkpt lat="32.915703" lon="-116.529614"><ele>1502.2683996800147</ele></trkpt>
    <trkpt lat="32.915677" lon="-116.529627"><ele>1502.024272160012</ele></trkpt>
    <trkpt lat="32.915648" lon="-116.529636"><ele>1501.7689011199825</ele></trkpt>
    <trkpt lat="32.915624" lon="-116.529624"><ele>1501.5799270400112</ele></trkpt>
    <trkpt lat="32.915616" lon="-116.529598"><ele>1501.5325107200053</ele></trkpt>
    <trkpt lat="32.915616" lon="-116.52957"><ele>1501.5544447999946</ele></trkpt>
    <trkpt lat="32.915607" lon="-116.529555"><ele>1501.4818904000115</ele></trkpt>
    <trkpt lat="32.915584" lon="-116.529533"><ele>1501.2745548800247</ele></trkpt>
    <trkpt lat="32.915343" lon="-116.529347"><ele>1501.0610391999994</ele></trkpt>
    <trkpt lat="32.915044" lon="-116.52913"><ele>1499.3531264000353</ele></trkpt>
    <trkpt lat="32.914612" lon="-116.5289"><ele>1496.659071999959</ele></trkpt>
    <trkpt lat="32.914545" lon="-116.528844"><ele>1496.2142976000048</ele></trkpt>
    <trkpt lat="32.914174" lon="-116.528629"><ele>1494.128799999965</ele></trkpt>
    <trkpt lat="32.914123" lon="-116.528594"><ele>1493.8234329599836</ele></trkpt>
    <trkpt lat="32.914003" lon="-116.528491"><ele>1492.9012598400175</ele></trkpt>
    <trkpt lat="32.913884" lon="-116.528413"><ele>1491.566095360008</ele></trkpt>
    <trkpt lat="32.913695" lon="-116.528295"><ele>1490.7159999999897</ele></trkpt>
    <trkpt lat="32.913605" lon="-116.528256"><ele>1490.8449504000162</ele></trkpt>
    <trkpt lat="32.913549" lon="-116.528218"><ele>1491.2835225600402</ele></trkpt>
    <trkpt lat="32.913514" lon="-116.52814"><ele>1491.9509568000537</ele></trkpt>
    <trkpt lat="32.913462" lon="-116.528078"><ele>1492.3075468800525</ele></trkpt>
    <trkpt lat="32.913142" lon="-116.527819"><ele>1492.590617920057</ele></trkpt>
    <trkpt lat="32.913058" lon="-116.527743"><ele>1492.2779017599876</ele></trkpt>
    <trkpt lat="32.91298" lon="-116.527667"><ele>1491.1105472</ele></trkpt>
    <trkpt lat="32.91295" lon="-116.527617"><ele>1490.9374879999805</ele></trkpt>
    <trkpt lat="32.91295" lon="-116.527572"><ele>1491.3846079999787</ele></trkpt>
    <trkpt lat="32.912962" lon="-116.52755"><ele>1491.8347519999559</ele></trkpt>
    <trkpt lat="32.912973" lon="-116.527543"><ele>1492.11238688007</ele></trkpt>
    <trkpt lat="32.912989" lon="-116.527526"><ele>1492.5699468801076</ele></trkpt>
    <trkpt lat="32.912992" lon="-116.527502"><ele>1492.838305280063</ele></trkpt>
    <trkpt lat="32.912977" lon="-116.527441"><ele>1493.2232000000065</ele></trkpt>
    <trkpt lat="32.912932" lon="-116.527324"><ele>1493.676800000038</ele></trkpt>
    <trkpt lat="32.912863" lon="-116.527204"><ele>1493.8418739200695</ele></trkpt>
    <trkpt lat="32.912808" lon="-116.527093"><ele>1494.8193862400838</ele></trkpt>
    <trkpt lat="32.912741" lon="-116.526954"><ele>1496.8325545599396</ele></trkpt>
    <trkpt lat="32.912698" lon="-116.526901"><ele>1497.7370819200812</ele></trkpt>
    <trkpt lat="32.912612" lon="-116.526763"><ele>1499.8761702399665</ele></trkpt>
    <trkpt lat="32.91256" lon="-116.526704"><ele>1500.6493696000703</ele></trkpt>
    <trkpt lat="32.912496" lon="-116.526602"><ele>1502.2115430400868</ele></trkpt>
    <trkpt lat="32.912426" lon="-116.526495"><ele>1504.6616944000173</ele></trkpt>
    <trkpt lat="32.912395" lon="-116.526442"><ele>1505.6388207999782</ele></trkpt>
    <trkpt lat="32.912386" lon="-116.526378"><ele>1506.5440876800812</ele></trkpt>
    <trkpt lat="32.912374" lon="-116.526313"><ele>1507.3971235199785</ele></trkpt>
    <trkpt lat="32.912295" lon="-116.525963"><ele>1512.6087999999345</ele></trkpt>
    <trkpt lat="32.912282" lon="-116.525908"><ele>1513.4944000000005</ele></trkpt>
    <trkpt lat="32.912228" lon="-116.525791"><ele>1515.421939840027</ele></trkpt>
    <trkpt lat="32.912158" lon="-116.525679"><ele>1517.5916000000639</ele></trkpt>
    <trkpt lat="32.912038" lon="-116.525571"><ele>1520.4859999999705</ele></trkpt>
    <trkpt lat="32.911852" lon="-116.525382"><ele>1522.9576000000122</ele></trkpt>
    <trkpt lat="32.911806" lon="-116.525336"><ele>1523.28880000002</ele></trkpt>
    <trkpt lat="32.911755" lon="-116.525312"><ele>1523.5588000000037</ele></trkpt>
    <trkpt lat="32.911735" lon="-116.525282"><ele>1523.7387999999842</ele></trkpt>
    <trkpt lat="32.911722" lon="-116.525221"><ele>1523.8415164800058</ele></trkpt>
    <trkpt lat="32.911696" lon="-116.525129"><ele>1523.9509593599987</ele></trkpt>
    <trkpt lat="32.911663" lon="-116.524994"><ele>1523.9913148800338</ele></trkpt>
    <trkpt lat="32.911636" lon="-116.524822"><ele>1523.3988556799995</ele></trkpt>
    <trkpt lat="32.911615" lon="-116.524635"><ele>1521.6855960000503</ele></trkpt>
    <trkpt lat="32.911603" lon="-116.524364"><ele>1517.835623680063</ele></trkpt>
    <trkpt lat="32.911585" lon="-116.524261"><ele>1516.5306423999623</ele></trkpt>
    <trkpt lat="32.911586" lon="-116.524105"><ele>1514.9752000000403</ele></trkpt>
    <trkpt lat="32.911582" lon="-116.524026"><ele>1514.3776000000657</ele></trkpt>
    <trkpt lat="32.911599" lon="-116.523942"><ele>1513.8952000000554</ele></trkpt>
    <trkpt lat="32.911613" lon="-116.5239"><ele>1513.6936000000014</ele></trkpt>
    <trkpt lat="32.911643" lon="-116.523869"><ele>1513.7457993600046</ele></trkpt>
    <trkpt lat="32.911674" lon="-116.523839"><ele>1513.9476585599461</ele></trkpt>
    <trkpt lat="32.911704" lon="-116.52378"><ele>1514.2273152000125</ele></trkpt>
    <trkpt lat="32.911721" lon="-116.523723"><ele>1514.263987680017</ele></trkpt>
    <trkpt lat="32.911727" lon="-116.523656"><ele>1514.0654995199964</ele></trkpt>
    <trkpt lat="32.911719" lon="-116.523566"><ele>1513.4287999999883</ele></trkpt>
    <trkpt lat="32.911703" lon="-116.523463"><ele>1512.4568000000877</ele></trkpt>
    <trkpt lat="32.91169" lon="-116.523397"><ele>1511.7944000000211</ele></trkpt>
    <trkpt lat="32.911691" lon="-116.523354"><ele>1511.499199999948</ele></trkpt>
    <trkpt lat="32.91171" lon="-116.523282"><ele>1511.0407711999308</ele></trkpt>
    <trkpt lat="32.911735" lon="-116.523227"><ele>1510.741431200068</ele></trkpt>
    <trkpt lat="32.911798" lon="-116.523131"><ele>1510.361612480051</ele></trkpt>
    <trkpt lat="32.911925" lon="-116.523023"><ele>1510.430195999905</ele></trkpt>
    <trkpt lat="32.911953" lon="-116.522994"><ele>1510.4891999999115</ele></trkpt>
    <trkpt lat="32.911984" lon="-116.522945"><ele>1510.5180000000184</ele></trkpt>
    <trkpt lat="32.912006" lon="-116.522892"><ele>1510.3415999999522</ele></trkpt>
    <trkpt lat="32.91203" lon="-116.522858"><ele>1510.4064000000205</ele></trkpt>
    <trkpt lat="32.912052" lon="-116.522767"><ele>1509.8346233600676</ele></trkpt>
    <trkpt lat="32.912079" lon="-116.522655"><ele>1509.3101047999746</ele></trkpt>
    <trkpt lat="32.91209" lon="-116.522622"><ele>1509.2314591999695</ele></trkpt>
    <trkpt lat="32.912109" lon="-116.522591"><ele>1509.3431297600664</ele></trkpt>
    <trkpt lat="32.912142" lon="-116.522562"><ele>1509.7780601600082</ele></trkpt>
    <trkpt lat="32.912196" lon="-116.522516"><ele>1510.5542374400025</ele></trkpt>
    <trkpt lat="32.912301" lon="-116.522454"><ele>1511.3774358399041</ele></trkpt>
    <trkpt lat="32.912419" lon="-116.522396"><ele>1512.0303750400105</ele></trkpt>
    <trkpt lat="32.912581" lon="-116.522305"><ele>1512.3392968001212</ele></trkpt>
    <trkpt lat="32.912637" lon="-116.52226"><ele>1511.991875200025</ele></trkpt>
    <trkpt lat="32.912708" lon="-116.522209"><ele>1511.6144000001368</ele></trkpt>
    <trkpt lat="32.912776" lon="-116.52217"><ele>1511.470400000091</ele></trkpt>
    <trkpt lat="32.912807" lon="-116.52214"><ele>1511.0216607998107</ele></trkpt>
    <trkpt lat="32.912861" lon="-116.522067"><ele>1509.5605835202007</ele></trkpt>
    <trkpt lat="32.912905" lon="-116.522016"><ele>1508.552780799829</ele></trkpt>
    <trkpt lat="32.912959" lon="-116.521978"><ele>1508.0024099201414</ele></trkpt>
    <trkpt lat="32.913007" lon="-116.521963"><ele>1508.0651233599879</ele></trkpt>
    <trkpt lat="32.913091" lon="-116.521942"><ele>1508.5752771199157</ele></trkpt>
    <trkpt lat="32.913161" lon="-116.521928"><ele>1509.4611276801108</ele></trkpt>
    <trkpt lat="32.913225" lon="-116.5219"><ele>1509.8324000000116</ele></trkpt>
    <trkpt lat="32.913301" lon="-116.521847"><ele>1509.6524331197782</ele></trkpt>
    <trkpt lat="32.913378" lon="-116.521787"><ele>1509.1088000001182</ele></trkpt>
    <trkpt lat="32.913512" lon="-116.521738"><ele>1509.6271999999353</ele></trkpt>
    <trkpt lat="32.913585" lon="-116.521682"><ele>1509.0655999999217</ele></trkpt>
    <trkpt lat="32.913646" lon="-116.521616"><ele>1508.590399999901</ele></trkpt>
    <trkpt lat="32.913751" lon="-116.521478"><ele>1507.6184000000012</ele></trkpt>
    <trkpt lat="32.913794" lon="-116.521361"><ele>1506.5013932800337</ele></trkpt>
    <trkpt lat="32.913834" lon="-116.521256"><ele>1506.4418636799803</ele></trkpt>
    <trkpt lat="32.913869" lon="-116.521182"><ele>1506.3306553599582</ele></trkpt>
    <trkpt lat="32.913911" lon="-116.521069"><ele>1505.8363326399895</ele></trkpt>
    <trkpt lat="32.91394" lon="-116.521036"><ele>1505.6798463999826</ele></trkpt>
    <trkpt lat="32.913978" lon="-116.521004"><ele>1505.490699520023</ele></trkpt>
    <trkpt lat="32.914061" lon="-116.520949"><ele>1505.0548014400165</ele></trkpt>
    <trkpt lat="32.914129" lon="-116.520922"><ele>1504.7307164799854</ele></trkpt>
    <trkpt lat="32.914173" lon="-116.520919"><ele>1504.5940000000523</ele></trkpt>
    <trkpt lat="32.914245" lon="-116.520924"><ele>1504.370799999951</ele></trkpt>
    <trkpt lat="32.914283" lon="-116.52092"><ele>1504.2052000000363</ele></trkpt>
    <trkpt lat="32.914324" lon="-116.520911"><ele>1503.9927999999845</ele></trkpt>
    <trkpt lat="32.914341" lon="-116.520903"><ele>1503.8740000000284</ele></trkpt>
    <trkpt lat="32.914376" lon="-116.520878"><ele>1503.5679999999825</ele></trkpt>
    <trkpt lat="32.914488" lon="-116.520833"><ele>1502.5251763199626</ele></trkpt>
    <trkpt lat="32.914542" lon="-116.520803"><ele>1501.586302080037</ele></trkpt>
    <trkpt lat="32.914566" lon="-116.520792"><ele>1501.222229759995</ele></trkpt>
    <trkpt lat="32.914624" lon="-116.520778"><ele>1500.5215257600366</ele></trkpt>
    <trkpt lat="32.914657" lon="-116.520771"><ele>1500.1502217599827</ele></trkpt>
    <trkpt lat="32.914707" lon="-116.520781"><ele>1499.7669513599972</ele></trkpt>
    <trkpt lat="32.914731" lon="-116.520812"><ele>1499.7467462400102</ele></trkpt>
    <trkpt lat="32.914761" lon="-116.520824"><ele>1499.5046188800534</ele></trkpt>
    <trkpt lat="32.914779" lon="-116.52082"><ele>1499.2711775999717</ele></trkpt>
    <trkpt lat="32.9148" lon="-116.520804"><ele>1498.8896639999878</ele></trkpt>
    <trkpt lat="32.914827" lon="-116.520759"><ele>1498.1313225599504</ele></trkpt>
    <trkpt lat="32.914857" lon="-116.520735"><ele>1497.4928784000508</ele></trkpt>
    <trkpt lat="32.914901" lon="-116.52072"><ele>1496.728022399962</ele></trkpt>
    <trkpt lat="32.914948" lon="-116.520684"><ele>1495.612477439999</ele></trkpt>
    <trkpt lat="32.914999" lon="-116.520654"><ele>1494.4330483198783</ele></trkpt>
    <trkpt lat="32.915144" lon="-116.520579"><ele>1491.2202470400036</ele></trkpt>
    <trkpt lat="32.915221" lon="-116.520537"><ele>1489.603546080016</ele></trkpt>
    <trkpt lat="32.915378" lon="-116.520482"><ele>1487.5795398400307</ele></trkpt>
    <trkpt lat="32.915425" lon="-116.520459"><ele>1487.0814280000275</ele></trkpt>
    <trkpt lat="32.915443" lon="-116.520448"><ele>1486.879106559996</ele></trkpt>
    <trkpt lat="32.915484" lon="-116.52042"><ele>1486.4134912000156</ele></trkpt>
    <trkpt lat="32.915509" lon="-116.520391"><ele>1486.0511137600279</ele></trkpt>
    <trkpt lat="32.915524" lon="-116.52035"><ele>1485.6631359999599</ele></trkpt>
    <trkpt lat="32.915532" lon="-116.520308"><ele>1485.3116262400047</ele></trkpt>
    <trkpt lat="32.915525" lon="-116.520259"><ele>1484.9673639999603</ele></trkpt>
    <trkpt lat="32.915505" lon="-116.520214"><ele>1484.681012799958</ele></trkpt>
    <trkpt lat="32.915446" lon="-116.520152"><ele>1484.3102156799594</ele></trkpt>
    <trkpt lat="32.915402" lon="-116.520101"><ele>1483.9281980799703</ele></trkpt>
    <trkpt lat="32.915378" lon="-116.520021"><ele>1483.1995235199993</ele></trkpt>
    <trkpt lat="32.915322" lon="-116.519867"><ele>1481.7160499200593</ele></trkpt>
    <trkpt lat="32.915288" lon="-116.519747"><ele>1480.3346348799296</ele></trkpt>
    <trkpt lat="32.915243" lon="-116.519669"><ele>1479.9520233599894</ele></trkpt>
    <trkpt lat="32.915137" lon="-116.519533"><ele>1479.309535679991</ele></trkpt>
    <trkpt lat="32.915053" lon="-116.519465"><ele>1478.5013615999833</ele></trkpt>
    <trkpt lat="32.914984" lon="-116.519423"><ele>1478.0107065599768</ele></trkpt>
    <trkpt lat="32.914848" lon="-116.519356"><ele>1477.4227430399962</ele></trkpt>
    <trkpt lat="32.91476" lon="-116.51928"><ele>1476.7050239999953</ele></trkpt>
    <trkpt lat="32.91467" lon="-116.519218"><ele>1475.9130271999775</ele></trkpt>
    <trkpt lat="32.914607" lon="-116.519167"><ele>1475.1730932799426</ele></trkpt>
    <trkpt lat="32.914531" lon="-116.519129"><ele>1474.7587999999525</ele></trkpt>
    <trkpt lat="32.914473" lon="-116.51912"><ele>1474.3736000000033</ele></trkpt>
    <trkpt lat="32.914433" lon="-116.519121"><ele>1474.157626720007</ele></trkpt>
    <trkpt lat="32.914352" lon="-116.519119"><ele>1474.1144915199923</ele></trkpt>
    <trkpt lat="32.914275" lon="-116.519128"><ele>1474.054288000009</ele></trkpt>
    <trkpt lat="32.914149" lon="-116.51916"><ele>1473.8092000000206</ele></trkpt>
    <trkpt lat="32.913975" lon="-116.519149"><ele>1471.9300000000067</ele></trkpt>
    <trkpt lat="32.91378" lon="-116.519096"><ele>1470.308825600037</ele></trkpt>
    <trkpt lat="32.913579" lon="-116.51904"><ele>1468.5792864000418</ele></trkpt>
    <trkpt lat="32.913506" lon="-116.519034"><ele>1468.386476160056</ele></trkpt>
    <trkpt lat="32.913441" lon="-116.519018"><ele>1468.0666435200321</ele></trkpt>
    <trkpt lat="32.91339" lon="-116.519009"><ele>1467.8453903999575</ele></trkpt>
    <trkpt lat="32.913316" lon="-116.519013"><ele>1467.8217196800113</ele></trkpt>
    <trkpt lat="32.913243" lon="-116.519004"><ele>1467.8480371199357</ele></trkpt>
    <trkpt lat="32.913088" lon="-116.518966"><ele>1467.7484236800626</ele></trkpt>
    <trkpt lat="32.912967" lon="-116.51895"><ele>1466.3848000000683</ele></trkpt>
    <trkpt lat="32.912912" lon="-116.518949"><ele>1465.5820000000488</ele></trkpt>
    <trkpt lat="32.912862" lon="-116.518943"><ele>1464.7971999998806</ele></trkpt>
    <trkpt lat="32.912703" lon="-116.518913"><ele>1462.476166559978</ele></trkpt>
    <trkpt lat="32.912623" lon="-116.518897"><ele>1461.4322702399797</ele></trkpt>
    <trkpt lat="32.912572" lon="-116.518858"><ele>1460.6663999999514</ele></trkpt>
    <trkpt lat="32.912552" lon="-116.518834"><ele>1460.3639999999727</ele></trkpt>
    <trkpt lat="32.912438" lon="-116.518702"><ele>1459.4002310400185</ele></trkpt>
    <trkpt lat="32.912393" lon="-116.51865"><ele>1459.1939279999685</ele></trkpt>
    <trkpt lat="32.912271" lon="-116.518564"><ele>1458.640108799974</ele></trkpt>
    <trkpt lat="32.912222" lon="-116.518511"><ele>1457.9163350400381</ele></trkpt>
    <trkpt lat="32.912167" lon="-116.518455"><ele>1456.5812231999948</ele></trkpt>
    <trkpt lat="32.912044" lon="-116.518401"><ele>1453.9916812799763</ele></trkpt>
    <trkpt lat="32.91191" lon="-116.518356"><ele>1451.3757183999337</ele></trkpt>
    <trkpt lat="32.911887" lon="-116.51834"><ele>1450.9421631998869</ele></trkpt>
    <trkpt lat="32.91175" lon="-116.518252"><ele>1449.8022400000136</ele></trkpt>
    <trkpt lat="32.911695" lon="-116.518197"><ele>1449.170461600014</ele></trkpt>
    <trkpt lat="32.911606" lon="-116.518099"><ele>1448.462884480039</ele></trkpt>
    <trkpt lat="32.911529" lon="-116.518021"><ele>1448.497789439997</ele></trkpt>
    <trkpt lat="32.911471" lon="-116.517913"><ele>1448.2848076799748</ele></trkpt>
    <trkpt lat="32.911364" lon="-116.517631"><ele>1446.2450553599683</ele></trkpt>
    <trkpt lat="32.911277" lon="-116.517454"><ele>1445.122799999976</ele></trkpt>
    <trkpt lat="32.911213" lon="-116.517292"><ele>1445.5979999999795</ele></trkpt>
    <trkpt lat="32.911124" lon="-116.517033"><ele>1446.5648153600307</ele></trkpt>
    <trkpt lat="32.9111" lon="-116.516951"><ele>1446.793743999924</ele></trkpt>
    <trkpt lat="32.911072" lon="-116.516886"><ele>1446.617575679959</ele></trkpt>
    <trkpt lat="32.911022" lon="-116.516839"><ele>1445.974624320031</ele></trkpt>
    <trkpt lat="32.910947" lon="-116.516761"><ele>1444.9070356799987</ele></trkpt>
    <trkpt lat="32.910853" lon="-116.516694"><ele>1443.347033280053</ele></trkpt>
    <trkpt lat="32.91076" lon="-116.516587"><ele>1441.52856960007</ele></trkpt>
    <trkpt lat="32.91067" lon="-116.516477"><ele>1439.2570272000519</ele></trkpt>
    <trkpt lat="32.910603" lon="-116.516397"><ele>1437.2440252800332</ele></trkpt>
    <trkpt lat="32.910547" lon="-116.516304"><ele>1435.5190124800415</ele></trkpt>
    <trkpt lat="32.910503" lon="-116.516196"><ele>1434.3017804799535</ele></trkpt>
    <trkpt lat="32.910463" lon="-116.516076"><ele>1433.4182835200043</ele></trkpt>
    <trkpt lat="32.910442" lon="-116.516009"><ele>1433.1733251200694</ele></trkpt>
    <trkpt lat="32.910434" lon="-116.515932"><ele>1433.1746355200319</ele></trkpt>
    <trkpt lat="32.910436" lon="-116.51589"><ele>1433.3014015999433</ele></trkpt>
    <trkpt lat="32.910431" lon="-116.515846"><ele>1433.2844470400657</ele></trkpt>
    <trkpt lat="32.910409" lon="-116.515761"><ele>1432.9717870400336</ele></trkpt>
    <trkpt lat="32.910381" lon="-116.515706"><ele>1432.5176585600325</ele></trkpt>
    <trkpt lat="32.910356" lon="-116.515666"><ele>1432.1223641600143</ele></trkpt>
    <trkpt lat="32.91032" lon="-116.515613"><ele>1431.5846335999709</ele></trkpt>
    <trkpt lat="32.910283" lon="-116.515523"><ele>1430.861803360007</ele></trkpt>
    <trkpt lat="32.910213" lon="-116.51542"><ele>1428.0445984000123</ele></trkpt>
    <trkpt lat="32.910167" lon="-116.515331"><ele>1425.8704100800692</ele></trkpt>
    <trkpt lat="32.910114" lon="-116.515249"><ele>1423.5660476799894</ele></trkpt>
    <trkpt lat="32.910104" lon="-116.51524"><ele>1423.2168447999265</ele></trkpt>
    <trkpt lat="32.910104" lon="-116.51524"><ele>1423.2168447999265</ele></trkpt>
    <trkpt lat="32.910035" lon="-116.515173"><ele>1420.9914184000218</ele></trkpt>
    <trkpt lat="32.909932" lon="-116.515071"><ele>1419.0833708799748</ele></trkpt>
    <trkpt lat="32.909874" lon="-116.514998"><ele>1418.1934681600078</ele></trkpt>
    <trkpt lat="32.909819" lon="-116.514915"><ele>1417.6068207999754</ele></trkpt>
    <trkpt lat="32.909745" lon="-116.514837"><ele>1416.4242352000158</ele></trkpt>
    <trkpt lat="32.909723" lon="-116.514801"><ele>1416.015211839991</ele></trkpt>
    <trkpt lat="32.909643" lon="-116.514671"><ele>1413.9941726401223</ele></trkpt>
    <trkpt lat="32.909595" lon="-116.514552"><ele>1412.100787199985</ele></trkpt>
    <trkpt lat="32.909612" lon="-116.514468"><ele>1411.444654079959</ele></trkpt>
    <trkpt lat="32.909605" lon="-116.514304"><ele>1409.931436799954</ele></trkpt>
    <trkpt lat="32.90958" lon="-116.514122"><ele>1408.4678591999836</ele></trkpt>
    <trkpt lat="32.909601" lon="-116.514041"><ele>1408.6332547200188</ele></trkpt>
    <trkpt lat="32.909626" lon="-116.513998"><ele>1408.7742681600198</ele></trkpt>
    <trkpt lat="32.909695" lon="-116.513873"><ele>1408.907605599996</ele></trkpt>
    <trkpt lat="32.909737" lon="-116.513783"><ele>1409.23808064</ele></trkpt>
    <trkpt lat="32.909786" lon="-116.513668"><ele>1409.6472883199538</ele></trkpt>
    <trkpt lat="32.909856" lon="-116.513576"><ele>1410.1551257599822</ele></trkpt>
    <trkpt lat="32.909915" lon="-116.513472"><ele>1411.0420448000225</ele></trkpt>
    <trkpt lat="32.909952" lon="-116.513452"><ele>1411.3261798399808</ele></trkpt>
    <trkpt lat="32.909921" lon="-116.513426"><ele>1411.287124160007</ele></trkpt>
    <trkpt lat="32.909919" lon="-116.51335"><ele>1411.630903999996</ele></trkpt>
    <trkpt lat="32.909919" lon="-116.51335"><ele>1411.630903999996</ele></trkpt>
    <trkpt lat="32.909921" lon="-116.513426"><ele>1411.287124160007</ele></trkpt>
    <trkpt lat="32.909952" lon="-116.513452"><ele>1411.3261798399808</ele></trkpt>
    <trkpt lat="32.909915" lon="-116.513472"><ele>1411.0420448000225</ele></trkpt>
    <trkpt lat="32.909751" lon="-116.513543"><ele>1409.6721972800099</ele></trkpt>
    <trkpt lat="32.909534" lon="-116.513687"><ele>1408.8148796799899</ele></trkpt>
    <trkpt lat="32.909363" lon="-116.513746"><ele>1408.3720220800094</ele></trkpt>
    <trkpt lat="32.90902" lon="-116.513731"><ele>1408.1367999999493</ele></trkpt>
    <trkpt lat="32.908613" lon="-116.513747"><ele>1406.035200000054</ele></trkpt>
    <trkpt lat="32.908492" lon="-116.513759"><ele>1405.2503206400947</ele></trkpt>
    <trkpt lat="32.907993" lon="-116.513732"><ele>1406.9487859199535</ele></trkpt>
    <trkpt lat="32.907954" lon="-116.513725"><ele>1407.2014080000984</ele></trkpt>
    <trkpt lat="32.907954" lon="-116.513725"><ele>1407.2014080000984</ele></trkpt>
    <trkpt lat="32.907382" lon="-116.513617"><ele>1410.0746057600336</ele></trkpt>
    <trkpt lat="32.907134" lon="-116.513539"><ele>1409.23830208006</ele></trkpt>
    <trkpt lat="32.907005" lon="-116.513458"><ele>1408.7787231999787</ele></trkpt>
    <trkpt lat="32.906919" lon="-116.513377"><ele>1408.3479990399917</ele></trkpt>
    <trkpt lat="32.906841" lon="-116.513262"><ele>1407.5759353600015</ele></trkpt>
    <trkpt lat="32.90678" lon="-116.513071"><ele>1406.458230399949</ele></trkpt>
    <trkpt lat="32.906766" lon="-116.512672"><ele>1404.7415999999016</ele></trkpt>
    <trkpt lat="32.90682" lon="-116.512553"><ele>1405.2456000000616</ele></trkpt>
    <trkpt lat="32.90691" lon="-116.512459"><ele>1406.7075024001567</ele></trkpt>
    <trkpt lat="32.907368" lon="-116.512253"><ele>1411.017599999997</ele></trkpt>
    <trkpt lat="32.907692" lon="-116.511879"><ele>1408.5123065599178</ele></trkpt>
    <trkpt lat="32.907803" lon="-116.511749"><ele>1408.1246262399507</ele></trkpt>
    <trkpt lat="32.90784" lon="-116.511549"><ele>1408.52902719998</ele></trkpt>
    <trkpt lat="32.907806" lon="-116.511307"><ele>1411.708896639953</ele></trkpt>
    <trkpt lat="32.907786" lon="-116.511252"><ele>1412.9276262400176</ele></trkpt>
    <trkpt lat="32.907745" lon="-116.511147"><ele>1415.224800000129</ele></trkpt>
    <trkpt lat="32.907581" lon="-116.510887"><ele>1419.2272000000467</ele></trkpt>
    <trkpt lat="32.907452" lon="-116.510649"><ele>1419.5962700799935</ele></trkpt>
    <trkpt lat="32.907364" lon="-116.510469"><ele>1420.1146406400032</ele></trkpt>
    <trkpt lat="32.907207" lon="-116.510205"><ele>1422.0192848000115</ele></trkpt>
    <trkpt lat="32.906847" lon="-116.509712"><ele>1426.820290560109</ele></trkpt>
    <trkpt lat="32.906452" lon="-116.509262"><ele>1431.6120499199478</ele></trkpt>
    <trkpt lat="32.906334" lon="-116.509148"><ele>1432.345278720026</ele></trkpt>
    <trkpt lat="32.90608" lon="-116.508994"><ele>1435.3551807999413</ele></trkpt>
    <trkpt lat="32.905806" lon="-116.508877"><ele>1440.1369884800117</ele></trkpt>
    <trkpt lat="32.905364" lon="-116.508506"><ele>1439.9319999999846</ele></trkpt>
    <trkpt lat="32.905048" lon="-116.508217"><ele>1440.654399999995</ele></trkpt>
    <trkpt lat="32.904625" lon="-116.50811"><ele>1446.4685999999583</ele></trkpt>
    <trkpt lat="32.904427" lon="-116.508003"><ele>1449.291036480003</ele></trkpt>
    <trkpt lat="32.904268" lon="-116.507913"><ele>1450.1316307199954</ele></trkpt>
    <trkpt lat="32.904068" lon="-116.507802"><ele>1450.7975999999767</ele></trkpt>
    <trkpt lat="32.903717" lon="-116.507446"><ele>1454.3117052799957</ele></trkpt>
    <trkpt lat="32.903435" lon="-116.507088"><ele>1454.033599999971</ele></trkpt>
    <trkpt lat="32.903366" lon="-116.506897"><ele>1452.5277721599487</ele></trkpt>
    <trkpt lat="32.903107" lon="-116.506599"><ele>1448.1719147199717</ele></trkpt>
    <trkpt lat="32.902824" lon="-116.506409"><ele>1446.2991526400415</ele></trkpt>
    <trkpt lat="32.902576" lon="-116.506098"><ele>1444.5258278400165</ele></trkpt>
    <trkpt lat="32.902457" lon="-116.506011"><ele>1443.3857899199925</ele></trkpt>
    <trkpt lat="32.902341" lon="-116.505965"><ele>1442.6302824000045</ele></trkpt>
    <trkpt lat="32.902204" lon="-116.505962"><ele>1441.9040140799875</ele></trkpt>
    <trkpt lat="32.902012" lon="-116.505965"><ele>1440.8844767999867</ele></trkpt>
    <trkpt lat="32.901875" lon="-116.505997"><ele>1440.3081000000127</ele></trkpt>
    <trkpt lat="32.90177" lon="-116.50607"><ele>1440.0550560000074</ele></trkpt>
    <trkpt lat="32.901589" lon="-116.506221"><ele>1439.8893902400055</ele></trkpt>
    <trkpt lat="32.900997" lon="-116.5065"><ele>1435.3211199999328</ele></trkpt>
    <trkpt lat="32.900928" lon="-116.5065"><ele>1434.4268799999827</ele></trkpt>
    <trkpt lat="32.900471" lon="-116.506317"><ele>1432.165578720036</ele></trkpt>
    <trkpt lat="32.900337" lon="-116.506287"><ele>1430.928198240003</ele></trkpt>
    <trkpt lat="32.899967" lon="-116.50634"><ele>1427.9593088000004</ele></trkpt>
    <trkpt lat="32.899807" lon="-116.506264"><ele>1427.3723820800053</ele></trkpt>
    <trkpt lat="32.899615" lon="-116.505946"><ele>1426.5288767999757</ele></trkpt>
    <trkpt lat="32.899459" lon="-116.505564"><ele>1428.01519295993</ele></trkpt>
    <trkpt lat="32.899346" lon="-116.505397"><ele>1429.814325439984</ele></trkpt>
    <trkpt lat="32.899219" lon="-116.505279"><ele>1430.185913120005</ele></trkpt>
    <trkpt lat="32.899141" lon="-116.505174"><ele>1429.626399999988</ele></trkpt>
    <trkpt lat="32.899039" lon="-116.505148"><ele>1429.5328000000197</ele></trkpt>
    <trkpt lat="32.898916" lon="-116.505148"><ele>1429.5328000000197</ele></trkpt>
    <trkpt lat="32.898582" lon="-116.505211"><ele>1429.4807999999803</ele></trkpt>
    <trkpt lat="32.898399" lon="-116.505238"><ele>1429.2863999999595</ele></trkpt>
    <trkpt lat="32.89829" lon="-116.505232"><ele>1429.0175999999738</ele></trkpt>
    <trkpt lat="32.897919" lon="-116.505011"><ele>1427.484934720032</ele></trkpt>
    <trkpt lat="32.897665" lon="-116.504917"><ele>1425.6642871999945</ele></trkpt>
    <trkpt lat="32.897413" lon="-116.50489"><ele>1425.8379727999882</ele></trkpt>
    <trkpt lat="32.897388" lon="-116.504888"><ele>1426.2566297600222</ele></trkpt>
    <trkpt lat="32.897346" lon="-116.504883"><ele>1426.959686720008</ele></trkpt>
    <trkpt lat="32.897103" lon="-116.504787"><ele>1431.904310559977</ele></trkpt>
    <trkpt lat="32.896985" lon="-116.504717"><ele>1435.0422207999866</ele></trkpt>
    <trkpt lat="32.896673" lon="-116.504761"><ele>1438.5191657599805</ele></trkpt>
    <trkpt lat="32.896389" lon="-116.50473"><ele>1441.9148000000623</ele></trkpt>
    <trkpt lat="32.896294" lon="-116.504753"><ele>1442.6924000000936</ele></trkpt>
    <trkpt lat="32.896141" lon="-116.504822"><ele>1443.5995999999525</ele></trkpt>
    <trkpt lat="32.896046" lon="-116.504914"><ele>1444.1174892800339</ele></trkpt>
    <trkpt lat="32.895952" lon="-116.505083"><ele>1445.8632473599714</ele></trkpt>
    <trkpt lat="32.89587" lon="-116.505139"><ele>1447.7744527999562</ele></trkpt>
    <trkpt lat="32.89578" lon="-116.505149"><ele>1448.9064223999926</ele></trkpt>
    <trkpt lat="32.895712" lon="-116.505089"><ele>1449.3508985599722</ele></trkpt>
    <trkpt lat="32.895653" lon="-116.505003"><ele>1449.9443772799661</ele></trkpt>
    <trkpt lat="32.895565" lon="-116.504951"><ele>1451.0684024000066</ele></trkpt>
    <trkpt lat="32.895409" lon="-116.504951"><ele>1452.3246686399636</ele></trkpt>
    <trkpt lat="32.89518" lon="-116.504816"><ele>1455.6184703999297</ele></trkpt>
    <trkpt lat="32.895055" lon="-116.504792"><ele>1457.306524800016</ele></trkpt>
    <trkpt lat="32.89481" lon="-116.504951"><ele>1460.8566575999912</ele></trkpt>
    <trkpt lat="32.894703" lon="-116.504967"><ele>1462.3264000000258</ele></trkpt>
    <trkpt lat="32.894532" lon="-116.504922"><ele>1464.335200000044</ele></trkpt>
    <trkpt lat="32.894393" lon="-116.504936"><ele>1465.0452000000007</ele></trkpt>
    <trkpt lat="32.894217" lon="-116.504962"><ele>1464.3179999999693</ele></trkpt>
    <trkpt lat="32.894217" lon="-116.504962"><ele>1464.3179999999693</ele></trkpt>
    <trkpt lat="32.893984" lon="-116.505053"><ele>1462.8756000000362</ele></trkpt>
    <trkpt lat="32.893697" lon="-116.505027"><ele>1460.091945760022</ele></trkpt>
    <trkpt lat="32.893541" lon="-116.505"><ele>1457.9903999999983</ele></trkpt>
    <trkpt lat="32.893387" lon="-116.504906"><ele>1455.8381788799495</ele></trkpt>
    <trkpt lat="32.893273" lon="-116.504782"><ele>1454.3951414400108</ele></trkpt>
    <trkpt lat="32.892945" lon="-116.504656"><ele>1450.3432831999705</ele></trkpt>
    <trkpt lat="32.892692" lon="-116.504507"><ele>1447.314399999926</ele></trkpt>
    <trkpt lat="32.892422" lon="-116.504423"><ele>1444.5991222399816</ele></trkpt>
    <trkpt lat="32.892178" lon="-116.504318"><ele>1443.7116678400564</ele></trkpt>
    <trkpt lat="32.891991" lon="-116.504303"><ele>1441.6402580801116</ele></trkpt>
    <trkpt lat="32.891838" lon="-116.50425"><ele>1438.9811200000174</ele></trkpt>
    <trkpt lat="32.891633" lon="-116.504133"><ele>1434.5152000000253</ele></trkpt>
    <trkpt lat="32.891438" lon="-116.503998"><ele>1430.8432000000848</ele></trkpt>
    <trkpt lat="32.891272" lon="-116.503844"><ele>1426.9240012800205</ele></trkpt>
    <trkpt lat="32.891182" lon="-116.503731"><ele>1424.9357443199983</ele></trkpt>
    <trkpt lat="32.891075" lon="-116.503639"><ele>1422.7275559999289</ele></trkpt>
    <trkpt lat="32.890957" lon="-116.503647"><ele>1419.8146404799998</ele></trkpt>
    <trkpt lat="32.890209" lon="-116.503816"><ele>1406.8565702399644</ele></trkpt>
    <trkpt lat="32.890079" lon="-116.50383"><ele>1403.566507200066</ele></trkpt>
    <trkpt lat="32.88987" lon="-116.503868"><ele>1400.3247936000496</ele></trkpt>
    <trkpt lat="32.889708" lon="-116.50396"><ele>1398.5391999999592</ele></trkpt>
    <trkpt lat="32.889501" lon="-116.504146"><ele>1394.8888000000186</ele></trkpt>
    <trkpt lat="32.88932" lon="-116.504227"><ele>1391.5066111999583</ele></trkpt>
    <trkpt lat="32.889217" lon="-116.504211"><ele>1389.3485609600318</ele></trkpt>
    <trkpt lat="32.889153" lon="-116.504128"><ele>1387.6079513599836</ele></trkpt>
    <trkpt lat="32.889107" lon="-116.504021"><ele>1386.2889588800301</ele></trkpt>
    <trkpt lat="32.889088" lon="-116.503922"><ele>1385.4537574400356</ele></trkpt>
    <trkpt lat="32.889019" lon="-116.50383"><ele>1384.1083023999736</ele></trkpt>
    <trkpt lat="32.88895" lon="-116.503816"><ele>1382.4931840000284</ele></trkpt>
    <trkpt lat="32.888857" lon="-116.503879"><ele>1380.4219131200273</ele></trkpt>
    <trkpt lat="32.888798" lon="-116.503964"><ele>1380.0817497599862</ele></trkpt>
    <trkpt lat="32.888634" lon="-116.504066"><ele>1378.8573235199683</ele></trkpt>
    <trkpt lat="32.888523" lon="-116.504082"><ele>1377.2219523199299</ele></trkpt>
    <trkpt lat="32.888409" lon="-116.504021"><ele>1373.847339679935</ele></trkpt>
    <trkpt lat="32.888321" lon="-116.503922"><ele>1369.7403075200539</ele></trkpt>
    <trkpt lat="32.888022" lon="-116.503726"><ele>1367.7862515200027</ele></trkpt>
    <trkpt lat="32.887792" lon="-116.503607"><ele>1367.9889888000057</ele></trkpt>
    <trkpt lat="32.887656" lon="-116.503442"><ele>1365.4468083200636</ele></trkpt>
    <trkpt lat="32.887516" lon="-116.503281"><ele>1361.3564518399553</ele></trkpt>
    <trkpt lat="32.887435" lon="-116.503209"><ele>1360.088523200047</ele></trkpt>
    <trkpt lat="32.887344" lon="-116.503143"><ele>1358.5455833599572</ele></trkpt>
    <trkpt lat="32.887203" lon="-116.50309"><ele>1356.0575615999971</ele></trkpt>
    <trkpt lat="32.886982" lon="-116.503098"><ele>1353.9754828799541</ele></trkpt>
    <trkpt lat="32.886908" lon="-116.503071"><ele>1352.704894720059</ele></trkpt>
    <trkpt lat="32.886845" lon="-116.502953"><ele>1351.8323471999981</ele></trkpt>
    <trkpt lat="32.886818" lon="-116.502831"><ele>1351.9151673599824</ele></trkpt>
    <trkpt lat="32.886784" lon="-116.5028"><ele>1351.7523840000172</ele></trkpt>
    <trkpt lat="32.886616" lon="-116.502762"><ele>1350.7728793598772</ele></trkpt>
    <trkpt lat="32.886478" lon="-116.502769"><ele>1349.1090745599536</ele></trkpt>
    <trkpt lat="32.886238" lon="-116.502831"><ele>1345.3005542399787</ele></trkpt>
    <trkpt lat="32.886089" lon="-116.502831"><ele>1343.1425027199982</ele></trkpt>
    <trkpt lat="32.885849" lon="-116.502724"><ele>1342.6481190399948</ele></trkpt>
    <trkpt lat="32.885593" lon="-116.502693"><ele>1340.99416383999</ele></trkpt>
    <trkpt lat="32.885532" lon="-116.502663"><ele>1340.2623212799629</ele></trkpt>
    <trkpt lat="32.885262" lon="-116.502457"><ele>1334.860022079981</ele></trkpt>
    <trkpt lat="32.885101" lon="-116.502419"><ele>1333.17047728001</ele></trkpt>
    <trkpt lat="32.884975" lon="-116.502419"><ele>1332.0876880000292</ele></trkpt>
    <trkpt lat="32.884773" lon="-116.502502"><ele>1332.2116000001088</ele></trkpt>
    <trkpt lat="32.884613" lon="-116.502609"><ele>1333.4999249600696</ele></trkpt>
    <trkpt lat="32.884504" lon="-116.502726"><ele>1334.1225075199723</ele></trkpt>
    <trkpt lat="32.884365" lon="-116.502823"><ele>1332.2840000000542</ele></trkpt>
    <trkpt lat="32.88419" lon="-116.502869"><ele>1328.503999999928</ele></trkpt>
    <trkpt lat="32.884075" lon="-116.502883"><ele>1326.3500000000504</ele></trkpt>
    <trkpt lat="32.883939" lon="-116.502884"><ele>1323.9019999999646</ele></trkpt>
    <trkpt lat="32.883694" lon="-116.502769"><ele>1321.735941119978</ele></trkpt>
    <trkpt lat="32.883614" lon="-116.502762"><ele>1321.3036185599353</ele></trkpt>
    <trkpt lat="32.883045" lon="-116.503036"><ele>1314.8969503999901</ele></trkpt>
    <trkpt lat="32.882749" lon="-116.503047"><ele>1313.726381759988</ele></trkpt>
    <trkpt lat="32.88232" lon="-116.503159"><ele>1308.1666848000073</ele></trkpt>
    <trkpt lat="32.881974" lon="-116.50323"><ele>1305.2496383999778</ele></trkpt>
    <trkpt lat="32.881395" lon="-116.503427"><ele>1298.0763999999447</ele></trkpt>
    <trkpt lat="32.881313" lon="-116.50347"><ele>1297.1163856000758</ele></trkpt>
    <trkpt lat="32.881313" lon="-116.50347"><ele>1297.1163856000758</ele></trkpt>
    <trkpt lat="32.881165" lon="-116.503546"><ele>1295.2801264000177</ele></trkpt>
    <trkpt lat="32.881039" lon="-116.503702"><ele>1294.52397663998</ele></trkpt>
    <trkpt lat="32.88092" lon="-116.503933"><ele>1293.8411999999873</ele></trkpt>
    <trkpt lat="32.880711" lon="-116.504161"><ele>1293.4697841600266</ele></trkpt>
    <trkpt lat="32.880596" lon="-116.504333"><ele>1292.918355839977</ele></trkpt>
    <trkpt lat="32.880516" lon="-116.50441"><ele>1291.9632000000515</ele></trkpt>
    <trkpt lat="32.880439" lon="-116.504446"><ele>1291.1664000000242</ele></trkpt>
    <trkpt lat="32.880258" lon="-116.504477"><ele>1289.8240553599478</ele></trkpt>
    <trkpt lat="32.879295" lon="-116.504601"><ele>1281.9811832000194</ele></trkpt>
    <trkpt lat="32.87902" lon="-116.504709"><ele>1277.0334655998988</ele></trkpt>
    <trkpt lat="32.878723" lon="-116.5047"><ele>1274.7228000000073</ele></trkpt>
    <trkpt lat="32.878632" lon="-116.504723"><ele>1274.0754105600113</ele></trkpt>
    <trkpt lat="32.878474" lon="-116.504813"><ele>1273.5063999999893</ele></trkpt>
    <trkpt lat="32.878147" lon="-116.50489"><ele>1272.1896735999783</ele></trkpt>
    <trkpt lat="32.877041" lon="-116.50531"><ele>1265.654878399996</ele></trkpt>
    <trkpt lat="32.876926" lon="-116.505363"><ele>1265.071685440008</ele></trkpt>
    <trkpt lat="32.876494" lon="-116.505686"><ele>1264.0377932800122</ele></trkpt>
    <trkpt lat="32.875927" lon="-116.506002"><ele>1259.9154435200408</ele></trkpt>
    <trkpt lat="32.875736" lon="-116.50605"><ele>1257.6725119999837</ele></trkpt>
    <trkpt lat="32.875538" lon="-116.506111"><ele>1255.9383747199363</ele></trkpt>
    <trkpt lat="32.874853" lon="-116.5065"><ele>1250.1175199999632</ele></trkpt>
    <trkpt lat="32.874471" lon="-116.506844"><ele>1245.8187999999923</ele></trkpt>
    <trkpt lat="32.874181" lon="-116.507018"><ele>1245.0136636800005</ele></trkpt>
    <trkpt lat="32.873944" lon="-116.507186"><ele>1245.1045286399867</ele></trkpt>
    <trkpt lat="32.873711" lon="-116.507446"><ele>1244.3188937599903</ele></trkpt>
    <trkpt lat="32.873331" lon="-116.507753"><ele>1237.2438985600695</ele></trkpt>
    <trkpt lat="32.872971" lon="-116.508089"><ele>1234.5355004800053</ele></trkpt>
    <trkpt lat="32.872782" lon="-116.50838"><ele>1233.5062143999755</ele></trkpt>
    <trkpt lat="32.872284" lon="-116.508912"><ele>1225.1017036799788</ele></trkpt>
    <trkpt lat="32.872041" lon="-116.509146"><ele>1225.9741385600007</ele></trkpt>
    <trkpt lat="32.871898" lon="-116.509247"><ele>1227.2977830400193</ele></trkpt>
    <trkpt lat="32.871402" lon="-116.509517"><ele>1228.9897859199987</ele></trkpt>
    <trkpt lat="32.871283" lon="-116.509626"><ele>1227.6072476799811</ele></trkpt>
    <trkpt lat="32.871082" lon="-116.509829"><ele>1224.5162851200193</ele></trkpt>
    <trkpt lat="32.87105" lon="-116.509936"><ele>1224.0693119999478</ele></trkpt>
    <trkpt lat="32.871074" lon="-116.510166"><ele>1226.33823935998</ele></trkpt>
    <trkpt lat="32.871063" lon="-116.510223"><ele>1226.8546449599517</ele></trkpt>
    <trkpt lat="32.871021" lon="-116.510277"><ele>1227.0174916800129</ele></trkpt>
    <trkpt lat="32.870759" lon="-116.510348"><ele>1226.2491999998551</ele></trkpt>
    <trkpt lat="32.87024" lon="-116.510704"><ele>1229.856243200073</ele></trkpt>
    <trkpt lat="32.870065" lon="-116.510862"><ele>1229.8534975999794</ele></trkpt>
    <trkpt lat="32.869972" lon="-116.511007"><ele>1229.4739193599978</ele></trkpt>
    <trkpt lat="32.869785" lon="-116.51165"><ele>1222.9279999999862</ele></trkpt>
    <trkpt lat="32.869697" lon="-116.511836"><ele>1219.9364000000303</ele></trkpt>
    <trkpt lat="32.869645" lon="-116.512032"><ele>1219.0651487999935</ele></trkpt>
    <trkpt lat="32.869627" lon="-116.512347"><ele>1220.0368427200578</ele></trkpt>
    <trkpt lat="32.869549" lon="-116.512644"><ele>1218.0872742399629</ele></trkpt>
    <trkpt lat="32.869503" lon="-116.512741"><ele>1216.7927099200722</ele></trkpt>
    <trkpt lat="32.869438" lon="-116.512802"><ele>1214.8069152000596</ele></trkpt>
    <trkpt lat="32.869373" lon="-116.512833"><ele>1213.7708568000442</ele></trkpt>
    <trkpt lat="32.86842" lon="-116.512885"><ele>1199.331999999988</ele></trkpt>
    <trkpt lat="32.868324" lon="-116.512915"><ele>1197.8038048000694</ele></trkpt>
    <trkpt lat="32.86819" lon="-116.513053"><ele>1195.3838415999603</ele></trkpt>
    <trkpt lat="32.868126" lon="-116.513172"><ele>1193.143381759939</ele></trkpt>
    <trkpt lat="32.868016" lon="-116.513542"><ele>1188.2129126399539</ele></trkpt>
    <trkpt lat="32.867892" lon="-116.513802"><ele>1185.2638233599887</ele></trkpt>
    <trkpt lat="32.867712" lon="-116.514308"><ele>1181.1556838399677</ele></trkpt>
    <trkpt lat="32.867611" lon="-116.514512"><ele>1178.372017280012</ele></trkpt>
    <trkpt lat="32.867498" lon="-116.514705"><ele>1175.1635071999056</ele></trkpt>
    <trkpt lat="32.867355" lon="-116.514862"><ele>1172.4497408000689</ele></trkpt>
    <trkpt lat="32.86721" lon="-116.515007"><ele>1170.9330176000096</ele></trkpt>
    <trkpt lat="32.867108" lon="-116.515095"><ele>1170.5280608000005</ele></trkpt>
    <trkpt lat="32.866952" lon="-116.51523"><ele>1170.810156800014</ele></trkpt>
    <trkpt lat="32.866952" lon="-116.51523"><ele>1170.810156800014</ele></trkpt>
    <trkpt lat="32.86673" lon="-116.514857"><ele>1167.800974400046</ele></trkpt>
    <trkpt lat="32.866611" lon="-116.51472"><ele>1166.1891935999884</ele></trkpt>
    <trkpt lat="32.866454" lon="-116.514587"><ele>1165.533411840054</ele></trkpt>
    <trkpt lat="32.866264" lon="-116.514335"><ele>1162.3128000000265</ele></trkpt>
    <trkpt lat="32.866085" lon="-116.513985"><ele>1161.058523999947</ele></trkpt>
    <trkpt lat="32.865758" lon="-116.513433"><ele>1165.4882131199217</ele></trkpt>
    <trkpt lat="32.865491" lon="-116.513096"><ele>1165.4381497600032</ele></trkpt>
    <trkpt lat="32.865134" lon="-116.512732"><ele>1163.8856985599898</ele></trkpt>
    <trkpt lat="32.865087" lon="-116.512656"><ele>1164.1635206399742</ele></trkpt>
    <trkpt lat="32.865002" lon="-116.512414"><ele>1164.6524582399002</ele></trkpt>
    <trkpt lat="32.864972" lon="-116.512218"><ele>1165.6104678400093</ele></trkpt>
    <trkpt lat="32.864961" lon="-116.511934"><ele>1166.3679209600402</ele></trkpt>
    <trkpt lat="32.86492" lon="-116.511802"><ele>1166.437913599939</ele></trkpt>
    <trkpt lat="32.864804" lon="-116.511529"><ele>1166.3991046400354</ele></trkpt>
    <trkpt lat="32.864804" lon="-116.511529"><ele>1166.3991046400354</ele></trkpt>
    <trkpt lat="32.864698" lon="-116.511129"><ele>1171.0200470399946</ele></trkpt>
    <trkpt lat="32.864606" lon="-116.51092"><ele>1174.1750592000803</ele></trkpt>
    <trkpt lat="32.864475" lon="-116.510746"><ele>1175.5809840000275</ele></trkpt>
    <trkpt lat="32.864275" lon="-116.510423"><ele>1176.6666159999506</ele></trkpt>
    <trkpt lat="32.864231" lon="-116.510323"><ele>1176.4517910399095</ele></trkpt>
    <trkpt lat="32.864205" lon="-116.510181"><ele>1177.1011207999245</ele></trkpt>
    <trkpt lat="32.864139" lon="-116.50999"><ele>1177.3783856000232</ele></trkpt>
    <trkpt lat="32.864111" lon="-116.509784"><ele>1178.308231040057</ele></trkpt>
    <trkpt lat="32.864066" lon="-116.509594"><ele>1178.5815161599853</ele></trkpt>
    <trkpt lat="32.863966" lon="-116.509388"><ele>1177.0899916799433</ele></trkpt>
    <trkpt lat="32.863949" lon="-116.509276"><ele>1176.9899750399554</ele></trkpt>
    <trkpt lat="32.863978" lon="-116.509113"><ele>1177.8628214400624</ele></trkpt>
    <trkpt lat="32.864031" lon="-116.509032"><ele>1178.8215763199528</ele></trkpt>
    <trkpt lat="32.864229" lon="-116.508903"><ele>1182.4199990400555</ele></trkpt>
    <trkpt lat="32.864375" lon="-116.50877"><ele>1183.7880000000314</ele></trkpt>
    <trkpt lat="32.864516" lon="-116.508697"><ele>1185.9603500800174</ele></trkpt>
    <trkpt lat="32.86456" lon="-116.508632"><ele>1186.181516800006</ele></trkpt>
    <trkpt lat="32.864567" lon="-116.508528"><ele>1185.4900000000116</ele></trkpt>
    <trkpt lat="32.864513" lon="-116.50825"><ele>1183.2535600000297</ele></trkpt>
    <trkpt lat="32.864444" lon="-116.50808"><ele>1182.8159999999307</ele></trkpt>
    <trkpt lat="32.86423" lon="-116.507692"><ele>1180.2840064000413</ele></trkpt>
    <trkpt lat="32.864114" lon="-116.507441"><ele>1177.361728959998</ele></trkpt>
    <trkpt lat="32.864088" lon="-116.507365"><ele>1177.6315648000136</ele></trkpt>
    <trkpt lat="32.864105" lon="-116.507282"><ele>1177.8325743999883</ele></trkpt>
    <trkpt lat="32.864161" lon="-116.50724"><ele>1177.9373056000138</ele></trkpt>
    <trkpt lat="32.864369" lon="-116.507176"><ele>1181.7456000000295</ele></trkpt>
    <trkpt lat="32.864474" lon="-116.507123"><ele>1184.0595756798953</ele></trkpt>
    <trkpt lat="32.864574" lon="-116.507057"><ele>1185.7299411199497</ele></trkpt>
    <trkpt lat="32.86461" lon="-116.506985"><ele>1186.6180639999957</ele></trkpt>
    <trkpt lat="32.864566" lon="-116.506962"><ele>1186.794625279986</ele></trkpt>
    <trkpt lat="32.864444" lon="-116.506972"><ele>1186.4975999998999</ele></trkpt>
    <trkpt lat="32.864304" lon="-116.506947"><ele>1184.9316000000176</ele></trkpt>
    <trkpt lat="32.864169" lon="-116.506872"><ele>1184.6049721599177</ele></trkpt>
    <trkpt lat="32.864091" lon="-116.506769"><ele>1185.5279521599173</ele></trkpt>
    <trkpt lat="32.86396" lon="-116.506472"><ele>1188.4420095999333</ele></trkpt>
    <trkpt lat="32.863854" lon="-116.506316"><ele>1189.0390425600908</ele></trkpt>
    <trkpt lat="32.863784" lon="-116.50616"><ele>1191.1224576001628</ele></trkpt>
    <trkpt lat="32.863736" lon="-116.505948"><ele>1193.2144153600295</ele></trkpt>
    <trkpt lat="32.863733" lon="-116.505869"><ele>1194.0845742400436</ele></trkpt>
    <trkpt lat="32.863761" lon="-116.505786"><ele>1195.854991359892</ele></trkpt>
    <trkpt lat="32.863876" lon="-116.505625"><ele>1202.2395999999967</ele></trkpt>
    <trkpt lat="32.863899" lon="-116.505558"><ele>1204.283600000231</ele></trkpt>
    <trkpt lat="32.863915" lon="-116.505433"><ele>1205.686927199982</ele></trkpt>
    <trkpt lat="32.863878" lon="-116.505003"><ele>1205.5687999999882</ele></trkpt>
    <trkpt lat="32.86391" lon="-116.504692"><ele>1207.5423999997715</ele></trkpt>
    <trkpt lat="32.863802" lon="-116.504351"><ele>1205.7903740799886</ele></trkpt>
    <trkpt lat="32.863788" lon="-116.504183"><ele>1205.6041561599864</ele></trkpt>
    <trkpt lat="32.863805" lon="-116.503983"><ele>1207.6983999999338</ele></trkpt>
    <trkpt lat="32.86387" lon="-116.503757"><ele>1212.986340800024</ele></trkpt>
    <trkpt lat="32.863857" lon="-116.50367"><ele>1213.5030128001576</ele></trkpt>
    <trkpt lat="32.863659" lon="-116.503315"><ele>1203.7179999999057</ele></trkpt>
    <trkpt lat="32.8636" lon="-116.503086"><ele>1202.3495679999535</ele></trkpt>
    <trkpt lat="32.863622" lon="-116.50297"><ele>1203.5759263999696</ele></trkpt>
    <trkpt lat="32.863722" lon="-116.502786"><ele>1208.6006163201387</ele></trkpt>
    <trkpt lat="32.863874" lon="-116.50236"><ele>1211.3682432000564</ele></trkpt>
    <trkpt lat="32.863978" lon="-116.502177"><ele>1213.1474950402069</ele></trkpt>
    <trkpt lat="32.864068" lon="-116.502065"><ele>1214.0925728001705</ele></trkpt>
    <trkpt lat="32.86415" lon="-116.501963"><ele>1214.0451680001822</ele></trkpt>
    <trkpt lat="32.864212" lon="-116.501924"><ele>1214.9791539201224</ele></trkpt>
    <trkpt lat="32.864666" lon="-116.501756"><ele>1219.1218163200092</ele></trkpt>
    <trkpt lat="32.865006" lon="-116.501731"><ele>1221.6174025602734</ele></trkpt>
    <trkpt lat="32.865006" lon="-116.501731"><ele>1221.6174025602734</ele></trkpt>
    <trkpt lat="32.86511" lon="-116.501723"><ele>1222.4991087999495</ele></trkpt>
    <trkpt lat="32.865247" lon="-116.501685"><ele>1222.4522871997412</ele></trkpt>
    <trkpt lat="32.865323" lon="-116.501635"><ele>1221.7089591997924</ele></trkpt>
    <trkpt lat="32.865416" lon="-116.501544"><ele>1220.621340159937</ele></trkpt>
    <trkpt lat="32.865514" lon="-116.501493"><ele>1220.706470079887</ele></trkpt>
    <trkpt lat="32.865563" lon="-116.501432"><ele>1220.0383999998967</ele></trkpt>
    <trkpt lat="32.865612" lon="-116.501331"><ele>1218.7284531198572</ele></trkpt>
    <trkpt lat="32.865695" lon="-116.501258"><ele>1218.4154576001706</ele></trkpt>
    <trkpt lat="32.865848" lon="-116.501206"><ele>1219.1191270399195</ele></trkpt>
    <trkpt lat="32.865926" lon="-116.501211"><ele>1219.584874879967</ele></trkpt>
    <trkpt lat="32.866093" lon="-116.501281"><ele>1221.3957526400854</ele></trkpt>
    <trkpt lat="32.866226" lon="-116.501383"><ele>1224.1647683200254</ele></trkpt>
    <trkpt lat="32.866291" lon="-116.501412"><ele>1225.2264787199933</ele></trkpt>
    <trkpt lat="32.866322" lon="-116.501357"><ele>1224.9055561599482</ele></trkpt>
    <trkpt lat="32.866278" lon="-116.50102"><ele>1220.6162623999917</ele></trkpt>
    <trkpt lat="32.866227" lon="-116.500788"><ele>1217.3921388800345</ele></trkpt>
    <trkpt lat="32.866214" lon="-116.500483"><ele>1212.9572000000248</ele></trkpt>
    <trkpt lat="32.866225" lon="-116.50041"><ele>1212.248000000024</ele></trkpt>
    <trkpt lat="32.866296" lon="-116.50037"><ele>1212.3272000000293</ele></trkpt>
    <trkpt lat="32.866538" lon="-116.500493"><ele>1214.5661747200381</ele></trkpt>
    <trkpt lat="32.866831" lon="-116.500564"><ele>1216.4443846398938</ele></trkpt>
    <trkpt lat="32.867033" lon="-116.500591"><ele>1218.067042240001</ele></trkpt>
    <trkpt lat="32.867096" lon="-116.500576"><ele>1217.5820876798664</ele></trkpt>
    <trkpt lat="32.867119" lon="-116.500543"><ele>1217.0452000000241</ele></trkpt>
    <trkpt lat="32.867098" lon="-116.500494"><ele>1217.221599999988</ele></trkpt>
    <trkpt lat="32.86706" lon="-116.500472"><ele>1217.3007999999927</ele></trkpt>
    <trkpt lat="32.866918" lon="-116.500431"><ele>1217.1726246399646</ele></trkpt>
    <trkpt lat="32.866791" lon="-116.50036"><ele>1215.8214207999908</ele></trkpt>
    <trkpt lat="32.866296" lon="-116.499904"><ele>1213.723694079963</ele></trkpt>
    <trkpt lat="32.866244" lon="-116.499848"><ele>1213.8621414400284</ele></trkpt>
    <trkpt lat="32.8662" lon="-116.499747"><ele>1214.566767999993</ele></trkpt>
    <trkpt lat="32.866089" lon="-116.499165"><ele>1218.6135224000066</ele></trkpt>
    <trkpt lat="32.865897" lon="-116.498501"><ele>1216.9099451199108</ele></trkpt>
    <trkpt lat="32.865885" lon="-116.498388"><ele>1216.9558047999535</ele></trkpt>
    <trkpt lat="32.865911" lon="-116.498294"><ele>1217.7796086399317</ele></trkpt>
    <trkpt lat="32.865955" lon="-116.498246"><ele>1218.804692800001</ele></trkpt>
    <trkpt lat="32.866182" lon="-116.498153"><ele>1223.1998483200382</ele></trkpt>
    <trkpt lat="32.866239" lon="-116.498107"><ele>1224.0121321600186</ele></trkpt>
    <trkpt lat="32.866261" lon="-116.498031"><ele>1224.2945006400366</ele></trkpt>
    <trkpt lat="32.866236" lon="-116.497991"><ele>1224.1352870400167</ele></trkpt>
    <trkpt lat="32.866056" lon="-116.497925"><ele>1221.4780000000258</ele></trkpt>
    <trkpt lat="32.865964" lon="-116.497867"><ele>1220.0307999999688</ele></trkpt>
    <trkpt lat="32.865922" lon="-116.497805"><ele>1219.49799999996</ele></trkpt>
    <trkpt lat="32.865891" lon="-116.497664"><ele>1219.8571999999576</ele></trkpt>
    <trkpt lat="32.865877" lon="-116.497399"><ele>1222.1054316799257</ele></trkpt>
    <trkpt lat="32.865746" lon="-116.496652"><ele>1230.8364006400486</ele></trkpt>
    <trkpt lat="32.86574" lon="-116.496569"><ele>1230.524675200075</ele></trkpt>
    <trkpt lat="32.865772" lon="-116.496431"><ele>1231.3182534399944</ele></trkpt>
    <trkpt lat="32.865921" lon="-116.496249"><ele>1229.9180000001734</ele></trkpt>
    <trkpt lat="32.86606" lon="-116.496165"><ele>1229.0000000001119</ele></trkpt>
    <trkpt lat="32.866156" lon="-116.496151"><ele>1229.5871884798992</ele></trkpt>
    <trkpt lat="32.866308" lon="-116.496159"><ele>1231.2612057601043</ele></trkpt>
    <trkpt lat="32.866371" lon="-116.496188"><ele>1232.5032518400883</ele></trkpt>
    <trkpt lat="32.866577" lon="-116.496459"><ele>1237.4953494400283</ele></trkpt>
    <trkpt lat="32.866711" lon="-116.496511"><ele>1237.6882398399707</ele></trkpt>
    <trkpt lat="32.866809" lon="-116.496518"><ele>1237.6210364799276</ele></trkpt>
    <trkpt lat="32.866931" lon="-116.496493"><ele>1237.1425403200092</ele></trkpt>
    <trkpt lat="32.86742" lon="-116.496304"><ele>1233.7599999998995</ele></trkpt>
    <trkpt lat="32.867714" lon="-116.496248"><ele>1232.0954406399453</ele></trkpt>
    <trkpt lat="32.867771" lon="-116.496262"><ele>1232.1017622400168</ele></trkpt>
    <trkpt lat="32.867823" lon="-116.496299"><ele>1232.3527999999524</ele></trkpt>
    <trkpt lat="32.867893" lon="-116.496396"><ele>1233.0512000000308</ele></trkpt>
    <trkpt lat="32.86792" lon="-116.496514"><ele>1233.9008000000345</ele></trkpt>
    <trkpt lat="32.867905" lon="-116.496691"><ele>1235.127720799992</ele></trkpt>
    <trkpt lat="32.867932" lon="-116.496757"><ele>1235.5057510400168</ele></trkpt>
    <trkpt lat="32.867987" lon="-116.496762"><ele>1235.601698240024</ele></trkpt>
    <trkpt lat="32.868128" lon="-116.496679"><ele>1235.0888000000023</ele></trkpt>
    <trkpt lat="32.868193" lon="-116.496592"><ele>1234.7284044800208</ele></trkpt>
    <trkpt lat="32.868307" lon="-116.49625"><ele>1233.8104000000358</ele></trkpt>
    <trkpt lat="32.868467" lon="-116.496058"><ele>1233.8703945600255</ele></trkpt>
    <trkpt lat="32.868488" lon="-116.495984"><ele>1233.8588083200104</ele></trkpt>
    <trkpt lat="32.868478" lon="-116.495846"><ele>1233.5445484800125</ele></trkpt>
    <trkpt lat="32.86836" lon="-116.495476"><ele>1232.2880000000287</ele></trkpt>
    <trkpt lat="32.868348" lon="-116.495268"><ele>1232.1880243199862</ele></trkpt>
    <trkpt lat="32.868372" lon="-116.495147"><ele>1232.6917939199984</ele></trkpt>
    <trkpt lat="32.868471" lon="-116.49492"><ele>1233.4358016000376</ele></trkpt>
    <trkpt lat="32.868604" lon="-116.494769"><ele>1233.0638668800188</ele></trkpt>
    <trkpt lat="32.868832" lon="-116.494627"><ele>1235.0736108800184</ele></trkpt>
    <trkpt lat="32.868941" lon="-116.49453"><ele>1235.8075616000046</ele></trkpt>
    <trkpt lat="32.868941" lon="-116.49453"><ele>1235.8075616000046</ele></trkpt>
    <trkpt lat="32.869282" lon="-116.494295"><ele>1236.72982240001</ele></trkpt>
    <trkpt lat="32.869551" lon="-116.494006"><ele>1239.4422515200179</ele></trkpt>
    <trkpt lat="32.869675" lon="-116.493826"><ele>1241.8895520000249</ele></trkpt>
    <trkpt lat="32.869786" lon="-116.493751"><ele>1242.8716265599612</ele></trkpt>
    <trkpt lat="32.869892" lon="-116.493616"><ele>1244.3291571199638</ele></trkpt>
    <trkpt lat="32.869961" lon="-116.493557"><ele>1245.309200000083</ele></trkpt>
    <trkpt lat="32.870201" lon="-116.493392"><ele>1246.714824319983</ele></trkpt>
    <trkpt lat="32.870536" lon="-116.493235"><ele>1245.7346784000185</ele></trkpt>
    <trkpt lat="32.870756" lon="-116.49321"><ele>1245.3863999998784</ele></trkpt>
    <trkpt lat="32.870874" lon="-116.493178"><ele>1245.9789331199927</ele></trkpt>
    <trkpt lat="32.871398" lon="-116.492961"><ele>1249.9872697601331</ele></trkpt>
    <trkpt lat="32.871638" lon="-116.492777"><ele>1251.3213779199727</ele></trkpt>
    <trkpt lat="32.872002" lon="-116.492572"><ele>1250.2418124800324</ele></trkpt>
    <trkpt lat="32.872071" lon="-116.492511"><ele>1250.055283520099</ele></trkpt>
    <trkpt lat="32.872122" lon="-116.492417"><ele>1250.4227859199943</ele></trkpt>
    <trkpt lat="32.872135" lon="-116.492284"><ele>1251.8780672000235</ele></trkpt>
    <trkpt lat="32.872117" lon="-116.492217"><ele>1252.7926356800026</ele></trkpt>
    <trkpt lat="32.872053" lon="-116.492136"><ele>1253.582312959987</ele></trkpt>
    <trkpt lat="32.871726" lon="-116.491897"><ele>1256.1270486399515</ele></trkpt>
    <trkpt lat="32.871627" lon="-116.491763"><ele>1256.2648000000922</ele></trkpt>
    <trkpt lat="32.871489" lon="-116.491534"><ele>1259.1245459200388</ele></trkpt>
    <trkpt lat="32.871303" lon="-116.491117"><ele>1269.0218449600557</ele></trkpt>
    <trkpt lat="32.871267" lon="-116.490915"><ele>1269.9053783998693</ele></trkpt>
    <trkpt lat="32.871274" lon="-116.490412"><ele>1270.982903039988</ele></trkpt>
    <trkpt lat="32.871303" lon="-116.490259"><ele>1270.69250192018</ele></trkpt>
    <trkpt lat="32.87134" lon="-116.490155"><ele>1270.781792000123</ele></trkpt>
    <trkpt lat="32.871414" lon="-116.490028"><ele>1270.172136960038</ele></trkpt>
    <trkpt lat="32.871668" lon="-116.4897"><ele>1269.3428480000066</ele></trkpt>
    <trkpt lat="32.871725" lon="-116.489575"><ele>1271.8360999999484</ele></trkpt>
    <trkpt lat="32.871744" lon="-116.489335"><ele>1273.906041600009</ele></trkpt>
    <trkpt lat="32.871777" lon="-116.489208"><ele>1274.1444134399844</ele></trkpt>
    <trkpt lat="32.871923" lon="-116.488871"><ele>1273.7880566398949</ele></trkpt>
    <trkpt lat="32.872245" lon="-116.488381"><ele>1282.5479559999435</ele></trkpt>
    <trkpt lat="32.872398" lon="-116.488246"><ele>1284.92634303996</ele></trkpt>
    <trkpt lat="32.87257" lon="-116.488057"><ele>1286.2507312000134</ele></trkpt>
    <trkpt lat="32.872674" lon="-116.487891"><ele>1287.4401206399818</ele></trkpt>
    <trkpt lat="32.872785" lon="-116.487669"><ele>1288.8148368000238</ele></trkpt>
    <trkpt lat="32.872916" lon="-116.487204"><ele>1292.8025574399492</ele></trkpt>
    <trkpt lat="32.873054" lon="-116.486489"><ele>1301.5899817598474</ele></trkpt>
    <trkpt lat="32.873072" lon="-116.486433"><ele>1302.2746028799252</ele></trkpt>
    <trkpt lat="32.873145" lon="-116.486318"><ele>1303.3033024000283</ele></trkpt>
    <trkpt lat="32.873322" lon="-116.4861"><ele>1302.481536000106</ele></trkpt>
    <trkpt lat="32.873459" lon="-116.485992"><ele>1304.1848217600834</ele></trkpt>
    <trkpt lat="32.873891" lon="-116.485765"><ele>1307.2414607999906</ele></trkpt>
    <trkpt lat="32.874253" lon="-116.485655"><ele>1310.92739760004</ele></trkpt>
    <trkpt lat="32.874332" lon="-116.485614"><ele>1311.4958707200024</ele></trkpt>
    <trkpt lat="32.874424" lon="-116.485537"><ele>1311.2102329600727</ele></trkpt>
    <trkpt lat="32.874532" lon="-116.485399"><ele>1314.2840729600339</ele></trkpt>
    <trkpt lat="32.874618" lon="-116.485255"><ele>1315.577600000057</ele></trkpt>
    <trkpt lat="32.874722" lon="-116.485031"><ele>1319.551999999896</ele></trkpt>
    <trkpt lat="32.874731" lon="-116.484886"><ele>1321.1035567998845</ele></trkpt>
    <trkpt lat="32.874719" lon="-116.484839"><ele>1321.1494467200419</ele></trkpt>
    <trkpt lat="32.874719" lon="-116.484839"><ele>1321.1494467200419</ele></trkpt>
    <trkpt lat="32.874693" lon="-116.484736"><ele>1321.8903641600157</ele></trkpt>
    <trkpt lat="32.874544" lon="-116.484522"><ele>1322.979134720009</ele></trkpt>
    <trkpt lat="32.874535" lon="-116.484466"><ele>1323.2231024000168</ele></trkpt>
    <trkpt lat="32.87455" lon="-116.484399"><ele>1324.2994320000737</ele></trkpt>
    <trkpt lat="32.874595" lon="-116.484335"><ele>1325.6924519999689</ele></trkpt>
    <trkpt lat="32.874819" lon="-116.484134"><ele>1329.1986281600346</ele></trkpt>
    <trkpt lat="32.874883" lon="-116.484123"><ele>1329.116212640064</ele></trkpt>
    <trkpt lat="32.874994" lon="-116.484141"><ele>1328.3931958400838</ele></trkpt>
    <trkpt lat="32.875051" lon="-116.484127"><ele>1328.6761457599873</ele></trkpt>
    <trkpt lat="32.875104" lon="-116.484091"><ele>1329.158040319933</ele></trkpt>
    <trkpt lat="32.875151" lon="-116.484013"><ele>1329.854241439956</ele></trkpt>
    <trkpt lat="32.87514" lon="-116.483945"><ele>1330.489423999941</ele></trkpt>
    <trkpt lat="32.875094" lon="-116.483901"><ele>1331.193062719987</ele></trkpt>
    <trkpt lat="32.87499" lon="-116.483843"><ele>1332.7387472001244</ele></trkpt>
    <trkpt lat="32.874962" lon="-116.483785"><ele>1333.8207632000685</ele></trkpt>
    <trkpt lat="32.874986" lon="-116.483707"><ele>1334.7530019200678</ele></trkpt>
    <trkpt lat="32.875108" lon="-116.483618"><ele>1335.8815155198804</ele></trkpt>
    <trkpt lat="32.875219" lon="-116.483595"><ele>1336.4974544001857</ele></trkpt>
    <trkpt lat="32.875517" lon="-116.483671"><ele>1338.4553758399998</ele></trkpt>
    <trkpt lat="32.875668" lon="-116.483676"><ele>1340.8004838398817</ele></trkpt>
    <trkpt lat="32.875896" lon="-116.483633"><ele>1346.7831999999598</ele></trkpt>
    <trkpt lat="32.876965" lon="-116.483634"><ele>1378.631492800048</ele></trkpt>
    <trkpt lat="32.877078" lon="-116.483651"><ele>1377.4775286400356</ele></trkpt>
    <trkpt lat="32.877284" lon="-116.483722"><ele>1376.844889600022</ele></trkpt>
    <trkpt lat="32.878012" lon="-116.48372"><ele>1391.0485375999547</ele></trkpt>
    <trkpt lat="32.878468" lon="-116.483595"><ele>1397.085600000029</ele></trkpt>
    <trkpt lat="32.878601" lon="-116.483592"><ele>1398.0648000000124</ele></trkpt>
    <trkpt lat="32.878807" lon="-116.483635"><ele>1402.0166472001717</ele></trkpt>
    <trkpt lat="32.878938" lon="-116.483604"><ele>1403.7373260799727</ele></trkpt>
    <trkpt lat="32.879111" lon="-116.483501"><ele>1406.9117614400016</ele></trkpt>
    <trkpt lat="32.879228" lon="-116.483462"><ele>1408.6012236799663</ele></trkpt>
    <trkpt lat="32.879313" lon="-116.483482"><ele>1409.3022300800385</ele></trkpt>
    <trkpt lat="32.87984" lon="-116.483815"><ele>1420.85208000028</ele></trkpt>
    <trkpt lat="32.879906" lon="-116.483841"><ele>1423.0201007998955</ele></trkpt>
    <trkpt lat="32.880011" lon="-116.483851"><ele>1425.2880057600808</ele></trkpt>
    <trkpt lat="32.880274" lon="-116.483748"><ele>1423.3940083201824</ele></trkpt>
    <trkpt lat="32.880666" lon="-116.483675"><ele>1425.5437520001287</ele></trkpt>
    <trkpt lat="32.880837" lon="-116.483677"><ele>1426.647200000005</ele></trkpt>
    <trkpt lat="32.881028" lon="-116.483717"><ele>1426.9675999999629</ele></trkpt>
    <trkpt lat="32.881854" lon="-116.48372"><ele>1425.634400000084</ele></trkpt>
    <trkpt lat="32.882188" lon="-116.48364"><ele>1427.1503999998852</ele></trkpt>
    <trkpt lat="32.882447" lon="-116.483634"><ele>1429.839599999901</ele></trkpt>
    <trkpt lat="32.882708" lon="-116.483588"><ele>1432.995200000014</ele></trkpt>
    <trkpt lat="32.882949" lon="-116.483599"><ele>1435.8760750400427</ele></trkpt>
    <trkpt lat="32.883472" lon="-116.48372"><ele>1437.8937728000385</ele></trkpt>
    <trkpt lat="32.883696" lon="-116.48372"><ele>1436.5444096000251</ele></trkpt>
    <trkpt lat="32.883923" lon="-116.483763"><ele>1436.245600000021</ele></trkpt>
    <trkpt lat="32.884048" lon="-116.483765"><ele>1437.1455999999998</ele></trkpt>
    <trkpt lat="32.884486" lon="-116.483888"><ele>1440.0027212800208</ele></trkpt>
    <trkpt lat="32.884637" lon="-116.483889"><ele>1440.001909120084</ele></trkpt>
    <trkpt lat="32.884843" lon="-116.483811"><ele>1441.060564159978</ele></trkpt>
    <trkpt lat="32.884963" lon="-116.483727"><ele>1441.590057920005</ele></trkpt>
    <trkpt lat="32.885099" lon="-116.48359"><ele>1442.9776543998837</ele></trkpt>
    <trkpt lat="32.885196" lon="-116.483522"><ele>1444.905774080035</ele></trkpt>
    <trkpt lat="32.885416" lon="-116.483461"><ele>1446.6860908800259</ele></trkpt>
    <trkpt lat="32.885673" lon="-116.48345"><ele>1448.0379520000472</ele></trkpt>
    <trkpt lat="32.885735" lon="-116.483416"><ele>1447.9232992000655</ele></trkpt>
    <trkpt lat="32.88602" lon="-116.483175"><ele>1446.4379200000399</ele></trkpt>
    <trkpt lat="32.886195" lon="-116.483002"><ele>1446.1169232000095</ele></trkpt>
    <trkpt lat="32.886402" lon="-116.482877"><ele>1447.4819401599768</ele></trkpt>
    <trkpt lat="32.886646" lon="-116.48285"><ele>1449.7961439999885</ele></trkpt>
    <trkpt lat="32.886756" lon="-116.482821"><ele>1450.4216819199949</ele></trkpt>
    <trkpt lat="32.886881" lon="-116.482816"><ele>1450.9839443200099</ele></trkpt>
    <trkpt lat="32.887009" lon="-116.482788"><ele>1451.7793523199846</ele></trkpt>
    <trkpt lat="32.887104" lon="-116.482738"><ele>1453.3356377600428</ele></trkpt>
    <trkpt lat="32.887154" lon="-116.482698"><ele>1454.33640896003</ele></trkpt>
    <trkpt lat="32.887236" lon="-116.482589"><ele>1456.2530918399764</ele></trkpt>
    <trkpt lat="32.887387" lon="-116.482344"><ele>1462.533035520027</ele></trkpt>
    <trkpt lat="32.88745" lon="-116.482197"><ele>1465.3050880000073</ele></trkpt>
    <trkpt lat="32.887485" lon="-116.482038"><ele>1467.0612255999772</ele></trkpt>
    <trkpt lat="32.887525" lon="-116.48195"><ele>1467.855400000035</ele></trkpt>
    <trkpt lat="32.887594" lon="-116.481873"><ele>1468.5124176000818</ele></trkpt>
    <trkpt lat="32.887869" lon="-116.481697"><ele>1467.3642612800043</ele></trkpt>
    <trkpt lat="32.888108" lon="-116.481492"><ele>1469.0278476800145</ele></trkpt>
    <trkpt lat="32.88823" lon="-116.481415"><ele>1469.711095999995</ele></trkpt>
    <trkpt lat="32.888389" lon="-116.481369"><ele>1470.730102719963</ele></trkpt>
    <trkpt lat="32.888673" lon="-116.481253"><ele>1473.9228249600146</ele></trkpt>
    <trkpt lat="32.888994" lon="-116.481163"><ele>1477.0787999999236</ele></trkpt>
    <trkpt lat="32.889273" lon="-116.480986"><ele>1482.747960640028</ele></trkpt>
    <trkpt lat="32.889354" lon="-116.480985"><ele>1483.8154671999507</ele></trkpt>
    <trkpt lat="32.889422" lon="-116.481009"><ele>1484.6851062400451</ele></trkpt>
    <trkpt lat="32.889492" lon="-116.481003"><ele>1486.5121068799078</ele></trkpt>
    <trkpt lat="32.889553" lon="-116.480946"><ele>1488.211125439995</ele></trkpt>
    <trkpt lat="32.88965" lon="-116.48081"><ele>1490.3916800000313</ele></trkpt>
    <trkpt lat="32.88973" lon="-116.48076"><ele>1492.7298239999768</ele></trkpt>
    <trkpt lat="32.890037" lon="-116.480688"><ele>1500.6059097599891</ele></trkpt>
    <trkpt lat="32.890224" lon="-116.48061"><ele>1505.8052544000914</ele></trkpt>
    <trkpt lat="32.890327" lon="-116.480586"><ele>1508.6562211199973</ele></trkpt>
    <trkpt lat="32.890536" lon="-116.480615"><ele>1515.0637343999235</ele></trkpt>
    <trkpt lat="32.890597" lon="-116.480604"><ele>1516.567599999988</ele></trkpt>
    <trkpt lat="32.890876" lon="-116.480434"><ele>1521.7623999999923</ele></trkpt>
    <trkpt lat="32.891135" lon="-116.480239"><ele>1525.88079439997</ele></trkpt>
    <trkpt lat="32.891341" lon="-116.480138"><ele>1526.2323516799502</ele></trkpt>
    <trkpt lat="32.891443" lon="-116.480113"><ele>1526.104844640028</ele></trkpt>
    <trkpt lat="32.891613" lon="-116.480114"><ele>1525.755510720006</ele></trkpt>
    <trkpt lat="32.891991" lon="-116.480195"><ele>1530.2735999999343</ele></trkpt>
    <trkpt lat="32.892591" lon="-116.480197"><ele>1533.4133982400385</ele></trkpt>
    <trkpt lat="32.892711" lon="-116.480172"><ele>1533.7253670399834</ele></trkpt>
    <trkpt lat="32.893057" lon="-116.479994"><ele>1537.0420630399667</ele></trkpt>
    <trkpt lat="32.893334" lon="-116.479944"><ele>1540.5968000000234</ele></trkpt>
    <trkpt lat="32.893652" lon="-116.480017"><ele>1541.2448000000531</ele></trkpt>
    <trkpt lat="32.89378" lon="-116.480078"><ele>1542.1232000000864</ele></trkpt>
    <trkpt lat="32.894194" lon="-116.480372"><ele>1547.8277772800436</ele></trkpt>
    <trkpt lat="32.894255" lon="-116.480392"><ele>1548.5047615999063</ele></trkpt>
    <trkpt lat="32.8943" lon="-116.48038"><ele>1548.4966399999405</ele></trkpt>
    <trkpt lat="32.894433" lon="-116.480277"><ele>1546.9557692800013</ele></trkpt>
    <trkpt lat="32.894531" lon="-116.480243"><ele>1547.7705876800137</ele></trkpt>
    <trkpt lat="32.894601" lon="-116.480237"><ele>1548.4612635200294</ele></trkpt>
    <trkpt lat="32.894933" lon="-116.480248"><ele>1551.9806566400496</ele></trkpt>
    <trkpt lat="32.895212" lon="-116.480322"><ele>1554.0767014400255</ele></trkpt>
    <trkpt lat="32.895669" lon="-116.480487"><ele>1556.5355724799795</ele></trkpt>
    <trkpt lat="32.895768" lon="-116.480546"><ele>1555.8740364800715</ele></trkpt>
    <trkpt lat="32.896044" lon="-116.48077"><ele>1556.9442304000656</ele></trkpt>
    <trkpt lat="32.896246" lon="-116.480993"><ele>1562.7034313599354</ele></trkpt>
    <trkpt lat="32.896325" lon="-116.481413"><ele>1572.8775280001032</ele></trkpt>
    <trkpt lat="32.896369" lon="-116.481576"><ele>1576.8832595201034</ele></trkpt>
    <trkpt lat="32.896432" lon="-116.481453"><ele>1574.6303596799814</ele></trkpt>
    <trkpt lat="32.896432" lon="-116.481453"><ele>1574.6303596799814</ele></trkpt>
    <trkpt lat="32.896448" lon="-116.481422"><ele>1574.2732684798657</ele></trkpt>
    <trkpt lat="32.896542" lon="-116.481199"><ele>1571.379999680012</ele></trkpt>
    <trkpt lat="32.896737" lon="-116.481093"><ele>1573.5031654400848</ele></trkpt>
    <trkpt lat="32.896994" lon="-116.481013"><ele>1576.7653891201678</ele></trkpt>
    <trkpt lat="32.897416" lon="-116.481008"><ele>1581.1205017601312</ele></trkpt>
    <trkpt lat="32.897805" lon="-116.480984"><ele>1583.4556448002827</ele></trkpt>
    <trkpt lat="32.897896" lon="-116.481019"><ele>1584.7363289601353</ele></trkpt>
    <trkpt lat="32.897971" lon="-116.481065"><ele>1586.4278696000445</ele></trkpt>
    <trkpt lat="32.897927" lon="-116.481074"><ele>1586.9313699202662</ele></trkpt>
    <trkpt lat="32.897927" lon="-116.481074"><ele>1586.9313699202662</ele></trkpt>
    <trkpt lat="32.897895" lon="-116.48108"><ele>1587.281264000244</ele></trkpt>
    <trkpt lat="32.897485" lon="-116.481197"><ele>1589.9299999998389</ele></trkpt>
    <trkpt lat="32.897278" lon="-116.481261"><ele>1589.998400000126</ele></trkpt>
    <trkpt lat="32.897174" lon="-116.481311"><ele>1590.1268323201698</ele></trkpt>
    <trkpt lat="32.89706" lon="-116.481388"><ele>1589.88560639995</ele></trkpt>
    <trkpt lat="32.896931" lon="-116.481516"><ele>1589.771704320047</ele></trkpt>
    <trkpt lat="32.896881" lon="-116.481587"><ele>1589.839410240127</ele></trkpt>
    <trkpt lat="32.896843" lon="-116.481677"><ele>1590.4696291199446</ele></trkpt>
    <trkpt lat="32.896771" lon="-116.481982"><ele>1590.9635811200737</ele></trkpt>
    <trkpt lat="32.896559" lon="-116.482484"><ele>1594.0464000000356</ele></trkpt>
    <trkpt lat="32.896501" lon="-116.482932"><ele>1598.083842560034</ele></trkpt>
    <trkpt lat="32.896504" lon="-116.483206"><ele>1598.6576000000023</ele></trkpt>
    <trkpt lat="32.896504" lon="-116.483206"><ele>1598.6576000000023</ele></trkpt>
    <trkpt lat="32.896504" lon="-116.483214"><ele>1598.6576000000023</ele></trkpt>
    <trkpt lat="32.896506" lon="-116.483346"><ele>1598.5567500800573</ele></trkpt>
    <trkpt lat="32.896549" lon="-116.483444"><ele>1598.0495244799374</ele></trkpt>
    <trkpt lat="32.896679" lon="-116.483583"><ele>1597.458186560056</ele></trkpt>
    <trkpt lat="32.896739" lon="-116.483624"><ele>1597.028399999879</ele></trkpt>
    <trkpt lat="32.896862" lon="-116.483667"><ele>1596.69720000005</ele></trkpt>
    <trkpt lat="32.89707" lon="-116.483622"><ele>1598.309155200038</ele></trkpt>
    <trkpt lat="32.897281" lon="-116.483648"><ele>1599.3691999999783</ele></trkpt>
    <trkpt lat="32.897465" lon="-116.483682"><ele>1601.1115999999543</ele></trkpt>
    <trkpt lat="32.897683" lon="-116.483697"><ele>1603.1066019199905</ele></trkpt>
    <trkpt lat="32.897763" lon="-116.483691"><ele>1603.8629993599807</ele></trkpt>
    <trkpt lat="32.897782" lon="-116.483742"><ele>1604.045599999994</ele></trkpt>
    <trkpt lat="32.897722" lon="-116.483832"><ele>1603.2790476800112</ele></trkpt>
    <trkpt lat="32.897679" lon="-116.483893"><ele>1602.5923999999309</ele></trkpt>
    <trkpt lat="32.897528" lon="-116.483945"><ele>1600.6052000000373</ele></trkpt>
    <trkpt lat="32.897442" lon="-116.484068"><ele>1599.883765759957</ele></trkpt>
    <trkpt lat="32.897386" lon="-116.484168"><ele>1599.3564300799655</ele></trkpt>
    <trkpt lat="32.897369" lon="-116.484271"><ele>1598.9364670399514</ele></trkpt>
    <trkpt lat="32.897498" lon="-116.4844"><ele>1600.9651519999782</ele></trkpt>
    <trkpt lat="32.897635" lon="-116.484486"><ele>1602.1587999999833</ele></trkpt>
    <trkpt lat="32.897836" lon="-116.484541"><ele>1603.933600000029</ele></trkpt>
    <trkpt lat="32.898165" lon="-116.484519"><ele>1607.4626991999633</ele></trkpt>
    <trkpt lat="32.898173" lon="-116.484587"><ele>1607.2531619199783</ele></trkpt>
    <trkpt lat="32.898113" lon="-116.484658"><ele>1606.1939756800498</ele></trkpt>
    <trkpt lat="32.89803" lon="-116.484776"><ele>1604.7418111999846</ele></trkpt>
    <trkpt lat="32.897942" lon="-116.484966"><ele>1604.1323628800035</ele></trkpt>
    <trkpt lat="32.89792" lon="-116.485095"><ele>1604.0157919999958</ele></trkpt>
    <trkpt lat="32.897931" lon="-116.485164"><ele>1604.0422707200005</ele></trkpt>
    <trkpt lat="32.897966" lon="-116.485235"><ele>1604.0547007999926</ele></trkpt>
    <trkpt lat="32.898055" lon="-116.485326"><ele>1603.8260527999976</ele></trkpt>
    <trkpt lat="32.898212" lon="-116.485437"><ele>1603.3443475199647</ele></trkpt>
    <trkpt lat="32.898278" lon="-116.485446"><ele>1603.2252710400387</ele></trkpt>
    <trkpt lat="32.898357" lon="-116.485413"><ele>1603.5833246400605</ele></trkpt>
    <trkpt lat="32.898477" lon="-116.485327"><ele>1604.893952160024</ele></trkpt>
    <trkpt lat="32.898592" lon="-116.485284"><ele>1605.8431411201025</ele></trkpt>
    <trkpt lat="32.898592" lon="-116.485284"><ele>1605.8431411201025</ele></trkpt>
    <trkpt lat="32.898616" lon="-116.485275"><ele>1606.039999999979</ele></trkpt>
    <trkpt lat="32.898896" lon="-116.485203"><ele>1607.0836915200223</ele></trkpt>
    <trkpt lat="32.899459" lon="-116.485111"><ele>1610.9705390399388</ele></trkpt>
    <trkpt lat="32.89956" lon="-116.48508"><ele>1611.2638080000565</ele></trkpt>
    <trkpt lat="32.899767" lon="-116.484928"><ele>1613.2756339200312</ele></trkpt>
    <trkpt lat="32.899894" lon="-116.484751"><ele>1615.7137324799744</ele></trkpt>
    <trkpt lat="32.899946" lon="-116.48474"><ele>1615.8471167999812</ele></trkpt>
    <trkpt lat="32.900038" lon="-116.484814"><ele>1615.476000000007</ele></trkpt>
    <trkpt lat="32.90013" lon="-116.484857"><ele>1615.4975999999524</ele></trkpt>
    <trkpt lat="32.900173" lon="-116.484851"><ele>1615.695599999964</ele></trkpt>
    <trkpt lat="32.900173" lon="-116.484851"><ele>1615.695599999964</ele></trkpt>
    <trkpt lat="32.900234" lon="-116.484843"><ele>1615.9728000000064</ele></trkpt>
    <trkpt lat="32.900426" lon="-116.484856"><ele>1616.5900364800832</ele></trkpt>
    <trkpt lat="32.901073" lon="-116.484639"><ele>1620.7174102399931</ele></trkpt>
    <trkpt lat="32.901144" lon="-116.484586"><ele>1620.9203366400877</ele></trkpt>
    <trkpt lat="32.901213" lon="-116.484496"><ele>1621.3060780801452</ele></trkpt>
    <trkpt lat="32.901339" lon="-116.484249"><ele>1622.3878996799265</ele></trkpt>
    <trkpt lat="32.901544" lon="-116.483974"><ele>1622.7660812799193</ele></trkpt>
    <trkpt lat="32.901667" lon="-116.483658"><ele>1625.1562025599035</ele></trkpt>
    <trkpt lat="32.901708" lon="-116.483501"><ele>1627.1891999999573</ele></trkpt>
    <trkpt lat="32.901757" lon="-116.483432"><ele>1627.934400000071</ele></trkpt>
    <trkpt lat="32.901803" lon="-116.483404"><ele>1628.236800000075</ele></trkpt>
    <trkpt lat="32.901879" lon="-116.483395"><ele>1628.333999999983</ele></trkpt>
    <trkpt lat="32.90205" lon="-116.483434"><ele>1627.6705119999694</ele></trkpt>
    <trkpt lat="32.902165" lon="-116.48343"><ele>1627.4383120000202</ele></trkpt>
    <trkpt lat="32.902464" lon="-116.483365"><ele>1627.6727743999345</ele></trkpt>
    <trkpt lat="32.90277" lon="-116.483255"><ele>1630.0999999999917</ele></trkpt>
    <trkpt lat="32.903031" lon="-116.483202"><ele>1629.4990044799074</ele></trkpt>
    <trkpt lat="32.90307" lon="-116.483168"><ele>1629.789049599893</ele></trkpt>
    <trkpt lat="32.903111" lon="-116.483092"><ele>1630.5717875199773</ele></trkpt>
    <trkpt lat="32.903223" lon="-116.48265"><ele>1635.5233759999321</ele></trkpt>
    <trkpt lat="32.903302" lon="-116.482518"><ele>1636.9162188800458</ele></trkpt>
    <trkpt lat="32.903563" lon="-116.482343"><ele>1638.6397073600049</ele></trkpt>
    <trkpt lat="32.903859" lon="-116.482255"><ele>1640.9737936001325</ele></trkpt>
    <trkpt lat="32.904063" lon="-116.482147"><ele>1641.8289374400624</ele></trkpt>
    <trkpt lat="32.904564" lon="-116.481768"><ele>1645.152209919918</ele></trkpt>
    <trkpt lat="32.904898" lon="-116.481581"><ele>1647.264933439908</ele></trkpt>
    <trkpt lat="32.90502" lon="-116.48148"><ele>1647.6548479999444</ele></trkpt>
    <trkpt lat="32.905066" lon="-116.481408"><ele>1647.4170406400274</ele></trkpt>
    <trkpt lat="32.905085" lon="-116.481331"><ele>1646.330399999969</ele></trkpt>
    <trkpt lat="32.905085" lon="-116.481214"><ele>1644.6455999999253</ele></trkpt>
    <trkpt lat="32.905045" lon="-116.481059"><ele>1642.902400000015</ele></trkpt>
    <trkpt lat="32.904924" lon="-116.480823"><ele>1639.9083999999996</ele></trkpt>
    <trkpt lat="32.904778" lon="-116.480629"><ele>1638.5187999998757</ele></trkpt>
    <trkpt lat="32.904669" lon="-116.480523"><ele>1637.4456000001592</ele></trkpt>
    <trkpt lat="32.90434" lon="-116.480261"><ele>1632.3064895999821</ele></trkpt>
    <trkpt lat="32.904219" lon="-116.480214"><ele>1631.8296566401184</ele></trkpt>
    <trkpt lat="32.904059" lon="-116.480207"><ele>1632.6380395198084</ele></trkpt>
    <trkpt lat="32.903955" lon="-116.480182"><ele>1632.5028623999553</ele></trkpt>
    <trkpt lat="32.90376" lon="-116.480078"><ele>1630.455200000206</ele></trkpt>
    <trkpt lat="32.903635" lon="-116.480042"><ele>1630.1887999999067</ele></trkpt>
    <trkpt lat="32.903346" lon="-116.480044"><ele>1630.27442304019</ele></trkpt>
    <trkpt lat="32.903247" lon="-116.48002"><ele>1628.6883551998828</ele></trkpt>
    <trkpt lat="32.903084" lon="-116.479785"><ele>1623.0526848001018</ele></trkpt>
    <trkpt lat="32.902922" lon="-116.479595"><ele>1622.723806400036</ele></trkpt>
    <trkpt lat="32.902853" lon="-116.479491"><ele>1623.2329860799928</ele></trkpt>
    <trkpt lat="32.902813" lon="-116.479315"><ele>1623.2126887999818</ele></trkpt>
    <trkpt lat="32.902816" lon="-116.478995"><ele>1622.1918367999856</ele></trkpt>
    <trkpt lat="32.902842" lon="-116.478854"><ele>1621.8363225600046</ele></trkpt>
    <trkpt lat="32.902864" lon="-116.478552"><ele>1622.560453120045</ele></trkpt>
    <trkpt lat="32.902931" lon="-116.478354"><ele>1623.7069609600198</ele></trkpt>
    <trkpt lat="32.902953" lon="-116.478255"><ele>1624.4065143999915</ele></trkpt>
    <trkpt lat="32.902958" lon="-116.478139"><ele>1625.347299520028</ele></trkpt>
    <trkpt lat="32.902907" lon="-116.477796"><ele>1628.4732000000258</ele></trkpt>
    <trkpt lat="32.902813" lon="-116.477524"><ele>1628.1399334400128</ele></trkpt>
    <trkpt lat="32.902812" lon="-116.477429"><ele>1627.583269759997</ele></trkpt>
    <trkpt lat="32.902827" lon="-116.477372"><ele>1627.3233612800238</ele></trkpt>
    <trkpt lat="32.902863" lon="-116.477318"><ele>1627.2926460800122</ele></trkpt>
    <trkpt lat="32.902919" lon="-116.47727"><ele>1627.6068655999818</ele></trkpt>
    <trkpt lat="32.903257" lon="-116.477075"><ele>1629.2387120000146</ele></trkpt>
    <trkpt lat="32.903257" lon="-116.477075"><ele>1629.2387120000146</ele></trkpt>
    <trkpt lat="32.90331" lon="-116.477044"><ele>1629.5338111999697</ele></trkpt>
    <trkpt lat="32.903489" lon="-116.476919"><ele>1630.5201326399942</ele></trkpt>
    <trkpt lat="32.903903" lon="-116.476754"><ele>1631.7204284800007</ele></trkpt>
    <trkpt lat="32.904043" lon="-116.476682"><ele>1632.4689750400235</ele></trkpt>
    <trkpt lat="32.904153" lon="-116.476555"><ele>1633.3527999999862</ele></trkpt>
    <trkpt lat="32.904184" lon="-116.476345"><ele>1634.3784000000392</ele></trkpt>
    <trkpt lat="32.904184" lon="-116.47632"><ele>1634.558399999994</ele></trkpt>
    <trkpt lat="32.904183" lon="-116.475169"><ele>1644.4146260800276</ele></trkpt>
    <trkpt lat="32.90421" lon="-116.475015"><ele>1645.093576000001</ele></trkpt>
    <trkpt lat="32.904218" lon="-116.474788"><ele>1645.9479999999874</ele></trkpt>
    <trkpt lat="32.90419" lon="-116.474704"><ele>1646.2041791999818</ele></trkpt>
    <trkpt lat="32.90411" lon="-116.474632"><ele>1646.1038592000298</ele></trkpt>
    <trkpt lat="32.90402" lon="-116.474581"><ele>1645.701235200019</ele></trkpt>
    <trkpt lat="32.903907" lon="-116.474545"><ele>1645.0680023999064</ele></trkpt>
    <trkpt lat="32.903904" lon="-116.474484"><ele>1645.6893465599371</ele></trkpt>
    <trkpt lat="32.904028" lon="-116.47442"><ele>1647.2654592000324</ele></trkpt>
    <trkpt lat="32.904072" lon="-116.474256"><ele>1649.1375974400282</ele></trkpt>
    <trkpt lat="32.904021" lon="-116.473957"><ele>1651.150617120007</ele></trkpt>
    <trkpt lat="32.903983" lon="-116.473669"><ele>1651.3930059200231</ele></trkpt>
    <trkpt lat="32.90393" lon="-116.473452"><ele>1651.8735487999977</ele></trkpt>
    <trkpt lat="32.904015" lon="-116.472972"><ele>1654.4373632000086</ele></trkpt>
    <trkpt lat="32.904131" lon="-116.472585"><ele>1657.081380800027</ele></trkpt>
    <trkpt lat="32.904131" lon="-116.472585"><ele>1657.081380800027</ele></trkpt>
    <trkpt lat="32.904205" lon="-116.472545"><ele>1657.4000000000424</ele></trkpt>
    <trkpt lat="32.904465" lon="-116.47261"><ele>1654.92739199995</ele></trkpt>
    <trkpt lat="32.90455" lon="-116.47259"><ele>1653.965760000027</ele></trkpt>
    <trkpt lat="32.904803" lon="-116.472482"><ele>1653.614800000015</ele></trkpt>
    <trkpt lat="32.904907" lon="-116.472473"><ele>1654.1512000001187</ele></trkpt>
    <trkpt lat="32.905011" lon="-116.472513"><ele>1654.0538934399606</ele></trkpt>
    <trkpt lat="32.905124" lon="-116.472608"><ele>1654.718479360096</ele></trkpt>
    <trkpt lat="32.905294" lon="-116.472707"><ele>1655.4056803199867</ele></trkpt>
    <trkpt lat="32.905395" lon="-116.472738"><ele>1655.6204303998572</ele></trkpt>
    <trkpt lat="32.905598" lon="-116.472696"><ele>1657.766400000019</ele></trkpt>
    <trkpt lat="32.905774" lon="-116.47269"><ele>1657.8959999999988</ele></trkpt>
    <trkpt lat="32.905847" lon="-116.472638"><ele>1658.7236851198973</ele></trkpt>
    <trkpt lat="32.905994" lon="-116.472381"><ele>1660.5887731200373</ele></trkpt>
    <trkpt lat="32.906033" lon="-116.472332"><ele>1660.861860480113</ele></trkpt>
    <trkpt lat="32.906033" lon="-116.472332"><ele>1660.861860480113</ele></trkpt>
    <trkpt lat="32.906231" lon="-116.47208"><ele>1662.6930207999278</ele></trkpt>
    <trkpt lat="32.906403" lon="-116.471924"><ele>1661.7953388800531</ele></trkpt>
    <trkpt lat="32.906461" lon="-116.471837"><ele>1661.0568132800468</ele></trkpt>
    <trkpt lat="32.906489" lon="-116.47174"><ele>1661.2144544000143</ele></trkpt>
    <trkpt lat="32.906465" lon="-116.471468"><ele>1664.3056352000526</ele></trkpt>
    <trkpt lat="32.906487" lon="-116.471348"><ele>1664.9691999999723</ele></trkpt>
    <trkpt lat="32.906492" lon="-116.471179"><ele>1666.6683999999268</ele></trkpt>
    <trkpt lat="32.906526" lon="-116.470987"><ele>1667.6589404800686</ele></trkpt>
    <trkpt lat="32.90649" lon="-116.470868"><ele>1669.5209728000798</ele></trkpt>
    <trkpt lat="32.906364" lon="-116.470695"><ele>1673.7131583998587</ele></trkpt>
    <trkpt lat="32.906241" lon="-116.470304"><ele>1678.63239999997</ele></trkpt>
    <trkpt lat="32.906169" lon="-116.470197"><ele>1681.0621972800473</ele></trkpt>
    <trkpt lat="32.906144" lon="-116.470129"><ele>1682.1789849600661</ele></trkpt>
    <trkpt lat="32.906175" lon="-116.470049"><ele>1681.8477720000517</ele></trkpt>
    <trkpt lat="32.906247" lon="-116.469972"><ele>1680.3416659199986</ele></trkpt>
    <trkpt lat="32.906275" lon="-116.469903"><ele>1680.0587159999566</ele></trkpt>
    <trkpt lat="32.906253" lon="-116.469813"><ele>1681.57478832</ele></trkpt>
    <trkpt lat="32.906136" lon="-116.469694"><ele>1687.3934899200867</ele></trkpt>
    <trkpt lat="32.906108" lon="-116.469633"><ele>1689.400397439852</ele></trkpt>
    <trkpt lat="32.906096" lon="-116.469552"><ele>1691.028536320178</ele></trkpt>
    <trkpt lat="32.906103" lon="-116.469276"><ele>1692.9453068799546</ele></trkpt>
    <trkpt lat="32.906179" lon="-116.469005"><ele>1692.448318399986</ele></trkpt>
    <trkpt lat="32.90621" lon="-116.468821"><ele>1693.7079871998344</ele></trkpt>
    <trkpt lat="32.906233" lon="-116.468681"><ele>1694.503204159932</ele></trkpt>
    <trkpt lat="32.906241" lon="-116.468426"><ele>1694.3412172798987</ele></trkpt>
    <trkpt lat="32.906218" lon="-116.468261"><ele>1695.0875923198464</ele></trkpt>
    <trkpt lat="32.906174" lon="-116.468116"><ele>1697.6778585600016</ele></trkpt>
    <trkpt lat="32.905985" lon="-116.467717"><ele>1708.3814647998383</ele></trkpt>
    <trkpt lat="32.905985" lon="-116.467717"><ele>1708.3814647998383</ele></trkpt>
    <trkpt lat="32.905939" lon="-116.46762"><ele>1709.0504672001143</ele></trkpt>
    <trkpt lat="32.90584" lon="-116.467039"><ele>1700.6742304001152</ele></trkpt>
    <trkpt lat="32.90584" lon="-116.466508"><ele>1692.396326400169</ele></trkpt>
    <trkpt lat="32.905797" lon="-116.466198"><ele>1688.961885760108</ele></trkpt>
    <trkpt lat="32.905738" lon="-116.466017"><ele>1687.5098476798694</ele></trkpt>
    <trkpt lat="32.905626" lon="-116.465783"><ele>1685.3599046401123</ele></trkpt>
    <trkpt lat="32.905534" lon="-116.465644"><ele>1684.4536921598076</ele></trkpt>
    <trkpt lat="32.905305" lon="-116.465413"><ele>1688.7448000000245</ele></trkpt>
    <trkpt lat="32.90527" lon="-116.465367"><ele>1689.2832255999392</ele></trkpt>
    <trkpt lat="32.905239" lon="-116.465284"><ele>1689.076291839857</ele></trkpt>
    <trkpt lat="32.90523" lon="-116.464495"><ele>1681.907823999872</ele></trkpt>
    <trkpt lat="32.905197" lon="-116.464256"><ele>1680.2809638400527</ele></trkpt>
    <trkpt lat="32.905197" lon="-116.464141"><ele>1678.7852699199523</ele></trkpt>
    <trkpt lat="32.90523" lon="-116.463928"><ele>1675.7741823998667</ele></trkpt>
    <trkpt lat="32.905232" lon="-116.463681"><ele>1673.07319999999</ele></trkpt>
    <trkpt lat="32.905208" lon="-116.463552"><ele>1672.5305446400055</ele></trkpt>
    <trkpt lat="32.905146" lon="-116.463384"><ele>1672.7721305599919</ele></trkpt>
    <trkpt lat="32.905122" lon="-116.463222"><ele>1671.4496940800514</ele></trkpt>
    <trkpt lat="32.905121" lon="-116.462708"><ele>1666.7552000000283</ele></trkpt>
    <trkpt lat="32.905049" lon="-116.462219"><ele>1664.2868924800366</ele></trkpt>
    <trkpt lat="32.905048" lon="-116.462037"><ele>1663.8724460799817</ele></trkpt>
    <trkpt lat="32.90507" lon="-116.461885"><ele>1663.92400000002</ele></trkpt>
    <trkpt lat="32.905119" lon="-116.461721"><ele>1664.7520000000263</ele></trkpt>
    <trkpt lat="32.905189" lon="-116.461567"><ele>1665.715599999975</ele></trkpt>
    <trkpt lat="32.905253" lon="-116.461472"><ele>1666.2807999999802</ele></trkpt>
    <trkpt lat="32.905295" lon="-116.461438"><ele>1666.4695999999878</ele></trkpt>
    <trkpt lat="32.905573" lon="-116.461366"><ele>1667.0875747200062</ele></trkpt>
    <trkpt lat="32.905731" lon="-116.461258"><ele>1667.7688099200002</ele></trkpt>
    <trkpt lat="32.905794" lon="-116.461165"><ele>1668.4978704000405</ele></trkpt>
    <trkpt lat="32.90584" lon="-116.460989"><ele>1669.4261504000121</ele></trkpt>
    <trkpt lat="32.905844" lon="-116.46084"><ele>1669.9750783999827</ele></trkpt>
    <trkpt lat="32.905793" lon="-116.460548"><ele>1673.14519999999</ele></trkpt>
    <trkpt lat="32.905571" lon="-116.459842"><ele>1670.7751747199502</ele></trkpt>
    <trkpt lat="32.905521" lon="-116.459581"><ele>1668.4115550400006</ele></trkpt>
    <trkpt lat="32.905518" lon="-116.4594"><ele>1666.3848000000269</ele></trkpt>
    <trkpt lat="32.905484" lon="-116.459139"><ele>1663.594513919968</ele></trkpt>
    <trkpt lat="32.905484" lon="-116.459139"><ele>1663.594513919968</ele></trkpt>
    <trkpt lat="32.905517" lon="-116.458874"><ele>1662.1387999999884</ele></trkpt>
    <trkpt lat="32.905516" lon="-116.45867"><ele>1662.1424000000047</ele></trkpt>
    <trkpt lat="32.905532" lon="-116.458537"><ele>1662.084799999997</ele></trkpt>
    <trkpt lat="32.905623" lon="-116.45832"><ele>1662.0</ele></trkpt>
    <trkpt lat="32.905664" lon="-116.458242"><ele>1662.0</ele></trkpt>
    <trkpt lat="32.905743" lon="-116.458094"><ele>1662.0</ele></trkpt>
    <trkpt lat="32.905763" lon="-116.458005"><ele>1662.0</ele></trkpt>
    <trkpt lat="32.90577" lon="-116.457825"><ele>1662.0</ele></trkpt>
    <trkpt lat="32.905775" lon="-116.457807"><ele>1662.0</ele></trkpt>
    <trkpt lat="32.905775" lon="-116.457807"><ele>1662.0</ele></trkpt>
    <trkpt lat="32.90577" lon="-116.457825"><ele>1662.0</ele></trkpt>
    <trkpt lat="32.905763" lon="-116.458005"><ele>1662.0</ele></trkpt>
    <trkpt lat="32.905743" lon="-116.458094"><ele>1662.0</ele></trkpt>
    <trkpt lat="32.905664" lon="-116.458242"><ele>1662.0</ele></trkpt>
    <trkpt lat="32.905623" lon="-116.45832"><ele>1662.0</ele></trkpt>
    <trkpt lat="32.905532" lon="-116.458537"><ele>1662.084799999997</ele></trkpt>
    <trkpt lat="32.905516" lon="-116.45867"><ele>1662.1424000000047</ele></trkpt>
    <trkpt lat="32.905517" lon="-116.458874"><ele>1662.1387999999884</ele></trkpt>
    <trkpt lat="32.905484" lon="-116.459139"><ele>1663.594513919968</ele></trkpt>
    <trkpt lat="32.905348" lon="-116.459185"><ele>1663.4508000000421</ele></trkpt>
    <trkpt lat="32.905204" lon="-116.459225"><ele>1663.7415520000486</ele></trkpt>
    <trkpt lat="32.905046" lon="-116.459244"><ele>1664.2997939199724</ele></trkpt>
    <trkpt lat="32.904873" lon="-116.459201"><ele>1664.645419839836</ele></trkpt>
    <trkpt lat="32.904763" lon="-116.459243"><ele>1666.5493187199934</ele></trkpt>
    <trkpt lat="32.904486" lon="-116.459153"><ele>1668.2613603200268</ele></trkpt>
    <trkpt lat="32.904296" lon="-116.459122"><ele>1670.6551999998999</ele></trkpt>
    <trkpt lat="32.904296" lon="-116.459122"><ele>1670.6551999998999</ele></trkpt>
    <trkpt lat="32.904056" lon="-116.459083"><ele>1672.2163980800667</ele></trkpt>
    <trkpt lat="32.903752" lon="-116.459005"><ele>1672.409619200029</ele></trkpt>
    <trkpt lat="32.903542" lon="-116.458965"><ele>1673.3851424000018</ele></trkpt>
    <trkpt lat="32.903393" lon="-116.458922"><ele>1673.9723916800012</ele></trkpt>
    <trkpt lat="32.90324" lon="-116.458836"><ele>1675.171251200105</ele></trkpt>
    <trkpt lat="32.902826" lon="-116.458581"><ele>1679.023600000028</ele></trkpt>
    <trkpt lat="32.9027" lon="-116.458501"><ele>1680.3326079999642</ele></trkpt>
    <trkpt lat="32.902574" lon="-116.458506"><ele>1681.544805759986</ele></trkpt>
    <trkpt lat="32.90247" lon="-116.458482"><ele>1682.020201600029</ele></trkpt>
    <trkpt lat="32.902376" lon="-116.458458"><ele>1681.6515443199332</ele></trkpt>
    <trkpt lat="32.902234" lon="-116.458466"><ele>1681.4549497600144</ele></trkpt>
    <trkpt lat="32.902099" lon="-116.458447"><ele>1680.9655211200827</ele></trkpt>
    <trkpt lat="32.901894" lon="-116.458477"><ele>1681.2441529600312</ele></trkpt>
    <trkpt lat="32.901709" lon="-116.45856"><ele>1682.5759168000511</ele></trkpt>
    <trkpt lat="32.901554" lon="-116.458659"><ele>1685.1438982399693</ele></trkpt>
    <trkpt lat="32.901457" lon="-116.458782"><ele>1687.7133881599896</ele></trkpt>
    <trkpt lat="32.901398" lon="-116.458989"><ele>1689.7654211200204</ele></trkpt>
    <trkpt lat="32.90138" lon="-116.459177"><ele>1690.9703808000102</ele></trkpt>
    <trkpt lat="32.901401" lon="-116.459316"><ele>1691.1340787199988</ele></trkpt>
    <trkpt lat="32.901421" lon="-116.459413"><ele>1691.4362281599865</ele></trkpt>
    <trkpt lat="32.90143" lon="-116.459509"><ele>1691.8587951999539</ele></trkpt>
    <trkpt lat="32.90161" lon="-116.459914"><ele>1696.8112415999599</ele></trkpt>
    <trkpt lat="32.901691" lon="-116.460043"><ele>1698.3973185599941</ele></trkpt>
    <trkpt lat="32.901788" lon="-116.460209"><ele>1699.1980550400049</ele></trkpt>
    <trkpt lat="32.901855" lon="-116.460279"><ele>1699.3530167999836</ele></trkpt>
    <trkpt lat="32.901891" lon="-116.460373"><ele>1699.3383547199828</ele></trkpt>
    <trkpt lat="32.902013" lon="-116.460542"><ele>1700.0480438399347</ele></trkpt>
    <trkpt lat="32.902094" lon="-116.460687"><ele>1701.6267999999488</ele></trkpt>
    <trkpt lat="32.902117" lon="-116.460837"><ele>1702.5061998399444</ele></trkpt>
    <trkpt lat="32.902173" lon="-116.460931"><ele>1703.9320964799786</ele></trkpt>
    <trkpt lat="32.902198" lon="-116.461001"><ele>1704.8057660799475</ele></trkpt>
    <trkpt lat="32.902182" lon="-116.461089"><ele>1705.1283260800683</ele></trkpt>
    <trkpt lat="32.902331" lon="-116.461537"><ele>1706.2831999998784</ele></trkpt>
    <trkpt lat="32.902391" lon="-116.461677"><ele>1706.585797280063</ele></trkpt>
    <trkpt lat="32.9024" lon="-116.461768"><ele>1706.241727999964</ele></trkpt>
    <trkpt lat="32.902466" lon="-116.461945"><ele>1706.3869791999443</ele></trkpt>
    <trkpt lat="32.902522" lon="-116.46202"><ele>1707.1024575999775</ele></trkpt>
    <trkpt lat="32.90254" lon="-116.4621"><ele>1707.079360000002</ele></trkpt>
    <trkpt lat="32.902598" lon="-116.462261"><ele>1707.5918982399592</ele></trkpt>
    <trkpt lat="32.902689" lon="-116.462548"><ele>1709.5888268800068</ele></trkpt>
    <trkpt lat="32.902731" lon="-116.462666"><ele>1710.361435840009</ele></trkpt>
    <trkpt lat="32.902835" lon="-116.462892"><ele>1710.8795072000262</ele></trkpt>
    <trkpt lat="32.902851" lon="-116.463055"><ele>1710.5286727999953</ele></trkpt>
    <trkpt lat="32.902864" lon="-116.463267"><ele>1710.095876480005</ele></trkpt>
    <trkpt lat="32.902875" lon="-116.463425"><ele>1709.7200000000144</ele></trkpt>
    <trkpt lat="32.902813" lon="-116.463651"><ele>1708.2185915200248</ele></trkpt>
    <trkpt lat="32.902824" lon="-116.463833"><ele>1707.5674796800456</ele></trkpt>
    <trkpt lat="32.902815" lon="-116.463991"><ele>1706.8511416000104</ele></trkpt>
    <trkpt lat="32.902826" lon="-116.464219"><ele>1706.173599999991</ele></trkpt>
    <trkpt lat="32.902824" lon="-116.464402"><ele>1706.1664000000092</ele></trkpt>
    <trkpt lat="32.902862" lon="-116.464506"><ele>1706.1487891199952</ele></trkpt>
    <trkpt lat="32.902826" lon="-116.464748"><ele>1705.2543999999814</ele></trkpt>
    <trkpt lat="32.902795" lon="-116.464909"><ele>1704.4515999999617</ele></trkpt>
    <trkpt lat="32.902824" lon="-116.465013"><ele>1704.340587520018</ele></trkpt>
    <trkpt lat="32.902846" lon="-116.465241"><ele>1704.704282559972</ele></trkpt>
    <trkpt lat="32.902835" lon="-116.465593"><ele>1704.6614312000515</ele></trkpt>
    <trkpt lat="32.902795" lon="-116.465724"><ele>1703.6040031999914</ele></trkpt>
    <trkpt lat="32.902758" lon="-116.465791"><ele>1703.031701760009</ele></trkpt>
    <trkpt lat="32.902725" lon="-116.465866"><ele>1702.384799999937</ele></trkpt>
    <trkpt lat="32.902684" lon="-116.465955"><ele>1701.4488000000488</ele></trkpt>
    <trkpt lat="32.902623" lon="-116.466043"><ele>1700.3759999999952</ele></trkpt>
    <trkpt lat="32.902472" lon="-116.466167"><ele>1698.5773190400123</ele></trkpt>
    <trkpt lat="32.902263" lon="-116.466218"><ele>1697.9020886400197</ele></trkpt>
    <trkpt lat="32.902189" lon="-116.46629"><ele>1697.3842223999934</ele></trkpt>
    <trkpt lat="32.902103" lon="-116.46629"><ele>1698.2028048000232</ele></trkpt>
    <trkpt lat="32.902024" lon="-116.466311"><ele>1698.7819065599897</ele></trkpt>
    <trkpt lat="32.901973" lon="-116.466357"><ele>1698.9330014400032</ele></trkpt>
    <trkpt lat="32.901876" lon="-116.466373"><ele>1699.8395059199563</ele></trkpt>
    <trkpt lat="32.901774" lon="-116.466376"><ele>1700.905128959983</ele></trkpt>
    <trkpt lat="32.901693" lon="-116.4664"><ele>1701.6393920000307</ele></trkpt>
    <trkpt lat="32.901585" lon="-116.4664"><ele>1702.225760000053</ele></trkpt>
    <trkpt lat="32.901455" lon="-116.466421"><ele>1702.6188872000198</ele></trkpt>
    <trkpt lat="32.901369" lon="-116.466451"><ele>1702.8084195199763</ele></trkpt>
    <trkpt lat="32.901363" lon="-116.466448"><ele>1702.8268659199955</ele></trkpt>
    <trkpt lat="32.901297" lon="-116.466419"><ele>1702.963317439998</ele></trkpt>
    <trkpt lat="32.901297" lon="-116.466419"><ele>1702.963317439998</ele></trkpt>
    <trkpt lat="32.901259" lon="-116.466403"><ele>1702.996708159999</ele></trkpt>
    <trkpt lat="32.901222" lon="-116.46637"><ele>1703.1088544000138</ele></trkpt>
    <trkpt lat="32.901074" lon="-116.466314"><ele>1703.6367814400169</ele></trkpt>
    <trkpt lat="32.900962" lon="-116.46625"><ele>1704.2683999999883</ele></trkpt>
    <trkpt lat="32.9008" lon="-116.466188"><ele>1704.7564159999954</ele></trkpt>
    <trkpt lat="32.900743" lon="-116.466188"><ele>1704.8132153599954</ele></trkpt>
    <trkpt lat="32.900649" lon="-116.466231"><ele>1704.854809760006</ele></trkpt>
    <trkpt lat="32.900539" lon="-116.466279"><ele>1705.0595999999928</ele></trkpt>
    <trkpt lat="32.900491" lon="-116.46629"><ele>1705.2323999999917</ele></trkpt>
    <trkpt lat="32.90044" lon="-116.466274"><ele>1705.4159999999883</ele></trkpt>
    <trkpt lat="32.900268" lon="-116.466175"><ele>1706.09750400003</ele></trkpt>
    <trkpt lat="32.900169" lon="-116.466094"><ele>1707.2122774400223</ele></trkpt>
    <trkpt lat="32.900117" lon="-116.466059"><ele>1707.815417119982</ele></trkpt>
    <trkpt lat="32.900066" lon="-116.466051"><ele>1708.3386166399807</ele></trkpt>
    <trkpt lat="32.899998" lon="-116.466049"><ele>1708.9927999999873</ele></trkpt>
    <trkpt lat="32.899884" lon="-116.466015"><ele>1708.5824000000002</ele></trkpt>
    <trkpt lat="32.899857" lon="-116.466055"><ele>1708.48519999999</ele></trkpt>
    <trkpt lat="32.899857" lon="-116.466055"><ele>1708.48519999999</ele></trkpt>
    <trkpt lat="32.899825" lon="-116.466102"><ele>1708.3699999999994</ele></trkpt>
    <trkpt lat="32.899789" lon="-116.46622"><ele>1708.4439264000118</ele></trkpt>
    <trkpt lat="32.899746" lon="-116.466269"><ele>1708.5566899199907</ele></trkpt>
    <trkpt lat="32.899726" lon="-116.466325"><ele>1708.7626559999896</ele></trkpt>
    <trkpt lat="32.899692" lon="-116.466371"><ele>1708.181006720029</ele></trkpt>
    <trkpt lat="32.899602" lon="-116.466381"><ele>1705.9542915200377</ele></trkpt>
    <trkpt lat="32.899365" lon="-116.466494"><ele>1700.1986224000702</ele></trkpt>
    <trkpt lat="32.899151" lon="-116.466679"><ele>1695.984400000044</ele></trkpt>
    <trkpt lat="32.898827" lon="-116.466927"><ele>1695.314383679905</ele></trkpt>
    <trkpt lat="32.898561" lon="-116.467257"><ele>1694.3406139200836</ele></trkpt>
    <trkpt lat="32.898388" lon="-116.467562"><ele>1694.467199999931</ele></trkpt>
    <trkpt lat="32.898281" lon="-116.467789"><ele>1694.064022719845</ele></trkpt>
    <trkpt lat="32.898232" lon="-116.46978"><ele>1695.8112000000037</ele></trkpt>
    <trkpt lat="32.89822" lon="-116.469841"><ele>1695.5520000000442</ele></trkpt>
    <trkpt lat="32.898193" lon="-116.469887"><ele>1694.9687999999805</ele></trkpt>
    <trkpt lat="32.898205" lon="-116.470039"><ele>1695.1417943999445</ele></trkpt>
    <trkpt lat="32.898054" lon="-116.470159"><ele>1692.570816319985</ele></trkpt>
    <trkpt lat="32.897925" lon="-116.470237"><ele>1693.1162119999756</ele></trkpt>
    <trkpt lat="32.897765" lon="-116.470334"><ele>1694.0</ele></trkpt>
    <trkpt lat="32.897641" lon="-116.470474"><ele>1694.0</ele></trkpt>
    <trkpt lat="32.897442" lon="-116.470659"><ele>1693.2877571199956</ele></trkpt>
    <trkpt lat="32.897435" lon="-116.470664"><ele>1693.232953600011</ele></trkpt>
    <trkpt lat="32.897435" lon="-116.470664"><ele>1693.232953600011</ele></trkpt>
    <trkpt lat="32.897277" lon="-116.47078"><ele>1692.2350624000076</ele></trkpt>
    <trkpt lat="32.897133" lon="-116.470742"><ele>1691.5731894399853</ele></trkpt>
    <trkpt lat="32.896935" lon="-116.470642"><ele>1690.2877807999903</ele></trkpt>
    <trkpt lat="32.896732" lon="-116.470614"><ele>1689.606513919985</ele></trkpt>
    <trkpt lat="32.896448" lon="-116.470572"><ele>1689.0717977600182</ele></trkpt>
    <trkpt lat="32.896079" lon="-116.470565"><ele>1691.2390607999928</ele></trkpt>
    <trkpt lat="32.895944" lon="-116.470538"><ele>1691.8995366400827</ele></trkpt>
    <trkpt lat="32.895745" lon="-116.470431"><ele>1690.737373600099</ele></trkpt>
    <trkpt lat="32.895466" lon="-116.470476"><ele>1692.8779353600567</ele></trkpt>
    <trkpt lat="32.895214" lon="-116.470524"><ele>1695.2059174399603</ele></trkpt>
    <trkpt lat="32.895016" lon="-116.470487"><ele>1696.1586156800709</ele></trkpt>
    <trkpt lat="32.894921" lon="-116.470551"><ele>1697.514935840029</ele></trkpt>
    <trkpt lat="32.894665" lon="-116.470551"><ele>1698.7317784000172</ele></trkpt>
    <trkpt lat="32.894381" lon="-116.470685"><ele>1701.121634400024</ele></trkpt>
    <trkpt lat="32.894218" lon="-116.47083"><ele>1706.1910176001056</ele></trkpt>
    <trkpt lat="32.894007" lon="-116.470921"><ele>1709.2305931200394</ele></trkpt>
    <trkpt lat="32.89375" lon="-116.470953"><ele>1712.0077999999637</ele></trkpt>
    <trkpt lat="32.893516" lon="-116.470943"><ele>1714.264000000091</ele></trkpt>
    <trkpt lat="32.893393" lon="-116.470928"><ele>1714.9335999999867</ele></trkpt>
    <trkpt lat="32.893241" lon="-116.471002"><ele>1716.2982332799825</ele></trkpt>
    <trkpt lat="32.893048" lon="-116.471077"><ele>1717.3315999998933</ele></trkpt>
    <trkpt lat="32.892854" lon="-116.471214"><ele>1717.8271244800408</ele></trkpt>
    <trkpt lat="32.892777" lon="-116.471372"><ele>1719.7597702400249</ele></trkpt>
    <trkpt lat="32.892633" lon="-116.471381"><ele>1720.422402079936</ele></trkpt>
    <trkpt lat="32.892547" lon="-116.471452"><ele>1721.473957759991</ele></trkpt>
    <trkpt lat="32.892282" lon="-116.471597"><ele>1725.014027840009</ele></trkpt>
    <trkpt lat="32.891971" lon="-116.471576"><ele>1728.355596160018</ele></trkpt>
    <trkpt lat="32.891867" lon="-116.47149"><ele>1730.2141168000621</ele></trkpt>
    <trkpt lat="32.89175" lon="-116.471356"><ele>1732.6987199999555</ele></trkpt>
    <trkpt lat="32.89175" lon="-116.471356"><ele>1732.6987199999555</ele></trkpt>
    <trkpt lat="32.891669" lon="-116.471264"><ele>1734.0457766400289</ele></trkpt>
    <trkpt lat="32.891484" lon="-116.470991"><ele>1735.7255462400117</ele></trkpt>
    <trkpt lat="32.891268" lon="-116.470792"><ele>1737.4967577601117</ele></trkpt>
    <trkpt lat="32.891214" lon="-116.470878"><ele>1739.6899603200243</ele></trkpt>
    <trkpt lat="32.89089" lon="-116.471064"><ele>1745.2182015999956</ele></trkpt>
    <trkpt lat="32.89062" lon="-116.470953"><ele>1747.2718912000078</ele></trkpt>
    <trkpt lat="32.890547" lon="-116.470819"><ele>1747.8359892801273</ele></trkpt>
    <trkpt lat="32.890268" lon="-116.470755"><ele>1749.917126399961</ele></trkpt>
    <trkpt lat="32.890047" lon="-116.470808"><ele>1751.5417689600488</ele></trkpt>
    <trkpt lat="32.889939" lon="-116.470889"><ele>1751.204007839991</ele></trkpt>
    <trkpt lat="32.889881" lon="-116.470846"><ele>1751.071535040049</ele></trkpt>
    <trkpt lat="32.8898" lon="-116.470772"><ele>1750.0565759999793</ele></trkpt>
    <trkpt lat="32.889696" lon="-116.470894"><ele>1749.7815999999955</ele></trkpt>
    <trkpt lat="32.889714" lon="-116.470996"><ele>1749.4144000000017</ele></trkpt>
    <trkpt lat="32.889579" lon="-116.471002"><ele>1749.392800000005</ele></trkpt>
    <trkpt lat="32.889466" lon="-116.47112"><ele>1748.8744832000127</ele></trkpt>
    <trkpt lat="32.889281" lon="-116.471193"><ele>1747.8208000000068</ele></trkpt>
    <trkpt lat="32.889196" lon="-116.471302"><ele>1746.2512000000816</ele></trkpt>
    <trkpt lat="32.889011" lon="-116.47134"><ele>1744.1214304000714</ele></trkpt>
    <trkpt lat="32.88884" lon="-116.471329"><ele>1742.2359456000847</ele></trkpt>
    <trkpt lat="32.888687" lon="-116.471425"><ele>1737.716000000017</ele></trkpt>
    <trkpt lat="32.888556" lon="-116.471423"><ele>1735.5923999999907</ele></trkpt>
    <trkpt lat="32.888399" lon="-116.471388"><ele>1733.9672435198838</ele></trkpt>
    <trkpt lat="32.888187" lon="-116.471452"><ele>1730.8104000000276</ele></trkpt>
    <trkpt lat="32.888052" lon="-116.471365"><ele>1731.4077023999066</ele></trkpt>
    <trkpt lat="32.887908" lon="-116.471377"><ele>1730.2198060799274</ele></trkpt>
    <trkpt lat="32.88775" lon="-116.471463"><ele>1727.8393200000203</ele></trkpt>
    <trkpt lat="32.887525" lon="-116.471554"><ele>1727.3070960000691</ele></trkpt>
    <trkpt lat="32.887363" lon="-116.471608"><ele>1725.2807999999313</ele></trkpt>
    <trkpt lat="32.887241" lon="-116.471699"><ele>1722.6696000000084</ele></trkpt>
    <trkpt lat="32.88707" lon="-116.471697"><ele>1720.4310415999437</ele></trkpt>
    <trkpt lat="32.886935" lon="-116.471801"><ele>1717.5820848000042</ele></trkpt>
    <trkpt lat="32.8867" lon="-116.471853"><ele>1718.1682080000303</ele></trkpt>
    <trkpt lat="32.88661" lon="-116.471796"><ele>1718.3444352000033</ele></trkpt>
    <trkpt lat="32.886444" lon="-116.471887"><ele>1716.9351417600287</ele></trkpt>
    <trkpt lat="32.886327" lon="-116.471854"><ele>1716.5260310400981</ele></trkpt>
    <trkpt lat="32.886281" lon="-116.471928"><ele>1715.0813798398854</ele></trkpt>
    <trkpt lat="32.88611" lon="-116.471903"><ele>1713.8917968000603</ele></trkpt>
    <trkpt lat="32.88543" lon="-116.472541"><ele>1703.647284799869</ele></trkpt>
    <trkpt lat="32.885245" lon="-116.472745"><ele>1699.58999999992</ele></trkpt>
    <trkpt lat="32.885056" lon="-116.472809"><ele>1697.5272000000377</ele></trkpt>
    <trkpt lat="32.885047" lon="-116.472885"><ele>1695.85319999989</ele></trkpt>
    <trkpt lat="32.884935" lon="-116.472874"><ele>1695.8497151999097</ele></trkpt>
    <trkpt lat="32.884777" lon="-116.472949"><ele>1694.4884918400028</ele></trkpt>
    <trkpt lat="32.884669" lon="-116.472868"><ele>1695.3798316799403</ele></trkpt>
    <trkpt lat="32.884462" lon="-116.472831"><ele>1694.5394908800017</ele></trkpt>
    <trkpt lat="32.884218" lon="-116.472689"><ele>1694.9085379199378</ele></trkpt>
    <trkpt lat="32.884011" lon="-116.472568"><ele>1698.4572000000721</ele></trkpt>
    <trkpt lat="32.883831" lon="-116.472589"><ele>1699.6731713600097</ele></trkpt>
    <trkpt lat="32.883696" lon="-116.472643"><ele>1699.4778771199196</ele></trkpt>
    <trkpt lat="32.883263" lon="-116.472663"><ele>1698.8264000000204</ele></trkpt>
    <trkpt lat="32.883214" lon="-116.472724"><ele>1698.3872000000038</ele></trkpt>
    <trkpt lat="32.883079" lon="-116.472686"><ele>1698.6608000000292</ele></trkpt>
    <trkpt lat="32.882849" lon="-116.47275"><ele>1701.1743999999621</ele></trkpt>
    <trkpt lat="32.882727" lon="-116.472815"><ele>1701.7202856000226</ele></trkpt>
    <trkpt lat="32.882556" lon="-116.473051"><ele>1701.219918719997</ele></trkpt>
    <trkpt lat="32.882407" lon="-116.473221"><ele>1701.08220688004</ele></trkpt>
    <trkpt lat="32.88229" lon="-116.473437"><ele>1698.9377391999365</ele></trkpt>
    <trkpt lat="32.882182" lon="-116.473485"><ele>1698.7373216000697</ele></trkpt>
    <trkpt lat="32.882042" lon="-116.473625"><ele>1696.2312400000535</ele></trkpt>
    <trkpt lat="32.881943" lon="-116.473518"><ele>1698.33560000002</ele></trkpt>
    <trkpt lat="32.881808" lon="-116.473539"><ele>1697.547199999964</ele></trkpt>
    <trkpt lat="32.881601" lon="-116.473462"><ele>1698.493100480012</ele></trkpt>
    <trkpt lat="32.881439" lon="-116.473287"><ele>1701.1532000000052</ele></trkpt>
    <trkpt lat="32.881114" lon="-116.473276"><ele>1702.4024000000231</ele></trkpt>
    <trkpt lat="32.880903" lon="-116.473276"><ele>1701.818234880025</ele></trkpt>
    <trkpt lat="32.88079" lon="-116.473383"><ele>1700.5142928000037</ele></trkpt>
    <trkpt lat="32.880655" lon="-116.473405"><ele>1700.0076359999946</ele></trkpt>
    <trkpt lat="32.880421" lon="-116.473265"><ele>1699.5232000000042</ele></trkpt>
    <trkpt lat="32.880132" lon="-116.47311"><ele>1698.9803391999642</ele></trkpt>
    <trkpt lat="32.880024" lon="-116.47289"><ele>1699.7338943999669</ele></trkpt>
    <trkpt lat="32.879848" lon="-116.47282"><ele>1699.6816512000128</ele></trkpt>
    <trkpt lat="32.879736" lon="-116.472813"><ele>1699.6321785599787</ele></trkpt>
    <trkpt lat="32.879583" lon="-116.472719"><ele>1699.498799999988</ele></trkpt>
    <trkpt lat="32.87951" lon="-116.472759"><ele>1699.2360000000122</ele></trkpt>
    <trkpt lat="32.879346" lon="-116.472632"><ele>1698.1227891199783</ele></trkpt>
    <trkpt lat="32.879323" lon="-116.47248"><ele>1698.0221216000186</ele></trkpt>
    <trkpt lat="32.879222" lon="-116.47238"><ele>1696.6204543999952</ele></trkpt>
    <trkpt lat="32.879164" lon="-116.472284"><ele>1695.4021299200608</ele></trkpt>
    <trkpt lat="32.879064" lon="-116.472121"><ele>1693.2918822399981</ele></trkpt>
    <trkpt lat="32.879074" lon="-116.471951"><ele>1693.0149270400407</ele></trkpt>
    <trkpt lat="32.879231" lon="-116.471833"><ele>1693.011764160041</ele></trkpt>
    <trkpt lat="32.879297" lon="-116.471801"><ele>1692.482610239988</ele></trkpt>
    <trkpt lat="32.879297" lon="-116.471801"><ele>1692.482610239988</ele></trkpt>
    <trkpt lat="32.87943" lon="-116.471737"><ele>1691.090467200067</ele></trkpt>
    <trkpt lat="32.879547" lon="-116.471581"><ele>1688.3363999999885</ele></trkpt>
    <trkpt lat="32.879434" lon="-116.471413"><ele>1687.266927359979</ele></trkpt>
    <trkpt lat="32.879326" lon="-116.471254"><ele>1684.8505401600273</ele></trkpt>
    <trkpt lat="32.879182" lon="-116.471098"><ele>1681.87161087997</ele></trkpt>
    <trkpt lat="32.879015" lon="-116.471018"><ele>1678.475200000049</ele></trkpt>
    <trkpt lat="32.878821" lon="-116.471018"><ele>1675.926000000035</ele></trkpt>
    <trkpt lat="32.878569" lon="-116.470986"><ele>1672.7435999999348</ele></trkpt>
    <trkpt lat="32.878348" lon="-116.470986"><ele>1670.356799999976</ele></trkpt>
    <trkpt lat="32.878141" lon="-116.471053"><ele>1666.461250079958</ele></trkpt>
    <trkpt lat="32.877997" lon="-116.470969"><ele>1662.5190452799752</ele></trkpt>
    <trkpt lat="32.877826" lon="-116.470957"><ele>1659.6620867199706</ele></trkpt>
    <trkpt lat="32.877718" lon="-116.470776"><ele>1657.1836172800215</ele></trkpt>
    <trkpt lat="32.877654" lon="-116.470519"><ele>1656.8534409600186</ele></trkpt>
    <trkpt lat="32.877722" lon="-116.470181"><ele>1659.2952000000141</ele></trkpt>
    <trkpt lat="32.877605" lon="-116.47009"><ele>1659.1080000000265</ele></trkpt>
    <trkpt lat="32.877542" lon="-116.469977"><ele>1659.5633193599863</ele></trkpt>
    <trkpt lat="32.877456" lon="-116.469955"><ele>1659.2205216000277</ele></trkpt>
    <trkpt lat="32.877199" lon="-116.470029"><ele>1656.2567278400095</ele></trkpt>
    <trkpt lat="32.877091" lon="-116.469902"><ele>1656.8743999999167</ele></trkpt>
    <trkpt lat="32.876956" lon="-116.469886"><ele>1655.2183999999538</ele></trkpt>
    <trkpt lat="32.876812" lon="-116.469854"><ele>1653.720800000051</ele></trkpt>
    <trkpt lat="32.876636" lon="-116.469838"><ele>1651.3179852800336</ele></trkpt>
    <trkpt lat="32.876501" lon="-116.469902"><ele>1647.3960099198544</ele></trkpt>
    <trkpt lat="32.876348" lon="-116.469846"><ele>1645.295999999918</ele></trkpt>
    <trkpt lat="32.876312" lon="-116.46966"><ele>1648.5683967998511</ele></trkpt>
    <trkpt lat="32.87628" lon="-116.469435"><ele>1652.9586559999948</ele></trkpt>
    <trkpt lat="32.876298" lon="-116.469006"><ele>1657.004347520004</ele></trkpt>
    <trkpt lat="32.87633" lon="-116.468909"><ele>1658.3865488000952</ele></trkpt>
    <trkpt lat="32.876285" lon="-116.468704"><ele>1657.5497312000828</ele></trkpt>
    <trkpt lat="32.876249" lon="-116.468569"><ele>1656.5428542400418</ele></trkpt>
    <trkpt lat="32.876259" lon="-116.468419"><ele>1657.1598078399177</ele></trkpt>
    <trkpt lat="32.876125" lon="-116.467964"><ele>1656.7460800000736</ele></trkpt>
    <trkpt lat="32.876118" lon="-116.467733"><ele>1657.0580022399245</ele></trkpt>
    <trkpt lat="32.876217" lon="-116.467477"><ele>1658.8721099199322</ele></trkpt>
    <trkpt lat="32.876303" lon="-116.467256"><ele>1658.8276038400693</ele></trkpt>
    <trkpt lat="32.876352" lon="-116.467037"><ele>1657.6481958399647</ele></trkpt>
    <trkpt lat="32.876501" lon="-116.466939"><ele>1659.5518211199228</ele></trkpt>
    <trkpt lat="32.876541" lon="-116.466778"><ele>1658.449843840111</ele></trkpt>
    <trkpt lat="32.876465" lon="-116.466732"><ele>1656.4559103999786</ele></trkpt>
    <trkpt lat="32.876307" lon="-116.466732"><ele>1652.2875999998078</ele></trkpt>
    <trkpt lat="32.876075" lon="-116.466849"><ele>1647.0242719999574</ele></trkpt>
    <trkpt lat="32.876091" lon="-116.466759"><ele>1646.0885369599773</ele></trkpt>
    <trkpt lat="32.876091" lon="-116.466759"><ele>1646.0885369599773</ele></trkpt>
    <trkpt lat="32.876075" lon="-116.466849"><ele>1647.0242719999574</ele></trkpt>
    <trkpt lat="32.875957" lon="-116.466913"><ele>1645.4696134400267</ele></trkpt>
    <trkpt lat="32.875658" lon="-116.466804"><ele>1642.3829388800389</ele></trkpt>
    <trkpt lat="32.875584" lon="-116.46679"><ele>1642.303462399969</ele></trkpt>
    <trkpt lat="32.875496" lon="-116.466804"><ele>1641.8055987200423</ele></trkpt>
    <trkpt lat="32.875217" lon="-116.466976"><ele>1640.592511360004</ele></trkpt>
    <trkpt lat="32.875064" lon="-116.466997"><ele>1642.4108166399894</ele></trkpt>
    <trkpt lat="32.874961" lon="-116.466959"><ele>1643.9095139200365</ele></trkpt>
    <trkpt lat="32.874887" lon="-116.466933"><ele>1645.341639839954</ele></trkpt>
    <trkpt lat="32.874743" lon="-116.46694"><ele>1648.5043967998877</ele></trkpt>
    <trkpt lat="32.874748" lon="-116.466976"><ele>1648.7629158400969</ele></trkpt>
    <trkpt lat="32.874748" lon="-116.466976"><ele>1648.7629158400969</ele></trkpt>
    <trkpt lat="32.874766" lon="-116.467118"><ele>1649.7318630399664</ele></trkpt>
    <trkpt lat="32.874728" lon="-116.46734"><ele>1653.105599999995</ele></trkpt>
    <trkpt lat="32.874821" lon="-116.467424"><ele>1651.334400000017</ele></trkpt>
    <trkpt lat="32.874924" lon="-116.467604"><ele>1649.1217075200036</ele></trkpt>
    <trkpt lat="32.874852" lon="-116.468005"><ele>1650.1711392000595</ele></trkpt>
    <trkpt lat="32.874848" lon="-116.468161"><ele>1648.5782828800643</ele></trkpt>
    <trkpt lat="32.874816" lon="-116.46829"><ele>1647.8705343999711</ele></trkpt>
    <trkpt lat="32.874717" lon="-116.468606"><ele>1648.224454080154</ele></trkpt>
    <trkpt lat="32.874591" lon="-116.469094"><ele>1653.9899999999172</ele></trkpt>
    <trkpt lat="32.874636" lon="-116.469288"><ele>1651.0163481598227</ele></trkpt>
    <trkpt lat="32.874645" lon="-116.469422"><ele>1648.6726128000432</ele></trkpt>
    <trkpt lat="32.87451" lon="-116.469652"><ele>1650.6083392000323</ele></trkpt>
    <trkpt lat="32.874537" lon="-116.469765"><ele>1647.821425600187</ele></trkpt>
    <trkpt lat="32.874532" lon="-116.469856"><ele>1646.9100006400124</ele></trkpt>
    <trkpt lat="32.874456" lon="-116.469953"><ele>1648.2883225598734</ele></trkpt>
    <trkpt lat="32.874383" lon="-116.470167"><ele>1646.20717087988</ele></trkpt>
    <trkpt lat="32.874266" lon="-116.470446"><ele>1643.1092748801739</ele></trkpt>
    <trkpt lat="32.87414" lon="-116.470532"><ele>1644.9694591998987</ele></trkpt>
    <trkpt lat="32.874041" lon="-116.470564"><ele>1645.5968000001253</ele></trkpt>
    <trkpt lat="32.873933" lon="-116.470686"><ele>1644.0775999999714</ele></trkpt>
    <trkpt lat="32.873824" lon="-116.470806"><ele>1642.1560000001057</ele></trkpt>
    <trkpt lat="32.873658" lon="-116.470843"><ele>1642.4535999999616</ele></trkpt>
    <trkpt lat="32.873428" lon="-116.470918"><ele>1643.1488000000868</ele></trkpt>
    <trkpt lat="32.873014" lon="-116.471079"><ele>1645.612587519942</ele></trkpt>
    <trkpt lat="32.872892" lon="-116.471181"><ele>1644.1417420799826</ele></trkpt>
    <trkpt lat="32.872766" lon="-116.471219"><ele>1643.954995519958</ele></trkpt>
    <trkpt lat="32.87253" lon="-116.471362"><ele>1643.4414368000284</ele></trkpt>
    <trkpt lat="32.872352" lon="-116.471372"><ele>1645.9964057599648</ele></trkpt>
    <trkpt lat="32.872189" lon="-116.47138"><ele>1648.5149728000774</ele></trkpt>
    <trkpt lat="32.871928" lon="-116.471396"><ele>1651.1825689600544</ele></trkpt>
    <trkpt lat="32.871779" lon="-116.471353"><ele>1653.8992000001435</ele></trkpt>
    <trkpt lat="32.871254" lon="-116.471489"><ele>1659.3442102399094</ele></trkpt>
    <trkpt lat="32.871126" lon="-116.471521"><ele>1659.9649078400926</ele></trkpt>
    <trkpt lat="32.87075" lon="-116.471419"><ele>1659.4832000000224</ele></trkpt>
    <trkpt lat="32.870573" lon="-116.471212"><ele>1660.4163820800468</ele></trkpt>
    <trkpt lat="32.87058" lon="-116.471059"><ele>1662.1854912000242</ele></trkpt>
    <trkpt lat="32.870642" lon="-116.470804"><ele>1667.1175372799582</ele></trkpt>
    <trkpt lat="32.870545" lon="-116.470678"><ele>1668.7199999998804</ele></trkpt>
    <trkpt lat="32.870519" lon="-116.470574"><ele>1670.4048000000266</ele></trkpt>
    <trkpt lat="32.870531" lon="-116.470473"><ele>1672.0120000000215</ele></trkpt>
    <trkpt lat="32.870536" lon="-116.470269"><ele>1675.0487999999705</ele></trkpt>
    <trkpt lat="32.870467" lon="-116.470194"><ele>1676.1719999998454</ele></trkpt>
    <trkpt lat="32.87028" lon="-116.470038"><ele>1678.195199999956</ele></trkpt>
    <trkpt lat="32.870198" lon="-116.469819"><ele>1682.7996604799935</ele></trkpt>
    <trkpt lat="32.870126" lon="-116.469754"><ele>1683.622508160114</ele></trkpt>
    <trkpt lat="32.869959" lon="-116.469588"><ele>1684.9731999999856</ele></trkpt>
    <trkpt lat="32.869819" lon="-116.469497"><ele>1685.099199999924</ele></trkpt>
    <trkpt lat="32.869693" lon="-116.46939"><ele>1685.5879999999547</ele></trkpt>
    <trkpt lat="32.869639" lon="-116.46932"><ele>1686.3440000000412</ele></trkpt>
    <trkpt lat="32.869504" lon="-116.469234"><ele>1687.2727999999984</ele></trkpt>
    <trkpt lat="32.869432" lon="-116.469137"><ele>1688.6692307198691</ele></trkpt>
    <trkpt lat="32.869319" lon="-116.469035"><ele>1692.6066832000304</ele></trkpt>
    <trkpt lat="32.86908" lon="-116.468971"><ele>1697.6404000000487</ele></trkpt>
    <trkpt lat="32.869002" lon="-116.468921"><ele>1698.6628</ele></trkpt>
    <trkpt lat="32.868746" lon="-116.468855"><ele>1701.0880431999813</ele></trkpt>
    <trkpt lat="32.868508" lon="-116.468858"><ele>1702.0</ele></trkpt>
    <trkpt lat="32.868387" lon="-116.468907"><ele>1701.869599999989</ele></trkpt>
    <trkpt lat="32.868231" lon="-116.469069"><ele>1700.3347999999723</ele></trkpt>
    <trkpt lat="32.868076" lon="-116.46917"><ele>1699.024716799928</ele></trkpt>
    <trkpt lat="32.867954" lon="-116.469271"><ele>1697.7722387199337</ele></trkpt>
    <trkpt lat="32.867914" lon="-116.469411"><ele>1696.3780883200734</ele></trkpt>
    <trkpt lat="32.867832" lon="-116.469449"><ele>1696.5243987200504</ele></trkpt>
    <trkpt lat="32.867603" lon="-116.469422"><ele>1695.3248393600795</ele></trkpt>
    <trkpt lat="32.867544" lon="-116.469384"><ele>1695.093532159971</ele></trkpt>
    <trkpt lat="32.867454" lon="-116.469336"><ele>1694.5734502400467</ele></trkpt>
    <trkpt lat="32.867422" lon="-116.469234"><ele>1695.3623340799718</ele></trkpt>
    <trkpt lat="32.867494" lon="-116.46903"><ele>1697.9298271999794</ele></trkpt>
    <trkpt lat="32.867639" lon="-116.468976"><ele>1699.0301254399972</ele></trkpt>
    <trkpt lat="32.867657" lon="-116.468832"><ele>1700.06384703995</ele></trkpt>
    <trkpt lat="32.867648" lon="-116.468746"><ele>1700.8019276800412</ele></trkpt>
    <trkpt lat="32.867616" lon="-116.468579"><ele>1702.1155999999805</ele></trkpt>
    <trkpt lat="32.867549" lon="-116.468574"><ele>1702.1335999999862</ele></trkpt>
    <trkpt lat="32.867544" lon="-116.468478"><ele>1702.4791999999834</ele></trkpt>
    <trkpt lat="32.867526" lon="-116.46837"><ele>1702.868000000025</ele></trkpt>
    <trkpt lat="32.867458" lon="-116.468258"><ele>1703.271199999979</ele></trkpt>
    <trkpt lat="32.867445" lon="-116.468172"><ele>1703.5808000000159</ele></trkpt>
    <trkpt lat="32.867395" lon="-116.46807"><ele>1703.9480000000096</ele></trkpt>
    <trkpt lat="32.867377" lon="-116.467973"><ele>1704.2971999999977</ele></trkpt>
    <trkpt lat="32.867328" lon="-116.467952"><ele>1704.3728000000115</ele></trkpt>
    <trkpt lat="32.86713" lon="-116.467952"><ele>1704.8285696</ele></trkpt>
    <trkpt lat="32.866974" lon="-116.467874"><ele>1706.1312569600414</ele></trkpt>
    <trkpt lat="32.866843" lon="-116.467691"><ele>1707.1898230399981</ele></trkpt>
    <trkpt lat="32.866615" lon="-116.467539"><ele>1706.235200000034</ele></trkpt>
    <trkpt lat="32.866372" lon="-116.467491"><ele>1704.8439699199462</ele></trkpt>
    <trkpt lat="32.866188" lon="-116.467426"><ele>1703.6702604800291</ele></trkpt>
    <trkpt lat="32.866112" lon="-116.467427"><ele>1703.476759040008</ele></trkpt>
    <trkpt lat="32.866112" lon="-116.467427"><ele>1703.476759040008</ele></trkpt>
    <trkpt lat="32.865852" lon="-116.467431"><ele>1702.3386924800361</ele></trkpt>
    <trkpt lat="32.865682" lon="-116.467441"><ele>1699.985946559963</ele></trkpt>
    <trkpt lat="32.8654" lon="-116.467438"><ele>1697.3150080000073</ele></trkpt>
    <trkpt lat="32.865288" lon="-116.467412"><ele>1696.731658239984</ele></trkpt>
    <trkpt lat="32.865192" lon="-116.467242"><ele>1696.3799999999942</ele></trkpt>
    <trkpt lat="32.865142" lon="-116.467147"><ele>1696.4888000000046</ele></trkpt>
    <trkpt lat="32.865025" lon="-116.466911"><ele>1696.6908719999667</ele></trkpt>
    <trkpt lat="32.864944" lon="-116.466729"><ele>1694.8892390400197</ele></trkpt>
    <trkpt lat="32.864962" lon="-116.466525"><ele>1694.5198319999822</ele></trkpt>
    <trkpt lat="32.864879" lon="-116.466256"><ele>1693.257600000028</ele></trkpt>
    <trkpt lat="32.86475" lon="-116.466155"><ele>1691.4000000000124</ele></trkpt>
    <trkpt lat="32.864439" lon="-116.466025"><ele>1691.0196000000096</ele></trkpt>
    <trkpt lat="32.864313" lon="-116.465901"><ele>1691.47319999999</ele></trkpt>
    <trkpt lat="32.864123" lon="-116.465723"><ele>1690.9536398399764</ele></trkpt>
    <trkpt lat="32.864" lon="-116.46558"><ele>1689.5232000000033</ele></trkpt>
    <trkpt lat="32.863948" lon="-116.465457"><ele>1689.212800000002</ele></trkpt>
    <trkpt lat="32.863845" lon="-116.465211"><ele>1689.037983200004</ele></trkpt>
    <trkpt lat="32.863836" lon="-116.46505"><ele>1689.1561279999992</ele></trkpt>
    <trkpt lat="32.863818" lon="-116.464996"><ele>1689.2803251199973</ele></trkpt>
    <trkpt lat="32.863953" lon="-116.464712"><ele>1690.5751999999632</ele></trkpt>
    <trkpt lat="32.863993" lon="-116.464545"><ele>1690.8883999999914</ele></trkpt>
    <trkpt lat="32.864011" lon="-116.464417"><ele>1691.1327350400177</ele></trkpt>
    <trkpt lat="32.864056" lon="-116.464207"><ele>1690.6231046400285</ele></trkpt>
    <trkpt lat="32.864106" lon="-116.464073"><ele>1689.1991999999996</ele></trkpt>
    <trkpt lat="32.864124" lon="-116.463864"><ele>1687.2560000000594</ele></trkpt>
    <trkpt lat="32.864065" lon="-116.463499"><ele>1683.656800000042</ele></trkpt>
    <trkpt lat="32.86399" lon="-116.463339"><ele>1683.5848000000183</ele></trkpt>
    <trkpt lat="32.863886" lon="-116.463174"><ele>1685.5944000000115</ele></trkpt>
    <trkpt lat="32.863692" lon="-116.462754"><ele>1686.5625267200226</ele></trkpt>
    <trkpt lat="32.863462" lon="-116.462426"><ele>1684.2007999999305</ele></trkpt>
    <trkpt lat="32.863331" lon="-116.46233"><ele>1683.163999999939</ele></trkpt>
    <trkpt lat="32.863074" lon="-116.462147"><ele>1681.729200000006</ele></trkpt>
    <trkpt lat="32.862917" lon="-116.462062"><ele>1681.135492160023</ele></trkpt>
    <trkpt lat="32.862863" lon="-116.462026"><ele>1680.8039235199597</ele></trkpt>
    <trkpt lat="32.862701" lon="-116.46194"><ele>1679.431200000004</ele></trkpt>
    <trkpt lat="32.862565" lon="-116.461863"><ele>1678.1747999999525</ele></trkpt>
    <trkpt lat="32.862565" lon="-116.461863"><ele>1678.1747999999525</ele></trkpt>
    <trkpt lat="32.86252" lon="-116.461837"><ele>1677.7572000000355</ele></trkpt>
    <trkpt lat="32.862387" lon="-116.46174"><ele>1677.7781952000382</ele></trkpt>
    <trkpt lat="32.862174" lon="-116.461625"><ele>1677.678840000022</ele></trkpt>
    <trkpt lat="32.862079" lon="-116.461607"><ele>1677.0795508800072</ele></trkpt>
    <trkpt lat="32.861963" lon="-116.461629"><ele>1676.2601419200128</ele></trkpt>
    <trkpt lat="32.8618" lon="-116.461672"><ele>1674.9784319999933</ele></trkpt>
    <trkpt lat="32.861556" lon="-116.461897"><ele>1673.1351532799924</ele></trkpt>
    <trkpt lat="32.861394" lon="-116.462004"><ele>1672.2551449599518</ele></trkpt>
    <trkpt lat="32.861259" lon="-116.462079"><ele>1671.7902945599885</ele></trkpt>
    <trkpt lat="32.861124" lon="-116.462122"><ele>1671.0760588799792</ele></trkpt>
    <trkpt lat="32.861124" lon="-116.462122"><ele>1671.0760588799792</ele></trkpt>
    <trkpt lat="32.861259" lon="-116.462079"><ele>1671.7902945599885</ele></trkpt>
    <trkpt lat="32.861394" lon="-116.462004"><ele>1672.2551449599518</ele></trkpt>
    <trkpt lat="32.861556" lon="-116.461897"><ele>1673.1351532799924</ele></trkpt>
    <trkpt lat="32.8618" lon="-116.461672"><ele>1674.9784319999933</ele></trkpt>
    <trkpt lat="32.861963" lon="-116.461629"><ele>1676.2601419200128</ele></trkpt>
    <trkpt lat="32.862079" lon="-116.461607"><ele>1677.0795508800072</ele></trkpt>
    <trkpt lat="32.862174" lon="-116.461625"><ele>1677.678840000022</ele></trkpt>
    <trkpt lat="32.862387" lon="-116.46174"><ele>1677.7781952000382</ele></trkpt>
    <trkpt lat="32.86252" lon="-116.461837"><ele>1677.7572000000355</ele></trkpt>
    <trkpt lat="32.862638" lon="-116.461828"><ele>1678.5743999999672</ele></trkpt>
    <trkpt lat="32.862972" lon="-116.461995"><ele>1680.9359456000059</ele></trkpt>
    <trkpt lat="32.863224" lon="-116.462053"><ele>1681.3907999999906</ele></trkpt>
    <trkpt lat="32.863422" lon="-116.462101"><ele>1681.70289888001</ele></trkpt>
    <trkpt lat="32.863671" lon="-116.462349"><ele>1683.3692000000349</ele></trkpt>
    <trkpt lat="32.863878" lon="-116.462444"><ele>1684.3952000000536</ele></trkpt>
    <trkpt lat="32.864062" lon="-116.462477"><ele>1684.1284000000855</ele></trkpt>
    <trkpt lat="32.864062" lon="-116.462477"><ele>1684.1284000000855</ele></trkpt>
    <trkpt lat="32.864116" lon="-116.462487"><ele>1684.0419999999456</ele></trkpt>
    <trkpt lat="32.864305" lon="-116.462632"><ele>1683.4791999999854</ele></trkpt>
    <trkpt lat="32.864394" lon="-116.462602"><ele>1682.730400000034</ele></trkpt>
    <trkpt lat="32.864458" lon="-116.462623"><ele>1682.39399999998</ele></trkpt>
    <trkpt lat="32.864624" lon="-116.462716"><ele>1682.1312000000044</ele></trkpt>
    <trkpt lat="32.864801" lon="-116.462778"><ele>1681.9995462399997</ele></trkpt>
    <trkpt lat="32.864973" lon="-116.462838"><ele>1681.6085459199692</ele></trkpt>
    <trkpt lat="32.865238" lon="-116.462906"><ele>1678.9677011199785</ele></trkpt>
    <trkpt lat="32.865568" lon="-116.463044"><ele>1677.126136320036</ele></trkpt>
    <trkpt lat="32.865828" lon="-116.463079"><ele>1677.8964000000256</ele></trkpt>
    <trkpt lat="32.865995" lon="-116.463121"><ele>1676.7375192000106</ele></trkpt>
    <trkpt lat="32.865995" lon="-116.463121"><ele>1676.7375192000106</ele></trkpt>
    <trkpt lat="32.866176" lon="-116.462995"><ele>1676.1670751999798</ele></trkpt>
    <trkpt lat="32.866306" lon="-116.46282"><ele>1676.253043200002</ele></trkpt>
    <trkpt lat="32.866444" lon="-116.462566"><ele>1676.0</ele></trkpt>
    <trkpt lat="32.866589" lon="-116.462339"><ele>1676.1620561600048</ele></trkpt>
    <trkpt lat="32.866796" lon="-116.462171"><ele>1676.111230080003</ele></trkpt>
    <trkpt lat="32.86695" lon="-116.461911"><ele>1675.0755839999754</ele></trkpt>
    <trkpt lat="32.867211" lon="-116.461503"><ele>1672.679388960041</ele></trkpt>
    <trkpt lat="32.867502" lon="-116.46136"><ele>1669.9855999999872</ele></trkpt>
    <trkpt lat="32.867681" lon="-116.46129"><ele>1668.696800000018</ele></trkpt>
    <trkpt lat="32.867922" lon="-116.461297"><ele>1667.3051027199929</ele></trkpt>
    <trkpt lat="32.868147" lon="-116.461143"><ele>1666.642560799986</ele></trkpt>
    <trkpt lat="32.868322" lon="-116.461015"><ele>1665.5189663999633</ele></trkpt>
    <trkpt lat="32.868282" lon="-116.460621"><ele>1668.9927388799877</ele></trkpt>
    <trkpt lat="32.86874" lon="-116.46042"><ele>1662.4407039999523</ele></trkpt>
    <trkpt lat="32.868964" lon="-116.46019"><ele>1659.8683072000606</ele></trkpt>
    <trkpt lat="32.869218" lon="-116.460111"><ele>1657.6178147200926</ele></trkpt>
    <trkpt lat="32.869366" lon="-116.459981"><ele>1652.8046838400176</ele></trkpt>
    <trkpt lat="32.869454" lon="-116.459786"><ele>1649.928392960016</ele></trkpt>
    <trkpt lat="32.869536" lon="-116.459566"><ele>1647.886400000004</ele></trkpt>
    <trkpt lat="32.869537" lon="-116.459563"><ele>1647.854000000008</ele></trkpt>
    <trkpt lat="32.869559" lon="-116.459579"><ele>1647.73160000001</ele></trkpt>
    <trkpt lat="32.869559" lon="-116.459579"><ele>1647.73160000001</ele></trkpt>
    <trkpt lat="32.869537" lon="-116.459563"><ele>1647.854000000008</ele></trkpt>
    <trkpt lat="32.869536" lon="-116.459566"><ele>1647.886400000004</ele></trkpt>
    <trkpt lat="32.869602" lon="-116.459437"><ele>1646.2715999999748</ele></trkpt>
    <trkpt lat="32.869694" lon="-116.459054"><ele>1644.669191039992</ele></trkpt>
    <trkpt lat="32.869685" lon="-116.458839"><ele>1645.2439336000186</ele></trkpt>
    <trkpt lat="32.869568" lon="-116.4587"><ele>1645.7328639999814</ele></trkpt>
    <trkpt lat="32.869451" lon="-116.458592"><ele>1645.978023680007</ele></trkpt>
    <trkpt lat="32.869351" lon="-116.458389"><ele>1645.4620291200022</ele></trkpt>
    <trkpt lat="32.869271" lon="-116.458317"><ele>1644.8100000000054</ele></trkpt>
    <trkpt lat="32.869207" lon="-116.45826"><ele>1644.5544000000373</ele></trkpt>
    <trkpt lat="32.869243" lon="-116.45812"><ele>1645.3176000000024</ele></trkpt>
    <trkpt lat="32.869297" lon="-116.457991"><ele>1646.294157919982</ele></trkpt>
    <trkpt lat="32.869311" lon="-116.457673"><ele>1647.8968000000127</ele></trkpt>
    <trkpt lat="32.869315" lon="-116.457358"><ele>1648.534000000001</ele></trkpt>
    <trkpt lat="32.869297" lon="-116.457101"><ele>1648.700841120017</ele></trkpt>
    <trkpt lat="32.86927" lon="-116.456811"><ele>1649.3016911999955</ele></trkpt>
    <trkpt lat="32.869368" lon="-116.456394"><ele>1650.2567999999835</ele></trkpt>
    <trkpt lat="32.86944" lon="-116.455975"><ele>1651.01568000001</ele></trkpt>
    <trkpt lat="32.869548" lon="-116.455599"><ele>1652.3727059199564</ele></trkpt>
    <trkpt lat="32.869463" lon="-116.455227"><ele>1654.0614110400038</ele></trkpt>
    <trkpt lat="32.869411" lon="-116.45503"><ele>1655.1458032000237</ele></trkpt>
    <trkpt lat="32.869411" lon="-116.45503"><ele>1655.1458032000237</ele></trkpt>
    <trkpt lat="32.869135" lon="-116.455017"><ele>1657.228</ele></trkpt>
    <trkpt lat="32.868832" lon="-116.455011"><ele>1659.0081100799996</ele></trkpt>
    <trkpt lat="32.868574" lon="-116.455052"><ele>1659.0285900799943</ele></trkpt>
    <trkpt lat="32.86833" lon="-116.454927"><ele>1657.9551536000045</ele></trkpt>
    <trkpt lat="32.868257" lon="-116.454678"><ele>1657.7844444799814</ele></trkpt>
    <trkpt lat="32.868131" lon="-116.454341"><ele>1662.489600000008</ele></trkpt>
    <trkpt lat="32.867971" lon="-116.454045"><ele>1665.6093456000233</ele></trkpt>
    <trkpt lat="32.867791" lon="-116.453839"><ele>1664.924148959983</ele></trkpt>
    <trkpt lat="32.867592" lon="-116.45361"><ele>1666.6805247999837</ele></trkpt>
    <trkpt lat="32.867494" lon="-116.4534"><ele>1668.9051519999782</ele></trkpt>
    <trkpt lat="32.867324" lon="-116.45311"><ele>1672.3719423999557</ele></trkpt>
    <trkpt lat="32.86719" lon="-116.453024"><ele>1672.8552448000082</ele></trkpt>
    <trkpt lat="32.867049" lon="-116.452971"><ele>1671.677552320019</ele></trkpt>
    <trkpt lat="32.866968" lon="-116.452852"><ele>1670.5610828799777</ele></trkpt>
    <trkpt lat="32.866871" lon="-116.452679"><ele>1670.2735999999989</ele></trkpt>
    <trkpt lat="32.866713" lon="-116.452385"><ele>1671.8114551998895</ele></trkpt>
    <trkpt lat="32.866553" lon="-116.452068"><ele>1674.6852364800718</ele></trkpt>
    <trkpt lat="32.866474" lon="-116.451771"><ele>1678.297148480039</ele></trkpt>
    <trkpt lat="32.866285" lon="-116.451197"><ele>1682.1880408000648</ele></trkpt>
    <trkpt lat="32.866213" lon="-116.451042"><ele>1683.4975999999924</ele></trkpt>
    <trkpt lat="32.866136" lon="-116.450969"><ele>1684.0231999999955</ele></trkpt>
    <trkpt lat="32.866001" lon="-116.45083"><ele>1686.208443200053</ele></trkpt>
    <trkpt lat="32.865897" lon="-116.450685"><ele>1687.96879280006</ele></trkpt>
    <trkpt lat="32.865796" lon="-116.450422"><ele>1688.2374195200052</ele></trkpt>
    <trkpt lat="32.865733" lon="-116.450218"><ele>1688.2902697599445</ele></trkpt>
    <trkpt lat="32.865634" lon="-116.45003"><ele>1690.4711008000152</ele></trkpt>
    <trkpt lat="32.865544" lon="-116.449864"><ele>1692.9592652799274</ele></trkpt>
    <trkpt lat="32.865412" lon="-116.449783"><ele>1693.8341516800358</ele></trkpt>
    <trkpt lat="32.86521" lon="-116.449623"><ele>1694.9844431999716</ele></trkpt>
    <trkpt lat="32.865021" lon="-116.449462"><ele>1695.944422080019</ele></trkpt>
    <trkpt lat="32.864863" lon="-116.449236"><ele>1697.5008000000066</ele></trkpt>
    <trkpt lat="32.864782" lon="-116.449086"><ele>1699.0991059200824</ele></trkpt>
    <trkpt lat="32.864647" lon="-116.448936"><ele>1702.2258553599836</ele></trkpt>
    <trkpt lat="32.864494" lon="-116.448845"><ele>1704.837174399946</ele></trkpt>
    <trkpt lat="32.864372" lon="-116.448727"><ele>1706.861623039953</ele></trkpt>
    <trkpt lat="32.864246" lon="-116.448539"><ele>1707.8626835200043</ele></trkpt>
    <trkpt lat="32.864066" lon="-116.448249"><ele>1709.6167014399805</ele></trkpt>
    <trkpt lat="32.863971" lon="-116.447976"><ele>1710.371059840013</ele></trkpt>
    <trkpt lat="32.863908" lon="-116.447659"><ele>1711.9534188799992</ele></trkpt>
    <trkpt lat="32.863863" lon="-116.447375"><ele>1714.716120000091</ele></trkpt>
    <trkpt lat="32.863768" lon="-116.447187"><ele>1716.6532332800089</ele></trkpt>
    <trkpt lat="32.863669" lon="-116.447005"><ele>1718.088737599968</ele></trkpt>
    <trkpt lat="32.863602" lon="-116.446817"><ele>1719.3285513600463</ele></trkpt>
    <trkpt lat="32.863543" lon="-116.446688"><ele>1720.2980313600526</ele></trkpt>
    <trkpt lat="32.863448" lon="-116.446559"><ele>1721.148401280065</ele></trkpt>
    <trkpt lat="32.863313" lon="-116.446452"><ele>1721.53800000009</ele></trkpt>
    <trkpt lat="32.863133" lon="-116.446383"><ele>1724.217821120049</ele></trkpt>
    <trkpt lat="32.862948" lon="-116.446222"><ele>1725.4256512000202</ele></trkpt>
    <trkpt lat="32.862772" lon="-116.445948"><ele>1725.9079449599747</ele></trkpt>
    <trkpt lat="32.862687" lon="-116.445787"><ele>1727.3532000000423</ele></trkpt>
    <trkpt lat="32.862561" lon="-116.445648"><ele>1726.993199999954</ele></trkpt>
    <trkpt lat="32.862367" lon="-116.445551"><ele>1725.5793046400079</ele></trkpt>
    <trkpt lat="32.862151" lon="-116.445422"><ele>1725.7308000000771</ele></trkpt>
    <trkpt lat="32.861957" lon="-116.445293"><ele>1728.7547999999879</ele></trkpt>
    <trkpt lat="32.861822" lon="-116.445058"><ele>1731.1136000000267</ele></trkpt>
    <trkpt lat="32.861587" lon="-116.444939"><ele>1734.0170187199865</ele></trkpt>
    <trkpt lat="32.861371" lon="-116.444859"><ele>1736.0</ele></trkpt>
    <trkpt lat="32.861245" lon="-116.444703"><ele>1735.969136800009</ele></trkpt>
    <trkpt lat="32.861078" lon="-116.444607"><ele>1736.4147999999825</ele></trkpt>
    <trkpt lat="32.861078" lon="-116.444607"><ele>1736.4147999999825</ele></trkpt>
    <trkpt lat="32.86115" lon="-116.444457"><ele>1736.5537839999786</ele></trkpt>
    <trkpt lat="32.861231" lon="-116.444253"><ele>1736.0026587200234</ele></trkpt>
    <trkpt lat="32.861289" lon="-116.444091"><ele>1736.5364000000025</ele></trkpt>
    <trkpt lat="32.861376" lon="-116.443952"><ele>1737.4112000000446</ele></trkpt>
    <trkpt lat="32.861502" lon="-116.443856"><ele>1738.425387520042</ele></trkpt>
    <trkpt lat="32.861574" lon="-116.443727"><ele>1739.942822080059</ele></trkpt>
    <trkpt lat="32.861637" lon="-116.44362"><ele>1741.0073824000422</ele></trkpt>
    <trkpt lat="32.861718" lon="-116.443448"><ele>1742.3591999999858</ele></trkpt>
    <trkpt lat="32.86188" lon="-116.443512"><ele>1742.4816000000092</ele></trkpt>
    <trkpt lat="32.862006" lon="-116.443512"><ele>1742.7926668800144</ele></trkpt>
    <trkpt lat="32.862196" lon="-116.443545"><ele>1742.6915327999945</ele></trkpt>
    <trkpt lat="32.862376" lon="-116.443523"><ele>1742.5736019200187</ele></trkpt>
    <trkpt lat="32.862538" lon="-116.443523"><ele>1742.2688000000144</ele></trkpt>
    <trkpt lat="32.862682" lon="-116.443502"><ele>1742.5712000000694</ele></trkpt>
    <trkpt lat="32.862772" lon="-116.443437"><ele>1743.5071999999573</ele></trkpt>
    <trkpt lat="32.862881" lon="-116.443384"><ele>1744.7097798400766</ele></trkpt>
    <trkpt lat="32.863052" lon="-116.443405"><ele>1745.2098976000311</ele></trkpt>
    <trkpt lat="32.863214" lon="-116.443405"><ele>1744.5266896000103</ele></trkpt>
    <trkpt lat="32.863367" lon="-116.443362"><ele>1744.1337078399836</ele></trkpt>
    <trkpt lat="32.863448" lon="-116.44333"><ele>1744.445939199963</ele></trkpt>
    <trkpt lat="32.863512" lon="-116.443244"><ele>1745.3090406399472</ele></trkpt>
    <trkpt lat="32.86362" lon="-116.443073"><ele>1746.0971999999592</ele></trkpt>
    <trkpt lat="32.86371" lon="-116.442965"><ele>1748.7358319999544</ele></trkpt>
    <trkpt lat="32.863764" lon="-116.442826"><ele>1750.6930483200586</ele></trkpt>
    <trkpt lat="32.863809" lon="-116.442676"><ele>1752.3683532799612</ele></trkpt>
    <trkpt lat="32.863908" lon="-116.442493"><ele>1753.9816</ele></trkpt>
    <trkpt lat="32.864062" lon="-116.442407"><ele>1754.0463999999902</ele></trkpt>
    <trkpt lat="32.864214" lon="-116.442407"><ele>1754.0103999999574</ele></trkpt>
    <trkpt lat="32.864386" lon="-116.442493"><ele>1754.6296000000307</ele></trkpt>
    <trkpt lat="32.864557" lon="-116.442654"><ele>1757.5049571199984</ele></trkpt>
    <trkpt lat="32.864719" lon="-116.442708"><ele>1759.7110860799967</ele></trkpt>
    <trkpt lat="32.864916" lon="-116.442747"><ele>1759.8891999999896</ele></trkpt>
    <trkpt lat="32.864916" lon="-116.442747"><ele>1759.8891999999896</ele></trkpt>
    <trkpt lat="32.865002" lon="-116.442764"><ele>1759.9503999999886</ele></trkpt>
    <trkpt lat="32.865087" lon="-116.442882"><ele>1759.8824873599995</ele></trkpt>
    <trkpt lat="32.865248" lon="-116.442944"><ele>1759.4657484800068</ele></trkpt>
    <trkpt lat="32.865291" lon="-116.443088"><ele>1758.9468403200026</ele></trkpt>
    <trkpt lat="32.865384" lon="-116.44318"><ele>1758.4462848000085</ele></trkpt>
    <trkpt lat="32.86552" lon="-116.443329"><ele>1757.269603200007</ele></trkpt>
    <trkpt lat="32.865701" lon="-116.443404"><ele>1756.100803839991</ele></trkpt>
    <trkpt lat="32.865723" lon="-116.443534"><ele>1755.387862719999</ele></trkpt>
    <trkpt lat="32.865783" lon="-116.44361"><ele>1755.0047247999714</ele></trkpt>
    <trkpt lat="32.865921" lon="-116.443802"><ele>1755.2168803200063</ele></trkpt>
    <trkpt lat="32.86593" lon="-116.443892"><ele>1755.351897600002</ele></trkpt>
    <trkpt lat="32.865927" lon="-116.444018"><ele>1755.4939305599958</ele></trkpt>
    <trkpt lat="32.865869" lon="-116.444235"><ele>1754.9792135999974</ele></trkpt>
    <trkpt lat="32.865887" lon="-116.444435"><ele>1754.2337688000086</ele></trkpt>
    <trkpt lat="32.865905" lon="-116.444515"><ele>1754.1269360000047</ele></trkpt>
    <trkpt lat="32.86596" lon="-116.444609"><ele>1753.9157311999998</ele></trkpt>
    <trkpt lat="32.866049" lon="-116.444715"><ele>1753.2639727999988</ele></trkpt>
    <trkpt lat="32.866131" lon="-116.444851"><ele>1751.5428124799919</ele></trkpt>
    <trkpt lat="32.866149" lon="-116.44493"><ele>1750.5519456000068</ele></trkpt>
    <trkpt lat="32.866126" lon="-116.445037"><ele>1749.626399999996</ele></trkpt>
    <trkpt lat="32.866045" lon="-116.445159"><ele>1749.9778935999877</ele></trkpt>
    <trkpt lat="32.86603" lon="-116.445232"><ele>1749.937235199942</ele></trkpt>
    <trkpt lat="32.866067" lon="-116.445302"><ele>1748.9389526399805</ele></trkpt>
    <trkpt lat="32.866216" lon="-116.44542"><ele>1747.2447999999895</ele></trkpt>
    <trkpt lat="32.866555" lon="-116.445797"><ele>1746.4276368000055</ele></trkpt>
    <trkpt lat="32.866625" lon="-116.445859"><ele>1746.0714600000076</ele></trkpt>
    <trkpt lat="32.866761" lon="-116.445934"><ele>1745.051857920056</ele></trkpt>
    <trkpt lat="32.86688" lon="-116.446023"><ele>1743.5004192000138</ele></trkpt>
    <trkpt lat="32.867169" lon="-116.446306"><ele>1740.9724531199388</ele></trkpt>
    <trkpt lat="32.867288" lon="-116.446475"><ele>1739.8533919999757</ele></trkpt>
    <trkpt lat="32.867348" lon="-116.446529"><ele>1739.720007680009</ele></trkpt>
    <trkpt lat="32.867407" lon="-116.446545"><ele>1739.7293575999977</ele></trkpt>
    <trkpt lat="32.86754" lon="-116.446537"><ele>1739.7128191999607</ele></trkpt>
    <trkpt lat="32.867728" lon="-116.446619"><ele>1737.8424492800195</ele></trkpt>
    <trkpt lat="32.868026" lon="-116.446628"><ele>1735.630399999954</ele></trkpt>
    <trkpt lat="32.868304" lon="-116.446835"><ele>1733.8519936000437</ele></trkpt>
    <trkpt lat="32.868385" lon="-116.446868"><ele>1733.0947744000127</ele></trkpt>
    <trkpt lat="32.86861" lon="-116.446836"><ele>1731.570476799959</ele></trkpt>
    <trkpt lat="32.868705" lon="-116.446892"><ele>1729.6773855999456</ele></trkpt>
    <trkpt lat="32.868842" lon="-116.446893"><ele>1728.0932617599583</ele></trkpt>
    <trkpt lat="32.868953" lon="-116.446856"><ele>1727.9552000000344</ele></trkpt>
    <trkpt lat="32.869047" lon="-116.446863"><ele>1727.8796000000718</ele></trkpt>
    <trkpt lat="32.869128" lon="-116.446915"><ele>1727.317999999955</ele></trkpt>
    <trkpt lat="32.869198" lon="-116.446866"><ele>1727.7344000000103</ele></trkpt>
    <trkpt lat="32.869379" lon="-116.446862"><ele>1727.1260000000368</ele></trkpt>
    <trkpt lat="32.86945" lon="-116.446788"><ele>1727.620864000016</ele></trkpt>
    <trkpt lat="32.86952" lon="-116.446729"><ele>1727.4497631999272</ele></trkpt>
    <trkpt lat="32.869585" lon="-116.446588"><ele>1728.6215967999149</ele></trkpt>
    <trkpt lat="32.869624" lon="-116.446532"><ele>1729.2838988799142</ele></trkpt>
    <trkpt lat="32.869707" lon="-116.446553"><ele>1728.5299033601245</ele></trkpt>
    <trkpt lat="32.869778" lon="-116.446577"><ele>1727.464036479916</ele></trkpt>
    <trkpt lat="32.86986" lon="-116.446574"><ele>1726.8445312000206</ele></trkpt>
    <trkpt lat="32.869987" lon="-116.446763"><ele>1722.0837697599356</ele></trkpt>
    <trkpt lat="32.870083" lon="-116.446807"><ele>1720.883692479904</ele></trkpt>
    <trkpt lat="32.870152" lon="-116.446825"><ele>1720.1189919999613</ele></trkpt>
    <trkpt lat="32.870349" lon="-116.446818"><ele>1718.390086720147</ele></trkpt>
    <trkpt lat="32.870523" lon="-116.4469"><ele>1715.010352000025</ele></trkpt>
    <trkpt lat="32.870667" lon="-116.446914"><ele>1713.2347999999315</ele></trkpt>
    <trkpt lat="32.870783" lon="-116.446889"><ele>1712.341999999985</ele></trkpt>
    <trkpt lat="32.87087" lon="-116.446902"><ele>1711.5708608000798</ele></trkpt>
    <trkpt lat="32.870998" lon="-116.447011"><ele>1710.6183651199806</ele></trkpt>
    <trkpt lat="32.87146" lon="-116.447171"><ele>1710.1844000000096</ele></trkpt>
    <trkpt lat="32.871652" lon="-116.447458"><ele>1709.151200000009</ele></trkpt>
    <trkpt lat="32.871719" lon="-116.447621"><ele>1707.0692000000327</ele></trkpt>
    <trkpt lat="32.871732" lon="-116.447658"><ele>1706.4895999999353</ele></trkpt>
    <trkpt lat="32.871732" lon="-116.447658"><ele>1706.4895999999353</ele></trkpt>
    <trkpt lat="32.87179" lon="-116.447826"><ele>1703.8615999999197</ele></trkpt>
    <trkpt lat="32.871926" lon="-116.448077"><ele>1699.8245478400183</ele></trkpt>
    <trkpt lat="32.871977" lon="-116.44815"><ele>1698.9800000000187</ele></trkpt>
    <trkpt lat="32.872247" lon="-116.448425"><ele>1696.1884000000084</ele></trkpt>
    <trkpt lat="32.872304" lon="-116.448518"><ele>1695.5943999999213</ele></trkpt>
    <trkpt lat="32.872404" lon="-116.448812"><ele>1693.639075839975</ele></trkpt>
    <trkpt lat="32.872753" lon="-116.449307"><ele>1691.4957276799864</ele></trkpt>
    <trkpt lat="32.872836" lon="-116.449454"><ele>1690.9511795199853</ele></trkpt>
    <trkpt lat="32.872899" lon="-116.449695"><ele>1689.310734399984</ele></trkpt>
    <trkpt lat="32.872968" lon="-116.449887"><ele>1687.44399999997</ele></trkpt>
    <trkpt lat="32.872988" lon="-116.450064"><ele>1686.1999667200146</ele></trkpt>
    <trkpt lat="32.872988" lon="-116.450673"><ele>1684.0260499200137</ele></trkpt>
    <trkpt lat="32.873008" lon="-116.450818"><ele>1683.5498995200182</ele></trkpt>
    <trkpt lat="32.873056" lon="-116.450998"><ele>1682.4062515200094</ele></trkpt>
    <trkpt lat="32.873217" lon="-116.45134"><ele>1678.9467999999913</ele></trkpt>
    <trkpt lat="32.873363" lon="-116.45154"><ele>1676.2031008000772</ele></trkpt>
    <trkpt lat="32.873477" lon="-116.451754"><ele>1673.9547846399894</ele></trkpt>
    <trkpt lat="32.873592" lon="-116.452084"><ele>1673.2799999999638</ele></trkpt>
    <trkpt lat="32.873684" lon="-116.452286"><ele>1671.8787059200433</ele></trkpt>
    <trkpt lat="32.873739" lon="-116.452686"><ele>1666.3849676799907</ele></trkpt>
    <trkpt lat="32.873818" lon="-116.452802"><ele>1664.4040793600293</ele></trkpt>
    <trkpt lat="32.873761" lon="-116.4529"><ele>1665.4065439999845</ele></trkpt>
    <trkpt lat="32.873761" lon="-116.4529"><ele>1665.4065439999845</ele></trkpt>
    <trkpt lat="32.873818" lon="-116.452802"><ele>1664.4040793600293</ele></trkpt>
    <trkpt lat="32.874232" lon="-116.452151"><ele>1667.1010841599923</ele></trkpt>
    <trkpt lat="32.875066" lon="-116.450745"><ele>1672.24604320008</ele></trkpt>
    <trkpt lat="32.875224" lon="-116.450491"><ele>1671.967999999948</ele></trkpt>
    <trkpt lat="32.875297" lon="-116.450335"><ele>1670.8066551999661</ele></trkpt>
    <trkpt lat="32.875336" lon="-116.450129"><ele>1670.9068000000152</ele></trkpt>
    <trkpt lat="32.875352" lon="-116.449989"><ele>1671.2960377599868</ele></trkpt>
    <trkpt lat="32.875388" lon="-116.449812"><ele>1672.3028915200312</ele></trkpt>
    <trkpt lat="32.875398" lon="-116.449623"><ele>1673.2412076800517</ele></trkpt>
    <trkpt lat="32.875389" lon="-116.449333"><ele>1675.4008000000872</ele></trkpt>
    <trkpt lat="32.875326" lon="-116.449205"><ele>1678.3707999999028</ele></trkpt>
    <trkpt lat="32.875344" lon="-116.448958"><ele>1681.1569139199853</ele></trkpt>
    <trkpt lat="32.875444" lon="-116.448671"><ele>1679.6821849599455</ele></trkpt>
    <trkpt lat="32.875539" lon="-116.448465"><ele>1676.3965495998993</ele></trkpt>
    <trkpt lat="32.875629" lon="-116.44835"><ele>1674.5753360000044</ele></trkpt>
    <trkpt lat="32.875629" lon="-116.44835"><ele>1674.5753360000044</ele></trkpt>
    <trkpt lat="32.875644" lon="-116.448068"><ele>1676.2735999999459</ele></trkpt>
    <trkpt lat="32.875608" lon="-116.4479"><ele>1678.9681279999384</ele></trkpt>
    <trkpt lat="32.875561" lon="-116.447761"><ele>1681.225551520009</ele></trkpt>
    <trkpt lat="32.875445" lon="-116.44755"><ele>1683.1178399999524</ele></trkpt>
    <trkpt lat="32.875326" lon="-116.447391"><ele>1682.5473206400488</ele></trkpt>
    <trkpt lat="32.875109" lon="-116.447198"><ele>1681.332834560021</ele></trkpt>
    <trkpt lat="32.875001" lon="-116.446876"><ele>1681.26173887995</ele></trkpt>
    <trkpt lat="32.874983" lon="-116.446619"><ele>1681.9106038399937</ele></trkpt>
    <trkpt lat="32.874983" lon="-116.446619"><ele>1681.9106038399937</ele></trkpt>
    <trkpt lat="32.874911" lon="-116.446394"><ele>1681.967809280026</ele></trkpt>
    <trkpt lat="32.874911" lon="-116.446254"><ele>1681.6311862400241</ele></trkpt>
    <trkpt lat="32.874848" lon="-116.446018"><ele>1681.6701785599728</ele></trkpt>
    <trkpt lat="32.874776" lon="-116.445761"><ele>1680.1676134401066</ele></trkpt>
    <trkpt lat="32.874605" lon="-116.445396"><ele>1676.8748031999985</ele></trkpt>
    <trkpt lat="32.87456" lon="-116.445278"><ele>1676.1700671999995</ele></trkpt>
    <trkpt lat="32.874452" lon="-116.445042"><ele>1679.4920000000056</ele></trkpt>
    <trkpt lat="32.874338" lon="-116.444606"><ele>1689.3500691201405</ele></trkpt>
    <trkpt lat="32.874205" lon="-116.444253"><ele>1694.2055999999766</ele></trkpt>
    <trkpt lat="32.874118" lon="-116.44413"><ele>1694.8040736000255</ele></trkpt>
    <trkpt lat="32.874054" lon="-116.444094"><ele>1694.3178950399263</ele></trkpt>
    <trkpt lat="32.874054" lon="-116.444094"><ele>1694.3178950399263</ele></trkpt>
    <trkpt lat="32.873758" lon="-116.443926"><ele>1691.777352319989</ele></trkpt>
    <trkpt lat="32.87337" lon="-116.443508"><ele>1687.1873984000597</ele></trkpt>
    <trkpt lat="32.873253" lon="-116.443465"><ele>1687.097115199956</ele></trkpt>
    <trkpt lat="32.8731" lon="-116.4434"><ele>1688.8304000000737</ele></trkpt>
    <trkpt lat="32.872929" lon="-116.443357"><ele>1690.3960342398475</ele></trkpt>
    <trkpt lat="32.87274" lon="-116.443368"><ele>1690.6080639998702</ele></trkpt>
    <trkpt lat="32.872631" lon="-116.443454"><ele>1690.598084799991</ele></trkpt>
    <trkpt lat="32.872541" lon="-116.443443"><ele>1692.0186376000117</ele></trkpt>
    <trkpt lat="32.872415" lon="-116.443475"><ele>1693.7323600000695</ele></trkpt>
    <trkpt lat="32.872372" lon="-116.443405"><ele>1693.9161184000038</ele></trkpt>
    <trkpt lat="32.872316" lon="-116.443314"><ele>1693.685896960006</ele></trkpt>
    <trkpt lat="32.872208" lon="-116.443207"><ele>1694.1349427199955</ele></trkpt>
    <trkpt lat="32.872046" lon="-116.443068"><ele>1694.7196633599874</ele></trkpt>
    <trkpt lat="32.871893" lon="-116.442864"><ele>1697.0497721599988</ele></trkpt>
    <trkpt lat="32.871721" lon="-116.442671"><ele>1700.257188639958</ele></trkpt>
    <trkpt lat="32.871298" lon="-116.442349"><ele>1703.2785340799724</ele></trkpt>
    <trkpt lat="32.871" lon="-116.442113"><ele>1702.478639999994</ele></trkpt>
    <trkpt lat="32.870499" lon="-116.441979"><ele>1705.0885278399928</ele></trkpt>
    <trkpt lat="32.870171" lon="-116.441716"><ele>1706.8908083200042</ele></trkpt>
    <trkpt lat="32.870065" lon="-116.441461"><ele>1704.5096536000785</ele></trkpt>
    <trkpt lat="32.869541" lon="-116.441319"><ele>1706.3475999999932</ele></trkpt>
    <trkpt lat="32.869297" lon="-116.440997"><ele>1706.072747360038</ele></trkpt>
    <trkpt lat="32.869018" lon="-116.44089"><ele>1705.0531423999757</ele></trkpt>
    <trkpt lat="32.868675" lon="-116.440654"><ele>1705.8369760000003</ele></trkpt>
    <trkpt lat="32.868279" lon="-116.4403"><ele>1710.7180480000022</ele></trkpt>
    <trkpt lat="32.868063" lon="-116.439956"><ele>1709.3340255999349</ele></trkpt>
    <trkpt lat="32.868128" lon="-116.439958"><ele>1709.0707648000473</ele></trkpt>
    <trkpt lat="32.868128" lon="-116.439958"><ele>1709.0707648000473</ele></trkpt>
    <trkpt lat="32.868296" lon="-116.439963"><ele>1708.3124895999892</ele></trkpt>
    <trkpt lat="32.868411" lon="-116.439961"><ele>1709.3765675200511</ele></trkpt>
    <trkpt lat="32.868662" lon="-116.439954"><ele>1712.5702137599962</ele></trkpt>
    <trkpt lat="32.868935" lon="-116.439939"><ele>1712.0958392001032</ele></trkpt>
    <trkpt lat="32.86916" lon="-116.439867"><ele>1710.9976735998926</ele></trkpt>
    <trkpt lat="32.869289" lon="-116.439757"><ele>1713.380000000012</ele></trkpt>
    <trkpt lat="32.869437" lon="-116.439564"><ele>1716.70099583995</ele></trkpt>
    <trkpt lat="32.869571" lon="-116.439379"><ele>1719.0706606399601</ele></trkpt>
    <trkpt lat="32.869647" lon="-116.439396"><ele>1718.7448275199672</ele></trkpt>
    <trkpt lat="32.869759" lon="-116.439484"><ele>1718.0935462400723</ele></trkpt>
    <trkpt lat="32.869945" lon="-116.439646"><ele>1718.372868800049</ele></trkpt>
    <trkpt lat="32.870083" lon="-116.439682"><ele>1720.2704662399656</ele></trkpt>
    <trkpt lat="32.870566" lon="-116.439817"><ele>1723.9527999998918</ele></trkpt>
    <trkpt lat="32.870717" lon="-116.439786"><ele>1724.622400000043</ele></trkpt>
    <trkpt lat="32.871038" lon="-116.439491"><ele>1729.206112319935</ele></trkpt>
    <trkpt lat="32.87121" lon="-116.439525"><ele>1729.4684799999288</ele></trkpt>
    <trkpt lat="32.871518" lon="-116.439545"><ele>1730.7857152000324</ele></trkpt>
    <trkpt lat="32.871496" lon="-116.439478"><ele>1731.3451609600463</ele></trkpt>
    <trkpt lat="32.871496" lon="-116.439478"><ele>1731.3451609600463</ele></trkpt>
    <trkpt lat="32.871429" lon="-116.439271"><ele>1733.1043999999665</ele></trkpt>
    <trkpt lat="32.871357" lon="-116.43912"><ele>1734.125686400001</ele></trkpt>
    <trkpt lat="32.871282" lon="-116.439023"><ele>1734.4638185599533</ele></trkpt>
    <trkpt lat="32.871299" lon="-116.438925"><ele>1735.3743320000222</ele></trkpt>
    <trkpt lat="32.871333" lon="-116.438763"><ele>1737.7027838400836</ele></trkpt>
    <trkpt lat="32.871381" lon="-116.438663"><ele>1739.247494879922</ele></trkpt>
    <trkpt lat="32.871391" lon="-116.438338"><ele>1743.925199999966</ele></trkpt>
    <trkpt lat="32.871471" lon="-116.438191"><ele>1746.1729382399467</ele></trkpt>
    <trkpt lat="32.871474" lon="-116.438109"><ele>1747.54940544006</ele></trkpt>
    <trkpt lat="32.871436" lon="-116.438035"><ele>1749.3614495999557</ele></trkpt>
    <trkpt lat="32.871372" lon="-116.437717"><ele>1753.488606079959</ele></trkpt>
    <trkpt lat="32.871314" lon="-116.437584"><ele>1755.1521459200312</ele></trkpt>
    <trkpt lat="32.871215" lon="-116.437484"><ele>1757.8496576000252</ele></trkpt>
    <trkpt lat="32.871113" lon="-116.437389"><ele>1760.7556827200015</ele></trkpt>
    <trkpt lat="32.87105" lon="-116.437284"><ele>1762.3862720000013</ele></trkpt>
    <trkpt lat="32.871014" lon="-116.437206"><ele>1763.5180499199396</ele></trkpt>
    <trkpt lat="32.870962" lon="-116.437081"><ele>1765.474327359968</ele></trkpt>
    <trkpt lat="32.870824" lon="-116.437034"><ele>1768.6876326400397</ele></trkpt>
    <trkpt lat="32.870751" lon="-116.436919"><ele>1769.795199999983</ele></trkpt>
    <trkpt lat="32.870727" lon="-116.436752"><ele>1770.3100000000134</ele></trkpt>
    <trkpt lat="32.870633" lon="-116.436623"><ele>1770.5312632000139</ele></trkpt>
    <trkpt lat="32.870535" lon="-116.436475"><ele>1772.0470599999796</ele></trkpt>
    <trkpt lat="32.870305" lon="-116.436303"><ele>1774.08529200005</ele></trkpt>
    <trkpt lat="32.870223" lon="-116.436206"><ele>1775.705854080013</ele></trkpt>
    <trkpt lat="32.869916" lon="-116.436036"><ele>1775.8364620800098</ele></trkpt>
    <trkpt lat="32.86983" lon="-116.436026"><ele>1775.6249663999931</ele></trkpt>
    <trkpt lat="32.869728" lon="-116.436108"><ele>1775.978065920031</ele></trkpt>
    <trkpt lat="32.869524" lon="-116.436153"><ele>1778.0331891200042</ele></trkpt>
    <trkpt lat="32.869357" lon="-116.436138"><ele>1780.1319273599895</ele></trkpt>
    <trkpt lat="32.869296" lon="-116.436236"><ele>1780.4477337600533</ele></trkpt>
    <trkpt lat="32.869222" lon="-116.436306"><ele>1780.9397587199803</ele></trkpt>
    <trkpt lat="32.869101" lon="-116.436249"><ele>1782.7163999999675</ele></trkpt>
    <trkpt lat="32.868933" lon="-116.436278"><ele>1784.3220000000065</ele></trkpt>
    <trkpt lat="32.86885" lon="-116.436156"><ele>1786.0968000000016</ele></trkpt>
    <trkpt lat="32.868711" lon="-116.436054"><ele>1787.7733324800267</ele></trkpt>
    <trkpt lat="32.868575" lon="-116.436026"><ele>1788.9098320000005</ele></trkpt>
    <trkpt lat="32.868434" lon="-116.435838"><ele>1788.989288319991</ele></trkpt>
    <trkpt lat="32.868315" lon="-116.435765"><ele>1788.8344720000216</ele></trkpt>
    <trkpt lat="32.868272" lon="-116.43567"><ele>1788.5972607999804</ele></trkpt>
    <trkpt lat="32.868185" lon="-116.435508"><ele>1788.489283199997</ele></trkpt>
    <trkpt lat="32.868109" lon="-116.435289"><ele>1789.373091840043</ele></trkpt>
    <trkpt lat="32.867893" lon="-116.435028"><ele>1790.9934355199694</ele></trkpt>
    <trkpt lat="32.867834" lon="-116.434891"><ele>1791.9081782400017</ele></trkpt>
    <trkpt lat="32.867769" lon="-116.434812"><ele>1792.5717868800555</ele></trkpt>
    <trkpt lat="32.867731" lon="-116.434736"><ele>1792.4368473599864</ele></trkpt>
    <trkpt lat="32.867689" lon="-116.434612"><ele>1792.9616172799751</ele></trkpt>
    <trkpt lat="32.867645" lon="-116.434463"><ele>1793.8784696000785</ele></trkpt>
    <trkpt lat="32.867596" lon="-116.434302"><ele>1794.3623526399847</ele></trkpt>
    <trkpt lat="32.86758" lon="-116.43406"><ele>1794.6160000000084</ele></trkpt>
    <trkpt lat="32.867554" lon="-116.433917"><ele>1794.101199999978</ele></trkpt>
    <trkpt lat="32.867502" lon="-116.433767"><ele>1794.4324812799832</ele></trkpt>
    <trkpt lat="32.867464" lon="-116.433531"><ele>1794.9077766399944</ele></trkpt>
    <trkpt lat="32.867427" lon="-116.433404"><ele>1794.9331436800032</ele></trkpt>
    <trkpt lat="32.867346" lon="-116.433334"><ele>1794.9986694399959</ele></trkpt>
    <trkpt lat="32.867188" lon="-116.433284"><ele>1794.95308031999</ele></trkpt>
    <trkpt lat="32.867188" lon="-116.433284"><ele>1794.95308031999</ele></trkpt>
    <trkpt lat="32.867153" lon="-116.433273"><ele>1794.7729262400128</ele></trkpt>
    <trkpt lat="32.866925" lon="-116.433171"><ele>1794.168799999989</ele></trkpt>
    <trkpt lat="32.866739" lon="-116.433082"><ele>1794.8096000000082</ele></trkpt>
    <trkpt lat="32.86667" lon="-116.43302"><ele>1795.259072000006</ele></trkpt>
    <trkpt lat="32.866375" lon="-116.432916"><ele>1800.1449600000665</ele></trkpt>
    <trkpt lat="32.86622" lon="-116.432902"><ele>1801.6541951999998</ele></trkpt>
    <trkpt lat="32.866092" lon="-116.432814"><ele>1801.5036569599097</ele></trkpt>
    <trkpt lat="32.865992" lon="-116.432761"><ele>1800.6893990399874</ele></trkpt>
    <trkpt lat="32.865799" lon="-116.432829"><ele>1801.3004244799945</ele></trkpt>
    <trkpt lat="32.865604" lon="-116.432915"><ele>1800.764460799997</ele></trkpt>
    <trkpt lat="32.86546" lon="-116.432968"><ele>1799.3916287999757</ele></trkpt>
    <trkpt lat="32.86533" lon="-116.432983"><ele>1798.0372944000471</ele></trkpt>
    <trkpt lat="32.865203" lon="-116.432963"><ele>1798.2047999999859</ele></trkpt>
    <trkpt lat="32.86506" lon="-116.432906"><ele>1799.6447999999828</ele></trkpt>
    <trkpt lat="32.864939" lon="-116.43287"><ele>1801.5798144000403</ele></trkpt>
    <trkpt lat="32.864836" lon="-116.432897"><ele>1803.6003993600757</ele></trkpt>
    <trkpt lat="32.864756" lon="-116.432907"><ele>1805.2788633600028</ele></trkpt>
    <trkpt lat="32.864641" lon="-116.432856"><ele>1807.2973203200152</ele></trkpt>
    <trkpt lat="32.864514" lon="-116.432824"><ele>1809.4985331200235</ele></trkpt>
    <trkpt lat="32.864323" lon="-116.43277"><ele>1812.733041600026</ele></trkpt>
    <trkpt lat="32.864202" lon="-116.432745"><ele>1814.4761904000159</ele></trkpt>
    <trkpt lat="32.864092" lon="-116.432688"><ele>1816.5259238400108</ele></trkpt>
    <trkpt lat="32.863978" lon="-116.432621"><ele>1818.6918595199347</ele></trkpt>
    <trkpt lat="32.863868" lon="-116.432579"><ele>1820.7356000000896</ele></trkpt>
    <trkpt lat="32.863762" lon="-116.432552"><ele>1822.9279999999765</ele></trkpt>
    <trkpt lat="32.863618" lon="-116.432516"><ele>1825.9087999999717</ele></trkpt>
    <trkpt lat="32.863525" lon="-116.432446"><ele>1827.9153359999257</ele></trkpt>
    <trkpt lat="32.863429" lon="-116.432317"><ele>1829.498490720067</ele></trkpt>
    <trkpt lat="32.863334" lon="-116.432218"><ele>1830.98563647996</ele></trkpt>
    <trkpt lat="32.86325" lon="-116.432125"><ele>1832.1999999999898</ele></trkpt>
    <trkpt lat="32.863183" lon="-116.431992"><ele>1833.1648000000096</ele></trkpt>
    <trkpt lat="32.863096" lon="-116.431913"><ele>1833.9812819199412</ele></trkpt>
    <trkpt lat="32.862974" lon="-116.431892"><ele>1834.1174950400562</ele></trkpt>
    <trkpt lat="32.862863" lon="-116.431934"><ele>1834.2345929599794</ele></trkpt>
    <trkpt lat="32.862747" lon="-116.432004"><ele>1833.9762444799967</ele></trkpt>
    <trkpt lat="32.862643" lon="-116.432005"><ele>1833.8942263999922</ele></trkpt>
    <trkpt lat="32.86253" lon="-116.431925"><ele>1834.054879999981</ele></trkpt>
    <trkpt lat="32.862421" lon="-116.431871"><ele>1834.983590720016</ele></trkpt>
    <trkpt lat="32.862314" lon="-116.43183"><ele>1836.3029503999799</ele></trkpt>
    <trkpt lat="32.862146" lon="-116.431752"><ele>1837.9941043199674</ele></trkpt>
    <trkpt lat="32.862104" lon="-116.431628"><ele>1838.9792870399997</ele></trkpt>
    <trkpt lat="32.862093" lon="-116.431432"><ele>1838.9412019199904</ele></trkpt>
    <trkpt lat="32.862046" lon="-116.431351"><ele>1838.8596000000744</ele></trkpt>
    <trkpt lat="32.861937" lon="-116.431282"><ele>1838.872399999965</ele></trkpt>
    <trkpt lat="32.861878" lon="-116.431248"><ele>1838.7175999999724</ele></trkpt>
    <trkpt lat="32.861813" lon="-116.431256"><ele>1839.038000000059</ele></trkpt>
    <trkpt lat="32.861678" lon="-116.431321"><ele>1840.2259999999756</ele></trkpt>
    <trkpt lat="32.861548" lon="-116.431306"><ele>1840.2322764800604</ele></trkpt>
    <trkpt lat="32.861484" lon="-116.431296"><ele>1840.2167014400306</ele></trkpt>
    <trkpt lat="32.861484" lon="-116.431296"><ele>1840.2167014400306</ele></trkpt>
    <trkpt lat="32.861432" lon="-116.431288"><ele>1840.2172313599604</ele></trkpt>
    <trkpt lat="32.86135" lon="-116.43129"><ele>1840.057840000038</ele></trkpt>
    <trkpt lat="32.861186" lon="-116.431193"><ele>1838.6438780799529</ele></trkpt>
    <trkpt lat="32.861108" lon="-116.431168"><ele>1838.2025062399996</ele></trkpt>
    <trkpt lat="32.861029" lon="-116.431127"><ele>1838.0402916800094</ele></trkpt>
    <trkpt lat="32.860935" lon="-116.431049"><ele>1837.5528000000113</ele></trkpt>
    <trkpt lat="32.860813" lon="-116.430988"><ele>1837.0645267199964</ele></trkpt>
    <trkpt lat="32.860695" lon="-116.430875"><ele>1836.5739000000012</ele></trkpt>
    <trkpt lat="32.860653" lon="-116.430794"><ele>1836.5995267200103</ele></trkpt>
    <trkpt lat="32.860592" lon="-116.430725"><ele>1836.8176320000132</ele></trkpt>
    <trkpt lat="32.86049" lon="-116.430617"><ele>1836.8955936000013</ele></trkpt>
    <trkpt lat="32.860406" lon="-116.430474"><ele>1837.1580742399951</ele></trkpt>
    <trkpt lat="32.860271" lon="-116.430325"><ele>1837.7567999999856</ele></trkpt>
    <trkpt lat="32.860112" lon="-116.430211"><ele>1836.1592121600077</ele></trkpt>
    <trkpt lat="32.86007" lon="-116.430142"><ele>1835.875267199999</ele></trkpt>
    <trkpt lat="32.860078" lon="-116.430024"><ele>1835.9863833599995</ele></trkpt>
    <trkpt lat="32.86004" lon="-116.429946"><ele>1836.1664063999983</ele></trkpt>
    <trkpt lat="32.859972" lon="-116.429801"><ele>1836.5584262400048</ele></trkpt>
    <trkpt lat="32.8599" lon="-116.429608"><ele>1837.3472639999911</ele></trkpt>
    <trkpt lat="32.859846" lon="-116.429458"><ele>1838.4514905600322</ele></trkpt>
    <trkpt lat="32.859802" lon="-116.429347"><ele>1839.3136502399473</ele></trkpt>
    <trkpt lat="32.859756" lon="-116.429147"><ele>1840.969200000015</ele></trkpt>
    <trkpt lat="32.859705" lon="-116.428982"><ele>1843.097617599957</ele></trkpt>
    <trkpt lat="32.859605" lon="-116.428818"><ele>1846.012305599876</ele></trkpt>
    <trkpt lat="32.859459" lon="-116.428703"><ele>1848.607066080014</ele></trkpt>
    <trkpt lat="32.859387" lon="-116.428609"><ele>1850.024371680064</ele></trkpt>
    <trkpt lat="32.859291" lon="-116.428463"><ele>1851.894139680084</ele></trkpt>
    <trkpt lat="32.859219" lon="-116.4283"><ele>1853.9837760000216</ele></trkpt>
    <trkpt lat="32.859152" lon="-116.428152"><ele>1855.4456678400043</ele></trkpt>
    <trkpt lat="32.859088" lon="-116.428073"><ele>1856.7062150400216</ele></trkpt>
    <trkpt lat="32.859143" lon="-116.427908"><ele>1857.2274835199637</ele></trkpt>
    <trkpt lat="32.859206" lon="-116.427797"><ele>1857.0315974400035</ele></trkpt>
    <trkpt lat="32.85921" lon="-116.427681"><ele>1856.4215504000997</ele></trkpt>
    <trkpt lat="32.859266" lon="-116.427584"><ele>1854.7086617600132</ele></trkpt>
    <trkpt lat="32.859315" lon="-116.427449"><ele>1852.6080847999015</ele></trkpt>
    <trkpt lat="32.859331" lon="-116.42735"><ele>1850.9809280000923</ele></trkpt>
    <trkpt lat="32.859275" lon="-116.427224"><ele>1849.8570079999658</ele></trkpt>
    <trkpt lat="32.859158" lon="-116.427086"><ele>1848.5638995200482</ele></trkpt>
    <trkpt lat="32.859008" lon="-116.426988"><ele>1846.8735641598855</ele></trkpt>
    <trkpt lat="32.858871" lon="-116.426941"><ele>1846.0784014399865</ele></trkpt>
    <trkpt lat="32.858716" lon="-116.42684"><ele>1845.506777599969</ele></trkpt>
    <trkpt lat="32.858566" lon="-116.426821"><ele>1845.7599411200679</ele></trkpt>
    <trkpt lat="32.858469" lon="-116.426728"><ele>1844.3896774399595</ele></trkpt>
    <trkpt lat="32.858325" lon="-116.426681"><ele>1844.1278960000252</ele></trkpt>
    <trkpt lat="32.858202" lon="-116.426587"><ele>1842.802399039976</ele></trkpt>
    <trkpt lat="32.858071" lon="-116.426458"><ele>1841.5114332799776</ele></trkpt>
    <trkpt lat="32.857999" lon="-116.426355"><ele>1840.1793176000087</ele></trkpt>
    <trkpt lat="32.858029" lon="-116.426295"><ele>1839.5537383999535</ele></trkpt>
    <trkpt lat="32.858087" lon="-116.426233"><ele>1838.8187278399437</ele></trkpt>
    <trkpt lat="32.858154" lon="-116.426132"><ele>1837.6285491199378</ele></trkpt>
    <trkpt lat="32.858089" lon="-116.426067"><ele>1836.7645609600254</ele></trkpt>
    <trkpt lat="32.858006" lon="-116.426076"><ele>1836.9255999999514</ele></trkpt>
    <trkpt lat="32.857909" lon="-116.426102"><ele>1837.462000000004</ele></trkpt>
    <trkpt lat="32.857804" lon="-116.426084"><ele>1837.7104000000163</ele></trkpt>
    <trkpt lat="32.857687" lon="-116.426108"><ele>1837.6544601599903</ele></trkpt>
    <trkpt lat="32.8576" lon="-116.426095"><ele>1837.2811200000108</ele></trkpt>
    <trkpt lat="32.85749" lon="-116.426093"><ele>1836.8987999999745</ele></trkpt>
    <trkpt lat="32.857402" lon="-116.42605"><ele>1836.4272000000146</ele></trkpt>
    <trkpt lat="32.857325" lon="-116.426014"><ele>1836.020399999993</ele></trkpt>
    <trkpt lat="32.85722" lon="-116.42596"><ele>1835.455296000012</ele></trkpt>
    <trkpt lat="32.857089" lon="-116.425951"><ele>1835.3503171199852</ele></trkpt>
    <trkpt lat="32.856993" lon="-116.425883"><ele>1834.6486915199957</ele></trkpt>
    <trkpt lat="32.856883" lon="-116.425848"><ele>1834.8219999999847</ele></trkpt>
    <trkpt lat="32.856737" lon="-116.425679"><ele>1834.573599999998</ele></trkpt>
    <trkpt lat="32.856676" lon="-116.425576"><ele>1834.1200000000695</ele></trkpt>
    <trkpt lat="32.856683" lon="-116.425488"><ele>1833.108300160047</ele></trkpt>
    <trkpt lat="32.856741" lon="-116.425396"><ele>1831.6277094400664</ele></trkpt>
    <trkpt lat="32.856795" lon="-116.42534"><ele>1830.6445120000653</ele></trkpt>
    <trkpt lat="32.856856" lon="-116.425282"><ele>1829.6720396799603</ele></trkpt>
    <trkpt lat="32.856888" lon="-116.425177"><ele>1828.2442790400712</ele></trkpt>
    <trkpt lat="32.856854" lon="-116.42507"><ele>1827.163651200069</ele></trkpt>
    <trkpt lat="32.856879" lon="-116.424982"><ele>1826.0412000000024</ele></trkpt>
    <trkpt lat="32.856953" lon="-116.424947"><ele>1825.4276000000332</ele></trkpt>
    <trkpt lat="32.856993" lon="-116.424868"><ele>1824.5744000000386</ele></trkpt>
    <trkpt lat="32.856997" lon="-116.424782"><ele>1823.645599999928</ele></trkpt>
    <trkpt lat="32.856977" lon="-116.424711"><ele>1822.9144651200156</ele></trkpt>
    <trkpt lat="32.856984" lon="-116.424642"><ele>1822.3812748800472</ele></trkpt>
    <trkpt lat="32.856971" lon="-116.424525"><ele>1821.5121240000174</ele></trkpt>
    <trkpt lat="32.856896" lon="-116.424428"><ele>1821.2896000000287</ele></trkpt>
    <trkpt lat="32.856881" lon="-116.424286"><ele>1820.886399999973</ele></trkpt>
    <trkpt lat="32.856881" lon="-116.424286"><ele>1820.886399999973</ele></trkpt>
    <trkpt lat="32.856945" lon="-116.424177"><ele>1820.0371256000003</ele></trkpt>
    <trkpt lat="32.856996" lon="-116.424072"><ele>1820.2775475200108</ele></trkpt>
    <trkpt lat="32.857097" lon="-116.423981"><ele>1820.301314719996</ele></trkpt>
    <trkpt lat="32.857171" lon="-116.423852"><ele>1820.1843999999965</ele></trkpt>
    <trkpt lat="32.857226" lon="-116.423697"><ele>1819.9812102400147</ele></trkpt>
    <trkpt lat="32.857235" lon="-116.423644"><ele>1819.9188927999805</ele></trkpt>
    <trkpt lat="32.857235" lon="-116.423644"><ele>1819.9188927999805</ele></trkpt>
    <trkpt lat="32.857245" lon="-116.423587"><ele>1819.742082399999</ele></trkpt>
    <trkpt lat="32.857271" lon="-116.423439"><ele>1818.920398240034</ele></trkpt>
    <trkpt lat="32.857266" lon="-116.423258"><ele>1818.6126822399708</ele></trkpt>
    <trkpt lat="32.857266" lon="-116.423215"><ele>1818.6614751999796</ele></trkpt>
    <trkpt lat="32.857266" lon="-116.423106"><ele>1818.7851596799815</ele></trkpt>
    <trkpt lat="32.857266" lon="-116.422994"><ele>1819.2855999999697</ele></trkpt>
    <trkpt lat="32.857283" lon="-116.422934"><ele>1819.6564000000062</ele></trkpt>
    <trkpt lat="32.857283" lon="-116.422934"><ele>1819.6564000000062</ele></trkpt>
    <trkpt lat="32.857266" lon="-116.422994"><ele>1819.2855999999697</ele></trkpt>
    <trkpt lat="32.857182" lon="-116.422974"><ele>1819.5446867200253</ele></trkpt>
    <trkpt lat="32.856628" lon="-116.423111"><ele>1819.510615680037</ele></trkpt>
    <trkpt lat="32.856554" lon="-116.423123"><ele>1819.792720320015</ele></trkpt>
    <trkpt lat="32.856554" lon="-116.423123"><ele>1819.792720320015</ele></trkpt>
    <trkpt lat="32.856546" lon="-116.423103"><ele>1819.7018044799815</ele></trkpt>
    <trkpt lat="32.856522" lon="-116.423039"><ele>1819.492239680012</ele></trkpt>
    <trkpt lat="32.856483" lon="-116.423"><ele>1819.5934400000142</ele></trkpt>
    <trkpt lat="32.856483" lon="-116.423"><ele>1819.5934400000142</ele></trkpt>
    <trkpt lat="32.85645" lon="-116.422967"><ele>1819.7098639999888</ele></trkpt>
    <trkpt lat="32.856374" lon="-116.42287"><ele>1820.1966047999667</ele></trkpt>
    <trkpt lat="32.856366" lon="-116.422811"><ele>1820.3197449599827</ele></trkpt>
    <trkpt lat="32.856392" lon="-116.422629"><ele>1819.977600000003</ele></trkpt>
    <trkpt lat="32.856482" lon="-116.422452"><ele>1819.2726451200099</ele></trkpt>
    <trkpt lat="32.856528" lon="-116.422304"><ele>1818.9995289600058</ele></trkpt>
    <trkpt lat="32.856508" lon="-116.422216"><ele>1819.0</ele></trkpt>
    <trkpt lat="32.856505" lon="-116.422201"><ele>1819.0</ele></trkpt>
    <trkpt lat="32.85648" lon="-116.422176"><ele>1819.0</ele></trkpt>
    <trkpt lat="32.85648" lon="-116.422176"><ele>1819.0</ele></trkpt>
    <trkpt lat="32.856297" lon="-116.421988"><ele>1819.330800000008</ele></trkpt>
    <trkpt lat="32.856213" lon="-116.421874"><ele>1819.565640960008</ele></trkpt>
    <trkpt lat="32.856118" lon="-116.42164"><ele>1818.8351807999834</ele></trkpt>
    <trkpt lat="32.856023" lon="-116.421494"><ele>1817.4395999999697</ele></trkpt>
    <trkpt lat="32.85579" lon="-116.421345"><ele>1815.6860000000047</ele></trkpt>
    <trkpt lat="32.855545" lon="-116.421191"><ele>1814.3365287999775</ele></trkpt>
    <trkpt lat="32.855379" lon="-116.420991"><ele>1812.081499680017</ele></trkpt>
    <trkpt lat="32.855318" lon="-116.42086"><ele>1808.9198976000919</ele></trkpt>
    <trkpt lat="32.855263" lon="-116.420681"><ele>1806.2621256000268</ele></trkpt>
    <trkpt lat="32.855177" lon="-116.42055"><ele>1803.4470320000696</ele></trkpt>
    <trkpt lat="32.855036" lon="-116.420489"><ele>1799.9343564800529</ele></trkpt>
    <trkpt lat="32.854751" lon="-116.4205"><ele>1797.269360000079</ele></trkpt>
    <trkpt lat="32.854562" lon="-116.420662"><ele>1798.9245702398744</ele></trkpt>
    <trkpt lat="32.854408" lon="-116.420784"><ele>1799.7650022399537</ele></trkpt>
    <trkpt lat="32.854174" lon="-116.421029"><ele>1800.210996160053</ele></trkpt>
    <trkpt lat="32.854194" lon="-116.421304"><ele>1803.4084710400634</ele></trkpt>
    <trkpt lat="32.854141" lon="-116.421347"><ele>1803.519732159967</ele></trkpt>
    <trkpt lat="32.854049" lon="-116.421342"><ele>1803.3505926399432</ele></trkpt>
    <trkpt lat="32.854033" lon="-116.421331"><ele>1803.1742358399317</ele></trkpt>
    <trkpt lat="32.854033" lon="-116.421331"><ele>1803.1742358399317</ele></trkpt>
    <trkpt lat="32.853947" lon="-116.421274"><ele>1802.1050502399407</ele></trkpt>
    <trkpt lat="32.853736" lon="-116.421092"><ele>1798.2122675200114</ele></trkpt>
    <trkpt lat="32.85351" lon="-116.42104"><ele>1798.1463680000406</ele></trkpt>
    <trkpt lat="32.853408" lon="-116.421036"><ele>1799.0466329599894</ele></trkpt>
    <trkpt lat="32.85298" lon="-116.421227"><ele>1804.1810783999922</ele></trkpt>
    <trkpt lat="32.8527" lon="-116.421202"><ele>1807.5255679999445</ele></trkpt>
    <trkpt lat="32.852409" lon="-116.420967"><ele>1808.2982766400357</ele></trkpt>
    <trkpt lat="32.85228" lon="-116.420823"><ele>1807.7625375999944</ele></trkpt>
    <trkpt lat="32.852086" lon="-116.420617"><ele>1807.711599999975</ele></trkpt>
    <trkpt lat="32.851803" lon="-116.420432"><ele>1807.9023078400658</ele></trkpt>
    <trkpt lat="32.851446" lon="-116.420131"><ele>1803.8259999999968</ele></trkpt>
    <trkpt lat="32.850973" lon="-116.419814"><ele>1800.1561497599969</ele></trkpt>
    <trkpt lat="32.850756" lon="-116.419662"><ele>1800.3412428800511</ele></trkpt>
    <trkpt lat="32.850545" lon="-116.4194"><ele>1799.3660799999448</ele></trkpt>
    <trkpt lat="32.850478" lon="-116.419313"><ele>1798.2393174400281</ele></trkpt>
    <trkpt lat="32.850291" lon="-116.419279"><ele>1798.1848494400374</ele></trkpt>
    <trkpt lat="32.850291" lon="-116.419279"><ele>1798.1848494400374</ele></trkpt>
    <trkpt lat="32.850217" lon="-116.419266"><ele>1797.9322428799233</ele></trkpt>
    <trkpt lat="32.849979" lon="-116.419382"><ele>1799.1347897599867</ele></trkpt>
    <trkpt lat="32.849742" lon="-116.419437"><ele>1799.9425836800165</ele></trkpt>
    <trkpt lat="32.849176" lon="-116.419429"><ele>1804.7525318399555</ele></trkpt>
    <trkpt lat="32.848929" lon="-116.419582"><ele>1808.2765206400372</ele></trkpt>
    <trkpt lat="32.848797" lon="-116.419541"><ele>1808.793386079989</ele></trkpt>
    <trkpt lat="32.848728" lon="-116.419261"><ele>1808.6838073599863</ele></trkpt>
    <trkpt lat="32.848643" lon="-116.419161"><ele>1809.6987419199513</ele></trkpt>
    <trkpt lat="32.848417" lon="-116.419121"><ele>1811.0275999999785</ele></trkpt>
    <trkpt lat="32.847912" lon="-116.419313"><ele>1814.794949759984</ele></trkpt>
    <trkpt lat="32.847514" lon="-116.419331"><ele>1817.358000000013</ele></trkpt>
    <trkpt lat="32.847306" lon="-116.419391"><ele>1817.461144319956</ele></trkpt>
    <trkpt lat="32.847151" lon="-116.419436"><ele>1817.603999999974</ele></trkpt>
    <trkpt lat="32.84648" lon="-116.419133"><ele>1822.2026463999873</ele></trkpt>
    <trkpt lat="32.846241" lon="-116.41922"><ele>1823.6994208000021</ele></trkpt>
    <trkpt lat="32.846241" lon="-116.41922"><ele>1823.6994208000021</ele></trkpt>
    <trkpt lat="32.845649" lon="-116.419436"><ele>1828.0099468799942</ele></trkpt>
    <trkpt lat="32.84481" lon="-116.419223"><ele>1830.481199999983</ele></trkpt>
    <trkpt lat="32.844209" lon="-116.419102"><ele>1834.9280000000217</ele></trkpt>
    <trkpt lat="32.843959" lon="-116.419108"><ele>1836.5485068800176</ele></trkpt>
    <trkpt lat="32.843311" lon="-116.419005"><ele>1838.3843927999949</ele></trkpt>
    <trkpt lat="32.84253" lon="-116.418777"><ele>1841.827502400018</ele></trkpt>
    <trkpt lat="32.841796" lon="-116.418496"><ele>1843.3238553600368</ele></trkpt>
    <trkpt lat="32.841592" lon="-116.418435"><ele>1842.0708575999959</ele></trkpt>
    <trkpt lat="32.841592" lon="-116.418435"><ele>1842.0708575999959</ele></trkpt>
    <trkpt lat="32.84182" lon="-116.418105"><ele>1842.4665120000027</ele></trkpt>
    <trkpt lat="32.842138" lon="-116.418016"><ele>1842.0</ele></trkpt>
    <trkpt lat="32.842371" lon="-116.41801"><ele>1842.087838400009</ele></trkpt>
    <trkpt lat="32.842656" lon="-116.418033"><ele>1842.126801920033</ele></trkpt>
    <trkpt lat="32.842998" lon="-116.418158"><ele>1842.500415359988</ele></trkpt>
    <trkpt lat="32.842998" lon="-116.418158"><ele>1842.500415359988</ele></trkpt>
    <trkpt lat="32.84307" lon="-116.418185"><ele>1842.4855360000324</ele></trkpt>
    <trkpt lat="32.843973" lon="-116.418377"><ele>1841.480799839921</ele></trkpt>
    <trkpt lat="32.844093" lon="-116.418426"><ele>1840.7540707200435</ele></trkpt>
    <trkpt lat="32.844129" lon="-116.418474"><ele>1840.0430678399491</ele></trkpt>
    <trkpt lat="32.844218" lon="-116.41851"><ele>1839.2039328000412</ele></trkpt>
    <trkpt lat="32.844489" lon="-116.41859"><ele>1836.907200000036</ele></trkpt>
    <trkpt lat="32.844647" lon="-116.418638"><ele>1835.3217865599756</ele></trkpt>
    <trkpt lat="32.844926" lon="-116.418627"><ele>1834.8855999999942</ele></trkpt>
    <trkpt lat="32.844926" lon="-116.418627"><ele>1834.8855999999942</ele></trkpt>
    <trkpt lat="32.845095" lon="-116.418633"><ele>1834.8154504000015</ele></trkpt>
    <trkpt lat="32.845568" lon="-116.418443"><ele>1833.9917388800015</ele></trkpt>
    <trkpt lat="32.845635" lon="-116.41843"><ele>1833.9874159999974</ele></trkpt>
    <trkpt lat="32.845635" lon="-116.41843"><ele>1833.9874159999974</ele></trkpt>
    <trkpt lat="32.845775" lon="-116.418402"><ele>1834.2041359999992</ele></trkpt>
    <trkpt lat="32.846621" lon="-116.418412"><ele>1827.361358079969</ele></trkpt>
    <trkpt lat="32.847037" lon="-116.418362"><ele>1827.7935999999863</ele></trkpt>
    <trkpt lat="32.847037" lon="-116.418362"><ele>1827.7935999999863</ele></trkpt>
    <trkpt lat="32.847507" lon="-116.418479"><ele>1825.3511999999446</ele></trkpt>
    <trkpt lat="32.847739" lon="-116.418498"><ele>1822.6404000000357</ele></trkpt>
    <trkpt lat="32.847873" lon="-116.418369"><ele>1822.8851844800208</ele></trkpt>
    <trkpt lat="32.84787" lon="-116.41823"><ele>1824.5755040000686</ele></trkpt>
    <trkpt lat="32.84791" lon="-116.418167"><ele>1825.1294288000458</ele></trkpt>
    <trkpt lat="32.847994" lon="-116.418151"><ele>1824.9233417600738</ele></trkpt>
    <trkpt lat="32.848043" lon="-116.418165"><ele>1824.487008799989</ele></trkpt>
    <trkpt lat="32.848101" lon="-116.418223"><ele>1823.3602180800342</ele></trkpt>
    <trkpt lat="32.84818" lon="-116.418343"><ele>1821.4128000001028</ele></trkpt>
    <trkpt lat="32.848418" lon="-116.418665"><ele>1815.6735311999275</ele></trkpt>
    <trkpt lat="32.848453" lon="-116.418695"><ele>1815.0605016000088</ele></trkpt>
    <trkpt lat="32.848514" lon="-116.418684"><ele>1814.820264960004</ele></trkpt>
    <trkpt lat="32.848673" lon="-116.418628"><ele>1814.5812537600275</ele></trkpt>
    <trkpt lat="32.848999" lon="-116.418621"><ele>1812.257888159986</ele></trkpt>
    <trkpt lat="32.849075" lon="-116.418596"><ele>1811.6104960001335</ele></trkpt>
    <trkpt lat="32.84915" lon="-116.418588"><ele>1810.7292159999827</ele></trkpt>
    <trkpt lat="32.849866" lon="-116.418635"><ele>1803.9757136001176</ele></trkpt>
    <trkpt lat="32.850046" lon="-116.418632"><ele>1801.9740531199743</ele></trkpt>
    <trkpt lat="32.850105" lon="-116.418596"><ele>1801.692326400097</ele></trkpt>
    <trkpt lat="32.85026" lon="-116.418563"><ele>1800.0998303999122</ele></trkpt>
    <trkpt lat="32.850567" lon="-116.418568"><ele>1796.6808115201325</ele></trkpt>
    <trkpt lat="32.850745" lon="-116.418539"><ele>1795.5799056000258</ele></trkpt>
    <trkpt lat="32.850771" lon="-116.418586"><ele>1794.7605715199268</ele></trkpt>
    <trkpt lat="32.850771" lon="-116.418586"><ele>1794.7605715199268</ele></trkpt>
    <trkpt lat="32.850808" lon="-116.418651"><ele>1794.1693036799963</ele></trkpt>
    <trkpt lat="32.850718" lon="-116.418826"><ele>1794.5092012800042</ele></trkpt>
    <trkpt lat="32.850617" lon="-116.418882"><ele>1794.798114240011</ele></trkpt>
    <trkpt lat="32.850601" lon="-116.418923"><ele>1794.9792900800358</ele></trkpt>
    <trkpt lat="32.850633" lon="-116.418965"><ele>1795.071591199995</ele></trkpt>
    <trkpt lat="32.850833" lon="-116.418993"><ele>1794.7503502399995</ele></trkpt>
    <trkpt lat="32.850983" lon="-116.41906"><ele>1795.5639008000146</ele></trkpt>
    <trkpt lat="32.851425" lon="-116.418872"><ele>1794.573903999885</ele></trkpt>
    <trkpt lat="32.85172" lon="-116.418949"><ele>1795.0233023999542</ele></trkpt>
    <trkpt lat="32.85172" lon="-116.418949"><ele>1795.0233023999542</ele></trkpt>
    <trkpt lat="32.852458" lon="-116.41914"><ele>1793.0841151999973</ele></trkpt>
    <trkpt lat="32.853062" lon="-116.419243"><ele>1789.2539260798753</ele></trkpt>
    <trkpt lat="32.854017" lon="-116.419518"><ele>1784.5509257599217</ele></trkpt>
    <trkpt lat="32.854504" lon="-116.419753"><ele>1783.451133439983</ele></trkpt>
    <trkpt lat="32.854622" lon="-116.419468"><ele>1779.0655999998762</ele></trkpt>
    <trkpt lat="32.854726" lon="-116.419279"><ele>1776.5161001600538</ele></trkpt>
    <trkpt lat="32.855018" lon="-116.419018"><ele>1778.8770809599314</ele></trkpt>
    <trkpt lat="32.855088" lon="-116.41893"><ele>1779.5443136001168</ele></trkpt>
    <trkpt lat="32.855091" lon="-116.418852"><ele>1778.5957894400635</ele></trkpt>
    <trkpt lat="32.855135" lon="-116.418798"><ele>1779.4015615998612</ele></trkpt>
    <trkpt lat="32.855143" lon="-116.418727"><ele>1778.867549119993</ele></trkpt>
    <trkpt lat="32.855326" lon="-116.418492"><ele>1780.1703603199567</ele></trkpt>
    <trkpt lat="32.855326" lon="-116.418492"><ele>1780.1703603199567</ele></trkpt>
    <trkpt lat="32.855378" lon="-116.418425"><ele>1780.2946640000312</ele></trkpt>
    <trkpt lat="32.8555" lon="-116.418332"><ele>1781.5702400001305</ele></trkpt>
    <trkpt lat="32.855588" lon="-116.418112"><ele>1779.2922649597883</ele></trkpt>
    <trkpt lat="32.855672" lon="-116.418026"><ele>1780.5707942398938</ele></trkpt>
    <trkpt lat="32.85577" lon="-116.417983"><ele>1783.010707200146</ele></trkpt>
    <trkpt lat="32.855851" lon="-116.417902"><ele>1783.7095161599914</ele></trkpt>
    <trkpt lat="32.856102" lon="-116.417639"><ele>1786.7071737598717</ele></trkpt>
    <trkpt lat="32.856161" lon="-116.417577"><ele>1786.6109851198755</ele></trkpt>
    <trkpt lat="32.856154" lon="-116.417456"><ele>1784.0044569599613</ele></trkpt>
    <trkpt lat="32.856183" lon="-116.41731"><ele>1782.0510192000365</ele></trkpt>
    <trkpt lat="32.856493" lon="-116.417074"><ele>1783.138799999996</ele></trkpt>
    <trkpt lat="32.856668" lon="-116.417046"><ele>1785.5796902399654</ele></trkpt>
    <trkpt lat="32.856776" lon="-116.417046"><ele>1787.2393996800347</ele></trkpt>
    <trkpt lat="32.856874" lon="-116.417053"><ele>1788.884213759881</ele></trkpt>
    <trkpt lat="32.85692" lon="-116.417083"><ele>1790.1417888001295</ele></trkpt>
    <trkpt lat="32.856797" lon="-116.417186"><ele>1790.617167360025</ele></trkpt>
    <trkpt lat="32.856706" lon="-116.41723"><ele>1790.5967648001083</ele></trkpt>
    <trkpt lat="32.856681" lon="-116.417266"><ele>1791.1085321599742</ele></trkpt>
    <trkpt lat="32.856706" lon="-116.417302"><ele>1792.188667520175</ele></trkpt>
    <trkpt lat="32.856769" lon="-116.417317"><ele>1793.2780980799303</ele></trkpt>
    <trkpt lat="32.856853" lon="-116.4173"><ele>1793.880223999949</ele></trkpt>
    <trkpt lat="32.856966" lon="-116.417324"><ele>1795.8183347198424</ele></trkpt>
    <trkpt lat="32.857189" lon="-116.417455"><ele>1800.91204960006</ele></trkpt>
    <trkpt lat="32.857313" lon="-116.417679"><ele>1808.157430240149</ele></trkpt>
    <trkpt lat="32.857475" lon="-116.417851"><ele>1812.2022199999958</ele></trkpt>
    <trkpt lat="32.857534" lon="-116.417872"><ele>1812.2561638400045</ele></trkpt>
    <trkpt lat="32.85757" lon="-116.417833"><ele>1812.0986047999993</ele></trkpt>
    <trkpt lat="32.857555" lon="-116.417725"><ele>1811.2381000000562</ele></trkpt>
    <trkpt lat="32.857545" lon="-116.417621"><ele>1809.635163999972</ele></trkpt>
    <trkpt lat="32.857562" lon="-116.417516"><ele>1808.3397184001121</ele></trkpt>
    <trkpt lat="32.857589" lon="-116.417382"><ele>1807.038905919992</ele></trkpt>
    <trkpt lat="32.857589" lon="-116.417382"><ele>1807.038905919992</ele></trkpt>
    <trkpt lat="32.857616" lon="-116.417253"><ele>1805.9025299200346</ele></trkpt>
    <trkpt lat="32.857535" lon="-116.417035"><ele>1802.4929239999547</ele></trkpt>
    <trkpt lat="32.857517" lon="-116.416916"><ele>1801.332266880038</ele></trkpt>
    <trkpt lat="32.857526" lon="-116.416781"><ele>1801.1218742400024</ele></trkpt>
    <trkpt lat="32.857617" lon="-116.416647"><ele>1803.1162209599013</ele></trkpt>
    <trkpt lat="32.857752" lon="-116.416478"><ele>1805.1569702399097</ele></trkpt>
    <trkpt lat="32.857858" lon="-116.416338"><ele>1806.2890163199706</ele></trkpt>
    <trkpt lat="32.85802" lon="-116.416192"><ele>1809.3417472000683</ele></trkpt>
    <trkpt lat="32.858076" lon="-116.416082"><ele>1810.3098265599513</ele></trkpt>
    <trkpt lat="32.858136" lon="-116.415982"><ele>1811.4276121600326</ele></trkpt>
    <trkpt lat="32.858243" lon="-116.415891"><ele>1813.7686230400247</ele></trkpt>
    <trkpt lat="32.858366" lon="-116.415804"><ele>1816.0368371199693</ele></trkpt>
    <trkpt lat="32.858316" lon="-116.415528"><ele>1814.8057702400574</ele></trkpt>
    <trkpt lat="32.858306" lon="-116.415474"><ele>1814.8882707199684</ele></trkpt>
    <trkpt lat="32.858306" lon="-116.415474"><ele>1814.8882707199684</ele></trkpt>
    <trkpt lat="32.858293" lon="-116.415409"><ele>1815.0314225600569</ele></trkpt>
    <trkpt lat="32.858269" lon="-116.415357"><ele>1815.0534430399987</ele></trkpt>
    <trkpt lat="32.858032" lon="-116.41504"><ele>1820.3514111998963</ele></trkpt>
    <trkpt lat="32.857876" lon="-116.414845"><ele>1821.4695999999503</ele></trkpt>
    <trkpt lat="32.857826" lon="-116.414731"><ele>1822.851999999988</ele></trkpt>
    <trkpt lat="32.857786" lon="-116.414399"><ele>1827.049957439869</ele></trkpt>
    <trkpt lat="32.857723" lon="-116.413893"><ele>1830.595244319984</ele></trkpt>
    <trkpt lat="32.857726" lon="-116.413694"><ele>1829.6215564800245</ele></trkpt>
    <trkpt lat="32.85776" lon="-116.413559"><ele>1829.4340064000771</ele></trkpt>
    <trkpt lat="32.857853" lon="-116.413465"><ele>1830.5504815999968</ele></trkpt>
    <trkpt lat="32.857994" lon="-116.413416"><ele>1834.0302963199108</ele></trkpt>
    <trkpt lat="32.858057" lon="-116.413413"><ele>1835.8826913600951</ele></trkpt>
    <trkpt lat="32.858125" lon="-116.413389"><ele>1836.6512999999602</ele></trkpt>
    <trkpt lat="32.85827" lon="-116.413278"><ele>1836.7565472000854</ele></trkpt>
    <trkpt lat="32.858401" lon="-116.413051"><ele>1834.8255900799077</ele></trkpt>
    <trkpt lat="32.858496" lon="-116.412831"><ele>1832.1643980800081</ele></trkpt>
    <trkpt lat="32.858584" lon="-116.412718"><ele>1832.0871999999554</ele></trkpt>
    <trkpt lat="32.858665" lon="-116.412647"><ele>1832.0068056002526</ele></trkpt>
    <trkpt lat="32.858835" lon="-116.41255"><ele>1833.6327599998826</ele></trkpt>
    <trkpt lat="32.859001" lon="-116.412551"><ele>1835.7605980798744</ele></trkpt>
    <trkpt lat="32.859185" lon="-116.412511"><ele>1836.224399999915</ele></trkpt>
    <trkpt lat="32.859261" lon="-116.412536"><ele>1836.8580000000284</ele></trkpt>
    <trkpt lat="32.859353" lon="-116.412621"><ele>1838.4132000000163</ele></trkpt>
    <trkpt lat="32.859401" lon="-116.412665"><ele>1839.2196000000522</ele></trkpt>
    <trkpt lat="32.859491" lon="-116.412664"><ele>1839.262648960094</ele></trkpt>
    <trkpt lat="32.859644" lon="-116.412596"><ele>1838.1341209599204</ele></trkpt>
    <trkpt lat="32.859834" lon="-116.412585"><ele>1838.074131200055</ele></trkpt>
    <trkpt lat="32.859953" lon="-116.412589"><ele>1838.259623359982</ele></trkpt>
    <trkpt lat="32.860086" lon="-116.412566"><ele>1838.0904780799933</ele></trkpt>
    <trkpt lat="32.860587" lon="-116.412518"><ele>1840.493864640021</ele></trkpt>
    <trkpt lat="32.860669" lon="-116.412564"><ele>1841.7175046400087</ele></trkpt>
    <trkpt lat="32.860669" lon="-116.412564"><ele>1841.7175046400087</ele></trkpt>
    <trkpt lat="32.86071" lon="-116.412587"><ele>1842.292660799944</ele></trkpt>
    <trkpt lat="32.860768" lon="-116.412617"><ele>1843.0806662400203</ele></trkpt>
    <trkpt lat="32.861075" lon="-116.412515"><ele>1845.7150200000087</ele></trkpt>
    <trkpt lat="32.861417" lon="-116.412554"><ele>1843.8255999999765</ele></trkpt>
    <trkpt lat="32.86168" lon="-116.412597"><ele>1841.205999999907</ele></trkpt>
    <trkpt lat="32.861845" lon="-116.412716"><ele>1838.4699999999348</ele></trkpt>
    <trkpt lat="32.862025" lon="-116.412787"><ele>1836.8768280000752</ele></trkpt>
    <trkpt lat="32.862293" lon="-116.412807"><ele>1835.9199999999805</ele></trkpt>
    <trkpt lat="32.863209" lon="-116.412556"><ele>1831.7314361600738</ele></trkpt>
    <trkpt lat="32.863329" lon="-116.412585"><ele>1830.7963735998974</ele></trkpt>
    <trkpt lat="32.863438" lon="-116.412592"><ele>1830.1711923199466</ele></trkpt>
    <trkpt lat="32.863833" lon="-116.412533"><ele>1828.1648000000296</ele></trkpt>
    <trkpt lat="32.864074" lon="-116.41258"><ele>1825.6167231999516</ele></trkpt>
    <trkpt lat="32.864173" lon="-116.412622"><ele>1824.5124275199964</ele></trkpt>
    <trkpt lat="32.864173" lon="-116.412622"><ele>1824.5124275199964</ele></trkpt>
    <trkpt lat="32.864182" lon="-116.412638"><ele>1824.3924467199993</ele></trkpt>
    <trkpt lat="32.864341" lon="-116.412744"><ele>1823.3413676799894</ele></trkpt>
    <trkpt lat="32.864444" lon="-116.412745"><ele>1822.8839776000088</ele></trkpt>
    <trkpt lat="32.864509" lon="-116.412766"><ele>1823.654799999998</ele></trkpt>
    <trkpt lat="32.864581" lon="-116.412739"><ele>1824.3352000000186</ele></trkpt>
    <trkpt lat="32.864717" lon="-116.412649"><ele>1825.4799999999932</ele></trkpt>
    <trkpt lat="32.864975" lon="-116.412714"><ele>1828.2914639999713</ele></trkpt>
    <trkpt lat="32.865097" lon="-116.412723"><ele>1828.4678755199993</ele></trkpt>
    <trkpt lat="32.865123" lon="-116.412764"><ele>1828.8568742399557</ele></trkpt>
    <trkpt lat="32.865433" lon="-116.412856"><ele>1829.720558080049</ele></trkpt>
    <trkpt lat="32.865516" lon="-116.412832"><ele>1829.5578035199428</ele></trkpt>
    <trkpt lat="32.865572" lon="-116.41277"><ele>1828.8303423998855</ele></trkpt>
    <trkpt lat="32.865684" lon="-116.412676"><ele>1826.6321766401074</ele></trkpt>
    <trkpt lat="32.865798" lon="-116.412574"><ele>1823.9581139201646</ele></trkpt>
    <trkpt lat="32.865864" lon="-116.412544"><ele>1823.1262873599221</ele></trkpt>
    <trkpt lat="32.86595" lon="-116.412466"><ele>1820.969391999846</ele></trkpt>
    <trkpt lat="32.866071" lon="-116.412453"><ele>1820.5016324799785</ele></trkpt>
    <trkpt lat="32.866175" lon="-116.412466"><ele>1821.3865519998262</ele></trkpt>
    <trkpt lat="32.86639" lon="-116.412444"><ele>1822.3968127998385</ele></trkpt>
    <trkpt lat="32.86646" lon="-116.412468"><ele>1823.6493824000788</ele></trkpt>
    <trkpt lat="32.866682" lon="-116.412522"><ele>1826.2615999999466</ele></trkpt>
    <trkpt lat="32.866765" lon="-116.41254"><ele>1826.222000000098</ele></trkpt>
    <trkpt lat="32.866754" lon="-116.412592"><ele>1827.010400000052</ele></trkpt>
    <trkpt lat="32.866715" lon="-116.412598"><ele>1827.2372000000414</ele></trkpt>
    <trkpt lat="32.866687" lon="-116.412604"><ele>1827.424400000028</ele></trkpt>
    <trkpt lat="32.866661" lon="-116.412633"><ele>1827.903702559995</ele></trkpt>
    <trkpt lat="32.866704" lon="-116.412688"><ele>1828.5728000000458</ele></trkpt>
    <trkpt lat="32.866708" lon="-116.412747"><ele>1829.4079999999321</ele></trkpt>
    <trkpt lat="32.866693" lon="-116.412786"><ele>1830.015181759967</ele></trkpt>
    <trkpt lat="32.866703" lon="-116.41286"><ele>1830.9370495999262</ele></trkpt>
    <trkpt lat="32.866839" lon="-116.413033"><ele>1831.3447294400053</ele></trkpt>
    <trkpt lat="32.866839" lon="-116.413033"><ele>1831.3447294400053</ele></trkpt>
    <trkpt lat="32.866991" lon="-116.413026"><ele>1829.8579347200111</ele></trkpt>
    <trkpt lat="32.867037" lon="-116.412996"><ele>1829.6427238400358</ele></trkpt>
    <trkpt lat="32.867094" lon="-116.412984"><ele>1829.4650163199556</ele></trkpt>
    <trkpt lat="32.867167" lon="-116.412922"><ele>1828.7487660799427</ele></trkpt>
    <trkpt lat="32.867241" lon="-116.412839"><ele>1827.6233980800605</ele></trkpt>
    <trkpt lat="32.867322" lon="-116.412752"><ele>1826.2029324799535</ele></trkpt>
    <trkpt lat="32.867442" lon="-116.412665"><ele>1823.9423456001018</ele></trkpt>
    <trkpt lat="32.867632" lon="-116.412566"><ele>1820.8374924799623</ele></trkpt>
    <trkpt lat="32.867775" lon="-116.412512"><ele>1819.2264320001125</ele></trkpt>
    <trkpt lat="32.867824" lon="-116.412511"><ele>1819.0052422399267</ele></trkpt>
    <trkpt lat="32.867873" lon="-116.412559"><ele>1819.427957120001</ele></trkpt>
    <trkpt lat="32.867913" lon="-116.41273"><ele>1821.0409183999375</ele></trkpt>
    <trkpt lat="32.868016" lon="-116.41283"><ele>1820.302771200045</ele></trkpt>
    <trkpt lat="32.86808" lon="-116.412898"><ele>1819.908313599998</ele></trkpt>
    <trkpt lat="32.868141" lon="-116.413077"><ele>1820.9252000000001</ele></trkpt>
    <trkpt lat="32.868325" lon="-116.413333"><ele>1823.1427999999028</ele></trkpt>
    <trkpt lat="32.868489" lon="-116.413426"><ele>1821.2657494401062</ele></trkpt>
    <trkpt lat="32.868697" lon="-116.413432"><ele>1816.9404000000532</ele></trkpt>
    <trkpt lat="32.868888" lon="-116.413465"><ele>1814.3340000000853</ele></trkpt>
    <trkpt lat="32.869168" lon="-116.413419"><ele>1809.8264000000654</ele></trkpt>
    <trkpt lat="32.869278" lon="-116.413357"><ele>1806.5072000000819</ele></trkpt>
    <trkpt lat="32.869278" lon="-116.413357"><ele>1806.5072000000819</ele></trkpt>
    <trkpt lat="32.869301" lon="-116.413344"><ele>1805.8123999998907</ele></trkpt>
    <trkpt lat="32.869397" lon="-116.413339"><ele>1803.9763999998731</ele></trkpt>
    <trkpt lat="32.869605" lon="-116.41351"><ele>1804.2936080000538</ele></trkpt>
    <trkpt lat="32.869706" lon="-116.413632"><ele>1805.9060083202105</ele></trkpt>
    <trkpt lat="32.86998" lon="-116.414032"><ele>1812.3117056001076</ele></trkpt>
    <trkpt lat="32.870418" lon="-116.414742"><ele>1813.0705164800133</ele></trkpt>
    <trkpt lat="32.870418" lon="-116.414742"><ele>1813.0705164800133</ele></trkpt>
    <trkpt lat="32.87043" lon="-116.414761"><ele>1813.1261983999966</ele></trkpt>
    <trkpt lat="32.870527" lon="-116.414843"><ele>1813.0893948799949</ele></trkpt>
    <trkpt lat="32.870613" lon="-116.414813"><ele>1813.4135999999908</ele></trkpt>
    <trkpt lat="32.870865" lon="-116.414665"><ele>1815.4574840000182</ele></trkpt>
    <trkpt lat="32.870983" lon="-116.414627"><ele>1816.6051006400437</ele></trkpt>
    <trkpt lat="32.871039" lon="-116.414635"><ele>1817.027285600001</ele></trkpt>
    <trkpt lat="32.871043" lon="-116.414708"><ele>1816.5994457599722</ele></trkpt>
    <trkpt lat="32.870935" lon="-116.415012"><ele>1816.227600000078</ele></trkpt>
    <trkpt lat="32.870968" lon="-116.415082"><ele>1817.3399999999556</ele></trkpt>
    <trkpt lat="32.87104" lon="-116.415169"><ele>1819.0572000000702</ele></trkpt>
    <trkpt lat="32.871262" lon="-116.415277"><ele>1823.1689628800382</ele></trkpt>
    <trkpt lat="32.871262" lon="-116.415277"><ele>1823.1689628800382</ele></trkpt>
    <trkpt lat="32.871551" lon="-116.415341"><ele>1826.8411452799733</ele></trkpt>
    <trkpt lat="32.871833" lon="-116.415421"><ele>1829.2496000000806</ele></trkpt>
    <trkpt lat="32.872045" lon="-116.415438"><ele>1830.937996800072</ele></trkpt>
    <trkpt lat="32.872263" lon="-116.415548"><ele>1830.4295999999558</ele></trkpt>
    <trkpt lat="32.872374" lon="-116.415532"><ele>1831.5168000000258</ele></trkpt>
    <trkpt lat="32.872561" lon="-116.415564"><ele>1832.0979999999413</ele></trkpt>
    <trkpt lat="32.872816" lon="-116.415654"><ele>1831.8575999999503</ele></trkpt>
    <trkpt lat="32.873068" lon="-116.415783"><ele>1831.6066355198984</ele></trkpt>
    <trkpt lat="32.873272" lon="-116.415814"><ele>1829.0492646400496</ele></trkpt>
    <trkpt lat="32.873428" lon="-116.415859"><ele>1828.063600000015</ele></trkpt>
    <trkpt lat="32.873522" lon="-116.416004"><ele>1826.8359999999952</ele></trkpt>
    <trkpt lat="32.873626" lon="-116.416205"><ele>1825.0924495999545</ele></trkpt>
    <trkpt lat="32.873799" lon="-116.416404"><ele>1822.728</ele></trkpt>
    <trkpt lat="32.873905" lon="-116.416517"><ele>1820.810000000024</ele></trkpt>
    <trkpt lat="32.873941" lon="-116.416562"><ele>1820.2592000000332</ele></trkpt>
    <trkpt lat="32.874163" lon="-116.416645"><ele>1820.3635999999733</ele></trkpt>
    <trkpt lat="32.874341" lon="-116.416733"><ele>1822.0329291201276</ele></trkpt>
    <trkpt lat="32.874505" lon="-116.416879"><ele>1822.5373608000864</ele></trkpt>
    <trkpt lat="32.874619" lon="-116.417005"><ele>1822.624417599992</ele></trkpt>
    <trkpt lat="32.874753" lon="-116.41711"><ele>1822.8672000001097</ele></trkpt>
    <trkpt lat="32.875301" lon="-116.417318"><ele>1823.2992505601553</ele></trkpt>
    <trkpt lat="32.875692" lon="-116.417459"><ele>1821.4493011201469</ele></trkpt>
    <trkpt lat="32.8758" lon="-116.417514"><ele>1820.6784000000366</ele></trkpt>
    <trkpt lat="32.875848" lon="-116.417524"><ele>1820.7599999999793</ele></trkpt>
    <trkpt lat="32.875895" lon="-116.41757"><ele>1820.4360000000306</ele></trkpt>
    <trkpt lat="32.876177" lon="-116.417746"><ele>1820.8536643200473</ele></trkpt>
    <trkpt lat="32.876262" lon="-116.417828"><ele>1821.1587788799384</ele></trkpt>
    <trkpt lat="32.876262" lon="-116.417828"><ele>1821.1587788799384</ele></trkpt>
    <trkpt lat="32.876316" lon="-116.417881"><ele>1821.019415680188</ele></trkpt>
    <trkpt lat="32.876484" lon="-116.418177"><ele>1818.0062054399589</ele></trkpt>
    <trkpt lat="32.876744" lon="-116.41846"><ele>1816.0992000001102</ele></trkpt>
    <trkpt lat="32.877213" lon="-116.419068"><ele>1808.0744147200762</ele></trkpt>
    <trkpt lat="32.877319" lon="-116.419118"><ele>1808.4448000000548</ele></trkpt>
    <trkpt lat="32.877445" lon="-116.419091"><ele>1810.8424000001414</ele></trkpt>
    <trkpt lat="32.877571" lon="-116.419094"><ele>1811.6364649599761</ele></trkpt>
    <trkpt lat="32.877617" lon="-116.419149"><ele>1810.4083883198975</ele></trkpt>
    <trkpt lat="32.877697" lon="-116.41946"><ele>1803.2106847999726</ele></trkpt>
    <trkpt lat="32.877699" lon="-116.419629"><ele>1800.9636238399937</ele></trkpt>
    <trkpt lat="32.877688" lon="-116.41984"><ele>1799.6896895999926</ele></trkpt>
    <trkpt lat="32.877714" lon="-116.420053"><ele>1799.8907999999783</ele></trkpt>
    <trkpt lat="32.877755" lon="-116.420168"><ele>1800.067199999994</ele></trkpt>
    <trkpt lat="32.877769" lon="-116.420266"><ele>1799.916000000017</ele></trkpt>
    <trkpt lat="32.877809" lon="-116.420395"><ele>1798.9214327999973</ele></trkpt>
    <trkpt lat="32.87792" lon="-116.420594"><ele>1798.4475392001627</ele></trkpt>
    <trkpt lat="32.878421" lon="-116.421067"><ele>1798.4722345601865</ele></trkpt>
    <trkpt lat="32.878538" lon="-116.421281"><ele>1797.398573120072</ele></trkpt>
    <trkpt lat="32.878578" lon="-116.421308"><ele>1797.653288960012</ele></trkpt>
    <trkpt lat="32.878578" lon="-116.421308"><ele>1797.653288960012</ele></trkpt>
    <trkpt lat="32.878953" lon="-116.421559"><ele>1797.697741919974</ele></trkpt>
    <trkpt lat="32.879358" lon="-116.421708"><ele>1798.0711065601477</ele></trkpt>
    <trkpt lat="32.879876" lon="-116.421827"><ele>1800.8130758401958</ele></trkpt>
    <trkpt lat="32.879965" lon="-116.421858"><ele>1801.8784223999678</ele></trkpt>
    <trkpt lat="32.880109" lon="-116.421981"><ele>1800.9951999999284</ele></trkpt>
    <trkpt lat="32.880207" lon="-116.422007"><ele>1801.139200000127</ele></trkpt>
    <trkpt lat="32.880357" lon="-116.421967"><ele>1802.2276000001184</ele></trkpt>
    <trkpt lat="32.88057" lon="-116.421879"><ele>1802.8383999999505</ele></trkpt>
    <trkpt lat="32.88057" lon="-116.421879"><ele>1802.8383999999505</ele></trkpt>
    <trkpt lat="32.880555" lon="-116.421957"><ele>1801.730799999862</ele></trkpt>
    <trkpt lat="32.880581" lon="-116.422026"><ele>1800.0551999999498</ele></trkpt>
    <trkpt lat="32.880604" lon="-116.422112"><ele>1798.0320000000456</ele></trkpt>
    <trkpt lat="32.880605" lon="-116.422248"><ele>1795.0211264000689</ele></trkpt>
    <trkpt lat="32.880542" lon="-116.422345"><ele>1793.418369599857</ele></trkpt>
    <trkpt lat="32.880461" lon="-116.422446"><ele>1791.781026240151</ele></trkpt>
    <trkpt lat="32.880389" lon="-116.422558"><ele>1789.403603520147</ele></trkpt>
    <trkpt lat="32.880288" lon="-116.422621"><ele>1788.0220300797887</ele></trkpt>
    <trkpt lat="32.880148" lon="-116.422656"><ele>1785.6591180798928</ele></trkpt>
    <trkpt lat="32.88009" lon="-116.422731"><ele>1783.384246400042</ele></trkpt>
    <trkpt lat="32.880186" lon="-116.422937"><ele>1779.803599999926</ele></trkpt>
    <trkpt lat="32.880391" lon="-116.423088"><ele>1777.2419999999133</ele></trkpt>
    <trkpt lat="32.880391" lon="-116.423088"><ele>1777.2419999999133</ele></trkpt>
    <trkpt lat="32.880186" lon="-116.422937"><ele>1779.803599999926</ele></trkpt>
    <trkpt lat="32.88009" lon="-116.422731"><ele>1783.384246400042</ele></trkpt>
    <trkpt lat="32.880148" lon="-116.422656"><ele>1785.6591180798928</ele></trkpt>
    <trkpt lat="32.880288" lon="-116.422621"><ele>1788.0220300797887</ele></trkpt>
    <trkpt lat="32.880389" lon="-116.422558"><ele>1789.403603520147</ele></trkpt>
    <trkpt lat="32.880461" lon="-116.422446"><ele>1791.781026240151</ele></trkpt>
    <trkpt lat="32.880542" lon="-116.422345"><ele>1793.418369599857</ele></trkpt>
    <trkpt lat="32.880605" lon="-116.422248"><ele>1795.0211264000689</ele></trkpt>
    <trkpt lat="32.880604" lon="-116.422112"><ele>1798.0320000000456</ele></trkpt>
    <trkpt lat="32.880581" lon="-116.422026"><ele>1800.0551999999498</ele></trkpt>
    <trkpt lat="32.880555" lon="-116.421957"><ele>1801.730799999862</ele></trkpt>
    <trkpt lat="32.88057" lon="-116.421879"><ele>1802.8383999999505</ele></trkpt>
    <trkpt lat="32.880662" lon="-116.42178"><ele>1803.6016000000172</ele></trkpt>
    <trkpt lat="32.881047" lon="-116.421469"><ele>1801.902725439938</ele></trkpt>
    <trkpt lat="32.881156" lon="-116.42136"><ele>1801.5503999999346</ele></trkpt>
    <trkpt lat="32.881301" lon="-116.421269"><ele>1800.0564000000732</ele></trkpt>
    <trkpt lat="32.881387" lon="-116.42121"><ele>1799.2608000000369</ele></trkpt>
    <trkpt lat="32.881472" lon="-116.421193"><ele>1798.0299999999156</ele></trkpt>
    <trkpt lat="32.881542" lon="-116.42114"><ele>1797.7240000000515</ele></trkpt>
    <trkpt lat="32.881655" lon="-116.420964"><ele>1799.8949568000198</ele></trkpt>
    <trkpt lat="32.881795" lon="-116.420987"><ele>1799.0784432000962</ele></trkpt>
    <trkpt lat="32.881838" lon="-116.421002"><ele>1798.617358079958</ele></trkpt>
    <trkpt lat="32.881838" lon="-116.421002"><ele>1798.617358079958</ele></trkpt>
    <trkpt lat="32.881954" lon="-116.421042"><ele>1797.2823238400044</ele></trkpt>
    <trkpt lat="32.882351" lon="-116.421313"><ele>1790.0050889600564</ele></trkpt>
    <trkpt lat="32.883376" lon="-116.420575"><ele>1795.3886560000185</ele></trkpt>
    <trkpt lat="32.883476" lon="-116.420555"><ele>1795.4923456000681</ele></trkpt>
    <trkpt lat="32.883558" lon="-116.420453"><ele>1796.0707820800392</ele></trkpt>
    <trkpt lat="32.883633" lon="-116.420404"><ele>1796.0482067199594</ele></trkpt>
    <trkpt lat="32.883754" lon="-116.420383"><ele>1795.9228547199866</ele></trkpt>
    <trkpt lat="32.883941" lon="-116.420299"><ele>1795.9522652800001</ele></trkpt>
    <trkpt lat="32.884001" lon="-116.420241"><ele>1795.895509920009</ele></trkpt>
    <trkpt lat="32.884366" lon="-116.42021"><ele>1799.1144000000095</ele></trkpt>
    <trkpt lat="32.884434" lon="-116.420232"><ele>1800.0143999999882</ele></trkpt>
    <trkpt lat="32.884693" lon="-116.420216"><ele>1802.410007040025</ele></trkpt>
    <trkpt lat="32.884937" lon="-116.420188"><ele>1805.2892000000516</ele></trkpt>
    <trkpt lat="32.88517" lon="-116.420117"><ele>1807.2519487999766</ele></trkpt>
    <trkpt lat="32.885196" lon="-116.42012"><ele>1807.313638400018</ele></trkpt>
    <trkpt lat="32.885319" lon="-116.420297"><ele>1807.4452000000288</ele></trkpt>
    <trkpt lat="32.885461" lon="-116.420407"><ele>1808.978799999993</ele></trkpt>
    <trkpt lat="32.885582" lon="-116.420491"><ele>1810.3077244799938</ele></trkpt>
    <trkpt lat="32.88571" lon="-116.420622"><ele>1811.1896000000743</ele></trkpt>
    <trkpt lat="32.886215" lon="-116.421362"><ele>1806.5313967999884</ele></trkpt>
    <trkpt lat="32.886342" lon="-116.421493"><ele>1806.1448662400105</ele></trkpt>
    <trkpt lat="32.886418" lon="-116.421538"><ele>1806.0312000000094</ele></trkpt>
    <trkpt lat="32.886546" lon="-116.421551"><ele>1806.3984000000546</ele></trkpt>
    <trkpt lat="32.886706" lon="-116.421493"><ele>1807.4450716799963</ele></trkpt>
    <trkpt lat="32.886712" lon="-116.421549"><ele>1807.1044684800233</ele></trkpt>
    <trkpt lat="32.886688" lon="-116.4218"><ele>1806.153599999996</ele></trkpt>
    <trkpt lat="32.886577" lon="-116.422028"><ele>1805.1602035200297</ele></trkpt>
    <trkpt lat="32.8866" lon="-116.422136"><ele>1805.188992000025</ele></trkpt>
    <trkpt lat="32.886656" lon="-116.422267"><ele>1805.685200000013</ele></trkpt>
    <trkpt lat="32.886649" lon="-116.422365"><ele>1805.231599999981</ele></trkpt>
    <trkpt lat="32.886655" lon="-116.422472"><ele>1804.9327999999673</ele></trkpt>
    <trkpt lat="32.886623" lon="-116.422621"><ele>1804.0040763199816</ele></trkpt>
    <trkpt lat="32.886635" lon="-116.422722"><ele>1803.8359088000027</ele></trkpt>
    <trkpt lat="32.886699" lon="-116.422942"><ele>1803.6203686399733</ele></trkpt>
    <trkpt lat="32.886866" lon="-116.423118"><ele>1803.1066835199715</ele></trkpt>
    <trkpt lat="32.887099" lon="-116.42334"><ele>1800.4089536000233</ele></trkpt>
    <trkpt lat="32.887185" lon="-116.423562"><ele>1799.2004911999823</ele></trkpt>
    <trkpt lat="32.887221" lon="-116.423669"><ele>1798.5841169599744</ele></trkpt>
    <trkpt lat="32.887244" lon="-116.423786"><ele>1797.6130393599333</ele></trkpt>
    <trkpt lat="32.887266" lon="-116.42382"><ele>1797.219884799971</ele></trkpt>
    <trkpt lat="32.887329" lon="-116.423881"><ele>1796.29891696004</ele></trkpt>
    <trkpt lat="32.887348" lon="-116.423926"><ele>1796.0817881599837</ele></trkpt>
    <trkpt lat="32.887354" lon="-116.423996"><ele>1796.0314572799905</ele></trkpt>
    <trkpt lat="32.887379" lon="-116.424129"><ele>1795.9825347199942</ele></trkpt>
    <trkpt lat="32.887413" lon="-116.424234"><ele>1795.7576000000054</ele></trkpt>
    <trkpt lat="32.887397" lon="-116.424316"><ele>1795.4623999999835</ele></trkpt>
    <trkpt lat="32.887397" lon="-116.424316"><ele>1795.4623999999835</ele></trkpt>
    <trkpt lat="32.887397" lon="-116.424318"><ele>1795.4552000000017</ele></trkpt>
    <trkpt lat="32.88739" lon="-116.42445"><ele>1794.9641600000455</ele></trkpt>
    <trkpt lat="32.88743" lon="-116.424585"><ele>1794.2389760000435</ele></trkpt>
    <trkpt lat="32.887492" lon="-116.424786"><ele>1793.469975040035</ele></trkpt>
    <trkpt lat="32.887509" lon="-116.424983"><ele>1792.2804342400425</ele></trkpt>
    <trkpt lat="32.887562" lon="-116.42523"><ele>1791.829619200068</ele></trkpt>
    <trkpt lat="32.887621" lon="-116.42542"><ele>1792.5372000000625</ele></trkpt>
    <trkpt lat="32.887685" lon="-116.42544"><ele>1794.07799999996</ele></trkpt>
    <trkpt lat="32.88775" lon="-116.425487"><ele>1795.5467999999069</ele></trkpt>
    <trkpt lat="32.887816" lon="-116.425514"><ele>1796.5829849599804</ele></trkpt>
    <trkpt lat="32.887863" lon="-116.425551"><ele>1796.941831520039</ele></trkpt>
    <trkpt lat="32.887944" lon="-116.425645"><ele>1797.2805151999582</ele></trkpt>
    <trkpt lat="32.888175" lon="-116.425812"><ele>1797.6166240000446</ele></trkpt>
    <trkpt lat="32.888181" lon="-116.425815"><ele>1797.613405600011</ele></trkpt>
    <trkpt lat="32.888436" lon="-116.425929"><ele>1797.8080902400147</ele></trkpt>
    <trkpt lat="32.888528" lon="-116.425982"><ele>1798.005468159983</ele></trkpt>
    <trkpt lat="32.888589" lon="-116.426052"><ele>1798.0705388800259</ele></trkpt>
    <trkpt lat="32.888882" lon="-116.426056"><ele>1800.3422796799994</ele></trkpt>
    <trkpt lat="32.889136" lon="-116.426061"><ele>1799.0630515199255</ele></trkpt>
    <trkpt lat="32.889467" lon="-116.426004"><ele>1798.6345107198465</ele></trkpt>
    <trkpt lat="32.889538" lon="-116.426015"><ele>1797.499332799848</ele></trkpt>
    <trkpt lat="32.889609" lon="-116.42597"><ele>1797.471339199865</ele></trkpt>
    <trkpt lat="32.889719" lon="-116.425893"><ele>1797.7484916799606</ele></trkpt>
    <trkpt lat="32.889917" lon="-116.425853"><ele>1794.516934880012</ele></trkpt>
    <trkpt lat="32.889991" lon="-116.425833"><ele>1793.2016000000149</ele></trkpt>
    <trkpt lat="32.890038" lon="-116.42577"><ele>1794.3056192000051</ele></trkpt>
    <trkpt lat="32.890039" lon="-116.425769"><ele>1794.3245667199458</ele></trkpt>
    <trkpt lat="32.890039" lon="-116.425769"><ele>1794.3245667199458</ele></trkpt>
    <trkpt lat="32.890167" lon="-116.42566"><ele>1795.9937024001208</ele></trkpt>
    <trkpt lat="32.890301" lon="-116.425587"><ele>1796.8074635201067</ele></trkpt>
    <trkpt lat="32.890366" lon="-116.425586"><ele>1797.5492089600602</ele></trkpt>
    <trkpt lat="32.890493" lon="-116.425515"><ele>1800.4450375998726</ele></trkpt>
    <trkpt lat="32.890588" lon="-116.425473"><ele>1802.4655129600967</ele></trkpt>
    <trkpt lat="32.890657" lon="-116.425489"><ele>1802.8603019199988</ele></trkpt>
    <trkpt lat="32.89073" lon="-116.425476"><ele>1804.068659199883</ele></trkpt>
    <trkpt lat="32.890996" lon="-116.425511"><ele>1808.1945395200248</ele></trkpt>
    <trkpt lat="32.891178" lon="-116.425531"><ele>1812.2159999997698</ele></trkpt>
    <trkpt lat="32.891265" lon="-116.425505"><ele>1814.9699999999043</ele></trkpt>
    <trkpt lat="32.891287" lon="-116.425505"><ele>1815.524399999937</ele></trkpt>
    <trkpt lat="32.891307" lon="-116.425712"><ele>1813.4128313599017</ele></trkpt>
    <trkpt lat="32.89133" lon="-116.425834"><ele>1812.7285088000724</ele></trkpt>
    <trkpt lat="32.89133" lon="-116.425939"><ele>1812.8086448000713</ele></trkpt>
    <trkpt lat="32.891292" lon="-116.426005"><ele>1812.1227584000032</ele></trkpt>
    <trkpt lat="32.891279" lon="-116.426085"><ele>1811.9848135999505</ele></trkpt>
    <trkpt lat="32.891264" lon="-116.426177"><ele>1811.704180479998</ele></trkpt>
    <trkpt lat="32.891272" lon="-116.426357"><ele>1811.6155686400089</ele></trkpt>
    <trkpt lat="32.891275" lon="-116.426408"><ele>1811.3553920000631</ele></trkpt>
    <trkpt lat="32.891297" lon="-116.426458"><ele>1810.840496960047</ele></trkpt>
    <trkpt lat="32.891389" lon="-116.426484"><ele>1810.9738630399452</ele></trkpt>
    <trkpt lat="32.891457" lon="-116.426457"><ele>1811.9398769600352</ele></trkpt>
    <trkpt lat="32.891524" lon="-116.426392"><ele>1813.4201523198783</ele></trkpt>
    <trkpt lat="32.891608" lon="-116.426354"><ele>1814.716673279942</ele></trkpt>
    <trkpt lat="32.891673" lon="-116.426228"><ele>1816.800017280032</ele></trkpt>
    <trkpt lat="32.891717" lon="-116.426111"><ele>1818.7260724799312</ele></trkpt>
    <trkpt lat="32.891706" lon="-116.42599"><ele>1819.9361376000008</ele></trkpt>
    <trkpt lat="32.891745" lon="-116.42575"><ele>1823.0100000000511</ele></trkpt>
    <trkpt lat="32.891839" lon="-116.425648"><ele>1825.4363999999869</ele></trkpt>
    <trkpt lat="32.891894" lon="-116.425756"><ele>1825.6487999999622</ele></trkpt>
    <trkpt lat="32.891976" lon="-116.425877"><ele>1825.8856262399959</ele></trkpt>
    <trkpt lat="32.892082" lon="-116.425955"><ele>1826.0733071999923</ele></trkpt>
    <trkpt lat="32.892202" lon="-116.426005"><ele>1826.4449711998857</ele></trkpt>
    <trkpt lat="32.892436" lon="-116.425983"><ele>1827.9979999999314</ele></trkpt>
    <trkpt lat="32.892487" lon="-116.425958"><ele>1828.8116000001555</ele></trkpt>
    <trkpt lat="32.89256" lon="-116.425953"><ele>1829.0774527998376</ele></trkpt>
    <trkpt lat="32.892601" lon="-116.425947"><ele>1829.2843851201492</ele></trkpt>
    <trkpt lat="32.892625" lon="-116.425957"><ele>1829.0839400000807</ele></trkpt>
    <trkpt lat="32.892659" lon="-116.425954"><ele>1829.207850559903</ele></trkpt>
    <trkpt lat="32.8927" lon="-116.425962"><ele>1829.0911040000326</ele></trkpt>
    <trkpt lat="32.892736" lon="-116.426034"><ele>1827.5569510399669</ele></trkpt>
    <trkpt lat="32.892769" lon="-116.426059"><ele>1827.099928160109</ele></trkpt>
    <trkpt lat="32.89285" lon="-116.426083"><ele>1828.088263999954</ele></trkpt>
    <trkpt lat="32.893023" lon="-116.426275"><ele>1828.2776519999143</ele></trkpt>
    <trkpt lat="32.893168" lon="-116.426428"><ele>1828.7910041600358</ele></trkpt>
    <trkpt lat="32.893317" lon="-116.426628"><ele>1826.7526150402487</ele></trkpt>
    <trkpt lat="32.8934" lon="-116.426829"><ele>1823.2494560000448</ele></trkpt>
    <trkpt lat="32.893468" lon="-116.426955"><ele>1821.7176447998465</ele></trkpt>
    <trkpt lat="32.893506" lon="-116.427053"><ele>1820.8706425600385</ele></trkpt>
    <trkpt lat="32.893551" lon="-116.42719"><ele>1819.783004800126</ele></trkpt>
    <trkpt lat="32.893605" lon="-116.427263"><ele>1819.939970400106</ele></trkpt>
    <trkpt lat="32.893671" lon="-116.427328"><ele>1819.7931999998973</ele></trkpt>
    <trkpt lat="32.893848" lon="-116.427597"><ele>1816.716795519817</ele></trkpt>
    <trkpt lat="32.893877" lon="-116.427711"><ele>1814.403778240025</ele></trkpt>
    <trkpt lat="32.893917" lon="-116.427822"><ele>1812.232399999857</ele></trkpt>
    <trkpt lat="32.893924" lon="-116.427832"><ele>1812.070400000112</ele></trkpt>
    <trkpt lat="32.893924" lon="-116.427832"><ele>1812.070400000112</ele></trkpt>
    <trkpt lat="32.894011" lon="-116.427944"><ele>1810.410800000082</ele></trkpt>
    <trkpt lat="32.89405" lon="-116.427989"><ele>1809.816800000097</ele></trkpt>
    <trkpt lat="32.894115" lon="-116.428035"><ele>1809.6620000001558</ele></trkpt>
    <trkpt lat="32.894211" lon="-116.428085"><ele>1809.8428000000722</ele></trkpt>
    <trkpt lat="32.894344" lon="-116.428117"><ele>1810.5879999999588</ele></trkpt>
    <trkpt lat="32.894593" lon="-116.428105"><ele>1813.1556223999373</ele></trkpt>
    <trkpt lat="32.894821" lon="-116.428159"><ele>1813.1686982402605</ele></trkpt>
    <trkpt lat="32.89541" lon="-116.428352"><ele>1810.1583871998237</ele></trkpt>
    <trkpt lat="32.895508" lon="-116.42839"><ele>1808.5170752003019</ele></trkpt>
    <trkpt lat="32.895637" lon="-116.428449"><ele>1806.4184884799813</ele></trkpt>
    <trkpt lat="32.895817" lon="-116.428514"><ele>1804.7485564797291</ele></trkpt>
    <trkpt lat="32.896149" lon="-116.428687"><ele>1802.6089934400786</ele></trkpt>
    <trkpt lat="32.896265" lon="-116.42872"><ele>1802.8535040000218</ele></trkpt>
    <trkpt lat="32.896569" lon="-116.428861"><ele>1801.587700640022</ele></trkpt>
    <trkpt lat="32.896643" lon="-116.42892"><ele>1800.954115199986</ele></trkpt>
    <trkpt lat="32.896904" lon="-116.429016"><ele>1797.9791999999925</ele></trkpt>
    <trkpt lat="32.896957" lon="-116.429296"><ele>1796.4471097600222</ele></trkpt>
    <trkpt lat="32.896952" lon="-116.429322"><ele>1796.383179520012</ele></trkpt>
    <trkpt lat="32.896936" lon="-116.429355"><ele>1796.3925888000251</ele></trkpt>
    <trkpt lat="32.896861" lon="-116.429375"><ele>1796.9259000000218</ele></trkpt>
    <trkpt lat="32.89684" lon="-116.429407"><ele>1796.9374848000314</ele></trkpt>
    <trkpt lat="32.896842" lon="-116.429476"><ele>1796.4805913600535</ele></trkpt>
    <trkpt lat="32.897019" lon="-116.429697"><ele>1792.7112292799545</ele></trkpt>
    <trkpt lat="32.897038" lon="-116.429847"><ele>1792.1751094399879</ele></trkpt>
    <trkpt lat="32.897043" lon="-116.429996"><ele>1791.9407091200342</ele></trkpt>
    <trkpt lat="32.896973" lon="-116.430141"><ele>1792.8481438399924</ele></trkpt>
    <trkpt lat="32.896935" lon="-116.430216"><ele>1793.060438400006</ele></trkpt>
    <trkpt lat="32.896862" lon="-116.430382"><ele>1793.8574406399937</ele></trkpt>
    <trkpt lat="32.896869" lon="-116.430474"><ele>1794.0577417599989</ele></trkpt>
    <trkpt lat="32.896947" lon="-116.430656"><ele>1794.0158534399834</ele></trkpt>
    <trkpt lat="32.896978" lon="-116.430792"><ele>1794.3264499199693</ele></trkpt>
    <trkpt lat="32.897078" lon="-116.430885"><ele>1795.8215424000296</ele></trkpt>
    <trkpt lat="32.897185" lon="-116.430978"><ele>1797.2583743999844</ele></trkpt>
    <trkpt lat="32.897345" lon="-116.431089"><ele>1797.5135831999953</ele></trkpt>
    <trkpt lat="32.897552" lon="-116.431225"><ele>1798.0783999999953</ele></trkpt>
    <trkpt lat="32.897773" lon="-116.431498"><ele>1799.2367561600424</ele></trkpt>
    <trkpt lat="32.897891" lon="-116.431589"><ele>1799.867564960019</ele></trkpt>
    <trkpt lat="32.897985" lon="-116.431764"><ele>1801.916998400023</ele></trkpt>
    <trkpt lat="32.898049" lon="-116.431925"><ele>1804.6516520001212</ele></trkpt>
    <trkpt lat="32.898046" lon="-116.432057"><ele>1806.2434777600017</ele></trkpt>
    <trkpt lat="32.898097" lon="-116.432339"><ele>1808.3576763199967</ele></trkpt>
    <trkpt lat="32.898112" lon="-116.432466"><ele>1808.6992716800223</ele></trkpt>
    <trkpt lat="32.898095" lon="-116.432572"><ele>1808.4500192000396</ele></trkpt>
    <trkpt lat="32.898094" lon="-116.432746"><ele>1807.458101120034</ele></trkpt>
    <trkpt lat="32.898054" lon="-116.432855"><ele>1806.4464863999713</ele></trkpt>
    <trkpt lat="32.898022" lon="-116.432963"><ele>1805.62610111999</ele></trkpt>
    <trkpt lat="32.89798" lon="-116.43301"><ele>1805.14521600003</ele></trkpt>
    <trkpt lat="32.89798" lon="-116.43301"><ele>1805.14521600003</ele></trkpt>
    <trkpt lat="32.897948" lon="-116.433046"><ele>1804.7082393599535</ele></trkpt>
    <trkpt lat="32.897882" lon="-116.433141"><ele>1802.8758345599101</ele></trkpt>
    <trkpt lat="32.897713" lon="-116.433243"><ele>1799.7938366399069</ele></trkpt>
    <trkpt lat="32.897618" lon="-116.433273"><ele>1798.8529334400087</ele></trkpt>
    <trkpt lat="32.897515" lon="-116.433292"><ele>1798.087564800134</ele></trkpt>
    <trkpt lat="32.897399" lon="-116.433327"><ele>1798.2338198398734</ele></trkpt>
    <trkpt lat="32.897313" lon="-116.433328"><ele>1799.1281491199709</ele></trkpt>
    <trkpt lat="32.897268" lon="-116.433351"><ele>1799.134481279995</ele></trkpt>
    <trkpt lat="32.897154" lon="-116.433387"><ele>1798.4444998400782</ele></trkpt>
    <trkpt lat="32.897047" lon="-116.433384"><ele>1797.874115839939</ele></trkpt>
    <trkpt lat="32.896933" lon="-116.433389"><ele>1797.0582870398853</ele></trkpt>
    <trkpt lat="32.896864" lon="-116.433377"><ele>1796.411349760124</ele></trkpt>
    <trkpt lat="32.896809" lon="-116.433357"><ele>1796.1133129599557</ele></trkpt>
    <trkpt lat="32.896747" lon="-116.433329"><ele>1795.9722884799635</ele></trkpt>
    <trkpt lat="32.896673" lon="-116.433334"><ele>1795.0541094399528</ele></trkpt>
    <trkpt lat="32.896591" lon="-116.433359"><ele>1794.1480302400973</ele></trkpt>
    <trkpt lat="32.896489" lon="-116.433345"><ele>1794.0815367999437</ele></trkpt>
    <trkpt lat="32.896458" lon="-116.433364"><ele>1793.5034675200732</ele></trkpt>
    <trkpt lat="32.89638" lon="-116.43336"><ele>1793.3249280001696</ele></trkpt>
    <trkpt lat="32.896203" lon="-116.433486"><ele>1789.7850076799436</ele></trkpt>
    <trkpt lat="32.896171" lon="-116.433497"><ele>1789.41343151993</ele></trkpt>
    <trkpt lat="32.896109" lon="-116.433508"><ele>1788.974378879898</ele></trkpt>
    <trkpt lat="32.895966" lon="-116.433529"><ele>1788.7327785601865</ele></trkpt>
    <trkpt lat="32.895913" lon="-116.433544"><ele>1788.4736908800596</ele></trkpt>
    <trkpt lat="32.895859" lon="-116.433559"><ele>1788.2381342399326</ele></trkpt>
    <trkpt lat="32.89579" lon="-116.433609"><ele>1787.362828799914</ele></trkpt>
    <trkpt lat="32.895737" lon="-116.433663"><ele>1786.6375822401121</ele></trkpt>
    <trkpt lat="32.89567" lon="-116.433689"><ele>1786.6584751999571</ele></trkpt>
    <trkpt lat="32.895473" lon="-116.433748"><ele>1786.833200000094</ele></trkpt>
    <trkpt lat="32.895327" lon="-116.433826"><ele>1785.9548000000607</ele></trkpt>
    <trkpt lat="32.895208" lon="-116.433925"><ele>1785.1124000000011</ele></trkpt>
    <trkpt lat="32.895116" lon="-116.434031"><ele>1784.62999999994</ele></trkpt>
    <trkpt lat="32.895091" lon="-116.434074"><ele>1784.345600000044</ele></trkpt>
    <trkpt lat="32.895081" lon="-116.434125"><ele>1783.8668000000762</ele></trkpt>
    <trkpt lat="32.89496" lon="-116.434268"><ele>1782.853068799963</ele></trkpt>
    <trkpt lat="32.894798" lon="-116.434397"><ele>1780.909405759949</ele></trkpt>
    <trkpt lat="32.894691" lon="-116.434404"><ele>1780.4372691199985</ele></trkpt>
    <trkpt lat="32.894605" lon="-116.434393"><ele>1780.1624911999927</ele></trkpt>
    <trkpt lat="32.894526" lon="-116.434362"><ele>1780.061480960059</ele></trkpt>
    <trkpt lat="32.89448" lon="-116.43429"><ele>1780.382335999976</ele></trkpt>
    <trkpt lat="32.894391" lon="-116.434265"><ele>1779.9753096000163</ele></trkpt>
    <trkpt lat="32.894352" lon="-116.434188"><ele>1780.206359039949</ele></trkpt>
    <trkpt lat="32.894311" lon="-116.434092"><ele>1780.7164684799538</ele></trkpt>
    <trkpt lat="32.894235" lon="-116.434054"><ele>1780.4029775999902</ele></trkpt>
    <trkpt lat="32.894127" lon="-116.434013"><ele>1779.6780000000222</ele></trkpt>
    <trkpt lat="32.893875" lon="-116.434013"><ele>1777.034060000058</ele></trkpt>
    <trkpt lat="32.893746" lon="-116.434008"><ele>1776.4074252799487</ele></trkpt>
    <trkpt lat="32.893686" lon="-116.434025"><ele>1775.9317039999596</ele></trkpt>
    <trkpt lat="32.893371" lon="-116.434106"><ele>1773.979584960007</ele></trkpt>
    <trkpt lat="32.893204" lon="-116.434191"><ele>1771.59001344001</ele></trkpt>
    <trkpt lat="32.892984" lon="-116.43434"><ele>1766.9983999998663</ele></trkpt>
    <trkpt lat="32.892861" lon="-116.434451"><ele>1764.1580000001054</ele></trkpt>
    <trkpt lat="32.892782" lon="-116.43452"><ele>1762.3831999998542</ele></trkpt>
    <trkpt lat="32.892706" lon="-116.434528"><ele>1761.8338534399795</ele></trkpt>
    <trkpt lat="32.89265" lon="-116.434511"><ele>1761.8628320000082</ele></trkpt>
    <trkpt lat="32.892533" lon="-116.43456"><ele>1760.4747583999292</ele></trkpt>
    <trkpt lat="32.892471" lon="-116.434604"><ele>1759.3003347201004</ele></trkpt>
    <trkpt lat="32.892367" lon="-116.434638"><ele>1757.4860556799283</ele></trkpt>
    <trkpt lat="32.892328" lon="-116.434637"><ele>1756.9896588800373</ele></trkpt>
    <trkpt lat="32.8923" lon="-116.434608"><ele>1756.892672000009</ele></trkpt>
    <trkpt lat="32.892276" lon="-116.434568"><ele>1756.9061734400486</ele></trkpt>
    <trkpt lat="32.892209" lon="-116.434531"><ele>1756.1387999999715</ele></trkpt>
    <trkpt lat="32.892182" lon="-116.434517"><ele>1755.753599999971</ele></trkpt>
    <trkpt lat="32.892133" lon="-116.434523"><ele>1754.8284000000308</ele></trkpt>
    <trkpt lat="32.892071" lon="-116.434576"><ele>1753.3307999999738</ele></trkpt>
    <trkpt lat="32.89206" lon="-116.434647"><ele>1752.6216000000272</ele></trkpt>
    <trkpt lat="32.89206" lon="-116.434647"><ele>1752.6216000000272</ele></trkpt>
    <trkpt lat="32.892051" lon="-116.434707"><ele>1752.0276000000172</ele></trkpt>
    <trkpt lat="32.892079" lon="-116.434792"><ele>1751.9274374400286</ele></trkpt>
    <trkpt lat="32.892154" lon="-116.434887"><ele>1752.2837798399412</ele></trkpt>
    <trkpt lat="32.892262" lon="-116.434985"><ele>1752.456132800046</ele></trkpt>
    <trkpt lat="32.892422" lon="-116.435105"><ele>1751.6545424001395</ele></trkpt>
    <trkpt lat="32.892454" lon="-116.435184"><ele>1750.466493439887</ele></trkpt>
    <trkpt lat="32.89252" lon="-116.435285"><ele>1749.2341280000146</ele></trkpt>
    <trkpt lat="32.892575" lon="-116.435314"><ele>1749.7839919999672</ele></trkpt>
    <trkpt lat="32.892622" lon="-116.435339"><ele>1750.219200320049</ele></trkpt>
    <trkpt lat="32.892677" lon="-116.435356"><ele>1750.8061644799989</ele></trkpt>
    <trkpt lat="32.892731" lon="-116.435391"><ele>1751.172239840015</ele></trkpt>
    <trkpt lat="32.892807" lon="-116.435484"><ele>1751.0883999999492</ele></trkpt>
    <trkpt lat="32.892855" lon="-116.43558"><ele>1750.5455359999523</ele></trkpt>
    <trkpt lat="32.892852" lon="-116.435679"><ele>1749.3496563200588</ele></trkpt>
    <trkpt lat="32.892856" lon="-116.435816"><ele>1747.7679718399825</ele></trkpt>
    <trkpt lat="32.892844" lon="-116.435921"><ele>1746.6052390400382</ele></trkpt>
    <trkpt lat="32.892853" lon="-116.436075"><ele>1745.1671960000003</ele></trkpt>
    <trkpt lat="32.89288" lon="-116.436202"><ele>1744.1224000000395</ele></trkpt>
    <trkpt lat="32.892854" lon="-116.436348"><ele>1742.2648000000488</ele></trkpt>
    <trkpt lat="32.892872" lon="-116.436406"><ele>1741.8526105599196</ele></trkpt>
    <trkpt lat="32.892878" lon="-116.436474"><ele>1741.2485017599874</ele></trkpt>
    <trkpt lat="32.892912" lon="-116.436544"><ele>1740.7931622400406</ele></trkpt>
    <trkpt lat="32.892913" lon="-116.436581"><ele>1740.4038582399587</ele></trkpt>
    <trkpt lat="32.892917" lon="-116.436627"><ele>1739.9299427199712</ele></trkpt>
    <trkpt lat="32.892947" lon="-116.436689"><ele>1739.3994203199868</ele></trkpt>
    <trkpt lat="32.892984" lon="-116.436837"><ele>1738.0607603200272</ele></trkpt>
    <trkpt lat="32.892967" lon="-116.437077"><ele>1736.0455999999845</ele></trkpt>
    <trkpt lat="32.892958" lon="-116.4373"><ele>1734.9016640000084</ele></trkpt>
    <trkpt lat="32.892916" lon="-116.437483"><ele>1734.5283468799983</ele></trkpt>
    <trkpt lat="32.892855" lon="-116.437699"><ele>1735.511640799966</ele></trkpt>
    <trkpt lat="32.892937" lon="-116.43783"><ele>1736.6442384000627</ele></trkpt>
    <trkpt lat="32.892968" lon="-116.437921"><ele>1737.7093171200283</ele></trkpt>
    <trkpt lat="32.893004" lon="-116.437985"><ele>1738.3764575999792</ele></trkpt>
    <trkpt lat="32.893041" lon="-116.43809"><ele>1739.4244000000397</ele></trkpt>
    <trkpt lat="32.893157" lon="-116.438317"><ele>1741.0717262399576</ele></trkpt>
    <trkpt lat="32.893244" lon="-116.438422"><ele>1741.8173452800193</ele></trkpt>
    <trkpt lat="32.89332" lon="-116.438461"><ele>1741.9123392000379</ele></trkpt>
    <trkpt lat="32.893364" lon="-116.438477"><ele>1742.12969664009</ele></trkpt>
    <trkpt lat="32.893403" lon="-116.438514"><ele>1742.840160959961</ele></trkpt>
    <trkpt lat="32.893499" lon="-116.43854"><ele>1743.710764800061</ele></trkpt>
    <trkpt lat="32.893558" lon="-116.438547"><ele>1744.134386879989</ele></trkpt>
    <trkpt lat="32.893646" lon="-116.438566"><ele>1744.9039948798616</ele></trkpt>
    <trkpt lat="32.893695" lon="-116.438567"><ele>1744.9843152001426</ele></trkpt>
    <trkpt lat="32.893748" lon="-116.438587"><ele>1745.4779500799643</ele></trkpt>
    <trkpt lat="32.893778" lon="-116.438631"><ele>1746.2433827200114</ele></trkpt>
    <trkpt lat="32.893821" lon="-116.438631"><ele>1746.2322990400096</ele></trkpt>
    <trkpt lat="32.893858" lon="-116.438612"><ele>1746.0099558400696</ele></trkpt>
    <trkpt lat="32.893985" lon="-116.438679"><ele>1746.2180751999415</ele></trkpt>
    <trkpt lat="32.894136" lon="-116.438812"><ele>1745.9932825599662</ele></trkpt>
    <trkpt lat="32.894253" lon="-116.438906"><ele>1745.3975452800098</ele></trkpt>
    <trkpt lat="32.89428" lon="-116.438953"><ele>1745.2781663999842</ele></trkpt>
    <trkpt lat="32.894518" lon="-116.439175"><ele>1745.0379440000265</ele></trkpt>
    <trkpt lat="32.894827" lon="-116.439393"><ele>1746.5597425599617</ele></trkpt>
    <trkpt lat="32.895059" lon="-116.439555"><ele>1747.2124000000122</ele></trkpt>
    <trkpt lat="32.895191" lon="-116.43978"><ele>1746.8556000000044</ele></trkpt>
    <trkpt lat="32.895256" lon="-116.43985"><ele>1746.0815999999122</ele></trkpt>
    <trkpt lat="32.895346" lon="-116.439928"><ele>1745.6462809600982</ele></trkpt>
    <trkpt lat="32.895481" lon="-116.440013"><ele>1746.1012000000114</ele></trkpt>
    <trkpt lat="32.895563" lon="-116.440058"><ele>1746.6304041600663</ele></trkpt>
    <trkpt lat="32.895696" lon="-116.440109"><ele>1747.0280025599443</ele></trkpt>
    <trkpt lat="32.895881" lon="-116.440161"><ele>1747.4054812799682</ele></trkpt>
    <trkpt lat="32.89609" lon="-116.440202"><ele>1747.3225344000139</ele></trkpt>
    <trkpt lat="32.896118" lon="-116.440165"><ele>1747.9749936001092</ele></trkpt>
    <trkpt lat="32.896124" lon="-116.44016"><ele>1748.0145791998946</ele></trkpt>
    <trkpt lat="32.896124" lon="-116.44016"><ele>1748.0145791998946</ele></trkpt>
    <trkpt lat="32.896118" lon="-116.440165"><ele>1747.9749936001092</ele></trkpt>
    <trkpt lat="32.89609" lon="-116.440202"><ele>1747.3225344000139</ele></trkpt>
    <trkpt lat="32.896279" lon="-116.440217"><ele>1746.0928718399543</ele></trkpt>
    <trkpt lat="32.896321" lon="-116.440257"><ele>1745.4488433599731</ele></trkpt>
    <trkpt lat="32.896365" lon="-116.440329"><ele>1744.5010831999302</ele></trkpt>
    <trkpt lat="32.896432" lon="-116.440479"><ele>1741.612080640111</ele></trkpt>
    <trkpt lat="32.896461" lon="-116.440628"><ele>1739.2173183999062</ele></trkpt>
    <trkpt lat="32.896495" lon="-116.440756"><ele>1737.0962560000546</ele></trkpt>
    <trkpt lat="32.896574" lon="-116.440842"><ele>1735.5735750399551</ele></trkpt>
    <trkpt lat="32.896613" lon="-116.440863"><ele>1735.1108987200512</ele></trkpt>
    <trkpt lat="32.896649" lon="-116.440915"><ele>1734.483104799983</ele></trkpt>
    <trkpt lat="32.896717" lon="-116.441025"><ele>1733.5765120000153</ele></trkpt>
    <trkpt lat="32.896772" lon="-116.441091"><ele>1733.414183679996</ele></trkpt>
    <trkpt lat="32.897009" lon="-116.441137"><ele>1733.063838720039</ele></trkpt>
    <trkpt lat="32.897058" lon="-116.441142"><ele>1732.4354342399815</ele></trkpt>
    <trkpt lat="32.897113" lon="-116.441179"><ele>1731.921607680056</ele></trkpt>
    <trkpt lat="32.897259" lon="-116.441336"><ele>1731.6091910401167</ele></trkpt>
    <trkpt lat="32.897328" lon="-116.44148"><ele>1730.6370047999678</ele></trkpt>
    <trkpt lat="32.897402" lon="-116.441591"><ele>1729.3310054400094</ele></trkpt>
    <trkpt lat="32.897751" lon="-116.441768"><ele>1720.7895667200787</ele></trkpt>
    <trkpt lat="32.897766" lon="-116.441796"><ele>1719.9461414401285</ele></trkpt>
    <trkpt lat="32.897765" lon="-116.441845"><ele>1719.0955319999953</ele></trkpt>
    <trkpt lat="32.897664" lon="-116.441937"><ele>1719.9902227200976</ele></trkpt>
    <trkpt lat="32.897532" lon="-116.441995"><ele>1721.6394655998638</ele></trkpt>
    <trkpt lat="32.897341" lon="-116.442093"><ele>1722.3947585600602</ele></trkpt>
    <trkpt lat="32.897082" lon="-116.442392"><ele>1718.7370675200757</ele></trkpt>
    <trkpt lat="32.897014" lon="-116.44246"><ele>1717.9345152000883</ele></trkpt>
    <trkpt lat="32.89674" lon="-116.443053"><ele>1712.506371199909</ele></trkpt>
    <trkpt lat="32.896734" lon="-116.443189"><ele>1711.073999999943</ele></trkpt>
    <trkpt lat="32.896795" lon="-116.44336"><ele>1708.8323520000326</ele></trkpt>
    <trkpt lat="32.896928" lon="-116.443497"><ele>1706.9051193600342</ele></trkpt>
    <trkpt lat="32.897343" lon="-116.443947"><ele>1700.1971195200167</ele></trkpt>
    <trkpt lat="32.897444" lon="-116.444088"><ele>1697.8063206400286</ele></trkpt>
    <trkpt lat="32.897486" lon="-116.444163"><ele>1696.3772041599602</ele></trkpt>
    <trkpt lat="32.897518" lon="-116.444235"><ele>1695.2328591999847</ele></trkpt>
    <trkpt lat="32.897562" lon="-116.444333"><ele>1693.7759478399876</ele></trkpt>
    <trkpt lat="32.897595" lon="-116.444505"><ele>1691.6359999998829</ele></trkpt>
    <trkpt lat="32.8976" lon="-116.444708"><ele>1689.3535999999906</ele></trkpt>
    <trkpt lat="32.897585" lon="-116.444909"><ele>1687.1919088000623</ele></trkpt>
    <trkpt lat="32.897499" lon="-116.445043"><ele>1685.9404854399606</ele></trkpt>
    <trkpt lat="32.897414" lon="-116.445133"><ele>1685.5191270400924</ele></trkpt>
    <trkpt lat="32.897241" lon="-116.445285"><ele>1684.325757600056</ele></trkpt>
    <trkpt lat="32.897102" lon="-116.445385"><ele>1683.0116000000037</ele></trkpt>
    <trkpt lat="32.896918" lon="-116.445454"><ele>1684.0455590400936</ele></trkpt>
    <trkpt lat="32.896795" lon="-116.445503"><ele>1683.873283199974</ele></trkpt>
    <trkpt lat="32.896745" lon="-116.445553"><ele>1683.374755199839</ele></trkpt>
    <trkpt lat="32.896702" lon="-116.44561"><ele>1682.0060063999701</ele></trkpt>
    <trkpt lat="32.896672" lon="-116.445636"><ele>1681.6825190402108</ele></trkpt>
    <trkpt lat="32.89663" lon="-116.445637"><ele>1681.6269071998188</ele></trkpt>
    <trkpt lat="32.896579" lon="-116.445646"><ele>1681.095478080139</ele></trkpt>
    <trkpt lat="32.896284" lon="-116.445622"><ele>1680.5118438400032</ele></trkpt>
    <trkpt lat="32.896132" lon="-116.445577"><ele>1680.675589120007</ele></trkpt>
    <trkpt lat="32.896054" lon="-116.445507"><ele>1681.7659388799295</ele></trkpt>
    <trkpt lat="32.895836" lon="-116.445675"><ele>1678.9845280001387</ele></trkpt>
    <trkpt lat="32.895704" lon="-116.445769"><ele>1677.4445670400219</ele></trkpt>
    <trkpt lat="32.895648" lon="-116.445817"><ele>1676.7067686398716</ele></trkpt>
    <trkpt lat="32.895518" lon="-116.445867"><ele>1675.622413759794</ele></trkpt>
    <trkpt lat="32.8954" lon="-116.445906"><ele>1673.3791040002345</ele></trkpt>
    <trkpt lat="32.895277" lon="-116.445924"><ele>1671.7322278398171</ele></trkpt>
    <trkpt lat="32.895194" lon="-116.445946"><ele>1670.585457919769</ele></trkpt>
    <trkpt lat="32.895123" lon="-116.445938"><ele>1670.5375059200503</ele></trkpt>
    <trkpt lat="32.895063" lon="-116.445949"><ele>1669.9335209600374</ele></trkpt>
    <trkpt lat="32.895015" lon="-116.445935"><ele>1670.1404719998359</ele></trkpt>
    <trkpt lat="32.894949" lon="-116.445938"><ele>1670.30756096007</ele></trkpt>
    <trkpt lat="32.894778" lon="-116.445956"><ele>1670.9722534400914</ele></trkpt>
    <trkpt lat="32.894601" lon="-116.445994"><ele>1671.723241280004</ele></trkpt>
    <trkpt lat="32.894594" lon="-116.446027"><ele>1671.2438825600102</ele></trkpt>
    <trkpt lat="32.894769" lon="-116.44611"><ele>1667.5201471999353</ele></trkpt>
    <trkpt lat="32.895005" lon="-116.446222"><ele>1662.6047999998727</ele></trkpt>
    <trkpt lat="32.895374" lon="-116.446386"><ele>1659.0732076798997</ele></trkpt>
    <trkpt lat="32.895399" lon="-116.446402"><ele>1658.7288076798736</ele></trkpt>
    <trkpt lat="32.895325" lon="-116.446434"><ele>1658.2399680000603</ele></trkpt>
    <trkpt lat="32.895169" lon="-116.446478"><ele>1658.09367584</ele></trkpt>
    <trkpt lat="32.895086" lon="-116.446493"><ele>1658.2770857599771</ele></trkpt>
    <trkpt lat="32.894982" lon="-116.446498"><ele>1658.8918534400002</ele></trkpt>
    <trkpt lat="32.894888" lon="-116.446463"><ele>1660.453573759986</ele></trkpt>
    <trkpt lat="32.894799" lon="-116.446421"><ele>1661.8624481600134</ele></trkpt>
    <trkpt lat="32.894678" lon="-116.446392"><ele>1664.112616960024</ele></trkpt>
    <trkpt lat="32.894709" lon="-116.4465"><ele>1663.314160000026</ele></trkpt>
    <trkpt lat="32.894833" lon="-116.446749"><ele>1661.3623913600177</ele></trkpt>
    <trkpt lat="32.894916" lon="-116.446887"><ele>1659.9917273599606</ele></trkpt>
    <trkpt lat="32.89503" lon="-116.447008"><ele>1657.7601792000162</ele></trkpt>
    <trkpt lat="32.895173" lon="-116.447128"><ele>1654.7617075200233</ele></trkpt>
    <trkpt lat="32.895203" lon="-116.447256"><ele>1654.3079347199161</ele></trkpt>
    <trkpt lat="32.895204" lon="-116.447373"><ele>1654.8117676800043</ele></trkpt>
    <trkpt lat="32.895219" lon="-116.447439"><ele>1654.638332640097</ele></trkpt>
    <trkpt lat="32.895202" lon="-116.44752"><ele>1655.592633600058</ele></trkpt>
    <trkpt lat="32.895168" lon="-116.447616"><ele>1657.149457920028</ele></trkpt>
    <trkpt lat="32.895107" lon="-116.447722"><ele>1658.965407359936</ele></trkpt>
    <trkpt lat="32.894967" lon="-116.448003"><ele>1661.571523039979</ele></trkpt>
    <trkpt lat="32.894871" lon="-116.448059"><ele>1663.3600828799724</ele></trkpt>
    <trkpt lat="32.894952" lon="-116.448126"><ele>1662.7907558399706</ele></trkpt>
    <trkpt lat="32.894999" lon="-116.448145"><ele>1662.3036815999762</ele></trkpt>
    <trkpt lat="32.895067" lon="-116.448108"><ele>1661.1817228800842</ele></trkpt>
    <trkpt lat="32.895067" lon="-116.448108"><ele>1661.1817228800842</ele></trkpt>
    <trkpt lat="32.895166" lon="-116.448053"><ele>1659.7883062399862</ele></trkpt>
    <trkpt lat="32.895238" lon="-116.448039"><ele>1659.1332041599542</ele></trkpt>
    <trkpt lat="32.895318" lon="-116.448037"><ele>1658.3361820799555</ele></trkpt>
    <trkpt lat="32.895447" lon="-116.448059"><ele>1657.2047540800363</ele></trkpt>
    <trkpt lat="32.895561" lon="-116.448159"><ele>1657.0018971200298</ele></trkpt>
    <trkpt lat="32.895619" lon="-116.448291"><ele>1657.524775519911</ele></trkpt>
    <trkpt lat="32.895662" lon="-116.448442"><ele>1659.1819078399797</ele></trkpt>
    <trkpt lat="32.895717" lon="-116.448473"><ele>1658.9786273601455</ele></trkpt>
    <trkpt lat="32.895959" lon="-116.448496"><ele>1656.8357254401328</ele></trkpt>
    <trkpt lat="32.896027" lon="-116.448503"><ele>1656.3882497600766</ele></trkpt>
    <trkpt lat="32.896109" lon="-116.448519"><ele>1656.0281201600758</ele></trkpt>
    <trkpt lat="32.896152" lon="-116.448534"><ele>1655.3940863998646</ele></trkpt>
    <trkpt lat="32.896185" lon="-116.448548"><ele>1655.004624000004</ele></trkpt>
    <trkpt lat="32.896291" lon="-116.448577"><ele>1653.6275736000496</ele></trkpt>
    <trkpt lat="32.896403" lon="-116.448595"><ele>1651.9946143999123</ele></trkpt>
    <trkpt lat="32.896434" lon="-116.448604"><ele>1651.5649702401488</ele></trkpt>
    <trkpt lat="32.896449" lon="-116.448612"><ele>1651.5103699199963</ele></trkpt>
    <trkpt lat="32.896484" lon="-116.448644"><ele>1651.5941606400274</ele></trkpt>
    <trkpt lat="32.896509" lon="-116.448673"><ele>1651.9181548799424</ele></trkpt>
    <trkpt lat="32.89652" lon="-116.448682"><ele>1651.9642176001114</ele></trkpt>
    <trkpt lat="32.896536" lon="-116.448689"><ele>1651.8495993601066</ele></trkpt>
    <trkpt lat="32.896554" lon="-116.448694"><ele>1651.6374758400707</ele></trkpt>
    <trkpt lat="32.896599" lon="-116.448705"><ele>1651.0938528001013</ele></trkpt>
    <trkpt lat="32.896709" lon="-116.448738"><ele>1649.805600000196</ele></trkpt>
    <trkpt lat="32.896812" lon="-116.448769"><ele>1648.0668000000292</ele></trkpt>
    <trkpt lat="32.89683" lon="-116.448819"><ele>1649.528399999974</ele></trkpt>
    <trkpt lat="32.897019" lon="-116.449032"><ele>1650.7060000000656</ele></trkpt>
    <trkpt lat="32.897058" lon="-116.449091"><ele>1651.1415999998335</ele></trkpt>
    <trkpt lat="32.897116" lon="-116.449144"><ele>1650.7888000002167</ele></trkpt>
    <trkpt lat="32.897297" lon="-116.449257"><ele>1648.9798315200526</ele></trkpt>
    <trkpt lat="32.897475" lon="-116.449399"><ele>1650.6045719999875</ele></trkpt>
    <trkpt lat="32.897583" lon="-116.449485"><ele>1651.571624799933</ele></trkpt>
    <trkpt lat="32.897591" lon="-116.449516"><ele>1652.2495897600966</ele></trkpt>
    <trkpt lat="32.897626" lon="-116.449548"><ele>1652.5107020797695</ele></trkpt>
    <trkpt lat="32.89765" lon="-116.449557"><ele>1652.3552079999845</ele></trkpt>
    <trkpt lat="32.897686" lon="-116.449593"><ele>1652.7537020798047</ele></trkpt>
    <trkpt lat="32.897771" lon="-116.449653"><ele>1653.1100804799569</ele></trkpt>
    <trkpt lat="32.897783" lon="-116.449673"><ele>1653.4972059201723</ele></trkpt>
    <trkpt lat="32.897969" lon="-116.44978"><ele>1653.4295872000384</ele></trkpt>
    <trkpt lat="32.898116" lon="-116.449888"><ele>1653.2295910399944</ele></trkpt>
    <trkpt lat="32.898116" lon="-116.449888"><ele>1653.2295910399944</ele></trkpt>
    <trkpt lat="32.898186" lon="-116.44994"><ele>1653.0516991998934</ele></trkpt>
    <trkpt lat="32.898296" lon="-116.450056"><ele>1653.6258099200268</ele></trkpt>
    <trkpt lat="32.898368" lon="-116.450152"><ele>1654.1802905600853</ele></trkpt>
    <trkpt lat="32.898409" lon="-116.450194"><ele>1654.320244159913</ele></trkpt>
    <trkpt lat="32.898446" lon="-116.450311"><ele>1655.9530195199884</ele></trkpt>
    <trkpt lat="32.898513" lon="-116.450395"><ele>1656.6466991999919</ele></trkpt>
    <trkpt lat="32.898607" lon="-116.450533"><ele>1658.5448035198615</ele></trkpt>
    <trkpt lat="32.898631" lon="-116.450579"><ele>1659.4476000001068</ele></trkpt>
    <trkpt lat="32.898672" lon="-116.450606"><ele>1659.83279999985</ele></trkpt>
    <trkpt lat="32.898747" lon="-116.45062"><ele>1659.6456000000155</ele></trkpt>
    <trkpt lat="32.898832" lon="-116.450651"><ele>1659.8147999998446</ele></trkpt>
    <trkpt lat="32.898847" lon="-116.450663"><ele>1660.0092000001216</ele></trkpt>
    <trkpt lat="32.898849" lon="-116.450685"><ele>1660.5491999998326</ele></trkpt>
    <trkpt lat="32.898834" lon="-116.450699"><ele>1661.009999999999</ele></trkpt>
    <trkpt lat="32.898799" lon="-116.450705"><ele>1661.413200000004</ele></trkpt>
    <trkpt lat="32.898725" lon="-116.450693"><ele>1661.6436000000358</ele></trkpt>
    <trkpt lat="32.898633" lon="-116.450779"><ele>1664.4731999999524</ele></trkpt>
    <trkpt lat="32.898653" lon="-116.450935"><ele>1667.2175928000001</ele></trkpt>
    <trkpt lat="32.898729" lon="-116.451016"><ele>1668.0606854399161</ele></trkpt>
    <trkpt lat="32.898751" lon="-116.451227"><ele>1670.12069808003</ele></trkpt>
    <trkpt lat="32.898735" lon="-116.451306"><ele>1670.6442864000014</ele></trkpt>
    <trkpt lat="32.898715" lon="-116.451355"><ele>1671.0536280000194</ele></trkpt>
    <trkpt lat="32.898623" lon="-116.451453"><ele>1671.4527999999905</ele></trkpt>
    <trkpt lat="32.898568" lon="-116.45158"><ele>1670.5172223999396</ele></trkpt>
    <trkpt lat="32.898521" lon="-116.451703"><ele>1668.9332315201125</ele></trkpt>
    <trkpt lat="32.89837" lon="-116.451729"><ele>1667.9803791999948</ele></trkpt>
    <trkpt lat="32.898209" lon="-116.451717"><ele>1667.1987999999715</ele></trkpt>
    <trkpt lat="32.898191" lon="-116.451725"><ele>1666.925200000048</ele></trkpt>
    <trkpt lat="32.898199" lon="-116.451745"><ele>1666.6227999999421</ele></trkpt>
    <trkpt lat="32.898285" lon="-116.45181"><ele>1666.0720000001043</ele></trkpt>
    <trkpt lat="32.89842" lon="-116.451899"><ele>1664.8690432000508</ele></trkpt>
    <trkpt lat="32.898503" lon="-116.45196"><ele>1663.7977952000044</ele></trkpt>
    <trkpt lat="32.898602" lon="-116.452085"><ele>1661.9925968000525</ele></trkpt>
    <trkpt lat="32.898678" lon="-116.452145"><ele>1661.28585759997</ele></trkpt>
    <trkpt lat="32.898944" lon="-116.452277"><ele>1660.4096000000704</ele></trkpt>
    <trkpt lat="32.898972" lon="-116.452301"><ele>1660.1647999999213</ele></trkpt>
    <trkpt lat="32.898907" lon="-116.452326"><ele>1659.570800000014</ele></trkpt>
    <trkpt lat="32.898578" lon="-116.452258"><ele>1660.0057529599965</ele></trkpt>
    <trkpt lat="32.898388" lon="-116.452309"><ele>1660.7417196800138</ele></trkpt>
    <trkpt lat="32.898301" lon="-116.452319"><ele>1660.924153759993</ele></trkpt>
    <trkpt lat="32.898277" lon="-116.452356"><ele>1660.8948684799966</ele></trkpt>
    <trkpt lat="32.898315" lon="-116.452387"><ele>1660.9731511999955</ele></trkpt>
    <trkpt lat="32.898421" lon="-116.45244"><ele>1660.4369696000115</ele></trkpt>
    <trkpt lat="32.898565" lon="-116.452526"><ele>1659.269475200003</ele></trkpt>
    <trkpt lat="32.898776" lon="-116.452715"><ele>1656.5793536000326</ele></trkpt>
    <trkpt lat="32.898851" lon="-116.45286"><ele>1655.4495743999942</ele></trkpt>
    <trkpt lat="32.898921" lon="-116.453128"><ele>1656.2141030400976</ele></trkpt>
    <trkpt lat="32.898946" lon="-116.45322"><ele>1657.535769600029</ele></trkpt>
    <trkpt lat="32.898976" lon="-116.453248"><ele>1657.9638758400201</ele></trkpt>
    <trkpt lat="32.899009" lon="-116.453233"><ele>1657.8675657599688</ele></trkpt>
    <trkpt lat="32.899049" lon="-116.453131"><ele>1656.9260995199797</ele></trkpt>
    <trkpt lat="32.899068" lon="-116.453018"><ele>1656.1152460799992</ele></trkpt>
    <trkpt lat="32.899135" lon="-116.452923"><ele>1655.926401599994</ele></trkpt>
    <trkpt lat="32.899162" lon="-116.452903"><ele>1655.8864531200343</ele></trkpt>
    <trkpt lat="32.899356" lon="-116.452915"><ele>1656.6777792000007</ele></trkpt>
    <trkpt lat="32.899482" lon="-116.45294"><ele>1656.6733568000075</ele></trkpt>
    <trkpt lat="32.89952" lon="-116.452954"><ele>1656.356556799984</ele></trkpt>
    <trkpt lat="32.89952" lon="-116.452954"><ele>1656.356556799984</ele></trkpt>
    <trkpt lat="32.899608" lon="-116.452987"><ele>1655.6770841599803</ele></trkpt>
    <trkpt lat="32.899818" lon="-116.453129"><ele>1655.1840000000175</ele></trkpt>
    <trkpt lat="32.899896" lon="-116.453296"><ele>1656.1055999999671</ele></trkpt>
    <trkpt lat="32.899925" lon="-116.453337"><ele>1656.3192360000528</ele></trkpt>
    <trkpt lat="32.899955" lon="-116.453325"><ele>1656.102000000053</ele></trkpt>
    <trkpt lat="32.900015" lon="-116.453287"><ele>1655.4503999999747</ele></trkpt>
    <trkpt lat="32.900109" lon="-116.453333"><ele>1654.4279999999985</ele></trkpt>
    <trkpt lat="32.900238" lon="-116.453422"><ele>1654.1230905600362</ele></trkpt>
    <trkpt lat="32.90026" lon="-116.453459"><ele>1654.4890463998765</ele></trkpt>
    <trkpt lat="32.900339" lon="-116.4535"><ele>1654.074320000072</ele></trkpt>
    <trkpt lat="32.900527" lon="-116.453567"><ele>1653.0869739202258</ele></trkpt>
    <trkpt lat="32.900605" lon="-116.453639"><ele>1653.8078711999335</ele></trkpt>
    <trkpt lat="32.900626" lon="-116.453706"><ele>1654.780229759907</ele></trkpt>
    <trkpt lat="32.900673" lon="-116.453798"><ele>1655.9572598401492</ele></trkpt>
    <trkpt lat="32.901043" lon="-116.453872"><ele>1652.5701081600776</ele></trkpt>
    <trkpt lat="32.901407" lon="-116.453995"><ele>1652.4534936001658</ele></trkpt>
    <trkpt lat="32.90148" lon="-116.454022"><ele>1652.2132223998835</ele></trkpt>
    <trkpt lat="32.90181" lon="-116.454047"><ele>1648.7163216001031</ele></trkpt>
    <trkpt lat="32.90197" lon="-116.454114"><ele>1649.4204864001242</ele></trkpt>
    <trkpt lat="32.901987" lon="-116.454133"><ele>1650.0995356799544</ele></trkpt>
    <trkpt lat="32.902018" lon="-116.454146"><ele>1650.6346022398216</ele></trkpt>
    <trkpt lat="32.902106" lon="-116.454138"><ele>1650.7728422400253</ele></trkpt>
    <trkpt lat="32.902161" lon="-116.45412"><ele>1650.5295456000833</ele></trkpt>
    <trkpt lat="32.902186" lon="-116.454098"><ele>1650.0747302400514</ele></trkpt>
    <trkpt lat="32.902195" lon="-116.454068"><ele>1649.3459808001642</ele></trkpt>
    <trkpt lat="32.9022" lon="-116.45402"><ele>1648.1395200000004</ele></trkpt>
    <trkpt lat="32.9022" lon="-116.453925"><ele>1645.690799999957</ele></trkpt>
    <trkpt lat="32.902227" lon="-116.453813"><ele>1642.314900959915</ele></trkpt>
    <trkpt lat="32.902264" lon="-116.453758"><ele>1640.6683315197822</ele></trkpt>
    <trkpt lat="32.902325" lon="-116.453703"><ele>1639.1703960001441</ele></trkpt>
    <trkpt lat="32.902546" lon="-116.453575"><ele>1635.8664320000269</ele></trkpt>
    <trkpt lat="32.902748" lon="-116.453512"><ele>1632.7702937601687</ele></trkpt>
    <trkpt lat="32.902853" lon="-116.453585"><ele>1632.4099312001701</ele></trkpt>
    <trkpt lat="32.902942" lon="-116.453658"><ele>1630.9581510400678</ele></trkpt>
    <trkpt lat="32.902976" lon="-116.453681"><ele>1630.4626758400534</ele></trkpt>
    <trkpt lat="32.902976" lon="-116.453681"><ele>1630.4626758400534</ele></trkpt>
    <trkpt lat="32.903058" lon="-116.453737"><ele>1630.0408592001804</ele></trkpt>
    <trkpt lat="32.903135" lon="-116.453781"><ele>1628.9882120004402</ele></trkpt>
    <trkpt lat="32.903256" lon="-116.453906"><ele>1629.2583539202221</ele></trkpt>
    <trkpt lat="32.90334" lon="-116.453946"><ele>1626.8051968001014</ele></trkpt>
    <trkpt lat="32.903432" lon="-116.454063"><ele>1628.8268819201453</ele></trkpt>
    <trkpt lat="32.903522" lon="-116.454215"><ele>1631.244284800066</ele></trkpt>
    <trkpt lat="32.903592" lon="-116.454336"><ele>1633.0267571197883</ele></trkpt>
    <trkpt lat="32.903616" lon="-116.454584"><ele>1639.8208844799533</ele></trkpt>
    <trkpt lat="32.903814" lon="-116.454937"><ele>1642.0294358401115</ele></trkpt>
    <trkpt lat="32.903853" lon="-116.454944"><ele>1641.168140159979</ele></trkpt>
    <trkpt lat="32.903931" lon="-116.454936"><ele>1638.6786713601161</ele></trkpt>
    <trkpt lat="32.903957" lon="-116.454946"><ele>1638.2411331202738</ele></trkpt>
    <trkpt lat="32.904019" lon="-116.454999"><ele>1638.2187137600808</ele></trkpt>
    <trkpt lat="32.90409" lon="-116.455091"><ele>1639.065982399968</ele></trkpt>
    <trkpt lat="32.90414" lon="-116.455168"><ele>1640.1531392000652</ele></trkpt>
    <trkpt lat="32.904183" lon="-116.455285"><ele>1642.5413151999644</ele></trkpt>
    <trkpt lat="32.904195" lon="-116.45536"><ele>1644.0707679999177</ele></trkpt>
    <trkpt lat="32.904238" lon="-116.455411"><ele>1644.0250451199622</ele></trkpt>
    <trkpt lat="32.904311" lon="-116.455685"><ele>1649.158800000058</ele></trkpt>
    <trkpt lat="32.90439" lon="-116.455731"><ele>1648.1616000000176</ele></trkpt>
    <trkpt lat="32.904473" lon="-116.455793"><ele>1647.6297265599464</ele></trkpt>
    <trkpt lat="32.904519" lon="-116.455841"><ele>1647.79600000011</ele></trkpt>
    <trkpt lat="32.904541" lon="-116.455927"><ele>1648.9480000000153</ele></trkpt>
    <trkpt lat="32.904636" lon="-116.455995"><ele>1648.4619999999622</ele></trkpt>
    <trkpt lat="32.904657" lon="-116.456055"><ele>1649.16400000011</ele></trkpt>
    <trkpt lat="32.904643" lon="-116.45625"><ele>1653.7111999999315</ele></trkpt>
    <trkpt lat="32.904654" lon="-116.456289"><ele>1654.3849644799413</ele></trkpt>
    <trkpt lat="32.904705" lon="-116.456321"><ele>1653.9372944000606</ele></trkpt>
    <trkpt lat="32.904821" lon="-116.456377"><ele>1653.04129840008</ele></trkpt>
    <trkpt lat="32.905016" lon="-116.456484"><ele>1650.8181555200495</ele></trkpt>
    <trkpt lat="32.90518" lon="-116.456502"><ele>1652.2306688000122</ele></trkpt>
    <trkpt lat="32.905236" lon="-116.456502"><ele>1652.6712857600173</ele></trkpt>
    <trkpt lat="32.905281" lon="-116.456481"><ele>1653.0618465600426</ele></trkpt>
    <trkpt lat="32.905377" lon="-116.456387"><ele>1654.7952289599928</ele></trkpt>
    <trkpt lat="32.905401" lon="-116.456322"><ele>1655.5656188799544</ele></trkpt>
    <trkpt lat="32.905419" lon="-116.456266"><ele>1656.2093161600412</ele></trkpt>
    <trkpt lat="32.905448" lon="-116.456211"><ele>1657.096837120019</ele></trkpt>
    <trkpt lat="32.905482" lon="-116.456241"><ele>1657.5998204799498</ele></trkpt>
    <trkpt lat="32.905513" lon="-116.456355"><ele>1657.459309599969</ele></trkpt>
    <trkpt lat="32.905521" lon="-116.45642"><ele>1657.476067199986</ele></trkpt>
    <trkpt lat="32.905552" lon="-116.456493"><ele>1658.3060025599839</ele></trkpt>
    <trkpt lat="32.905552" lon="-116.456493"><ele>1658.3060025599839</ele></trkpt>
    <trkpt lat="32.905558" lon="-116.456506"><ele>1658.4669798399998</ele></trkpt>
    <trkpt lat="32.905612" lon="-116.456569"><ele>1659.604090239967</ele></trkpt>
    <trkpt lat="32.905636" lon="-116.456582"><ele>1660.0301401600173</ele></trkpt>
    <trkpt lat="32.90566" lon="-116.45657"><ele>1660.4176959999577</ele></trkpt>
    <trkpt lat="32.905698" lon="-116.456532"><ele>1661.0636108800184</ele></trkpt>
    <trkpt lat="32.905917" lon="-116.456462"><ele>1664.5611241600132</ele></trkpt>
    <trkpt lat="32.905904" lon="-116.456662"><ele>1663.5298739200223</ele></trkpt>
    <trkpt lat="32.905889" lon="-116.456825"><ele>1663.400800000014</ele></trkpt>
    <trkpt lat="32.905836" lon="-116.456869"><ele>1663.0192000000052</ele></trkpt>
    <trkpt lat="32.905798" lon="-116.456977"><ele>1662.6183999999703</ele></trkpt>
    <trkpt lat="32.905761" lon="-116.457083"><ele>1662.2187999999805</ele></trkpt>
    <trkpt lat="32.905761" lon="-116.457083"><ele>1662.2187999999805</ele></trkpt>
    <trkpt lat="32.905798" lon="-116.456977"><ele>1662.6183999999703</ele></trkpt>
    <trkpt lat="32.905836" lon="-116.456869"><ele>1663.0192000000052</ele></trkpt>
    <trkpt lat="32.905889" lon="-116.456825"><ele>1663.400800000014</ele></trkpt>
    <trkpt lat="32.905904" lon="-116.456662"><ele>1663.5298739200223</ele></trkpt>
    <trkpt lat="32.905917" lon="-116.456462"><ele>1664.5611241600132</ele></trkpt>
    <trkpt lat="32.905961" lon="-116.456457"><ele>1665.0209060799762</ele></trkpt>
    <trkpt lat="32.905969" lon="-116.456479"><ele>1664.9823630399808</ele></trkpt>
    <trkpt lat="32.906001" lon="-116.456511"><ele>1665.105857439996</ele></trkpt>
    <trkpt lat="32.905951" lon="-116.456462"><ele>1664.8961084800078</ele></trkpt>
    <trkpt lat="32.906072" lon="-116.456406"><ele>1666.4630732800103</ele></trkpt>
    <trkpt lat="32.906072" lon="-116.456406"><ele>1666.4630732800103</ele></trkpt>
    <trkpt lat="32.906151" lon="-116.456369"><ele>1667.215200000022</ele></trkpt>
    <trkpt lat="32.906213" lon="-116.456335"><ele>1667.5608000000193</ele></trkpt>
    <trkpt lat="32.906351" lon="-116.456297"><ele>1668.1943999999799</ele></trkpt>
    <trkpt lat="32.906431" lon="-116.456311"><ele>1668.280400000002</ele></trkpt>
    <trkpt lat="32.906431" lon="-116.456311"><ele>1668.280400000002</ele></trkpt>
    <trkpt lat="32.906519" lon="-116.456326"><ele>1668.2263999999848</ele></trkpt>
    <trkpt lat="32.906649" lon="-116.456283"><ele>1668.3812000000032</ele></trkpt>
    <trkpt lat="32.906688" lon="-116.456095"><ele>1669.1392543999914</ele></trkpt>
    <trkpt lat="32.90677" lon="-116.455966"><ele>1670.0887327999908</ele></trkpt>
    <trkpt lat="32.90677" lon="-116.455966"><ele>1670.0887327999908</ele></trkpt>
    <trkpt lat="32.906776" lon="-116.455956"><ele>1670.1717862400017</ele></trkpt>
    <trkpt lat="32.906854" lon="-116.455869"><ele>1671.1338070399765</ele></trkpt>
    <trkpt lat="32.906879" lon="-116.455768"><ele>1671.5288000000255</ele></trkpt>
    <trkpt lat="32.906927" lon="-116.455714"><ele>1671.8744000000224</ele></trkpt>
    <trkpt lat="32.906967" lon="-116.455645"><ele>1672.243600000018</ele></trkpt>
    <trkpt lat="32.906983" lon="-116.455538"><ele>1672.407627839968</ele></trkpt>
    <trkpt lat="32.907014" lon="-116.455495"><ele>1672.696612799966</ele></trkpt>
    <trkpt lat="32.907019" lon="-116.455429"><ele>1672.682916959979</ele></trkpt>
    <trkpt lat="32.906981" lon="-116.455321"><ele>1672.283676960013</ele></trkpt>
    <trkpt lat="32.907001" lon="-116.455195"><ele>1671.7505272000333</ele></trkpt>
    <trkpt lat="32.907001" lon="-116.455195"><ele>1671.7505272000333</ele></trkpt>
    <trkpt lat="32.907084" lon="-116.454978"><ele>1670.0662297599338</ele></trkpt>
    <trkpt lat="32.907238" lon="-116.45488"><ele>1668.1954752000645</ele></trkpt>
    <trkpt lat="32.907367" lon="-116.454813"><ele>1668.5529436800418</ele></trkpt>
    <trkpt lat="32.907469" lon="-116.454836"><ele>1670.5814227199885</ele></trkpt>
    <trkpt lat="32.907502" lon="-116.454835"><ele>1671.0903072000763</ele></trkpt>
    <trkpt lat="32.90753" lon="-116.454824"><ele>1671.753715200075</ele></trkpt>
    <trkpt lat="32.907601" lon="-116.45475"><ele>1672.9905600000418</ele></trkpt>
    <trkpt lat="32.907702" lon="-116.454557"><ele>1671.6758614398514</ele></trkpt>
    <trkpt lat="32.907735" lon="-116.454378"><ele>1668.2156368001915</ele></trkpt>
    <trkpt lat="32.907799" lon="-116.454209"><ele>1666.5023132800457</ele></trkpt>
    <trkpt lat="32.90792" lon="-116.454129"><ele>1667.9417727997559</ele></trkpt>
    <trkpt lat="32.90792" lon="-116.454129"><ele>1667.9417727997559</ele></trkpt>
    <trkpt lat="32.908125" lon="-116.454278"><ele>1673.2044000000787</ele></trkpt>
    <trkpt lat="32.908259" lon="-116.454412"><ele>1674.5547340801393</ele></trkpt>
    <trkpt lat="32.908302" lon="-116.454448"><ele>1675.3023999999918</ele></trkpt>
    <trkpt lat="32.908469" lon="-116.454569"><ele>1675.2657870403011</ele></trkpt>
    <trkpt lat="32.908802" lon="-116.454646"><ele>1677.0725676798352</ele></trkpt>
    <trkpt lat="32.909012" lon="-116.454751"><ele>1681.990084480059</ele></trkpt>
    <trkpt lat="32.909275" lon="-116.454899"><ele>1686.3375999999155</ele></trkpt>
    <trkpt lat="32.909433" lon="-116.454934"><ele>1686.9027999998186</ele></trkpt>
    <trkpt lat="32.909593" lon="-116.454932"><ele>1689.078042879994</ele></trkpt>
    <trkpt lat="32.909723" lon="-116.454881"><ele>1688.8804004800013</ele></trkpt>
    <trkpt lat="32.909975" lon="-116.454722"><ele>1688.3598160002484</ele></trkpt>
    <trkpt lat="32.910073" lon="-116.454692"><ele>1688.3739999997028</ele></trkpt>
    <trkpt lat="32.910199" lon="-116.454657"><ele>1688.0967999998652</ele></trkpt>
    <trkpt lat="32.910334" lon="-116.454598"><ele>1687.1556531201686</ele></trkpt>
    <trkpt lat="32.910464" lon="-116.454579"><ele>1688.6910329597831</ele></trkpt>
    <trkpt lat="32.91057" lon="-116.454582"><ele>1690.743548800063</ele></trkpt>
    <trkpt lat="32.910649" lon="-116.454625"><ele>1693.5488199997865</ele></trkpt>
    <trkpt lat="32.910806" lon="-116.454665"><ele>1697.3095888001433</ele></trkpt>
    <trkpt lat="32.910978" lon="-116.454656"><ele>1700.2977587200003</ele></trkpt>
    <trkpt lat="32.91107" lon="-116.45464"><ele>1701.7361920000003</ele></trkpt>
    <trkpt lat="32.911131" lon="-116.454601"><ele>1702.0822612799054</ele></trkpt>
    <trkpt lat="32.911317" lon="-116.45441"><ele>1699.4583087998496</ele></trkpt>
    <trkpt lat="32.911458" lon="-116.4543"><ele>1697.0888000001119</ele></trkpt>
    <trkpt lat="32.911556" lon="-116.45423"><ele>1695.42559999986</ele></trkpt>
    <trkpt lat="32.911669" lon="-116.454185"><ele>1694.5577191999125</ele></trkpt>
    <trkpt lat="32.911824" lon="-116.453979"><ele>1693.7426393601206</ele></trkpt>
    <trkpt lat="32.911975" lon="-116.453716"><ele>1695.4729919999943</ele></trkpt>
    <trkpt lat="32.911975" lon="-116.453716"><ele>1695.4729919999943</ele></trkpt>
    <trkpt lat="32.912037" lon="-116.453582"><ele>1695.701319359988</ele></trkpt>
    <trkpt lat="32.91222" lon="-116.453481"><ele>1697.448652799993</ele></trkpt>
    <trkpt lat="32.912434" lon="-116.453423"><ele>1698.4636918399813</ele></trkpt>
    <trkpt lat="32.912563" lon="-116.453417"><ele>1698.5000878399796</ele></trkpt>
    <trkpt lat="32.912783" lon="-116.453457"><ele>1696.7531395200062</ele></trkpt>
    <trkpt lat="32.913437" lon="-116.453572"><ele>1694.9889465601002</ele></trkpt>
    <trkpt lat="32.913556" lon="-116.453626"><ele>1694.619531520001</ele></trkpt>
    <trkpt lat="32.913836" lon="-116.453708"><ele>1695.290411519938</ele></trkpt>
    <trkpt lat="32.914091" lon="-116.453774"><ele>1693.7515939200325</ele></trkpt>
    <trkpt lat="32.914209" lon="-116.453789"><ele>1693.6523908799963</ele></trkpt>
    <trkpt lat="32.914327" lon="-116.453807"><ele>1694.515924319995</ele></trkpt>
    <trkpt lat="32.914487" lon="-116.453861"><ele>1696.2434187200388</ele></trkpt>
    <trkpt lat="32.914682" lon="-116.453937"><ele>1698.2693587200145</ele></trkpt>
    <trkpt lat="32.914896" lon="-116.454022"><ele>1700.5179750399973</ele></trkpt>
    <trkpt lat="32.915016" lon="-116.454098"><ele>1702.2880000000255</ele></trkpt>
    <trkpt lat="32.915076" lon="-116.454176"><ele>1703.3619788799813</ele></trkpt>
    <trkpt lat="32.915076" lon="-116.454176"><ele>1703.3619788799813</ele></trkpt>
    <trkpt lat="32.915116" lon="-116.454228"><ele>1704.143818239953</ele></trkpt>
    <trkpt lat="32.91513" lon="-116.454365"><ele>1704.6284559999374</ele></trkpt>
    <trkpt lat="32.915108" lon="-116.454427"><ele>1704.0999500798991</ele></trkpt>
    <trkpt lat="32.915063" lon="-116.454573"><ele>1702.8573478400765</ele></trkpt>
    <trkpt lat="32.915031" lon="-116.454724"><ele>1702.402314240016</ele></trkpt>
    <trkpt lat="32.915142" lon="-116.455009"><ele>1697.3774371199745</ele></trkpt>
    <trkpt lat="32.915243" lon="-116.455114"><ele>1696.9629820800583</ele></trkpt>
    <trkpt lat="32.915718" lon="-116.455449"><ele>1693.5806585599678</ele></trkpt>
    <trkpt lat="32.916024" lon="-116.455523"><ele>1690.0903078400124</ele></trkpt>
    <trkpt lat="32.916276" lon="-116.455556"><ele>1688.9910502399716</ele></trkpt>
    <trkpt lat="32.91643" lon="-116.455513"><ele>1690.2152000000679</ele></trkpt>
    <trkpt lat="32.917231" lon="-116.45562"><ele>1686.313993600046</ele></trkpt>
    <trkpt lat="32.916595" lon="-116.455978"><ele>1680.065532799949</ele></trkpt>
    <trkpt lat="32.916746" lon="-116.456108"><ele>1676.6688012800112</ele></trkpt>
    <trkpt lat="32.916746" lon="-116.456108"><ele>1676.6688012800112</ele></trkpt>
    <trkpt lat="32.91685" lon="-116.456197"><ele>1675.8791279999282</ele></trkpt>
    <trkpt lat="32.916931" lon="-116.45627"><ele>1675.0708847999283</ele></trkpt>
    <trkpt lat="32.917051" lon="-116.456307"><ele>1674.3609147200764</ele></trkpt>
    <trkpt lat="32.917128" lon="-116.456435"><ele>1672.7776928000035</ele></trkpt>
    <trkpt lat="32.917065" lon="-116.456744"><ele>1671.1188512000033</ele></trkpt>
    <trkpt lat="32.917159" lon="-116.457037"><ele>1669.7270363199866</ele></trkpt>
    <trkpt lat="32.917384" lon="-116.457225"><ele>1667.5207520001277</ele></trkpt>
    <trkpt lat="32.917627" lon="-116.457241"><ele>1665.852533600023</ele></trkpt>
    <trkpt lat="32.917784" lon="-116.457169"><ele>1664.4723244801135</ele></trkpt>
    <trkpt lat="32.91792" lon="-116.457082"><ele>1662.6910271999552</ele></trkpt>
    <trkpt lat="32.917969" lon="-116.457255"><ele>1661.1728624000007</ele></trkpt>
    <trkpt lat="32.918083" lon="-116.457523"><ele>1659.8187612799775</ele></trkpt>
    <trkpt lat="32.918083" lon="-116.457523"><ele>1659.8187612799775</ele></trkpt>
    <trkpt lat="32.918104" lon="-116.457574"><ele>1659.7441203199946</ele></trkpt>
    <trkpt lat="32.918268" lon="-116.457916"><ele>1660.3805644799886</ele></trkpt>
    <trkpt lat="32.91859" lon="-116.458304"><ele>1662.7208255999938</ele></trkpt>
    <trkpt lat="32.918642" lon="-116.458356"><ele>1663.5058739199437</ele></trkpt>
    <trkpt lat="32.918728" lon="-116.45835"><ele>1664.4076479999799</ele></trkpt>
    <trkpt lat="32.918923" lon="-116.45832"><ele>1666.2185056000005</ele></trkpt>
    <trkpt lat="32.919258" lon="-116.458162"><ele>1667.5683884800192</ele></trkpt>
    <trkpt lat="32.919248" lon="-116.458202"><ele>1668.1574924800414</ele></trkpt>
    <trkpt lat="32.919174" lon="-116.458308"><ele>1668.7599769600035</ele></trkpt>
    <trkpt lat="32.919128" lon="-116.458408"><ele>1669.6201830400864</ele></trkpt>
    <trkpt lat="32.919105" lon="-116.458539"><ele>1671.1312312000493</ele></trkpt>
    <trkpt lat="32.919104" lon="-116.458713"><ele>1672.097599999961</ele></trkpt>
    <trkpt lat="32.919138" lon="-116.458911"><ele>1672.4993852799496</ele></trkpt>
    <trkpt lat="32.919138" lon="-116.458911"><ele>1672.4993852799496</ele></trkpt>
    <trkpt lat="32.919142" lon="-116.458934"><ele>1672.4679788800142</ele></trkpt>
    <trkpt lat="32.919236" lon="-116.459308"><ele>1673.3610035199779</ele></trkpt>
    <trkpt lat="32.919339" lon="-116.459589"><ele>1674.499543840054</ele></trkpt>
    <trkpt lat="32.919504" lon="-116.460007"><ele>1675.439594240048</ele></trkpt>
    <trkpt lat="32.919626" lon="-116.460327"><ele>1674.9749820799766</ele></trkpt>
    <trkpt lat="32.919625" lon="-116.460446"><ele>1674.2507600000272</ele></trkpt>
    <trkpt lat="32.919619" lon="-116.460589"><ele>1673.0767406399789</ele></trkpt>
    <trkpt lat="32.91967" lon="-116.460666"><ele>1672.7323487999995</ele></trkpt>
    <trkpt lat="32.919769" lon="-116.460732"><ele>1673.3012000001413</ele></trkpt>
    <trkpt lat="32.919769" lon="-116.460732"><ele>1673.3012000001413</ele></trkpt>
    <trkpt lat="32.9199" lon="-116.460824"><ele>1674.334399999936</ele></trkpt>
    <trkpt lat="32.919982" lon="-116.460883"><ele>1674.9723862400194</ele></trkpt>
    <trkpt lat="32.920029" lon="-116.460945"><ele>1675.0388624000614</ele></trkpt>
    <trkpt lat="32.920083" lon="-116.46099"><ele>1675.4985536000397</ele></trkpt>
    <trkpt lat="32.920129" lon="-116.461086"><ele>1674.76756352015</ele></trkpt>
    <trkpt lat="32.920269" lon="-116.461228"><ele>1674.7379999998561</ele></trkpt>
    <trkpt lat="32.920488" lon="-116.461499"><ele>1674.5587999999143</ele></trkpt>
    <trkpt lat="32.920705" lon="-116.461639"><ele>1675.7571695998568</ele></trkpt>
    <trkpt lat="32.920847" lon="-116.461822"><ele>1675.0959494400795</ele></trkpt>
    <trkpt lat="32.920993" lon="-116.462009"><ele>1674.9096329601248</ele></trkpt>
    <trkpt lat="32.921277" lon="-116.462116"><ele>1678.126369280175</ele></trkpt>
    <trkpt lat="32.921369" lon="-116.462194"><ele>1678.2443254400446</ele></trkpt>
    <trkpt lat="32.921481" lon="-116.46225"><ele>1678.7264000000564</ele></trkpt>
    <trkpt lat="32.921712" lon="-116.462379"><ele>1678.8478899200297</ele></trkpt>
    <trkpt lat="32.921795" lon="-116.462342"><ele>1680.1375855998615</ele></trkpt>
    <trkpt lat="32.922026" lon="-116.462316"><ele>1681.6367999999677</ele></trkpt>
    <trkpt lat="32.922188" lon="-116.462326"><ele>1681.3847999998877</ele></trkpt>
    <trkpt lat="32.922296" lon="-116.462367"><ele>1681.0099692800154</ele></trkpt>
    <trkpt lat="32.922407" lon="-116.462367"><ele>1682.000497759986</ele></trkpt>
    <trkpt lat="32.922762" lon="-116.462361"><ele>1686.3040227199504</ele></trkpt>
    <trkpt lat="32.922967" lon="-116.462433"><ele>1686.73199999989</ele></trkpt>
    <trkpt lat="32.923069" lon="-116.462481"><ele>1686.5272000000737</ele></trkpt>
    <trkpt lat="32.923205" lon="-116.462511"><ele>1686.202904799818</ele></trkpt>
    <trkpt lat="32.923267" lon="-116.46247"><ele>1687.5172000001066</ele></trkpt>
    <trkpt lat="32.923461" lon="-116.462421"><ele>1688.5311999998326</ele></trkpt>
    <trkpt lat="32.923659" lon="-116.462401"><ele>1689.4558265600158</ele></trkpt>
    <trkpt lat="32.923698" lon="-116.462392"><ele>1690.4247334401543</ele></trkpt>
    <trkpt lat="32.923714" lon="-116.462414"><ele>1690.3012966400238</ele></trkpt>
    <trkpt lat="32.923713" lon="-116.462465"><ele>1689.264732800092</ele></trkpt>
    <trkpt lat="32.923658" lon="-116.462598"><ele>1685.9445420800691</ele></trkpt>
    <trkpt lat="32.923643" lon="-116.46266"><ele>1684.8772255999747</ele></trkpt>
    <trkpt lat="32.923649" lon="-116.462728"><ele>1684.156528639979</ele></trkpt>
    <trkpt lat="32.923672" lon="-116.462786"><ele>1683.7584000001334</ele></trkpt>
    <trkpt lat="32.923909" lon="-116.462979"><ele>1684.4518603199685</ele></trkpt>
    <trkpt lat="32.923997" lon="-116.463114"><ele>1683.4229123199118</ele></trkpt>
    <trkpt lat="32.924053" lon="-116.46315"><ele>1683.462328000033</ele></trkpt>
    <trkpt lat="32.924175" lon="-116.463173"><ele>1684.480516000048</ele></trkpt>
    <trkpt lat="32.924264" lon="-116.463158"><ele>1685.0083724798403</ele></trkpt>
    <trkpt lat="32.924359" lon="-116.463105"><ele>1686.5011528000375</ele></trkpt>
    <trkpt lat="32.924471" lon="-116.463077"><ele>1687.5625803200276</ele></trkpt>
    <trkpt lat="32.924566" lon="-116.46313"><ele>1686.6788767998355</ele></trkpt>
    <trkpt lat="32.924624" lon="-116.463193"><ele>1685.502638719917</ele></trkpt>
    <trkpt lat="32.924751" lon="-116.463222"><ele>1685.6119999999655</ele></trkpt>
    <trkpt lat="32.92481" lon="-116.463235"><ele>1685.7560000000622</ele></trkpt>
    <trkpt lat="32.925144" lon="-116.463112"><ele>1690.817600000123</ele></trkpt>
    <trkpt lat="32.925191" lon="-116.463093"><ele>1691.566399999972</ele></trkpt>
    <trkpt lat="32.925253" lon="-116.463093"><ele>1692.0127999999709</ele></trkpt>
    <trkpt lat="32.92537" lon="-116.463132"><ele>1692.4361663999764</ele></trkpt>
    <trkpt lat="32.925418" lon="-116.463149"><ele>1692.6658147199796</ele></trkpt>
    <trkpt lat="32.925485" lon="-116.463202"><ele>1692.4680912001104</ele></trkpt>
    <trkpt lat="32.925587" lon="-116.463342"><ele>1691.269131840061</ele></trkpt>
    <trkpt lat="32.92568" lon="-116.46349"><ele>1689.6606720001357</ele></trkpt>
    <trkpt lat="32.92586" lon="-116.463771"><ele>1687.2732576001038</ele></trkpt>
    <trkpt lat="32.925964" lon="-116.46389"><ele>1685.926444799921</ele></trkpt>
    <trkpt lat="32.926067" lon="-116.464041"><ele>1685.3263233600908</ele></trkpt>
    <trkpt lat="32.926128" lon="-116.464176"><ele>1685.0520857600563</ele></trkpt>
    <trkpt lat="32.926143" lon="-116.464216"><ele>1684.67477696013</ele></trkpt>
    <trkpt lat="32.926143" lon="-116.464216"><ele>1684.67477696013</ele></trkpt>
    <trkpt lat="32.926178" lon="-116.464312"><ele>1683.8815731199168</ele></trkpt>
    <trkpt lat="32.92627" lon="-116.464673"><ele>1681.0394415999895</ele></trkpt>
    <trkpt lat="32.926286" lon="-116.464992"><ele>1679.4466675199617</ele></trkpt>
    <trkpt lat="32.926268" lon="-116.465314"><ele>1678.5192000000293</ele></trkpt>
    <trkpt lat="32.926283" lon="-116.46564"><ele>1679.9445695999436</ele></trkpt>
    <trkpt lat="32.926282" lon="-116.465863"><ele>1680.3458832000115</ele></trkpt>
    <trkpt lat="32.926242" lon="-116.466031"><ele>1679.631470400002</ele></trkpt>
    <trkpt lat="32.926231" lon="-116.466245"><ele>1679.4263063999872</ele></trkpt>
    <trkpt lat="32.926226" lon="-116.466335"><ele>1679.392315200003</ele></trkpt>
    <trkpt lat="32.926193" lon="-116.466516"><ele>1680.7888985600302</ele></trkpt>
    <trkpt lat="32.92621" lon="-116.466629"><ele>1681.2460208000412</ele></trkpt>
    <trkpt lat="32.926219" lon="-116.466751"><ele>1682.1919999999416</ele></trkpt>
    <trkpt lat="32.926249" lon="-116.466931"><ele>1683.3800000000645</ele></trkpt>
    <trkpt lat="32.926275" lon="-116.467077"><ele>1684.778800000126</ele></trkpt>
    <trkpt lat="32.926273" lon="-116.467255"><ele>1687.8151703997999</ele></trkpt>
    <trkpt lat="32.926304" lon="-116.467415"><ele>1691.4791136000292</ele></trkpt>
    <trkpt lat="32.926355" lon="-116.467458"><ele>1691.5408463997949</ele></trkpt>
    <trkpt lat="32.926414" lon="-116.467497"><ele>1691.1913763198104</ele></trkpt>
    <trkpt lat="32.926514" lon="-116.467528"><ele>1689.1478003201144</ele></trkpt>
    <trkpt lat="32.92661" lon="-116.467591"><ele>1688.1859696000606</ele></trkpt>
    <trkpt lat="32.926671" lon="-116.467648"><ele>1688.1209766399481</ele></trkpt>
    <trkpt lat="32.92672" lon="-116.467737"><ele>1688.9619711998837</ele></trkpt>
    <trkpt lat="32.926774" lon="-116.46781"><ele>1689.0639999999394</ele></trkpt>
    <trkpt lat="32.926815" lon="-116.467904"><ele>1690.295200000205</ele></trkpt>
    <trkpt lat="32.926898" lon="-116.467996"><ele>1689.9567999999363</ele></trkpt>
    <trkpt lat="32.926925" lon="-116.468071"><ele>1691.2999239999024</ele></trkpt>
    <trkpt lat="32.926971" lon="-116.468126"><ele>1692.2159999998837</ele></trkpt>
    <trkpt lat="32.927042" lon="-116.468181"><ele>1692.860400000048</ele></trkpt>
    <trkpt lat="32.92718" lon="-116.468244"><ele>1692.3743999999456</ele></trkpt>
    <trkpt lat="32.927251" lon="-116.46827"><ele>1691.8376624001903</ele></trkpt>
    <trkpt lat="32.927318" lon="-116.468272"><ele>1690.3859955199678</ele></trkpt>
    <trkpt lat="32.927555" lon="-116.468279"><ele>1685.006115199932</ele></trkpt>
    <trkpt lat="32.927587" lon="-116.468426"><ele>1686.8287999998338</ele></trkpt>
    <trkpt lat="32.927595" lon="-116.468643"><ele>1689.342523200095</ele></trkpt>
    <trkpt lat="32.927658" lon="-116.468836"><ele>1688.3706009599605</ele></trkpt>
    <trkpt lat="32.927654" lon="-116.469055"><ele>1687.9454752001072</ele></trkpt>
    <trkpt lat="32.927624" lon="-116.469151"><ele>1688.5803078399538</ele></trkpt>
    <trkpt lat="32.927625" lon="-116.469305"><ele>1686.557799999958</ele></trkpt>
    <trkpt lat="32.927538" lon="-116.469398"><ele>1688.9057459200876</ele></trkpt>
    <trkpt lat="32.927509" lon="-116.469447"><ele>1689.5479923199184</ele></trkpt>
    <trkpt lat="32.927406" lon="-116.469554"><ele>1689.4745350399953</ele></trkpt>
    <trkpt lat="32.927084" lon="-116.469697"><ele>1691.8071641601032</ele></trkpt>
    <trkpt lat="32.926785" lon="-116.469885"><ele>1688.8379999997414</ele></trkpt>
    <trkpt lat="32.926471" lon="-116.470183"><ele>1683.9077174398174</ele></trkpt>
    <trkpt lat="32.926345" lon="-116.470261"><ele>1683.5626864002156</ele></trkpt>
    <trkpt lat="32.926185" lon="-116.470293"><ele>1682.2584464000952</ele></trkpt>
    <trkpt lat="32.926054" lon="-116.47033"><ele>1680.5946527998092</ele></trkpt>
    <trkpt lat="32.925906" lon="-116.470383"><ele>1678.3553059200817</ele></trkpt>
    <trkpt lat="32.925616" lon="-116.470427"><ele>1676.1915052799636</ele></trkpt>
    <trkpt lat="32.925478" lon="-116.470472"><ele>1674.0295999999585</ele></trkpt>
    <trkpt lat="32.92522" lon="-116.470565"><ele>1670.3789280001376</ele></trkpt>
    <trkpt lat="32.925123" lon="-116.470618"><ele>1669.9727414399604</ele></trkpt>
    <trkpt lat="32.925027" lon="-116.470623"><ele>1670.7896001599045</ele></trkpt>
    <trkpt lat="32.924813" lon="-116.470681"><ele>1671.34163424002</ele></trkpt>
    <trkpt lat="32.924583" lon="-116.470734"><ele>1670.7871417601198</ele></trkpt>
    <trkpt lat="32.924502" lon="-116.470734"><ele>1670.5785894401013</ele></trkpt>
    <trkpt lat="32.92443" lon="-116.470702"><ele>1670.6586143999752</ele></trkpt>
    <trkpt lat="32.924392" lon="-116.470696"><ele>1670.1290572799078</ele></trkpt>
    <trkpt lat="32.924364" lon="-116.470716"><ele>1669.408872960008</ele></trkpt>
    <trkpt lat="32.924377" lon="-116.470774"><ele>1668.8313379199178</ele></trkpt>
    <trkpt lat="32.924408" lon="-116.470848"><ele>1668.3765273599704</ele></trkpt>
    <trkpt lat="32.924461" lon="-116.470942"><ele>1668.1709689600452</ele></trkpt>
    <trkpt lat="32.924411" lon="-116.471239"><ele>1666.3446964800019</ele></trkpt>
    <trkpt lat="32.924374" lon="-116.471287"><ele>1666.0877385599977</ele></trkpt>
    <trkpt lat="32.924354" lon="-116.471298"><ele>1666.007591040003</ele></trkpt>
    <trkpt lat="32.924189" lon="-116.471372"><ele>1665.8930649600138</ele></trkpt>
    <trkpt lat="32.924037" lon="-116.47142"><ele>1665.3426815999437</ele></trkpt>
    <trkpt lat="32.923813" lon="-116.47148"><ele>1664.9839999999965</ele></trkpt>
    <trkpt lat="32.923721" lon="-116.471474"><ele>1664.9192000000066</ele></trkpt>
    <trkpt lat="32.92371" lon="-116.471477"><ele>1664.9515999999248</ele></trkpt>
    <trkpt lat="32.923611" lon="-116.471462"><ele>1664.7888000000344</ele></trkpt>
    <trkpt lat="32.923395" lon="-116.471469"><ele>1663.3091999999845</ele></trkpt>
    <trkpt lat="32.923182" lon="-116.471273"><ele>1661.1655999999748</ele></trkpt>
    <trkpt lat="32.922871" lon="-116.471115"><ele>1659.3822031999723</ele></trkpt>
    <trkpt lat="32.922637" lon="-116.470969"><ele>1657.967199999939</ele></trkpt>
    <trkpt lat="32.922637" lon="-116.470969"><ele>1657.967199999939</ele></trkpt>
    <trkpt lat="32.922603" lon="-116.470948"><ele>1657.9096000000845</ele></trkpt>
    <trkpt lat="32.922444" lon="-116.470875"><ele>1658.114080000093</ele></trkpt>
    <trkpt lat="32.922377" lon="-116.470805"><ele>1657.920400000009</ele></trkpt>
    <trkpt lat="32.922309" lon="-116.470773"><ele>1658.1939999999322</ele></trkpt>
    <trkpt lat="32.922226" lon="-116.47074"><ele>1658.6152000000707</ele></trkpt>
    <trkpt lat="32.922139" lon="-116.470767"><ele>1657.689888959963</ele></trkpt>
    <trkpt lat="32.922029" lon="-116.470792"><ele>1656.133810560062</ele></trkpt>
    <trkpt lat="32.92193" lon="-116.470844"><ele>1654.7648000000672</ele></trkpt>
    <trkpt lat="32.921877" lon="-116.470877"><ele>1653.8576000000548</ele></trkpt>
    <trkpt lat="32.921823" lon="-116.470935"><ele>1653.1088000000545</ele></trkpt>
    <trkpt lat="32.921763" lon="-116.471091"><ele>1652.9359999999779</ele></trkpt>
    <trkpt lat="32.921779" lon="-116.471301"><ele>1654.5171521599984</ele></trkpt>
    <trkpt lat="32.921728" lon="-116.471535"><ele>1654.92371840004</ele></trkpt>
    <trkpt lat="32.921685" lon="-116.471579"><ele>1654.6084591999918</ele></trkpt>
    <trkpt lat="32.9216" lon="-116.471613"><ele>1653.6536000000074</ele></trkpt>
    <trkpt lat="32.92155" lon="-116.471659"><ele>1653.2648000000668</ele></trkpt>
    <trkpt lat="32.921509" lon="-116.471724"><ele>1652.7575052800028</ele></trkpt>
    <trkpt lat="32.921349" lon="-116.47204"><ele>1651.7127999999948</ele></trkpt>
    <trkpt lat="32.92132" lon="-116.472134"><ele>1651.5040000000108</ele></trkpt>
    <trkpt lat="32.921277" lon="-116.472217"><ele>1651.1944000000249</ele></trkpt>
    <trkpt lat="32.921284" lon="-116.472291"><ele>1651.1513062400024</ele></trkpt>
    <trkpt lat="32.921317" lon="-116.472361"><ele>1651.3531035200108</ele></trkpt>
    <trkpt lat="32.92137" lon="-116.472498"><ele>1651.796489600033</ele></trkpt>
    <trkpt lat="32.921462" lon="-116.472576"><ele>1650.6319999999341</ele></trkpt>
    <trkpt lat="32.921575" lon="-116.472643"><ele>1649.4259999999094</ele></trkpt>
    <trkpt lat="32.921759" lon="-116.472663"><ele>1649.5934523200567</ele></trkpt>
    <trkpt lat="32.921942" lon="-116.472663"><ele>1650.6388361600486</ele></trkpt>
    <trkpt lat="32.922099" lon="-116.472654"><ele>1651.6472681599457</ele></trkpt>
    <trkpt lat="32.922243" lon="-116.472669"><ele>1652.0544916800318</ele></trkpt>
    <trkpt lat="32.922422" lon="-116.472777"><ele>1649.5720137601052</ele></trkpt>
    <trkpt lat="32.922556" lon="-116.472854"><ele>1648.580000000021</ele></trkpt>
    <trkpt lat="32.922613" lon="-116.472872"><ele>1648.7960000000394</ele></trkpt>
    <trkpt lat="32.92266" lon="-116.472893"><ele>1648.9076000000132</ele></trkpt>
    <trkpt lat="32.922706" lon="-116.472927"><ele>1648.8716000000018</ele></trkpt>
    <trkpt lat="32.922778" lon="-116.472979"><ele>1648.8284000000592</ele></trkpt>
    <trkpt lat="32.922863" lon="-116.473005"><ele>1649.1595999999909</ele></trkpt>
    <trkpt lat="32.922905" lon="-116.473041"><ele>1649.0732000000557</ele></trkpt>
    <trkpt lat="32.92298" lon="-116.473095"><ele>1649.3787520000196</ele></trkpt>
    <trkpt lat="32.923001" lon="-116.473128"><ele>1649.5047577599898</ele></trkpt>
    <trkpt lat="32.922994" lon="-116.473168"><ele>1649.3773926400268</ele></trkpt>
    <trkpt lat="32.922978" lon="-116.473203"><ele>1649.1452012800096</ele></trkpt>
    <trkpt lat="32.922768" lon="-116.473303"><ele>1646.1479999999742</ele></trkpt>
    <trkpt lat="32.922735" lon="-116.473325"><ele>1645.7520000000018</ele></trkpt>
    <trkpt lat="32.922702" lon="-116.473357"><ele>1645.5550723199788</ele></trkpt>
    <trkpt lat="32.92265" lon="-116.473456"><ele>1645.3537919999653</ele></trkpt>
    <trkpt lat="32.922594" lon="-116.473564"><ele>1644.689422079945</ele></trkpt>
    <trkpt lat="32.922442" lon="-116.473795"><ele>1642.8297231999454</ele></trkpt>
    <trkpt lat="32.922379" lon="-116.474018"><ele>1641.8219999999897</ele></trkpt>
    <trkpt lat="32.922387" lon="-116.474099"><ele>1641.9660000000104</ele></trkpt>
    <trkpt lat="32.922419" lon="-116.474217"><ele>1642.232437919988</ele></trkpt>
    <trkpt lat="32.92249" lon="-116.474413"><ele>1642.0783248000614</ele></trkpt>
    <trkpt lat="32.922568" lon="-116.47458"><ele>1641.6432127999774</ele></trkpt>
    <trkpt lat="32.92267" lon="-116.474704"><ele>1640.5740415999828</ele></trkpt>
    <trkpt lat="32.922777" lon="-116.474788"><ele>1639.5298630399575</ele></trkpt>
    <trkpt lat="32.922901" lon="-116.474816"><ele>1639.612962559951</ele></trkpt>
    <trkpt lat="32.923087" lon="-116.474839"><ele>1639.4775999999374</ele></trkpt>
    <trkpt lat="32.923246" lon="-116.474816"><ele>1639.974399999911</ele></trkpt>
    <trkpt lat="32.923295" lon="-116.474782"><ele>1640.7087999998985</ele></trkpt>
    <trkpt lat="32.92332" lon="-116.474787"><ele>1640.6007999998642</ele></trkpt>
    <trkpt lat="32.923322" lon="-116.474796"><ele>1640.406400000048</ele></trkpt>
    <trkpt lat="32.92326" lon="-116.474889"><ele>1638.3975999999016</ele></trkpt>
    <trkpt lat="32.923176" lon="-116.475015"><ele>1635.7911712000137</ele></trkpt>
    <trkpt lat="32.923058" lon="-116.475093"><ele>1634.9897075199942</ele></trkpt>
    <trkpt lat="32.922926" lon="-116.475134"><ele>1635.2606086400544</ele></trkpt>
    <trkpt lat="32.922871" lon="-116.475204"><ele>1634.6376646399303</ele></trkpt>
    <trkpt lat="32.922875" lon="-116.475291"><ele>1633.6333400000105</ele></trkpt>
    <trkpt lat="32.922977" lon="-116.475376"><ele>1633.0291980799925</ele></trkpt>
    <trkpt lat="32.923074" lon="-116.475457"><ele>1632.1363174399803</ele></trkpt>
    <trkpt lat="32.923448" lon="-116.475866"><ele>1629.321564159931</ele></trkpt>
    <trkpt lat="32.923542" lon="-116.475924"><ele>1628.9692249601178</ele></trkpt>
    <trkpt lat="32.923666" lon="-116.476041"><ele>1628.8993711999817</ele></trkpt>
    <trkpt lat="32.923896" lon="-116.47627"><ele>1627.3963840000176</ele></trkpt>
    <trkpt lat="32.923986" lon="-116.476409"><ele>1624.7812000000065</ele></trkpt>
    <trkpt lat="32.924209" lon="-116.476513"><ele>1617.7231076800595</ele></trkpt>
    <trkpt lat="32.924358" lon="-116.476629"><ele>1614.0962012800273</ele></trkpt>
    <trkpt lat="32.924484" lon="-116.476769"><ele>1612.889019520062</ele></trkpt>
    <trkpt lat="32.924556" lon="-116.476869"><ele>1612.8312236798872</ele></trkpt>
    <trkpt lat="32.924846" lon="-116.47717"><ele>1610.8211455999779</ele></trkpt>
    <trkpt lat="32.924891" lon="-116.47729"><ele>1610.8568367999449</ele></trkpt>
    <trkpt lat="32.924906" lon="-116.477424"><ele>1611.0910412799976</ele></trkpt>
    <trkpt lat="32.924956" lon="-116.477525"><ele>1610.1845439999577</ele></trkpt>
    <trkpt lat="32.925063" lon="-116.47758"><ele>1607.8618815999753</ele></trkpt>
    <trkpt lat="32.925169" lon="-116.477646"><ele>1605.5554249600666</ele></trkpt>
    <trkpt lat="32.925214" lon="-116.477693"><ele>1604.5371260800787</ele></trkpt>
    <trkpt lat="32.925258" lon="-116.477756"><ele>1603.4928179200147</ele></trkpt>
    <trkpt lat="32.925354" lon="-116.477852"><ele>1601.5690803200268</ele></trkpt>
    <trkpt lat="32.92537" lon="-116.477914"><ele>1600.8603872000028</ele></trkpt>
    <trkpt lat="32.925328" lon="-116.478"><ele>1600.7129600000383</ele></trkpt>
    <trkpt lat="32.925277" lon="-116.478057"><ele>1601.0120291199162</ele></trkpt>
    <trkpt lat="32.925235" lon="-116.478111"><ele>1601.8942767999906</ele></trkpt>
    <trkpt lat="32.925218" lon="-116.4782"><ele>1601.9054079999619</ele></trkpt>
    <trkpt lat="32.925157" lon="-116.478419"><ele>1603.039600000037</ele></trkpt>
    <trkpt lat="32.925177" lon="-116.478513"><ele>1601.9812000000522</ele></trkpt>
    <trkpt lat="32.925241" lon="-116.478586"><ele>1599.4143999999833</ele></trkpt>
    <trkpt lat="32.925369" lon="-116.478722"><ele>1594.584902719868</ele></trkpt>
    <trkpt lat="32.92543" lon="-116.478826"><ele>1592.0960672000554</ele></trkpt>
    <trkpt lat="32.925445" lon="-116.478934"><ele>1591.05482399991</ele></trkpt>
    <trkpt lat="32.925444" lon="-116.479058"><ele>1590.1951296000707</ele></trkpt>
    <trkpt lat="32.92538" lon="-116.479162"><ele>1590.8450880000405</ele></trkpt>
    <trkpt lat="32.925157" lon="-116.479442"><ele>1589.794678719884</ele></trkpt>
    <trkpt lat="32.925056" lon="-116.479551"><ele>1590.7326662400312</ele></trkpt>
    <trkpt lat="32.924915" lon="-116.479695"><ele>1592.9639879999995</ele></trkpt>
    <trkpt lat="32.924685" lon="-116.479778"><ele>1597.2414928000871</ele></trkpt>
    <trkpt lat="32.924608" lon="-116.479873"><ele>1597.7472006400315</ele></trkpt>
    <trkpt lat="32.924596" lon="-116.480019"><ele>1596.8549190399815</ele></trkpt>
    <trkpt lat="32.924604" lon="-116.480093"><ele>1596.8947091199645</ele></trkpt>
    <trkpt lat="32.924596" lon="-116.480194"><ele>1597.1986470399816</ele></trkpt>
    <trkpt lat="32.924575" lon="-116.480315"><ele>1597.8580000000616</ele></trkpt>
    <trkpt lat="32.924599" lon="-116.480437"><ele>1598.4771999999566</ele></trkpt>
    <trkpt lat="32.924595" lon="-116.480569"><ele>1599.5676000000758</ele></trkpt>
    <trkpt lat="32.924595" lon="-116.480569"><ele>1599.5676000000758</ele></trkpt>
    <trkpt lat="32.924673" lon="-116.48073"><ele>1601.0435999999318</ele></trkpt>
    <trkpt lat="32.924806" lon="-116.480891"><ele>1601.61237568006</ele></trkpt>
    <trkpt lat="32.924885" lon="-116.481083"><ele>1603.409406399886</ele></trkpt>
    <trkpt lat="32.924985" lon="-116.48124"><ele>1603.5977760000042</ele></trkpt>
    <trkpt lat="32.924999" lon="-116.481327"><ele>1604.9000083198812</ele></trkpt>
    <trkpt lat="32.924984" lon="-116.481539"><ele>1607.1913459199723</ele></trkpt>
    <trkpt lat="32.925091" lon="-116.481765"><ele>1607.4607703999836</ele></trkpt>
    <trkpt lat="32.925116" lon="-116.481859"><ele>1607.4539462399873</ele></trkpt>
    <trkpt lat="32.925129" lon="-116.481918"><ele>1607.4913891199953</ele></trkpt>
    <trkpt lat="32.925075" lon="-116.48206"><ele>1607.7300000000014</ele></trkpt>
    <trkpt lat="32.924943" lon="-116.48216"><ele>1608.5236704000001</ele></trkpt>
    <trkpt lat="32.924899" lon="-116.482273"><ele>1609.7555339200483</ele></trkpt>
    <trkpt lat="32.924982" lon="-116.482299"><ele>1609.2820892799662</ele></trkpt>
    <trkpt lat="32.924982" lon="-116.482299"><ele>1609.2820892799662</ele></trkpt>
    <trkpt lat="32.925331" lon="-116.482293"><ele>1609.4867999999665</ele></trkpt>
    <trkpt lat="32.925489" lon="-116.482246"><ele>1611.3156000000558</ele></trkpt>
    <trkpt lat="32.925873" lon="-116.482039"><ele>1619.1242091200588</ele></trkpt>
    <trkpt lat="32.926187" lon="-116.481693"><ele>1619.7710993600854</ele></trkpt>
    <trkpt lat="32.926397" lon="-116.48146"><ele>1620.2209248000142</ele></trkpt>
    <trkpt lat="32.926659" lon="-116.481203"><ele>1621.8100699198806</ele></trkpt>
    <trkpt lat="32.926767" lon="-116.481118"><ele>1622.315999999851</ele></trkpt>
    <trkpt lat="32.926938" lon="-116.481041"><ele>1623.853311360132</ele></trkpt>
    <trkpt lat="32.926938" lon="-116.481041"><ele>1623.853311360132</ele></trkpt>
    <trkpt lat="32.927151" lon="-116.480945"><ele>1623.5925456001532</ele></trkpt>
    <trkpt lat="32.92758" lon="-116.480848"><ele>1626.7720063998597</ele></trkpt>
    <trkpt lat="32.927893" lon="-116.480838"><ele>1630.560274560166</ele></trkpt>
    <trkpt lat="32.928443" lon="-116.480787"><ele>1631.581136800439</ele></trkpt>
    <trkpt lat="32.928663" lon="-116.480753"><ele>1631.3791548805477</ele></trkpt>
    <trkpt lat="32.928922" lon="-116.480792"><ele>1635.2053695995194</ele></trkpt>
    <trkpt lat="32.929201" lon="-116.480878"><ele>1629.240174400352</ele></trkpt>
    <trkpt lat="32.929579" lon="-116.481075"><ele>1641.5576000003412</ele></trkpt>
    <trkpt lat="32.92971" lon="-116.481111"><ele>1646.8135999998613</ele></trkpt>
    <trkpt lat="32.929879" lon="-116.481148"><ele>1650.6680953602415</ele></trkpt>
    <trkpt lat="32.930066" lon="-116.481155"><ele>1652.5246816000415</ele></trkpt>
    <trkpt lat="32.930244" lon="-116.481109"><ele>1650.6978483203113</ele></trkpt>
    <trkpt lat="32.930516" lon="-116.481082"><ele>1656.2031999999708</ele></trkpt>
    <trkpt lat="32.930755" lon="-116.480964"><ele>1652.7383583999535</ele></trkpt>
    <trkpt lat="32.930841" lon="-116.48092"><ele>1651.5709887998187</ele></trkpt>
    <trkpt lat="32.930944" lon="-116.480919"><ele>1651.751933439999</ele></trkpt>
    <trkpt lat="32.931262" lon="-116.480976"><ele>1658.1953625598255</ele></trkpt>
    <trkpt lat="32.931516" lon="-116.480991"><ele>1658.0494662402018</ele></trkpt>
    <trkpt lat="32.93171" lon="-116.481052"><ele>1657.4132032003174</ele></trkpt>
    <trkpt lat="32.932032" lon="-116.481214"><ele>1656.6551001595337</ele></trkpt>
    <trkpt lat="32.932422" lon="-116.481468"><ele>1657.569712640396</ele></trkpt>
    <trkpt lat="32.932909" lon="-116.481792"><ele>1661.6228531198701</ele></trkpt>
    <trkpt lat="32.933285" lon="-116.481991"><ele>1663.061599999798</ele></trkpt>
    <trkpt lat="32.933442" lon="-116.482013"><ele>1660.7587999998077</ele></trkpt>
    <trkpt lat="32.933598" lon="-116.482075"><ele>1660.4059999997264</ele></trkpt>
    <trkpt lat="32.933913" lon="-116.482209"><ele>1658.6233316799267</ele></trkpt>
    <trkpt lat="32.934188" lon="-116.482359"><ele>1661.161016320026</ele></trkpt>
    <trkpt lat="32.934188" lon="-116.482359"><ele>1661.161016320026</ele></trkpt>
    <trkpt lat="32.934402" lon="-116.482475"><ele>1665.1053519998773</ele></trkpt>
    <trkpt lat="32.934583" lon="-116.482524"><ele>1667.4966073600356</ele></trkpt>
    <trkpt lat="32.934832" lon="-116.482559"><ele>1669.098859520026</ele></trkpt>
    <trkpt lat="32.934944" lon="-116.482628"><ele>1668.9696972799682</ele></trkpt>
    <trkpt lat="32.935103" lon="-116.482672"><ele>1669.8211980799995</ele></trkpt>
    <trkpt lat="32.935205" lon="-116.48261"><ele>1670.8227440000219</ele></trkpt>
    <trkpt lat="32.935205" lon="-116.48261"><ele>1670.8227440000219</ele></trkpt>
    <trkpt lat="32.935274" lon="-116.482568"><ele>1671.22121216</ele></trkpt>
    <trkpt lat="32.935335" lon="-116.482596"><ele>1671.559180800013</ele></trkpt>
    <trkpt lat="32.935372" lon="-116.482731"><ele>1672.677836160017</ele></trkpt>
    <trkpt lat="32.93544" lon="-116.482871"><ele>1674.7588000000299</ele></trkpt>
    <trkpt lat="32.935559" lon="-116.483006"><ele>1677.4816243200235</ele></trkpt>
    <trkpt lat="32.935651" lon="-116.483052"><ele>1678.313996160006</ele></trkpt>
    <trkpt lat="32.935851" lon="-116.48309"><ele>1679.1890864000509</ele></trkpt>
    <trkpt lat="32.935909" lon="-116.483126"><ele>1679.0126806399603</ele></trkpt>
    <trkpt lat="32.935909" lon="-116.483126"><ele>1679.0126806399603</ele></trkpt>
    <trkpt lat="32.936048" lon="-116.48321"><ele>1678.7792768</ele></trkpt>
    <trkpt lat="32.936217" lon="-116.483318"><ele>1679.3559155199523</ele></trkpt>
    <trkpt lat="32.936351" lon="-116.483399"><ele>1680.9308651201534</ele></trkpt>
    <trkpt lat="32.936531" lon="-116.48339"><ele>1683.4928672000444</ele></trkpt>
    <trkpt lat="32.936656" lon="-116.483349"><ele>1685.1123315200725</ele></trkpt>
    <trkpt lat="32.936892" lon="-116.483142"><ele>1682.474309120031</ele></trkpt>
    <trkpt lat="32.936948" lon="-116.483097"><ele>1682.281290240047</ele></trkpt>
    <trkpt lat="32.936948" lon="-116.483097"><ele>1682.281290240047</ele></trkpt>
    <trkpt lat="32.937128" lon="-116.482952"><ele>1681.524799999929</ele></trkpt>
    <trkpt lat="32.937243" lon="-116.48289"><ele>1681.8482191999478</ele></trkpt>
    <trkpt lat="32.937367" lon="-116.482869"><ele>1683.3895620797764</ele></trkpt>
    <trkpt lat="32.93755" lon="-116.482857"><ele>1684.9850719997926</ele></trkpt>
    <trkpt lat="32.937745" lon="-116.482865"><ele>1683.675896000195</ele></trkpt>
    <trkpt lat="32.937889" lon="-116.48286"><ele>1679.8511104001839</ele></trkpt>
    <trkpt lat="32.938067" lon="-116.48289"><ele>1676.7583103999227</ele></trkpt>
    <trkpt lat="32.938337" lon="-116.483051"><ele>1679.5987670402944</ele></trkpt>
    <trkpt lat="32.938744" lon="-116.483166"><ele>1679.7675289598214</ele></trkpt>
    <trkpt lat="32.939055" lon="-116.483284"><ele>1683.719599999844</ele></trkpt>
    <trkpt lat="32.939159" lon="-116.48344"><ele>1687.4079968000835</ele></trkpt>
    <trkpt lat="32.939255" lon="-116.483518"><ele>1687.8216128000502</ele></trkpt>
    <trkpt lat="32.939397" lon="-116.483518"><ele>1685.9453043201072</ele></trkpt>
    <trkpt lat="32.939507" lon="-116.483448"><ele>1682.494562559885</ele></trkpt>
    <trkpt lat="32.939642" lon="-116.483434"><ele>1680.3121388800919</ele></trkpt>
    <trkpt lat="32.939849" lon="-116.483459"><ele>1678.5393739198694</ele></trkpt>
    <trkpt lat="32.93996" lon="-116.483508"><ele>1678.332441600023</ele></trkpt>
    <trkpt lat="32.939979" lon="-116.483548"><ele>1678.963271039962</ele></trkpt>
    <trkpt lat="32.939979" lon="-116.483548"><ele>1678.963271039962</ele></trkpt>
    <trkpt lat="32.94" lon="-116.48359"><ele>1679.5440000001822</ele></trkpt>
    <trkpt lat="32.940032" lon="-116.483772"><ele>1683.445104639969</ele></trkpt>
    <trkpt lat="32.940096" lon="-116.483881"><ele>1683.6648601600548</ele></trkpt>
    <trkpt lat="32.940177" lon="-116.483934"><ele>1681.8597625602283</ele></trkpt>
    <trkpt lat="32.940214" lon="-116.483987"><ele>1682.1250105600716</ele></trkpt>
    <trkpt lat="32.940309" lon="-116.484199"><ele>1686.5459334401755</ele></trkpt>
    <trkpt lat="32.940385" lon="-116.48422"><ele>1685.7064479997234</ele></trkpt>
    <trkpt lat="32.940568" lon="-116.484116"><ele>1676.8233139200083</ele></trkpt>
    <trkpt lat="32.940761" lon="-116.484116"><ele>1677.0111878400135</ele></trkpt>
    <trkpt lat="32.940849" lon="-116.484191"><ele>1680.3382593598221</ele></trkpt>
    <trkpt lat="32.940952" lon="-116.484271"><ele>1679.271943680138</ele></trkpt>
    <trkpt lat="32.941268" lon="-116.484462"><ele>1670.0631628797</ele></trkpt>
    <trkpt lat="32.941304" lon="-116.484524"><ele>1670.504609279596</ele></trkpt>
    <trkpt lat="32.941453" lon="-116.48469"><ele>1673.1250639999703</ele></trkpt>
    <trkpt lat="32.941781" lon="-116.484861"><ele>1672.732364639854</ele></trkpt>
    <trkpt lat="32.941947" lon="-116.48499"><ele>1673.628675199897</ele></trkpt>
    <trkpt lat="32.941965" lon="-116.485071"><ele>1674.964743200042</ele></trkpt>
    <trkpt lat="32.941954" lon="-116.48528"><ele>1678.9637504000257</ele></trkpt>
    <trkpt lat="32.941983" lon="-116.485425"><ele>1680.9895280000976</ele></trkpt>
    <trkpt lat="32.941998" lon="-116.485458"><ele>1681.4597772799125</ele></trkpt>
    <trkpt lat="32.942052" lon="-116.485479"><ele>1681.684175359972</ele></trkpt>
    <trkpt lat="32.942208" lon="-116.485455"><ele>1680.865068800035</ele></trkpt>
    <trkpt lat="32.942756" lon="-116.485441"><ele>1671.3326643197447</ele></trkpt>
    <trkpt lat="32.943174" lon="-116.485596"><ele>1671.0630323200594</ele></trkpt>
    <trkpt lat="32.943629" lon="-116.485717"><ele>1664.6886292797628</ele></trkpt>
    <trkpt lat="32.943991" lon="-116.485975"><ele>1661.7642480000047</ele></trkpt>
    <trkpt lat="32.944205" lon="-116.486211"><ele>1659.589975200078</ele></trkpt>
    <trkpt lat="32.944232" lon="-116.48636"><ele>1661.57806080012</ele></trkpt>
    <trkpt lat="32.944273" lon="-116.486581"><ele>1663.172799999902</ele></trkpt>
    <trkpt lat="32.944284" lon="-116.486746"><ele>1664.2167999998467</ele></trkpt>
    <trkpt lat="32.944266" lon="-116.486886"><ele>1665.49840000004</ele></trkpt>
    <trkpt lat="32.944192" lon="-116.487007"><ele>1668.537352959929</ele></trkpt>
    <trkpt lat="32.944086" lon="-116.487064"><ele>1671.3815526400263</ele></trkpt>
    <trkpt lat="32.944066" lon="-116.487128"><ele>1671.8106956800225</ele></trkpt>
    <trkpt lat="32.944102" lon="-116.487224"><ele>1670.3457100799471</ele></trkpt>
    <trkpt lat="32.944223" lon="-116.487458"><ele>1668.751863360009</ele></trkpt>
    <trkpt lat="32.944277" lon="-116.487659"><ele>1669.0247145599476</ele></trkpt>
    <trkpt lat="32.944314" lon="-116.487746"><ele>1668.9370444800536</ele></trkpt>
    <trkpt lat="32.944405" lon="-116.487828"><ele>1668.0274527997817</ele></trkpt>
    <trkpt lat="32.944583" lon="-116.487946"><ele>1665.1443999998178</ele></trkpt>
    <trkpt lat="32.94466" lon="-116.487989"><ele>1663.5784000000103</ele></trkpt>
    <trkpt lat="32.944779" lon="-116.488001"><ele>1659.449088320071</ele></trkpt>
    <trkpt lat="32.944815" lon="-116.488034"><ele>1658.5782368000469</ele></trkpt>
    <trkpt lat="32.944892" lon="-116.488083"><ele>1656.1047462399258</ele></trkpt>
    <trkpt lat="32.944948" lon="-116.488198"><ele>1655.9392153600643</ele></trkpt>
    <trkpt lat="32.945012" lon="-116.488379"><ele>1658.0920979198809</ele></trkpt>
    <trkpt lat="32.945133" lon="-116.488434"><ele>1657.3316828799768</ele></trkpt>
    <trkpt lat="32.945486" lon="-116.488434"><ele>1651.5383999999137</ele></trkpt>
    <trkpt lat="32.945719" lon="-116.488461"><ele>1648.3227427200748</ele></trkpt>
    <trkpt lat="32.946145" lon="-116.488422"><ele>1638.6944271999632</ele></trkpt>
    <trkpt lat="32.946301" lon="-116.488419"><ele>1634.6308667197995</ele></trkpt>
    <trkpt lat="32.946484" lon="-116.488444"><ele>1631.2584243200934</ele></trkpt>
    <trkpt lat="32.946611" lon="-116.488499"><ele>1630.9169628802613</ele></trkpt>
    <trkpt lat="32.946716" lon="-116.488539"><ele>1630.1190099200685</ele></trkpt>
    <trkpt lat="32.946822" lon="-116.488607"><ele>1629.791352320161</ele></trkpt>
    <trkpt lat="32.946877" lon="-116.488708"><ele>1631.7679340800773</ele></trkpt>
    <trkpt lat="32.946944" lon="-116.488848"><ele>1635.3911065601274</ele></trkpt>
    <trkpt lat="32.947002" lon="-116.489015"><ele>1638.7877375999187</ele></trkpt>
    <trkpt lat="32.947037" lon="-116.489117"><ele>1640.9396476796996</ele></trkpt>
    <trkpt lat="32.947118" lon="-116.489172"><ele>1639.915184639776</ele></trkpt>
    <trkpt lat="32.947343" lon="-116.489182"><ele>1628.7976028802093</ele></trkpt>
    <trkpt lat="32.947492" lon="-116.489217"><ele>1620.8583443200268</ele></trkpt>
    <trkpt lat="32.947632" lon="-116.489269"><ele>1618.2373542398036</ele></trkpt>
    <trkpt lat="32.947632" lon="-116.489269"><ele>1618.2373542398036</ele></trkpt>
    <trkpt lat="32.947658" lon="-116.489279"><ele>1617.6654409599853</ele></trkpt>
    <trkpt lat="32.947857" lon="-116.489453"><ele>1615.1840633599709</ele></trkpt>
    <trkpt lat="32.948122" lon="-116.489617"><ele>1610.3377910399943</ele></trkpt>
    <trkpt lat="32.94829" lon="-116.489771"><ele>1608.6931872000714</ele></trkpt>
    <trkpt lat="32.948355" lon="-116.489846"><ele>1608.478886400009</ele></trkpt>
    <trkpt lat="32.948428" lon="-116.489921"><ele>1608.352247039947</ele></trkpt>
    <trkpt lat="32.948501" lon="-116.490017"><ele>1608.1159790399531</ele></trkpt>
    <trkpt lat="32.948592" lon="-116.490253"><ele>1607.4427891200407</ele></trkpt>
    <trkpt lat="32.94863" lon="-116.49055"><ele>1607.50535999996</ele></trkpt>
    <trkpt lat="32.948674" lon="-116.490707"><ele>1606.5386332800736</ele></trkpt>
    <trkpt lat="32.948665" lon="-116.490795"><ele>1606.8092280000405</ele></trkpt>
    <trkpt lat="32.948629" lon="-116.490901"><ele>1607.3856878400877</ele></trkpt>
    <trkpt lat="32.948548" lon="-116.491082"><ele>1608.085031679927</ele></trkpt>
    <trkpt lat="32.948403" lon="-116.491248"><ele>1607.4107827200323</ele></trkpt>
    <trkpt lat="32.948342" lon="-116.491446"><ele>1603.9536294400732</ele></trkpt>
    <trkpt lat="32.948182" lon="-116.491672"><ele>1602.6838796799952</ele></trkpt>
    <trkpt lat="32.948137" lon="-116.491739"><ele>1602.9054985599962</ele></trkpt>
    <trkpt lat="32.94812" lon="-116.491837"><ele>1602.2849247999238</ele></trkpt>
    <trkpt lat="32.94814" lon="-116.49191"><ele>1601.3846079999378</ele></trkpt>
    <trkpt lat="32.948209" lon="-116.492018"><ele>1601.1372000000338</ele></trkpt>
    <trkpt lat="32.948353" lon="-116.492136"><ele>1600.922328960041</ele></trkpt>
    <trkpt lat="32.948367" lon="-116.492227"><ele>1601.6859153600246</ele></trkpt>
    <trkpt lat="32.948308" lon="-116.492339"><ele>1603.496459520038</ele></trkpt>
    <trkpt lat="32.948047" lon="-116.492514"><ele>1607.1916476799724</ele></trkpt>
    <trkpt lat="32.947879" lon="-116.492549"><ele>1609.1474801599807</ele></trkpt>
    <trkpt lat="32.947829" lon="-116.492688"><ele>1610.248401920015</ele></trkpt>
    <trkpt lat="32.947829" lon="-116.492763"><ele>1610.5681899199942</ele></trkpt>
    <trkpt lat="32.947871" lon="-116.492802"><ele>1610.5031999999878</ele></trkpt>
    <trkpt lat="32.94832" lon="-116.493257"><ele>1609.8211999999817</ele></trkpt>
    <trkpt lat="32.948432" lon="-116.49339"><ele>1609.2171392000187</ele></trkpt>
    <trkpt lat="32.948451" lon="-116.493424"><ele>1609.0145369600045</ele></trkpt>
    <trkpt lat="32.948455" lon="-116.493458"><ele>1608.92742559997</ele></trkpt>
    <trkpt lat="32.948427" lon="-116.493522"><ele>1609.0965737599786</ele></trkpt>
    <trkpt lat="32.948346" lon="-116.493619"><ele>1609.7780000000407</ele></trkpt>
    <trkpt lat="32.948077" lon="-116.493675"><ele>1610.020556000061</ele></trkpt>
    <trkpt lat="32.947971" lon="-116.493678"><ele>1610.0367999999607</ele></trkpt>
    <trkpt lat="32.947862" lon="-116.49362"><ele>1610.8719999998984</ele></trkpt>
    <trkpt lat="32.94779" lon="-116.493541"><ele>1611.734988800074</ele></trkpt>
    <trkpt lat="32.947718" lon="-116.493494"><ele>1613.0011283199965</ele></trkpt>
    <trkpt lat="32.947626" lon="-116.493473"><ele>1614.402470080074</ele></trkpt>
    <trkpt lat="32.947557" lon="-116.493493"><ele>1614.9979489599468</ele></trkpt>
    <trkpt lat="32.947464" lon="-116.493537"><ele>1616.0694227200486</ele></trkpt>
    <trkpt lat="32.947374" lon="-116.493622"><ele>1617.532618879883</ele></trkpt>
    <trkpt lat="32.947203" lon="-116.493785"><ele>1620.554638399933</ele></trkpt>
    <trkpt lat="32.946987" lon="-116.494074"><ele>1625.1317849599964</ele></trkpt>
    <trkpt lat="32.946987" lon="-116.494074"><ele>1625.1317849599964</ele></trkpt>
    <trkpt lat="32.946968" lon="-116.4941"><ele>1625.5352960000364</ele></trkpt>
    <trkpt lat="32.946717" lon="-116.494389"><ele>1629.948967520009</ele></trkpt>
    <trkpt lat="32.946634" lon="-116.494504"><ele>1632.8699865600333</ele></trkpt>
    <trkpt lat="32.94667" lon="-116.494566"><ele>1633.1160000001653</ele></trkpt>
    <trkpt lat="32.946823" lon="-116.494638"><ele>1631.1071999998646</ele></trkpt>
    <trkpt lat="32.946947" lon="-116.494643"><ele>1628.5647999999296</ele></trkpt>
    <trkpt lat="32.947128" lon="-116.494615"><ele>1627.4091999999312</ele></trkpt>
    <trkpt lat="32.947254" lon="-116.494644"><ele>1627.1666150398805</ele></trkpt>
    <trkpt lat="32.947307" lon="-116.494687"><ele>1627.1838993599538</ele></trkpt>
    <trkpt lat="32.947338" lon="-116.494738"><ele>1627.649925759933</ele></trkpt>
    <trkpt lat="32.947431" lon="-116.49488"><ele>1628.974691199876</ele></trkpt>
    <trkpt lat="32.94755" lon="-116.495016"><ele>1629.1535680001828</ele></trkpt>
    <trkpt lat="32.947779" lon="-116.495186"><ele>1628.3318537601726</ele></trkpt>
    <trkpt lat="32.947882" lon="-116.495264"><ele>1628.3706099201656</ele></trkpt>
    <trkpt lat="32.947921" lon="-116.495341"><ele>1629.6098494398782</ele></trkpt>
    <trkpt lat="32.947978" lon="-116.495521"><ele>1633.048867519931</ele></trkpt>
    <trkpt lat="32.948178" lon="-116.495614"><ele>1630.4072000000908</ele></trkpt>
    <trkpt lat="32.948313" lon="-116.495622"><ele>1627.6351999999783</ele></trkpt>
    <trkpt lat="32.948488" lon="-116.49545"><ele>1621.2380480001718</ele></trkpt>
    <trkpt lat="32.948644" lon="-116.495464"><ele>1618.732175359921</ele></trkpt>
    <trkpt lat="32.948833" lon="-116.495781"><ele>1620.604093919918</ele></trkpt>
    <trkpt lat="32.948853" lon="-116.496022"><ele>1622.2213526399805</ele></trkpt>
    <trkpt lat="32.948988" lon="-116.496272"><ele>1623.9136000001213</ele></trkpt>
    <trkpt lat="32.949124" lon="-116.496275"><ele>1621.0515999999802</ele></trkpt>
    <trkpt lat="32.949276" lon="-116.496312"><ele>1619.3790515201224</ele></trkpt>
    <trkpt lat="32.949564" lon="-116.496432"><ele>1616.2479999998677</ele></trkpt>
    <trkpt lat="32.94992" lon="-116.496685"><ele>1610.2720000000413</ele></trkpt>
    <trkpt lat="32.950062" lon="-116.496889"><ele>1608.8765507197363</ele></trkpt>
    <trkpt lat="32.950161" lon="-116.497091"><ele>1608.7253969598542</ele></trkpt>
    <trkpt lat="32.950226" lon="-116.49717"><ele>1607.327043199882</ele></trkpt>
    <trkpt lat="32.95026" lon="-116.497196"><ele>1606.21084160006</ele></trkpt>
    <trkpt lat="32.950267" lon="-116.497271"><ele>1606.3995867201875</ele></trkpt>
    <trkpt lat="32.950235" lon="-116.497326"><ele>1607.8788656000356</ele></trkpt>
    <trkpt lat="32.94995" lon="-116.497705"><ele>1616.5048400000321</ele></trkpt>
    <trkpt lat="32.949693" lon="-116.498026"><ele>1618.984813439956</ele></trkpt>
    <trkpt lat="32.94937" lon="-116.498213"><ele>1626.9750047998318</ele></trkpt>
    <trkpt lat="32.948993" lon="-116.498431"><ele>1630.983159360017</ele></trkpt>
    <trkpt lat="32.948815" lon="-116.498696"><ele>1631.5939103999276</ele></trkpt>
    <trkpt lat="32.94886" lon="-116.498726"><ele>1631.2001855999904</ele></trkpt>
    <trkpt lat="32.949078" lon="-116.498696"><ele>1628.776852479955</ele></trkpt>
    <trkpt lat="32.949623" lon="-116.498777"><ele>1627.56644048008</ele></trkpt>
    <trkpt lat="32.950345" lon="-116.498739"><ele>1616.9016000000206</ele></trkpt>
    <trkpt lat="32.950604" lon="-116.498624"><ele>1612.3933235202028</ele></trkpt>
    <trkpt lat="32.950807" lon="-116.498616"><ele>1612.110605439964</ele></trkpt>
    <trkpt lat="32.950998" lon="-116.498423"><ele>1604.443844160092</ele></trkpt>
    <trkpt lat="32.951297" lon="-116.498329"><ele>1599.4742814399478</ele></trkpt>
    <trkpt lat="32.95164" lon="-116.498318"><ele>1598.0328959998508</ele></trkpt>
    <trkpt lat="32.951843" lon="-116.498349"><ele>1595.0076000002164</ele></trkpt>
    <trkpt lat="32.952177" lon="-116.498382"><ele>1593.1082451201503</ele></trkpt>
    <trkpt lat="32.95228" lon="-116.498372"><ele>1592.5982464000629</ele></trkpt>
    <trkpt lat="32.952378" lon="-116.498315"><ele>1590.8822128001468</ele></trkpt>
    <trkpt lat="32.952694" lon="-116.498281"><ele>1586.1323785601326</ele></trkpt>
    <trkpt lat="32.952775" lon="-116.498293"><ele>1585.0321480000523</ele></trkpt>
    <trkpt lat="32.952874" lon="-116.498361"><ele>1583.7613014400135</ele></trkpt>
    <trkpt lat="32.952881" lon="-116.498418"><ele>1584.6644636800777</ele></trkpt>
    <trkpt lat="32.952854" lon="-116.498487"><ele>1586.7225980798917</ele></trkpt>
    <trkpt lat="32.952928" lon="-116.498542"><ele>1585.8358489600114</ele></trkpt>
    <trkpt lat="32.953072" lon="-116.498602"><ele>1583.266516480157</ele></trkpt>
    <trkpt lat="32.953222" lon="-116.498687"><ele>1579.4810028801476</ele></trkpt>
    <trkpt lat="32.953275" lon="-116.49884"><ele>1579.8399200000736</ele></trkpt>
    <trkpt lat="32.953353" lon="-116.498917"><ele>1578.7372000000669</ele></trkpt>
    <trkpt lat="32.953528" lon="-116.499042"><ele>1575.0472000000705</ele></trkpt>
    <trkpt lat="32.953592" lon="-116.499081"><ele>1573.6252000000275</ele></trkpt>
    <trkpt lat="32.9536" lon="-116.499166"><ele>1574.3127999999824</ele></trkpt>
    <trkpt lat="32.953575" lon="-116.49923"><ele>1576.8639999998977</ele></trkpt>
    <trkpt lat="32.953527" lon="-116.499268"><ele>1579.3407999999872</ele></trkpt>
    <trkpt lat="32.953316" lon="-116.499391"><ele>1588.5952345600697</ele></trkpt>
    <trkpt lat="32.95332" lon="-116.499431"><ele>1589.6747392000455</ele></trkpt>
    <trkpt lat="32.953364" lon="-116.499439"><ele>1588.95999999985</ele></trkpt>
    <trkpt lat="32.953402" lon="-116.499459"><ele>1588.0612598400917</ele></trkpt>
    <trkpt lat="32.953402" lon="-116.49953"><ele>1588.2508128000597</ele></trkpt>
    <trkpt lat="32.953376" lon="-116.499592"><ele>1589.015976960043</ele></trkpt>
    <trkpt lat="32.953387" lon="-116.499647"><ele>1588.8770443200065</ele></trkpt>
    <trkpt lat="32.953457" lon="-116.499737"><ele>1587.8155385599841</ele></trkpt>
    <trkpt lat="32.95345" lon="-116.499886"><ele>1588.300928000041</ele></trkpt>
    <trkpt lat="32.953429" lon="-116.500008"><ele>1588.6079187200362</ele></trkpt>
    <trkpt lat="32.953326" lon="-116.500052"><ele>1588.6421158400317</ele></trkpt>
    <trkpt lat="32.95319" lon="-116.500035"><ele>1589.1339680000356</ele></trkpt>
    <trkpt lat="32.953142" lon="-116.499981"><ele>1589.7571999999816</ele></trkpt>
    <trkpt lat="32.953103" lon="-116.499872"><ele>1590.290000000018</ele></trkpt>
    <trkpt lat="32.953096" lon="-116.499744"><ele>1590.7759999999673</ele></trkpt>
    <trkpt lat="32.953091" lon="-116.499669"><ele>1590.872399999998</ele></trkpt>
    <trkpt lat="32.953043" lon="-116.499667"><ele>1591.0269572799966</ele></trkpt>
    <trkpt lat="32.952888" lon="-116.499736"><ele>1590.8905625600114</ele></trkpt>
    <trkpt lat="32.952769" lon="-116.499756"><ele>1590.6945574399222</ele></trkpt>
    <trkpt lat="32.95268" lon="-116.499712"><ele>1591.8273535999656</ele></trkpt>
    <trkpt lat="32.952526" lon="-116.499709"><ele>1592.998744640068</ele></trkpt>
    <trkpt lat="32.952547" lon="-116.499838"><ele>1591.0649225600273</ele></trkpt>
    <trkpt lat="32.952539" lon="-116.499929"><ele>1589.846113760069</ele></trkpt>
    <trkpt lat="32.952407" lon="-116.500096"><ele>1589.2807999999957</ele></trkpt>
    <trkpt lat="32.95234" lon="-116.500191"><ele>1589.0179999999941</ele></trkpt>
    <trkpt lat="32.952302" lon="-116.500302"><ele>1587.8407999998449</ele></trkpt>
    <trkpt lat="32.952079" lon="-116.50044"><ele>1589.443510400078</ele></trkpt>
    <trkpt lat="32.951926" lon="-116.500523"><ele>1590.6524358399804</ele></trkpt>
    <trkpt lat="32.951875" lon="-116.500551"><ele>1590.8073999999688</ele></trkpt>
    <trkpt lat="32.951865" lon="-116.50059"><ele>1590.5569280000018</ele></trkpt>
    <trkpt lat="32.951901" lon="-116.500657"><ele>1589.4878345599702</ele></trkpt>
    <trkpt lat="32.952004" lon="-116.500767"><ele>1586.644400000001</ele></trkpt>
    <trkpt lat="32.952063" lon="-116.50085"><ele>1584.7716079999552</ele></trkpt>
    <trkpt lat="32.952076" lon="-116.500965"><ele>1583.9084864000645</ele></trkpt>
    <trkpt lat="32.952042" lon="-116.501073"><ele>1583.8214153599877</ele></trkpt>
    <trkpt lat="32.952011" lon="-116.501128"><ele>1584.0853030400012</ele></trkpt>
    <trkpt lat="32.951968" lon="-116.501153"><ele>1584.699163519992</ele></trkpt>
    <trkpt lat="32.951901" lon="-116.501171"><ele>1585.4692000000064</ele></trkpt>
    <trkpt lat="32.951856" lon="-116.501177"><ele>1585.9552000000072</ele></trkpt>
    <trkpt lat="32.951862" lon="-116.501218"><ele>1585.8904000000166</ele></trkpt>
    <trkpt lat="32.951914" lon="-116.50125"><ele>1585.3287999999775</ele></trkpt>
    <trkpt lat="32.951995" lon="-116.501303"><ele>1584.6491768000094</ele></trkpt>
    <trkpt lat="32.952074" lon="-116.501403"><ele>1584.7096931199424</ele></trkpt>
    <trkpt lat="32.952094" lon="-116.501631"><ele>1587.5456694400405</ele></trkpt>
    <trkpt lat="32.952036" lon="-116.501724"><ele>1589.1703705599155</ele></trkpt>
    <trkpt lat="32.95201" lon="-116.501815"><ele>1591.0779759998618</ele></trkpt>
    <trkpt lat="32.95209" lon="-116.501814"><ele>1590.904470399924</ele></trkpt>
    <trkpt lat="32.952353" lon="-116.501775"><ele>1590.237187999923</ele></trkpt>
    <trkpt lat="32.952423" lon="-116.501757"><ele>1590.1137454399736</ele></trkpt>
    <trkpt lat="32.952452" lon="-116.501553"><ele>1587.1904000000213</ele></trkpt>
    <trkpt lat="32.952489" lon="-116.501476"><ele>1586.2147999999524</ele></trkpt>
    <trkpt lat="32.952542" lon="-116.50143"><ele>1586.152044800003</ele></trkpt>
    <trkpt lat="32.952871" lon="-116.501392"><ele>1589.0299174399581</ele></trkpt>
    <trkpt lat="32.952999" lon="-116.501389"><ele>1589.0014371200414</ele></trkpt>
    <trkpt lat="32.953063" lon="-116.501425"><ele>1589.4127999999628</ele></trkpt>
    <trkpt lat="32.953141" lon="-116.501416"><ele>1588.1600000000544</ele></trkpt>
    <trkpt lat="32.953469" lon="-116.501373"><ele>1579.8273459200777</ele></trkpt>
    <trkpt lat="32.953528" lon="-116.501383"><ele>1577.9030278401112</ele></trkpt>
    <trkpt lat="32.953575" lon="-116.501419"><ele>1577.1108319999346</ele></trkpt>
    <trkpt lat="32.95387" lon="-116.501665"><ele>1575.5015920000121</ele></trkpt>
    <trkpt lat="32.95407" lon="-116.501881"><ele>1578.9482831999148</ele></trkpt>
    <trkpt lat="32.954165" lon="-116.501924"><ele>1579.4236416000474</ele></trkpt>
    <trkpt lat="32.954268" lon="-116.501933"><ele>1579.2304511997907</ele></trkpt>
    <trkpt lat="32.954653" lon="-116.501982"><ele>1575.7124326399312</ele></trkpt>
    <trkpt lat="32.955072" lon="-116.502156"><ele>1574.9788134399519</ele></trkpt>
    <trkpt lat="32.955259" lon="-116.502178"><ele>1573.0631238400626</ele></trkpt>
    <trkpt lat="32.955346" lon="-116.502252"><ele>1574.1598566399841</ele></trkpt>
    <trkpt lat="32.955346" lon="-116.502252"><ele>1574.1598566399841</ele></trkpt>
    <trkpt lat="32.955474" lon="-116.502361"><ele>1575.050634879668</ele></trkpt>
    <trkpt lat="32.956001" lon="-116.50274"><ele>1567.5931104001013</ele></trkpt>
    <trkpt lat="32.956045" lon="-116.502763"><ele>1567.2782615999758</ele></trkpt>
    <trkpt lat="32.956088" lon="-116.502813"><ele>1567.415850240038</ele></trkpt>
    <trkpt lat="32.956114" lon="-116.502913"><ele>1568.873588160151</ele></trkpt>
    <trkpt lat="32.956065" lon="-116.503164"><ele>1575.1803679999232</ele></trkpt>
    <trkpt lat="32.956111" lon="-116.503238"><ele>1575.9422863999166</ele></trkpt>
    <trkpt lat="32.956206" lon="-116.50324"><ele>1574.7323776000844</ele></trkpt>
    <trkpt lat="32.956343" lon="-116.503243"><ele>1572.981076959998</ele></trkpt>
    <trkpt lat="32.956373" lon="-116.503287"><ele>1573.385259040016</ele></trkpt>
    <trkpt lat="32.956358" lon="-116.503439"><ele>1576.6002985599878</ele></trkpt>
    <trkpt lat="32.95637" lon="-116.503578"><ele>1579.3771168000958</ele></trkpt>
    <trkpt lat="32.956382" lon="-116.50375"><ele>1581.0123999999796</ele></trkpt>
    <trkpt lat="32.956463" lon="-116.50386"><ele>1580.4025056000405</ele></trkpt>
    <trkpt lat="32.956692" lon="-116.503972"><ele>1576.8065740800814</ele></trkpt>
    <trkpt lat="32.956958" lon="-116.50422"><ele>1573.5546303999836</ele></trkpt>
    <trkpt lat="32.957007" lon="-116.504326"><ele>1572.1712252800273</ele></trkpt>
    <trkpt lat="32.957022" lon="-116.504419"><ele>1571.4419747199636</ele></trkpt>
    <trkpt lat="32.957057" lon="-116.50442"><ele>1570.692457600043</ele></trkpt>
    <trkpt lat="32.957092" lon="-116.504348"><ele>1570.3444326399792</ele></trkpt>
    <trkpt lat="32.957117" lon="-116.504243"><ele>1570.4484942400502</ele></trkpt>
    <trkpt lat="32.957091" lon="-116.504067"><ele>1570.2856000000977</ele></trkpt>
    <trkpt lat="32.956975" lon="-116.503882"><ele>1570.2957440000998</ele></trkpt>
    <trkpt lat="32.956948" lon="-116.503821"><ele>1569.4633433601025</ele></trkpt>
    <trkpt lat="32.957001" lon="-116.503826"><ele>1568.53140992012</ele></trkpt>
    <trkpt lat="32.957124" lon="-116.503865"><ele>1567.1408192001174</ele></trkpt>
    <trkpt lat="32.957325" lon="-116.503998"><ele>1564.2184000000311</ele></trkpt>
    <trkpt lat="32.957352" lon="-116.504044"><ele>1563.9375999999197</ele></trkpt>
    <trkpt lat="32.957453" lon="-116.504133"><ele>1561.9899999999293</ele></trkpt>
    <trkpt lat="32.95748" lon="-116.504393"><ele>1562.2148032000446</ele></trkpt>
    <trkpt lat="32.957669" lon="-116.504712"><ele>1561.216810879911</ele></trkpt>
    <trkpt lat="32.95768" lon="-116.504841"><ele>1561.1119999999255</ele></trkpt>
    <trkpt lat="32.957631" lon="-116.504989"><ele>1562.1704000000173</ele></trkpt>
    <trkpt lat="32.957614" lon="-116.505041"><ele>1562.215950079965</ele></trkpt>
    <trkpt lat="32.957635" lon="-116.505091"><ele>1561.4196271999856</ele></trkpt>
    <trkpt lat="32.957904" lon="-116.505457"><ele>1556.6663788800497</ele></trkpt>
    <trkpt lat="32.958117" lon="-116.505504"><ele>1553.9241452799984</ele></trkpt>
    <trkpt lat="32.958318" lon="-116.505465"><ele>1551.205595200029</ele></trkpt>
    <trkpt lat="32.95854" lon="-116.505484"><ele>1550.483199999955</ele></trkpt>
    <trkpt lat="32.958654" lon="-116.505461"><ele>1550.4419999999955</ele></trkpt>
    <trkpt lat="32.958843" lon="-116.505423"><ele>1552.0727999999456</ele></trkpt>
    <trkpt lat="32.958919" lon="-116.505387"><ele>1552.5705771200103</ele></trkpt>
    <trkpt lat="32.959005" lon="-116.505403"><ele>1553.8359655999805</ele></trkpt>
    <trkpt lat="32.959066" lon="-116.505379"><ele>1554.411258560042</ele></trkpt>
    <trkpt lat="32.959123" lon="-116.505242"><ele>1553.7069526398902</ele></trkpt>
    <trkpt lat="32.959206" lon="-116.505085"><ele>1552.0963999999174</ele></trkpt>
    <trkpt lat="32.959292" lon="-116.504991"><ele>1551.589456640063</ele></trkpt>
    <trkpt lat="32.95941" lon="-116.504953"><ele>1552.5950575999805</ele></trkpt>
    <trkpt lat="32.959498" lon="-116.504892"><ele>1552.9021606400224</ele></trkpt>
    <trkpt lat="32.959573" lon="-116.504707"><ele>1550.846161439865</ele></trkpt>
    <trkpt lat="32.959598" lon="-116.504577"><ele>1547.3478038399219</ele></trkpt>
    <trkpt lat="32.959796" lon="-116.504424"><ele>1545.2099481600071</ele></trkpt>
    <trkpt lat="32.95989" lon="-116.50442"><ele>1545.0851519998544</ele></trkpt>
    <trkpt lat="32.959949" lon="-116.504444"><ele>1545.9837062402403</ele></trkpt>
    <trkpt lat="32.960034" lon="-116.504399"><ele>1543.9344739202209</ele></trkpt>
    <trkpt lat="32.960211" lon="-116.504357"><ele>1540.5309662399554</ele></trkpt>
    <trkpt lat="32.960463" lon="-116.504349"><ele>1537.8235124801365</ele></trkpt>
    <trkpt lat="32.960576" lon="-116.504439"><ele>1538.4393574400392</ele></trkpt>
    <trkpt lat="32.960658" lon="-116.504612"><ele>1539.6449203198683</ele></trkpt>
    <trkpt lat="32.960624" lon="-116.504702"><ele>1541.687324159872</ele></trkpt>
    <trkpt lat="32.960656" lon="-116.504739"><ele>1541.9982406400165</ele></trkpt>
    <trkpt lat="32.960765" lon="-116.504765"><ele>1541.1781160001417</ele></trkpt>
    <trkpt lat="32.960795" lon="-116.504857"><ele>1543.3666424000678</ele></trkpt>
    <trkpt lat="32.960847" lon="-116.50493"><ele>1544.713203200026</ele></trkpt>
    <trkpt lat="32.960993" lon="-116.505085"><ele>1546.2679999998134</ele></trkpt>
    <trkpt lat="32.961156" lon="-116.505088"><ele>1544.0048051200035</ele></trkpt>
    <trkpt lat="32.961237" lon="-116.505057"><ele>1542.8902033598636</ele></trkpt>
    <trkpt lat="32.961299" lon="-116.505095"><ele>1543.4862711999515</ele></trkpt>
    <trkpt lat="32.961336" lon="-116.505045"><ele>1542.1932447998881</ele></trkpt>
    <trkpt lat="32.961418" lon="-116.504898"><ele>1535.6074476798585</ele></trkpt>
    <trkpt lat="32.961478" lon="-116.50478"><ele>1529.8822207998287</ele></trkpt>
    <trkpt lat="32.961596" lon="-116.504755"><ele>1529.7428576001362</ele></trkpt>
    <trkpt lat="32.961781" lon="-116.504749"><ele>1531.6841652801775</ele></trkpt>
    <trkpt lat="32.961919" lon="-116.504651"><ele>1529.7897137598475</ele></trkpt>
    <trkpt lat="32.962092" lon="-116.504618"><ele>1528.6076249597977</ele></trkpt>
    <trkpt lat="32.962297" lon="-116.504619"><ele>1527.96043472013</ele></trkpt>
    <trkpt lat="32.962625" lon="-116.504519"><ele>1523.9188400000205</ele></trkpt>
    <trkpt lat="32.962779" lon="-116.504506"><ele>1522.861950080138</ele></trkpt>
    <trkpt lat="32.962868" lon="-116.504562"><ele>1522.0189107201118</ele></trkpt>
    <trkpt lat="32.963108" lon="-116.504871"><ele>1522.9787999999514</ele></trkpt>
    <trkpt lat="32.963352" lon="-116.505179"><ele>1518.347999999969</ele></trkpt>
    <trkpt lat="32.963424" lon="-116.505376"><ele>1516.2383052798452</ele></trkpt>
    <trkpt lat="32.963448" lon="-116.505576"><ele>1517.4655641600943</ele></trkpt>
    <trkpt lat="32.963556" lon="-116.505724"><ele>1517.7865804800792</ele></trkpt>
    <trkpt lat="32.963655" lon="-116.50578"><ele>1516.395663999937</ele></trkpt>
    <trkpt lat="32.96379" lon="-116.505917"><ele>1514.408799999851</ele></trkpt>
    <trkpt lat="32.963883" lon="-116.505903"><ele>1511.1939999999622</ele></trkpt>
    <trkpt lat="32.964104" lon="-116.505858"><ele>1505.8463334400917</ele></trkpt>
    <trkpt lat="32.964138" lon="-116.505868"><ele>1505.3422412801726</ele></trkpt>
    <trkpt lat="32.964138" lon="-116.505868"><ele>1505.3422412801726</ele></trkpt>
    <trkpt lat="32.964328" lon="-116.505923"><ele>1503.6319532799077</ele></trkpt>
    <trkpt lat="32.96438" lon="-116.506094"><ele>1505.1643264000913</ele></trkpt>
    <trkpt lat="32.964488" lon="-116.506323"><ele>1503.7555788798506</ele></trkpt>
    <trkpt lat="32.964541" lon="-116.506493"><ele>1502.838960960181</ele></trkpt>
    <trkpt lat="32.964573" lon="-116.506701"><ele>1503.619199999996</ele></trkpt>
    <trkpt lat="32.964601" lon="-116.506815"><ele>1503.4319999999548</ele></trkpt>
    <trkpt lat="32.964592" lon="-116.506877"><ele>1504.2023999999037</ele></trkpt>
    <trkpt lat="32.964598" lon="-116.506921"><ele>1504.3031999999585</ele></trkpt>
    <trkpt lat="32.96462" lon="-116.506953"><ele>1503.7691968000813</ele></trkpt>
    <trkpt lat="32.964756" lon="-116.507008"><ele>1500.1855999999589</ele></trkpt>
    <trkpt lat="32.965043" lon="-116.507124"><ele>1495.7568627200403</ele></trkpt>
    <trkpt lat="32.965258" lon="-116.507259"><ele>1493.8761731200914</ele></trkpt>
    <trkpt lat="32.965505" lon="-116.507376"><ele>1490.3063999999013</ele></trkpt>
    <trkpt lat="32.965613" lon="-116.507435"><ele>1488.616400000075</ele></trkpt>
    <trkpt lat="32.965713" lon="-116.507487"><ele>1486.8451999999425</ele></trkpt>
    <trkpt lat="32.965796" lon="-116.507615"><ele>1486.1828000000767</ele></trkpt>
    <trkpt lat="32.965846" lon="-116.507725"><ele>1486.375735999933</ele></trkpt>
    <trkpt lat="32.965894" lon="-116.507772"><ele>1486.714657280037</ele></trkpt>
    <trkpt lat="32.965915" lon="-116.507832"><ele>1486.9011999999673</ele></trkpt>
    <trkpt lat="32.965897" lon="-116.507955"><ele>1487.4087999999904</ele></trkpt>
    <trkpt lat="32.965929" lon="-116.508108"><ele>1487.8443999999645</ele></trkpt>
    <trkpt lat="32.965922" lon="-116.508179"><ele>1488.1251999999974</ele></trkpt>
    <trkpt lat="32.965953" lon="-116.508252"><ele>1488.2763999999993</ele></trkpt>
    <trkpt lat="32.965963" lon="-116.508347"><ele>1488.3363999999847</ele></trkpt>
    <trkpt lat="32.966025" lon="-116.508483"><ele>1486.1548000000184</ele></trkpt>
    <trkpt lat="32.966025" lon="-116.508483"><ele>1486.1548000000184</ele></trkpt>
    <trkpt lat="32.965973" lon="-116.508583"><ele>1484.9019999999841</ele></trkpt>
    <trkpt lat="32.965959" lon="-116.508734"><ele>1482.2934835199271</ele></trkpt>
    <trkpt lat="32.965876" lon="-116.508795"><ele>1481.0777663998722</ele></trkpt>
    <trkpt lat="32.965788" lon="-116.508835"><ele>1480.1006783999064</ele></trkpt>
    <trkpt lat="32.965682" lon="-116.508844"><ele>1479.7935206400666</ele></trkpt>
    <trkpt lat="32.965616" lon="-116.508867"><ele>1479.3494937600772</ele></trkpt>
    <trkpt lat="32.965557" lon="-116.50891"><ele>1479.151209600003</ele></trkpt>
    <trkpt lat="32.965519" lon="-116.508952"><ele>1479.7773990399442</ele></trkpt>
    <trkpt lat="32.965519" lon="-116.508952"><ele>1479.7773990399442</ele></trkpt>
    <trkpt lat="32.965516" lon="-116.508956"><ele>1479.836807679973</ele></trkpt>
    <trkpt lat="32.965446" lon="-116.508948"><ele>1480.3822566400377</ele></trkpt>
    <trkpt lat="32.965434" lon="-116.508957"><ele>1480.580199039933</ele></trkpt>
    <trkpt lat="32.965428" lon="-116.508973"><ele>1480.8020915199465</ele></trkpt>
    <trkpt lat="32.965432" lon="-116.509014"><ele>1481.1910758399335</ele></trkpt>
    <trkpt lat="32.965444" lon="-116.509019"><ele>1481.1162188799713</ele></trkpt>
    <trkpt lat="32.965483" lon="-116.509079"><ele>1481.2487305600105</ele></trkpt>
    <trkpt lat="32.965556" lon="-116.509147"><ele>1480.8554265599946</ele></trkpt>
    <trkpt lat="32.96562" lon="-116.509177"><ele>1480.844908799811</ele></trkpt>
    <trkpt lat="32.965656" lon="-116.509141"><ele>1480.1588236799805</ele></trkpt>
    <trkpt lat="32.965694" lon="-116.509128"><ele>1479.86355456002</ele></trkpt>
    <trkpt lat="32.965745" lon="-116.509138"><ele>1479.5703647999949</ele></trkpt>
    <trkpt lat="32.965805" lon="-116.50916"><ele>1479.1991039999743</ele></trkpt>
    <trkpt lat="32.965852" lon="-116.509164"><ele>1478.8675353600147</ele></trkpt>
    <trkpt lat="32.96589" lon="-116.509193"><ele>1479.083443199915</ele></trkpt>
    <trkpt lat="32.965978" lon="-116.509349"><ele>1480.529387520007</ele></trkpt>
    <trkpt lat="32.966151" lon="-116.509589"><ele>1481.1860705600316</ele></trkpt>
    <trkpt lat="32.966381" lon="-116.509786"><ele>1480.271720640216</ele></trkpt>
    <trkpt lat="32.966493" lon="-116.509888"><ele>1481.346080640126</ele></trkpt>
    <trkpt lat="32.966493" lon="-116.509888"><ele>1481.346080640126</ele></trkpt>
    <trkpt lat="32.966552" lon="-116.509941"><ele>1482.0276787199205</ele></trkpt>
    <trkpt lat="32.9667" lon="-116.509994"><ele>1481.5543680001867</ele></trkpt>
    <trkpt lat="32.966757" lon="-116.510053"><ele>1483.4483999999597</ele></trkpt>
    <trkpt lat="32.966796" lon="-116.510119"><ele>1485.7812000001072</ele></trkpt>
    <trkpt lat="32.966831" lon="-116.51018"><ele>1487.94480000022</ele></trkpt>
    <trkpt lat="32.96694" lon="-116.510198"><ele>1487.8728000000956</ele></trkpt>
    <trkpt lat="32.966992" lon="-116.510233"><ele>1488.9395948799947</ele></trkpt>
    <trkpt lat="32.967029" lon="-116.510285"><ele>1490.591285599917</ele></trkpt>
    <trkpt lat="32.96711" lon="-116.510329"><ele>1491.1732975999803</ele></trkpt>
    <trkpt lat="32.967205" lon="-116.510374"><ele>1491.5702767999696</ele></trkpt>
    <trkpt lat="32.967323" lon="-116.510468"><ele>1491.8652454400737</ele></trkpt>
    <trkpt lat="32.967444" lon="-116.510632"><ele>1493.2197606400089</ele></trkpt>
    <trkpt lat="32.967466" lon="-116.510702"><ele>1493.8498585598845</ele></trkpt>
    <trkpt lat="32.967529" lon="-116.510787"><ele>1493.6715721599226</ele></trkpt>
    <trkpt lat="32.967605" lon="-116.510898"><ele>1494.3047967999587</ele></trkpt>
    <trkpt lat="32.967652" lon="-116.511024"><ele>1496.58639616014</ele></trkpt>
    <trkpt lat="32.967693" lon="-116.511163"><ele>1500.4053886398833</ele></trkpt>
    <trkpt lat="32.967723" lon="-116.511231"><ele>1502.8828884797988</ele></trkpt>
    <trkpt lat="32.967785" lon="-116.511226"><ele>1501.8699535997298</ele></trkpt>
    <trkpt lat="32.967837" lon="-116.511163"><ele>1498.428625759795</ele></trkpt>
    <trkpt lat="32.967874" lon="-116.511135"><ele>1496.6761903997913</ele></trkpt>
    <trkpt lat="32.967927" lon="-116.511163"><ele>1497.1931489597887</ele></trkpt>
    <trkpt lat="32.968035" lon="-116.511245"><ele>1499.5263320001068</ele></trkpt>
    <trkpt lat="32.968266" lon="-116.511445"><ele>1502.4596943998415</ele></trkpt>
    <trkpt lat="32.968455" lon="-116.511608"><ele>1501.5288831998841</ele></trkpt>
    <trkpt lat="32.968524" lon="-116.511596"><ele>1498.9497395198332</ele></trkpt>
    <trkpt lat="32.968595" lon="-116.511625"><ele>1497.8400999997941</ele></trkpt>
    <trkpt lat="32.968707" lon="-116.511721"><ele>1499.1088844797785</ele></trkpt>
    <trkpt lat="32.968854" lon="-116.511895"><ele>1504.079027199814</ele></trkpt>
    <trkpt lat="32.968953" lon="-116.512056"><ele>1510.1541107200394</ele></trkpt>
    <trkpt lat="32.96898" lon="-116.51208"><ele>1511.0479359999138</ele></trkpt>
    <trkpt lat="32.969007" lon="-116.512059"><ele>1510.3738475197747</ele></trkpt>
    <trkpt lat="32.969064" lon="-116.511966"><ele>1507.3574809600448</ele></trkpt>
    <trkpt lat="32.969212" lon="-116.511881"><ele>1503.1123251201436</ele></trkpt>
    <trkpt lat="32.969395" lon="-116.511836"><ele>1497.9254912001495</ele></trkpt>
    <trkpt lat="32.969483" lon="-116.511836"><ele>1496.5583750401763</ele></trkpt>
    <trkpt lat="32.969692" lon="-116.511889"><ele>1495.9057670397992</ele></trkpt>
    <trkpt lat="32.969833" lon="-116.51196"><ele>1496.245868800053</ele></trkpt>
    <trkpt lat="32.969888" lon="-116.512019"><ele>1497.2676755198793</ele></trkpt>
    <trkpt lat="32.969914" lon="-116.512057"><ele>1498.0061996798709</ele></trkpt>
    <trkpt lat="32.969949" lon="-116.512127"><ele>1499.4990476802438</ele></trkpt>
    <trkpt lat="32.969986" lon="-116.51223"><ele>1501.7797664001312</ele></trkpt>
    <trkpt lat="32.970003" lon="-116.512308"><ele>1503.95840000023</ele></trkpt>
    <trkpt lat="32.970003" lon="-116.512308"><ele>1503.95840000023</ele></trkpt>
    <trkpt lat="32.970008" lon="-116.512331"><ele>1504.5704000001147</ele></trkpt>
    <trkpt lat="32.969965" lon="-116.512416"><ele>1508.972307200005</ele></trkpt>
    <trkpt lat="32.96998" lon="-116.512483"><ele>1510.9052192001209</ele></trkpt>
    <trkpt lat="32.970114" lon="-116.512627"><ele>1510.8348348797097</ele></trkpt>
    <trkpt lat="32.97029" lon="-116.51279"><ele>1509.9178079999278</ele></trkpt>
    <trkpt lat="32.970839" lon="-116.513138"><ele>1508.8796547200136</ele></trkpt>
    <trkpt lat="32.970938" lon="-116.513228"><ele>1507.8115174400582</ele></trkpt>
    <trkpt lat="32.970973" lon="-116.513254"><ele>1507.3320003200654</ele></trkpt>
    <trkpt lat="32.971034" lon="-116.51336"><ele>1508.0744000000263</ele></trkpt>
    <trkpt lat="32.9711" lon="-116.513515"><ele>1509.2839999999642</ele></trkpt>
    <trkpt lat="32.971153" lon="-116.513919"><ele>1513.9249868799784</ele></trkpt>
    <trkpt lat="32.971153" lon="-116.513919"><ele>1513.9249868799784</ele></trkpt>
    <trkpt lat="32.971203" lon="-116.514025"><ele>1513.651167999976</ele></trkpt>
    <trkpt lat="32.971308" lon="-116.514149"><ele>1513.1484812800484</ele></trkpt>
    <trkpt lat="32.971501" lon="-116.514331"><ele>1512.7983395198798</ele></trkpt>
    <trkpt lat="32.971627" lon="-116.514488"><ele>1514.2008268800398</ele></trkpt>
    <trkpt lat="32.971686" lon="-116.51456"><ele>1515.3380928001318</ele></trkpt>
    <trkpt lat="32.971762" lon="-116.514569"><ele>1514.0118182398714</ele></trkpt>
    <trkpt lat="32.971935" lon="-116.514648"><ele>1512.349430399801</ele></trkpt>
    <trkpt lat="32.972181" lon="-116.514842"><ele>1513.180800000047</ele></trkpt>
    <trkpt lat="32.972348" lon="-116.51488"><ele>1512.3067904001475</ele></trkpt>
    <trkpt lat="32.972516" lon="-116.514946"><ele>1512.5368102398725</ele></trkpt>
    <trkpt lat="32.972572" lon="-116.514978"><ele>1513.1042854399807</ele></trkpt>
    <trkpt lat="32.972669" lon="-116.514985"><ele>1512.882185599843</ele></trkpt>
    <trkpt lat="32.972824" lon="-116.514989"><ele>1512.5578105599964</ele></trkpt>
    <trkpt lat="32.973126" lon="-116.514957"><ele>1511.0065718398146</ele></trkpt>
    <trkpt lat="32.973459" lon="-116.514992"><ele>1511.3014291202078</ele></trkpt>
    <trkpt lat="32.973579" lon="-116.51502"><ele>1511.276246400052</ele></trkpt>
    <trkpt lat="32.973898" lon="-116.515052"><ele>1511.567740159968</ele></trkpt>
    <trkpt lat="32.974001" lon="-116.515079"><ele>1511.967983840002</ele></trkpt>
    <trkpt lat="32.974207" lon="-116.515171"><ele>1513.5853553599222</ele></trkpt>
    <trkpt lat="32.974432" lon="-116.515347"><ele>1516.9104000000016</ele></trkpt>
    <trkpt lat="32.974482" lon="-116.515392"><ele>1516.0535999999543</ele></trkpt>
    <trkpt lat="32.974514" lon="-116.515455"><ele>1515.2472000000198</ele></trkpt>
    <trkpt lat="32.974506" lon="-116.515534"><ele>1515.4488000000488</ele></trkpt>
    <trkpt lat="32.974471" lon="-116.515589"><ele>1515.425151199821</ele></trkpt>
    <trkpt lat="32.974386" lon="-116.5156"><ele>1515.4001919998482</ele></trkpt>
    <trkpt lat="32.974059" lon="-116.51556"><ele>1514.1696064000587</ele></trkpt>
    <trkpt lat="32.974059" lon="-116.51556"><ele>1514.1696064000587</ele></trkpt>
    <trkpt lat="32.973974" lon="-116.515549"><ele>1513.629168960006</ele></trkpt>
    <trkpt lat="32.973829" lon="-116.515596"><ele>1513.254208639977</ele></trkpt>
    <trkpt lat="32.973619" lon="-116.515702"><ele>1513.9037724799716</ele></trkpt>
    <trkpt lat="32.973445" lon="-116.515829"><ele>1515.404542400037</ele></trkpt>
    <trkpt lat="32.973407" lon="-116.515942"><ele>1515.364292480004</ele></trkpt>
    <trkpt lat="32.973351" lon="-116.516037"><ele>1515.3724630400097</ele></trkpt>
    <trkpt lat="32.973428" lon="-116.516105"><ele>1514.34740480003</ele></trkpt>
    <trkpt lat="32.973496" lon="-116.516125"><ele>1513.937360000037</ele></trkpt>
    <trkpt lat="32.973564" lon="-116.51621"><ele>1514.2864447999941</ele></trkpt>
    <trkpt lat="32.973713" lon="-116.516206"><ele>1512.7991011200118</ele></trkpt>
    <trkpt lat="32.973833" lon="-116.516243"><ele>1511.6487297600338</ele></trkpt>
    <trkpt lat="32.973951" lon="-116.516458"><ele>1512.8430416000122</ele></trkpt>
    <trkpt lat="32.974264" lon="-116.516831"><ele>1513.9166067199383</ele></trkpt>
    <trkpt lat="32.9744" lon="-116.516967"><ele>1514.5543839997783</ele></trkpt>
    <trkpt lat="32.974516" lon="-116.517073"><ele>1516.3588172799064</ele></trkpt>
    <trkpt lat="32.974653" lon="-116.516893"><ele>1511.6107036798887</ele></trkpt>
    <trkpt lat="32.974708" lon="-116.516864"><ele>1510.71285503995</ele></trkpt>
    <trkpt lat="32.97497" lon="-116.51681"><ele>1507.3725440002418</ele></trkpt>
    <trkpt lat="32.975122" lon="-116.516815"><ele>1507.339999999785</ele></trkpt>
    <trkpt lat="32.975391" lon="-116.516874"><ele>1506.8234041599935</ele></trkpt>
    <trkpt lat="32.975454" lon="-116.516911"><ele>1506.1790905598698</ele></trkpt>
    <trkpt lat="32.975523" lon="-116.516992"><ele>1505.4712646399444</ele></trkpt>
    <trkpt lat="32.975559" lon="-116.517076"><ele>1505.2667820801664</ele></trkpt>
    <trkpt lat="32.975592" lon="-116.517241"><ele>1505.2164147200479</ele></trkpt>
    <trkpt lat="32.97559" lon="-116.517314"><ele>1505.5098176001309</ele></trkpt>
    <trkpt lat="32.975565" lon="-116.517415"><ele>1506.6655759998869</ele></trkpt>
    <trkpt lat="32.975512" lon="-116.517515"><ele>1508.6590655999487</ele></trkpt>
    <trkpt lat="32.975389" lon="-116.517634"><ele>1513.3823059200072</ele></trkpt>
    <trkpt lat="32.975349" lon="-116.517678"><ele>1514.7646022399651</ele></trkpt>
    <trkpt lat="32.975322" lon="-116.517729"><ele>1515.6704889600483</ele></trkpt>
    <trkpt lat="32.975339" lon="-116.517779"><ele>1515.2622302401455</ele></trkpt>
    <trkpt lat="32.975387" lon="-116.517808"><ele>1514.4644198401086</ele></trkpt>
    <trkpt lat="32.97544" lon="-116.517847"><ele>1513.6776672000954</ele></trkpt>
    <trkpt lat="32.975488" lon="-116.517918"><ele>1513.5923673599425</ele></trkpt>
    <trkpt lat="32.975548" lon="-116.518022"><ele>1513.6375142399268</ele></trkpt>
    <trkpt lat="32.975573" lon="-116.518097"><ele>1514.3300000000359</ele></trkpt>
    <trkpt lat="32.975583" lon="-116.518095"><ele>1513.962800000042</ele></trkpt>
    <trkpt lat="32.975584" lon="-116.51821"><ele>1516.4143999999915</ele></trkpt>
    <trkpt lat="32.975608" lon="-116.51828"><ele>1517.1488000000568</ele></trkpt>
    <trkpt lat="32.975656" lon="-116.518337"><ele>1516.8104806400177</ele></trkpt>
    <trkpt lat="32.975725" lon="-116.518295"><ele>1513.6819999999816</ele></trkpt>
    <trkpt lat="32.975791" lon="-116.518279"><ele>1511.198000000114</ele></trkpt>
    <trkpt lat="32.975857" lon="-116.51831"><ele>1509.9282272000466</ele></trkpt>
    <trkpt lat="32.975906" lon="-116.518365"><ele>1509.4809775999777</ele></trkpt>
    <trkpt lat="32.975952" lon="-116.518454"><ele>1509.127224320064</ele></trkpt>
    <trkpt lat="32.975974" lon="-116.518535"><ele>1509.265553599977</ele></trkpt>
    <trkpt lat="32.975995" lon="-116.51882"><ele>1509.34400000007</ele></trkpt>
    <trkpt lat="32.976068" lon="-116.519228"><ele>1511.1874636800053</ele></trkpt>
    <trkpt lat="32.976114" lon="-116.519407"><ele>1514.2148038400437</ele></trkpt>
    <trkpt lat="32.97617" lon="-116.519369"><ele>1513.9095583999804</ele></trkpt>
    <trkpt lat="32.976213" lon="-116.51928"><ele>1512.6158911999178</ele></trkpt>
    <trkpt lat="32.97627" lon="-116.519231"><ele>1512.4126496000792</ele></trkpt>
    <trkpt lat="32.976336" lon="-116.519245"><ele>1513.4737856000102</ele></trkpt>
    <trkpt lat="32.976434" lon="-116.519304"><ele>1515.873528320018</ele></trkpt>
    <trkpt lat="32.976502" lon="-116.519349"><ele>1517.6741417601186</ele></trkpt>
    <trkpt lat="32.976525" lon="-116.519335"><ele>1517.9631800000263</ele></trkpt>
    <trkpt lat="32.976516" lon="-116.519214"><ele>1516.6508748799704</ele></trkpt>
    <trkpt lat="32.976562" lon="-116.519081"><ele>1517.8629948800337</ele></trkpt>
    <trkpt lat="32.976616" lon="-116.518911"><ele>1520.3961190399807</ele></trkpt>
    <trkpt lat="32.976691" lon="-116.518738"><ele>1522.9736313600467</ele></trkpt>
    <trkpt lat="32.976755" lon="-116.518667"><ele>1524.1987631999634</ele></trkpt>
    <trkpt lat="32.976837" lon="-116.518632"><ele>1525.4698252800454</ele></trkpt>
    <trkpt lat="32.976922" lon="-116.518618"><ele>1526.6975923200378</ele></trkpt>
    <trkpt lat="32.976998" lon="-116.518665"><ele>1527.076006399989</ele></trkpt>
    <trkpt lat="32.977129" lon="-116.51883"><ele>1528.1706943999463</ele></trkpt>
    <trkpt lat="32.97722" lon="-116.51892"><ele>1529.3244159999522</ele></trkpt>
    <trkpt lat="32.977315" lon="-116.518943"><ele>1529.6494631999146</ele></trkpt>
    <trkpt lat="32.977432" lon="-116.518976"><ele>1530.1776307199327</ele></trkpt>
    <trkpt lat="32.977531" lon="-116.518983"><ele>1530.5405899200746</ele></trkpt>
    <trkpt lat="32.977714" lon="-116.51896"><ele>1531.3675776000737</ele></trkpt>
    <trkpt lat="32.977758" lon="-116.518962"><ele>1531.6659398400302</ele></trkpt>
    <trkpt lat="32.977758" lon="-116.518962"><ele>1531.6659398400302</ele></trkpt>
    <trkpt lat="32.977865" lon="-116.518966"><ele>1531.8853008000456</ele></trkpt>
    <trkpt lat="32.978005" lon="-116.519009"><ele>1532.0540903999906</ele></trkpt>
    <trkpt lat="32.978058" lon="-116.519072"><ele>1531.9619980800433</ele></trkpt>
    <trkpt lat="32.978083" lon="-116.519137"><ele>1531.5271036800334</ele></trkpt>
    <trkpt lat="32.978077" lon="-116.519207"><ele>1531.5915811200239</ele></trkpt>
    <trkpt lat="32.978017" lon="-116.519271"><ele>1532.4339998399914</ele></trkpt>
    <trkpt lat="32.977992" lon="-116.519337"><ele>1532.878500479977</ele></trkpt>
    <trkpt lat="32.977923" lon="-116.519418"><ele>1534.2497116800594</ele></trkpt>
    <trkpt lat="32.977896" lon="-116.519726"><ele>1535.0323763199888</ele></trkpt>
    <trkpt lat="32.977892" lon="-116.519958"><ele>1535.819653120063</ele></trkpt>
    <trkpt lat="32.977916" lon="-116.520173"><ele>1536.4447052799921</ele></trkpt>
    <trkpt lat="32.978017" lon="-116.520487"><ele>1537.0616000000027</ele></trkpt>
    <trkpt lat="32.977888" lon="-116.520888"><ele>1543.3561804799872</ele></trkpt>
    <trkpt lat="32.977889" lon="-116.521024"><ele>1545.6936691199717</ele></trkpt>
    <trkpt lat="32.978021" lon="-116.521071"><ele>1545.4183267201438</ele></trkpt>
    <trkpt lat="32.978178" lon="-116.521142"><ele>1545.0470508799724</ele></trkpt>
    <trkpt lat="32.978314" lon="-116.521228"><ele>1545.2249369599049</ele></trkpt>
    <trkpt lat="32.978429" lon="-116.521283"><ele>1545.2739147199522</ele></trkpt>
    <trkpt lat="32.978558" lon="-116.521201"><ele>1542.453327680107</ele></trkpt>
    <trkpt lat="32.978638" lon="-116.521133"><ele>1540.6511443201039</ele></trkpt>
    <trkpt lat="32.978736" lon="-116.521116"><ele>1540.9889740801013</ele></trkpt>
    <trkpt lat="32.979084" lon="-116.521091"><ele>1543.0936537599775</ele></trkpt>
    <trkpt lat="32.979262" lon="-116.521046"><ele>1543.405599999971</ele></trkpt>
    <trkpt lat="32.979439" lon="-116.521053"><ele>1544.143599999924</ele></trkpt>
    <trkpt lat="32.979588" lon="-116.520916"><ele>1542.2458009599973</ele></trkpt>
    <trkpt lat="32.979708" lon="-116.520874"><ele>1542.1176870400307</ele></trkpt>
    <trkpt lat="32.979926" lon="-116.520708"><ele>1540.8152000000002</ele></trkpt>
    <trkpt lat="32.980082" lon="-116.52058"><ele>1539.1504447999584</ele></trkpt>
    <trkpt lat="32.980163" lon="-116.52057"><ele>1538.230572800024</ele></trkpt>
    <trkpt lat="32.980169" lon="-116.520716"><ele>1538.049576320058</ele></trkpt>
    <trkpt lat="32.980111" lon="-116.52091"><ele>1538.5054207999797</ele></trkpt>
    <trkpt lat="32.980073" lon="-116.521077"><ele>1538.3477436800354</ele></trkpt>
    <trkpt lat="32.980074" lon="-116.521236"><ele>1537.2359999999394</ele></trkpt>
    <trkpt lat="32.980127" lon="-116.521324"><ele>1535.2667999998712</ele></trkpt>
    <trkpt lat="32.980243" lon="-116.521599"><ele>1530.930597439993</ele></trkpt>
    <trkpt lat="32.980272" lon="-116.521732"><ele>1529.6384921600102</ele></trkpt>
    <trkpt lat="32.980253" lon="-116.522037"><ele>1528.1128356800543</ele></trkpt>
    <trkpt lat="32.980296" lon="-116.522151"><ele>1526.9283999999727</ele></trkpt>
    <trkpt lat="32.98035" lon="-116.522225"><ele>1525.6577999998863</ele></trkpt>
    <trkpt lat="32.98035" lon="-116.522225"><ele>1525.6577999998863</ele></trkpt>
    <trkpt lat="32.980334" lon="-116.522292"><ele>1524.8845286401222</ele></trkpt>
    <trkpt lat="32.980365" lon="-116.522404"><ele>1522.77444480009</ele></trkpt>
    <trkpt lat="32.980329" lon="-116.52249"><ele>1521.7912847999423</ele></trkpt>
    <trkpt lat="32.98023" lon="-116.522517"><ele>1522.4728208000986</ele></trkpt>
    <trkpt lat="32.980032" lon="-116.522549"><ele>1524.5417638400256</ele></trkpt>
    <trkpt lat="32.979987" lon="-116.52256"><ele>1524.8444000000172</ele></trkpt>
    <trkpt lat="32.979884" lon="-116.52271"><ele>1522.7167999999401</ele></trkpt>
    <trkpt lat="32.979798" lon="-116.522732"><ele>1523.1703999998686</ele></trkpt>
    <trkpt lat="32.979744" lon="-116.522715"><ele>1524.120799999926</ele></trkpt>
    <trkpt lat="32.979623" lon="-116.522673"><ele>1526.1123358400862</ele></trkpt>
    <trkpt lat="32.979474" lon="-116.522726"><ele>1526.07216703983</ele></trkpt>
    <trkpt lat="32.97933" lon="-116.522833"><ele>1525.2275999999576</ele></trkpt>
    <trkpt lat="32.9792" lon="-116.522892"><ele>1525.5264000000222</ele></trkpt>
    <trkpt lat="32.979132" lon="-116.522903"><ele>1526.034280320008</ele></trkpt>
    <trkpt lat="32.979083" lon="-116.523123"><ele>1524.2864686399905</ele></trkpt>
    <trkpt lat="32.979083" lon="-116.523289"><ele>1523.5088715199627</ele></trkpt>
    <trkpt lat="32.979092" lon="-116.523402"><ele>1522.5936473599506</ele></trkpt>
    <trkpt lat="32.979128" lon="-116.523509"><ele>1521.3300300799397</ele></trkpt>
    <trkpt lat="32.979159" lon="-116.523643"><ele>1519.599168479879</ele></trkpt>
    <trkpt lat="32.979132" lon="-116.523697"><ele>1519.0513881600218</ele></trkpt>
    <trkpt lat="32.979006" lon="-116.523815"><ele>1518.645345600029</ele></trkpt>
    <trkpt lat="32.978903" lon="-116.523815"><ele>1519.659112799986</ele></trkpt>
    <trkpt lat="32.978795" lon="-116.523831"><ele>1520.5687608000073</ele></trkpt>
    <trkpt lat="32.978691" lon="-116.523912"><ele>1521.0300716800448</ele></trkpt>
    <trkpt lat="32.978682" lon="-116.523992"><ele>1520.7684697599793</ele></trkpt>
    <trkpt lat="32.978716" lon="-116.52412"><ele>1519.7210368000378</ele></trkpt>
    <trkpt lat="32.978747" lon="-116.524253"><ele>1519.3540000000278</ele></trkpt>
    <trkpt lat="32.978737" lon="-116.524377"><ele>1519.94439999997</ele></trkpt>
    <trkpt lat="32.978674" lon="-116.524487"><ele>1521.129084480021</ele></trkpt>
    <trkpt lat="32.978609" lon="-116.524556"><ele>1522.0318956800186</ele></trkpt>
    <trkpt lat="32.978534" lon="-116.524581"><ele>1523.1150636799566</ele></trkpt>
    <trkpt lat="32.978534" lon="-116.524581"><ele>1523.1150636799566</ele></trkpt>
    <trkpt lat="32.978484" lon="-116.524598"><ele>1523.7820774399843</ele></trkpt>
    <trkpt lat="32.97841" lon="-116.524597"><ele>1524.824758400047</ele></trkpt>
    <trkpt lat="32.978385" lon="-116.524602"><ele>1525.1465983999499</ele></trkpt>
    <trkpt lat="32.978342" lon="-116.524655"><ele>1525.3752992000575</ele></trkpt>
    <trkpt lat="32.978291" lon="-116.524725"><ele>1525.1423999999913</ele></trkpt>
    <trkpt lat="32.978217" lon="-116.524821"><ele>1525.0631999999869</ele></trkpt>
    <trkpt lat="32.978149" lon="-116.524887"><ele>1525.0703999999687</ele></trkpt>
    <trkpt lat="32.978149" lon="-116.524887"><ele>1525.0703999999687</ele></trkpt>
    <trkpt lat="32.9781" lon="-116.524934"><ele>1525.077600000002</ele></trkpt>
    <trkpt lat="32.978055" lon="-116.525004"><ele>1524.9979999999914</ele></trkpt>
    <trkpt lat="32.977964" lon="-116.524991"><ele>1524.71347904</ele></trkpt>
    <trkpt lat="32.977964" lon="-116.524991"><ele>1524.71347904</ele></trkpt>
    <trkpt lat="32.977949" lon="-116.525059"><ele>1524.6164000000085</ele></trkpt>
    <trkpt lat="32.977942" lon="-116.525165"><ele>1524.5911999999953</ele></trkpt>
    <trkpt lat="32.977961" lon="-116.525609"><ele>1525.511600000014</ele></trkpt>
    <trkpt lat="32.978011" lon="-116.52595"><ele>1526.326568000029</ele></trkpt>
    <trkpt lat="32.97801" lon="-116.526058"><ele>1525.995843199971</ele></trkpt>
    <trkpt lat="32.978" lon="-116.526145"><ele>1525.4584000000086</ele></trkpt>
    <trkpt lat="32.977944" lon="-116.526263"><ele>1524.17759488</ele></trkpt>
    <trkpt lat="32.977943" lon="-116.526265"><ele>1524.1572808000512</ele></trkpt>
    <trkpt lat="32.977943" lon="-116.526265"><ele>1524.1572808000512</ele></trkpt>
    <trkpt lat="32.977882" lon="-116.526354"><ele>1523.2983251200196</ele></trkpt>
    <trkpt lat="32.977843" lon="-116.52641"><ele>1522.8123104000133</ele></trkpt>
    <trkpt lat="32.977815" lon="-116.526446"><ele>1522.5336991999427</ele></trkpt>
    <trkpt lat="32.977793" lon="-116.526511"><ele>1522.0726198400107</ele></trkpt>
    <trkpt lat="32.977781" lon="-116.526578"><ele>1521.6226054399942</ele></trkpt>
    <trkpt lat="32.977782" lon="-116.526749"><ele>1520.6822105600284</ele></trkpt>
    <trkpt lat="32.977795" lon="-116.526888"><ele>1520.1780032000006</ele></trkpt>
    <trkpt lat="32.977822" lon="-116.526974"><ele>1520.123338879983</ele></trkpt>
    <trkpt lat="32.977822" lon="-116.526974"><ele>1520.123338879983</ele></trkpt>
    <trkpt lat="32.977883" lon="-116.527019"><ele>1520.3700699199771</ele></trkpt>
    <trkpt lat="32.977939" lon="-116.527079"><ele>1520.7655457600015</ele></trkpt>
    <trkpt lat="32.977991" lon="-116.527135"><ele>1521.2125736000153</ele></trkpt>
    <trkpt lat="32.978026" lon="-116.527195"><ele>1521.708027200041</ele></trkpt>
    <trkpt lat="32.978039" lon="-116.52726"><ele>1522.0682944000046</ele></trkpt>
    <trkpt lat="32.978039" lon="-116.527319"><ele>1522.2680353600313</ele></trkpt>
    <trkpt lat="32.97803" lon="-116.527368"><ele>1522.384518399968</ele></trkpt>
    <trkpt lat="32.97803" lon="-116.527368"><ele>1522.384518399968</ele></trkpt>
    <trkpt lat="32.977916" lon="-116.527493"><ele>1521.9826604800153</ele></trkpt>
    <trkpt lat="32.977864" lon="-116.527533"><ele>1521.5388755199622</ele></trkpt>
    <trkpt lat="32.977837" lon="-116.527584"><ele>1521.188471679995</ele></trkpt>
    <trkpt lat="32.977808" lon="-116.527657"><ele>1520.7138937600132</ele></trkpt>
    <trkpt lat="32.977758" lon="-116.527793"><ele>1519.9757964800137</ele></trkpt>
    <trkpt lat="32.977696" lon="-116.528036"><ele>1520.087851520018</ele></trkpt>
    <trkpt lat="32.977683" lon="-116.528174"><ele>1519.6854246399694</ele></trkpt>
    <trkpt lat="32.977784" lon="-116.528473"><ele>1520.6093254399764</ele></trkpt>
    <trkpt lat="32.977791" lon="-116.528528"><ele>1520.5563161600842</ele></trkpt>
    <trkpt lat="32.977782" lon="-116.528572"><ele>1520.2277196799628</ele></trkpt>
    <trkpt lat="32.97775" lon="-116.528613"><ele>1519.6006800000084</ele></trkpt>
    <trkpt lat="32.977695" lon="-116.528642"><ele>1518.8411375999638</ele></trkpt>
    <trkpt lat="32.977618" lon="-116.528672"><ele>1517.8252838399962</ele></trkpt>
    <trkpt lat="32.97758" lon="-116.528689"><ele>1517.3516448000423</ele></trkpt>
    <trkpt lat="32.977569" lon="-116.528721"><ele>1517.2909329600463</ele></trkpt>
    <trkpt lat="32.977564" lon="-116.528753"><ele>1517.3147116799978</ele></trkpt>
    <trkpt lat="32.977564" lon="-116.528753"><ele>1517.3147116799978</ele></trkpt>
    <trkpt lat="32.977557" lon="-116.528805"><ele>1517.3755703999839</ele></trkpt>
    <trkpt lat="32.977553" lon="-116.528864"><ele>1517.4998956799998</ele></trkpt>
    <trkpt lat="32.977553" lon="-116.528903"><ele>1517.5917852800033</ele></trkpt>
    <trkpt lat="32.977601" lon="-116.528943"><ele>1518.232458559994</ele></trkpt>
    <trkpt lat="32.977662" lon="-116.528994"><ele>1519.1909657600195</ele></trkpt>
    <trkpt lat="32.977732" lon="-116.529015"><ele>1520.263961600051</ele></trkpt>
    <trkpt lat="32.977755" lon="-116.529051"><ele>1520.8254895999992</ele></trkpt>
    <trkpt lat="32.977749" lon="-116.529146"><ele>1521.3486156800332</ele></trkpt>
    <trkpt lat="32.97768" lon="-116.529459"><ele>1521.7336896000188</ele></trkpt>
    <trkpt lat="32.977641" lon="-116.5296"><ele>1522.7018880000062</ele></trkpt>
    <trkpt lat="32.977592" lon="-116.529721"><ele>1523.6477145599501</ele></trkpt>
    <trkpt lat="32.977536" lon="-116.529821"><ele>1524.233828479986</ele></trkpt>
    <trkpt lat="32.977507" lon="-116.530001"><ele>1525.996309280005</ele></trkpt>
    <trkpt lat="32.977492" lon="-116.530071"><ele>1525.643922559952</ele></trkpt>
    <trkpt lat="32.977508" lon="-116.530121"><ele>1525.5518547200215</ele></trkpt>
    <trkpt lat="32.977539" lon="-116.530153"><ele>1525.3718676800056</ele></trkpt>
    <trkpt lat="32.977577" lon="-116.53016"><ele>1525.2643328000297</ele></trkpt>
    <trkpt lat="32.977577" lon="-116.53016"><ele>1525.2643328000297</ele></trkpt>
    <trkpt lat="32.977598" lon="-116.530164"><ele>1525.2013068800031</ele></trkpt>
    <trkpt lat="32.977623" lon="-116.530164"><ele>1525.1481708800015</ele></trkpt>
    <trkpt lat="32.977696" lon="-116.530167"><ele>1524.9745932799606</ele></trkpt>
    <trkpt lat="32.977735" lon="-116.530164"><ele>1524.9101215999997</ele></trkpt>
    <trkpt lat="32.977947" lon="-116.530148"><ele>1523.6760364800327</ele></trkpt>
    <trkpt lat="32.978" lon="-116.530139"><ele>1523.3985599999178</ele></trkpt>
    <trkpt lat="32.978" lon="-116.530139"><ele>1523.3985599999178</ele></trkpt>
    <trkpt lat="32.978059" lon="-116.530128"><ele>1523.1253139199146</ele></trkpt>
    <trkpt lat="32.978172" lon="-116.530094"><ele>1522.5306572799236</ele></trkpt>
    <trkpt lat="32.978305" lon="-116.530008"><ele>1522.2166624000658</ele></trkpt>
    <trkpt lat="32.978403" lon="-116.529924"><ele>1522.1591622400308</ele></trkpt>
    <trkpt lat="32.978466" lon="-116.529841"><ele>1522.1204435200025</ele></trkpt>
    <trkpt lat="32.978535" lon="-116.529803"><ele>1521.6626415999908</ele></trkpt>
    <trkpt lat="32.978627" lon="-116.529775"><ele>1521.0245960000043</ele></trkpt>
    <trkpt lat="32.978715" lon="-116.529767"><ele>1521.1931335999748</ele></trkpt>
    <trkpt lat="32.978794" lon="-116.52975"><ele>1521.4608799999514</ele></trkpt>
    <trkpt lat="32.978842" lon="-116.529734"><ele>1521.7254713599573</ele></trkpt>
    <trkpt lat="32.978883" lon="-116.529708"><ele>1522.1814291200214</ele></trkpt>
    <trkpt lat="32.978952" lon="-116.529673"><ele>1523.2437196799563</ele></trkpt>
    <trkpt lat="32.978952" lon="-116.529673"><ele>1523.2437196799563</ele></trkpt>
    <trkpt lat="32.978977" lon="-116.529661"><ele>1523.6558217599302</ele></trkpt>
    <trkpt lat="32.979008" lon="-116.529655"><ele>1524.0331391999096</ele></trkpt>
    <trkpt lat="32.979046" lon="-116.529662"><ele>1524.2436441599368</ele></trkpt>
    <trkpt lat="32.979081" lon="-116.529724"><ele>1523.3507212799757</ele></trkpt>
    <trkpt lat="32.979142" lon="-116.529783"><ele>1522.5678883201224</ele></trkpt>
    <trkpt lat="32.979175" lon="-116.529839"><ele>1521.5849880000706</ele></trkpt>
    <trkpt lat="32.979209" lon="-116.529884"><ele>1521.026442240065</ele></trkpt>
    <trkpt lat="32.979263" lon="-116.529927"><ele>1520.7083390400203</ele></trkpt>
    <trkpt lat="32.979323" lon="-116.529951"><ele>1520.8460779200811</ele></trkpt>
    <trkpt lat="32.979377" lon="-116.529971"><ele>1520.9770516799142</ele></trkpt>
    <trkpt lat="32.979421" lon="-116.529991"><ele>1520.9708654401365</ele></trkpt>
    <trkpt lat="32.979489" lon="-116.530021"><ele>1521.027599999903</ele></trkpt>
    <trkpt lat="32.979556" lon="-116.53003"><ele>1521.5568000001017</ele></trkpt>
    <trkpt lat="32.979691" lon="-116.530062"><ele>1522.3236000000074</ele></trkpt>
    <trkpt lat="32.979857" lon="-116.53009"><ele>1522.2132047999776</ele></trkpt>
    <trkpt lat="32.979956" lon="-116.530113"><ele>1521.9015628800012</ele></trkpt>
    <trkpt lat="32.980055" lon="-116.530144"><ele>1521.0192863998825</ele></trkpt>
    <trkpt lat="32.980104" lon="-116.530163"><ele>1520.3821958399926</ele></trkpt>
    <trkpt lat="32.980161" lon="-116.530191"><ele>1519.6202659199564</ele></trkpt>
    <trkpt lat="32.980212" lon="-116.53025"><ele>1518.5841600000529</ele></trkpt>
    <trkpt lat="32.980243" lon="-116.530331"><ele>1517.7419999999665</ele></trkpt>
    <trkpt lat="32.980275" lon="-116.530423"><ele>1516.9644000000112</ele></trkpt>
    <trkpt lat="32.98029" lon="-116.5305"><ele>1516.3119999999994</ele></trkpt>
    <trkpt lat="32.980312" lon="-116.530539"><ele>1515.8727999999828</ele></trkpt>
    <trkpt lat="32.980352" lon="-116.53057"><ele>1515.465599999975</ele></trkpt>
    <trkpt lat="32.980385" lon="-116.530617"><ele>1515.228000000012</ele></trkpt>
    <trkpt lat="32.980413" lon="-116.530685"><ele>1515.0264000000097</ele></trkpt>
    <trkpt lat="32.98044" lon="-116.530762"><ele>1514.8319999999894</ele></trkpt>
    <trkpt lat="32.98044" lon="-116.530821"><ele>1514.8319999999894</ele></trkpt>
    <trkpt lat="32.98046" lon="-116.530905"><ele>1514.6962559999931</ele></trkpt>
    <trkpt lat="32.980466" lon="-116.530923"><ele>1514.6342121600012</ele></trkpt>
    <trkpt lat="32.980466" lon="-116.530923"><ele>1514.6342121600012</ele></trkpt>
    <trkpt lat="32.980486" lon="-116.53099"><ele>1514.3604768000107</ele></trkpt>
    <trkpt lat="32.980511" lon="-116.531048"><ele>1513.919871360004</ele></trkpt>
    <trkpt lat="32.980516" lon="-116.531106"><ele>1513.7225395199862</ele></trkpt>
    <trkpt lat="32.980501" lon="-116.531238"><ele>1515.2626844800718</ele></trkpt>
    <trkpt lat="32.980476" lon="-116.531361"><ele>1516.8731545599937</ele></trkpt>
    <trkpt lat="32.980432" lon="-116.531508"><ele>1518.4460697600073</ele></trkpt>
    <trkpt lat="32.980384" lon="-116.531633"><ele>1519.685253119987</ele></trkpt>
    <trkpt lat="32.98035" lon="-116.531765"><ele>1520.1421199999963</ele></trkpt>
    <trkpt lat="32.980336" lon="-116.531833"><ele>1520.148925439987</ele></trkpt>
    <trkpt lat="32.980343" lon="-116.531858"><ele>1520.0919907200077</ele></trkpt>
    <trkpt lat="32.980359" lon="-116.531867"><ele>1520.0342366399977</ele></trkpt>
    <trkpt lat="32.98039" lon="-116.531865"><ele>1519.9393679999976</ele></trkpt>
    <trkpt lat="32.980493" lon="-116.531813"><ele>1519.3732939199845</ele></trkpt>
    <trkpt lat="32.980606" lon="-116.53176"><ele>1518.4918528000453</ele></trkpt>
    <trkpt lat="32.980723" lon="-116.531681"><ele>1516.990913440099</ele></trkpt>
    <trkpt lat="32.980843" lon="-116.531592"><ele>1514.627937280062</ele></trkpt>
    <trkpt lat="32.980936" lon="-116.531547"><ele>1513.3683289600742</ele></trkpt>
    <trkpt lat="32.981015" lon="-116.531511"><ele>1512.0984951998719</ele></trkpt>
    <trkpt lat="32.981083" lon="-116.531495"><ele>1511.243624800198</ele></trkpt>
    <trkpt lat="32.981179" lon="-116.531489"><ele>1510.2182364798484</ele></trkpt>
    <trkpt lat="32.981277" lon="-116.531468"><ele>1508.7438348801063</ele></trkpt>
    <trkpt lat="32.981345" lon="-116.53146"><ele>1507.9328959999227</ele></trkpt>
    <trkpt lat="32.981404" lon="-116.531474"><ele>1507.658531840089</ele></trkpt>
    <trkpt lat="32.981441" lon="-116.531506"><ele>1507.887707839898</ele></trkpt>
    <trkpt lat="32.981441" lon="-116.531506"><ele>1507.887707839898</ele></trkpt>
    <trkpt lat="32.981455" lon="-116.531518"><ele>1507.9641776001538</ele></trkpt>
    <trkpt lat="32.981493" lon="-116.53157"><ele>1508.5432304000374</ele></trkpt>
    <trkpt lat="32.981529" lon="-116.531638"><ele>1509.4152540799928</ele></trkpt>
    <trkpt lat="32.981544" lon="-116.53171"><ele>1510.858400000106</ele></trkpt>
    <trkpt lat="32.98156" lon="-116.531771"><ele>1512.165200000131</ele></trkpt>
    <trkpt lat="32.981584" lon="-116.531812"><ele>1512.8528000000833</ele></trkpt>
    <trkpt lat="32.981611" lon="-116.531837"><ele>1513.0939999998845</ele></trkpt>
    <trkpt lat="32.981634" lon="-116.531833"><ele>1512.6620000001567</ele></trkpt>
    <trkpt lat="32.981731" lon="-116.531802"><ele>1510.3770934399222</ele></trkpt>
    <trkpt lat="32.981795" lon="-116.53179"><ele>1509.1066160000453</ele></trkpt>
    <trkpt lat="32.981823" lon="-116.53179"><ele>1508.6699504000396</ele></trkpt>
    <trkpt lat="32.981862" lon="-116.5318"><ele>1508.2377920000777</ele></trkpt>
    <trkpt lat="32.981933" lon="-116.531805"><ele>1507.1771528001168</ele></trkpt>
    <trkpt lat="32.98201" lon="-116.531793"><ele>1505.6605343998708</ele></trkpt>
    <trkpt lat="32.98208" lon="-116.531804"><ele>1504.5430655998737</ele></trkpt>
    <trkpt lat="32.982127" lon="-116.531815"><ele>1503.8053103999773</ele></trkpt>
    <trkpt lat="32.982231" lon="-116.531832"><ele>1502.1587999999633</ele></trkpt>
    <trkpt lat="32.982267" lon="-116.531887"><ele>1502.4251999999815</ele></trkpt>
    <trkpt lat="32.982346" lon="-116.532036"><ele>1504.2382604800946</ele></trkpt>
    <trkpt lat="32.982402" lon="-116.532138"><ele>1505.6316620800524</ele></trkpt>
    <trkpt lat="32.982465" lon="-116.53224"><ele>1506.5301920000404</ele></trkpt>
    <trkpt lat="32.982515" lon="-116.532302"><ele>1506.3584000000187</ele></trkpt>
    <trkpt lat="32.98254" lon="-116.53233"><ele>1506.2000000000098</ele></trkpt>
    <trkpt lat="32.982578" lon="-116.532413"><ele>1506.2504000000877</ele></trkpt>
    <trkpt lat="32.982628" lon="-116.53248"><ele>1506.0128000000727</ele></trkpt>
    <trkpt lat="32.982643" lon="-116.532517"><ele>1506.246799999931</ele></trkpt>
    <trkpt lat="32.982649" lon="-116.532551"><ele>1506.7723999999332</ele></trkpt>
    <trkpt lat="32.982667" lon="-116.532596"><ele>1507.323199999976</ele></trkpt>
    <trkpt lat="32.98269" lon="-116.532618"><ele>1507.388000000017</ele></trkpt>
    <trkpt lat="32.98269" lon="-116.532618"><ele>1507.388000000017</ele></trkpt>
    <trkpt lat="32.982695" lon="-116.532622"><ele>1507.3880000000672</ele></trkpt>
    <trkpt lat="32.982721" lon="-116.532635"><ele>1507.2476000000129</ele></trkpt>
    <trkpt lat="32.982743" lon="-116.53263"><ele>1506.8407999999656</ele></trkpt>
    <trkpt lat="32.982816" lon="-116.532615"><ele>1505.5765664001317</ele></trkpt>
    <trkpt lat="32.98287" lon="-116.532589"><ele>1504.3803728000516</ele></trkpt>
    <trkpt lat="32.982925" lon="-116.532549"><ele>1502.855492000039</ele></trkpt>
    <trkpt lat="32.982999" lon="-116.53251"><ele>1501.023070400049</ele></trkpt>
    <trkpt lat="32.983039" lon="-116.532512"><ele>1500.4950252799645</ele></trkpt>
    <trkpt lat="32.983091" lon="-116.532498"><ele>1499.608162559999</ele></trkpt>
    <trkpt lat="32.983126" lon="-116.532492"><ele>1499.1957926400416</ele></trkpt>
    <trkpt lat="32.983204" lon="-116.532483"><ele>1498.2701894399866</ele></trkpt>
    <trkpt lat="32.983242" lon="-116.532485"><ele>1497.8599103999834</ele></trkpt>
    <trkpt lat="32.98327" lon="-116.532497"><ele>1497.6565248000866</ele></trkpt>
    <trkpt lat="32.983314" lon="-116.532509"><ele>1497.3429100800674</ele></trkpt>
    <trkpt lat="32.98345" lon="-116.532584"><ele>1496.6955840000287</ele></trkpt>
    <trkpt lat="32.983532" lon="-116.532632"><ele>1496.075473920108</ele></trkpt>
    <trkpt lat="32.983532" lon="-116.532632"><ele>1496.075473920108</ele></trkpt>
    <trkpt lat="32.98354" lon="-116.532637"><ele>1496.0069183999763</ele></trkpt>
    <trkpt lat="32.983635" lon="-116.532706"><ele>1495.0754224000389</ele></trkpt>
    <trkpt lat="32.983726" lon="-116.532773"><ele>1493.9047139200845</ele></trkpt>
    <trkpt lat="32.983756" lon="-116.532814"><ele>1493.7151833600237</ele></trkpt>
    <trkpt lat="32.983857" lon="-116.532869"><ele>1492.268500320031</ele></trkpt>
    <trkpt lat="32.983878" lon="-116.532889"><ele>1492.012495680035</ele></trkpt>
    <trkpt lat="32.983917" lon="-116.532937"><ele>1491.69840784006</ele></trkpt>
    <trkpt lat="32.983945" lon="-116.533002"><ele>1491.7674543999917</ele></trkpt>
    <trkpt lat="32.98398" lon="-116.533111"><ele>1491.8253247999694</ele></trkpt>
    <trkpt lat="32.983993" lon="-116.533216"><ele>1491.7900620800353</ele></trkpt>
    <trkpt lat="32.983989" lon="-116.533322"><ele>1492.0940172799642</ele></trkpt>
    <trkpt lat="32.983986" lon="-116.533442"><ele>1491.831090559981</ele></trkpt>
    <trkpt lat="32.983937" lon="-116.533612"><ele>1492.1271712000078</ele></trkpt>
    <trkpt lat="32.983914" lon="-116.533733"><ele>1491.4299376000322</ele></trkpt>
    <trkpt lat="32.98387" lon="-116.533873"><ele>1490.519379199945</ele></trkpt>
    <trkpt lat="32.983875" lon="-116.53396"><ele>1489.443600000111</ele></trkpt>
    <trkpt lat="32.983905" lon="-116.534123"><ele>1487.5204824000646</ele></trkpt>
    <trkpt lat="32.983932" lon="-116.534188"><ele>1486.8599193600069</ele></trkpt>
    <trkpt lat="32.983936" lon="-116.53422"><ele>1486.4341631999334</ele></trkpt>
    <trkpt lat="32.983928" lon="-116.534274"><ele>1485.6496051200445</ele></trkpt>
    <trkpt lat="32.983905" lon="-116.534321"><ele>1484.8678247999205</ele></trkpt>
    <trkpt lat="32.983788" lon="-116.534504"><ele>1483.2074598400104</ele></trkpt>
    <trkpt lat="32.983738" lon="-116.534549"><ele>1483.134279040004</ele></trkpt>
    <trkpt lat="32.983667" lon="-116.534576"><ele>1483.0421766399932</ele></trkpt>
    <trkpt lat="32.983563" lon="-116.53457"><ele>1483.6322272000184</ele></trkpt>
    <trkpt lat="32.983515" lon="-116.534565"><ele>1484.2156720000266</ele></trkpt>
    <trkpt lat="32.983484" lon="-116.534569"><ele>1484.5232243199819</ele></trkpt>
    <trkpt lat="32.983394" lon="-116.534603"><ele>1485.0925254399772</ele></trkpt>
    <trkpt lat="32.983329" lon="-116.534649"><ele>1485.0511364799734</ele></trkpt>
    <trkpt lat="32.983286" lon="-116.534667"><ele>1484.7264265600174</ele></trkpt>
    <trkpt lat="32.983263" lon="-116.534685"><ele>1484.384586400069</ele></trkpt>
    <trkpt lat="32.983262" lon="-116.534705"><ele>1484.0389647999682</ele></trkpt>
    <trkpt lat="32.983281" lon="-116.534718"><ele>1483.880991040026</ele></trkpt>
    <trkpt lat="32.983312" lon="-116.534713"><ele>1484.063649280048</ele></trkpt>
    <trkpt lat="32.983324" lon="-116.534712"><ele>1484.1173094400256</ele></trkpt>
    <trkpt lat="32.983324" lon="-116.534712"><ele>1484.1173094400256</ele></trkpt>
    <trkpt lat="32.983356" lon="-116.534708"><ele>1484.0332441600663</ele></trkpt>
    <trkpt lat="32.983409" lon="-116.534716"><ele>1483.532596479949</ele></trkpt>
    <trkpt lat="32.983451" lon="-116.534729"><ele>1483.1106075199923</ele></trkpt>
    <trkpt lat="32.983522" lon="-116.534751"><ele>1482.5418953599963</ele></trkpt>
    <trkpt lat="32.983602" lon="-116.534778"><ele>1482.045841280011</ele></trkpt>
    <trkpt lat="32.983662" lon="-116.534783"><ele>1482.2633683200188</ele></trkpt>
    <trkpt lat="32.983707" lon="-116.534796"><ele>1482.5285702400145</ele></trkpt>
    <trkpt lat="32.983729" lon="-116.534849"><ele>1482.8117923199593</ele></trkpt>
    <trkpt lat="32.983725" lon="-116.534915"><ele>1482.9790799999917</ele></trkpt>
    <trkpt lat="32.983711" lon="-116.535117"><ele>1484.0726635199912</ele></trkpt>
    <trkpt lat="32.98372" lon="-116.535186"><ele>1484.777683199941</ele></trkpt>
    <trkpt lat="32.983741" lon="-116.53523"><ele>1485.4459728000147</ele></trkpt>
    <trkpt lat="32.983768" lon="-116.535286"><ele>1486.2720819199667</ele></trkpt>
    <trkpt lat="32.983786" lon="-116.535323"><ele>1486.578701120036</ele></trkpt>
    <trkpt lat="32.983806" lon="-116.535338"><ele>1486.871093120014</ele></trkpt>
    <trkpt lat="32.983806" lon="-116.535338"><ele>1486.871093120014</ele></trkpt>
    <trkpt lat="32.983826" lon="-116.53532"><ele>1487.1288128000058</ele></trkpt>
    <trkpt lat="32.983844" lon="-116.535251"><ele>1487.0799782399927</ele></trkpt>
    <trkpt lat="32.983879" lon="-116.535175"><ele>1486.7607719999723</ele></trkpt>
    <trkpt lat="32.983923" lon="-116.535105"><ele>1486.6551631999728</ele></trkpt>
    <trkpt lat="32.983971" lon="-116.535032"><ele>1486.7554937599546</ele></trkpt>
    <trkpt lat="32.984019" lon="-116.534965"><ele>1487.030981600058</ele></trkpt>
    <trkpt lat="32.984143" lon="-116.534845"><ele>1487.947541600095</ele></trkpt>
    <trkpt lat="32.984254" lon="-116.534779"><ele>1487.677463360004</ele></trkpt>
    <trkpt lat="32.984367" lon="-116.534721"><ele>1486.9912000000336</ele></trkpt>
    <trkpt lat="32.984422" lon="-116.534704"><ele>1486.8688000000357</ele></trkpt>
    <trkpt lat="32.984489" lon="-116.5347"><ele>1486.666767999993</ele></trkpt>
    <trkpt lat="32.984531" lon="-116.534657"><ele>1486.145636319978</ele></trkpt>
    <trkpt lat="32.984576" lon="-116.534626"><ele>1485.6695449600404</ele></trkpt>
    <trkpt lat="32.984636" lon="-116.534604"><ele>1485.1657062400066</ele></trkpt>
    <trkpt lat="32.984674" lon="-116.534598"><ele>1484.9096339200355</ele></trkpt>
    <trkpt lat="32.984718" lon="-116.534617"><ele>1484.8845577599664</ele></trkpt>
    <trkpt lat="32.984757" lon="-116.534626"><ele>1485.2112000000452</ele></trkpt>
    <trkpt lat="32.984824" lon="-116.53468"><ele>1486.276799999964</ele></trkpt>
    <trkpt lat="32.984874" lon="-116.534729"><ele>1487.2147999999602</ele></trkpt>
    <trkpt lat="32.984891" lon="-116.534779"><ele>1488.2371999999884</ele></trkpt>
    <trkpt lat="32.984916" lon="-116.534803"><ele>1488.8491999999267</ele></trkpt>
    <trkpt lat="32.984934" lon="-116.534805"><ele>1489.0148000001227</ele></trkpt>
    <trkpt lat="32.984955" lon="-116.5348"><ele>1489.0760000000707</ele></trkpt>
    <trkpt lat="32.984975" lon="-116.534789"><ele>1489.022000000053</ele></trkpt>
    <trkpt lat="32.984995" lon="-116.534764"><ele>1488.7159999999049</ele></trkpt>
    <trkpt lat="32.985013" lon="-116.534734"><ele>1488.442031360043</ele></trkpt>
    <trkpt lat="32.98502" lon="-116.53469"><ele>1488.0036479999503</ele></trkpt>
    <trkpt lat="32.985042" lon="-116.534618"><ele>1487.573669759939</ele></trkpt>
    <trkpt lat="32.985081" lon="-116.534522"><ele>1487.0854147199623</ele></trkpt>
    <trkpt lat="32.985112" lon="-116.534464"><ele>1486.8523852800117</ele></trkpt>
    <trkpt lat="32.985143" lon="-116.534412"><ele>1486.8822713600277</ele></trkpt>
    <trkpt lat="32.985194" lon="-116.534365"><ele>1487.3078575999623</ele></trkpt>
    <trkpt lat="32.985237" lon="-116.534315"><ele>1487.5492088000162</ele></trkpt>
    <trkpt lat="32.985282" lon="-116.534215"><ele>1487.4114447999923</ele></trkpt>
    <trkpt lat="32.985312" lon="-116.534179"><ele>1487.5870700799644</ele></trkpt>
    <trkpt lat="32.985342" lon="-116.534108"><ele>1487.404741120066</ele></trkpt>
    <trkpt lat="32.985396" lon="-116.534021"><ele>1487.2072307199714</ele></trkpt>
    <trkpt lat="32.985475" lon="-116.533846"><ele>1486.2655999999963</ele></trkpt>
    <trkpt lat="32.98555" lon="-116.533668"><ele>1486.1648000000455</ele></trkpt>
    <trkpt lat="32.985653" lon="-116.533461"><ele>1484.1608553600422</ele></trkpt>
    <trkpt lat="32.985705" lon="-116.533391"><ele>1483.053777599906</ele></trkpt>
    <trkpt lat="32.985738" lon="-116.533373"><ele>1482.7587820799486</ele></trkpt>
    <trkpt lat="32.985771" lon="-116.533362"><ele>1482.5728838399355</ele></trkpt>
    <trkpt lat="32.985855" lon="-116.533325"><ele>1481.880000000071</ele></trkpt>
    <trkpt lat="32.985959" lon="-116.533299"><ele>1481.5055999999931</ele></trkpt>
    <trkpt lat="32.986012" lon="-116.533289"><ele>1481.3615999999474</ele></trkpt>
    <trkpt lat="32.986056" lon="-116.533292"><ele>1481.404800000043</ele></trkpt>
    <trkpt lat="32.986099" lon="-116.533298"><ele>1481.4912000000295</ele></trkpt>
    <trkpt lat="32.986142" lon="-116.53331"><ele>1481.4415999999956</ele></trkpt>
    <trkpt lat="32.986269" lon="-116.533387"><ele>1481.719385120075</ele></trkpt>
    <trkpt lat="32.986304" lon="-116.53341"><ele>1481.7995456000792</ele></trkpt>
    <trkpt lat="32.986329" lon="-116.533433"><ele>1481.9437572800525</ele></trkpt>
    <trkpt lat="32.986377" lon="-116.533499"><ele>1482.4967259201137</ele></trkpt>
    <trkpt lat="32.986418" lon="-116.533597"><ele>1483.6866761600027</ele></trkpt>
    <trkpt lat="32.986458" lon="-116.533706"><ele>1484.6043801599574</ele></trkpt>
    <trkpt lat="32.986463" lon="-116.533754"><ele>1485.036483840017</ele></trkpt>
    <trkpt lat="32.986459" lon="-116.533802"><ele>1485.4688985599537</ele></trkpt>
    <trkpt lat="32.986465" lon="-116.533843"><ele>1485.8530704000477</ele></trkpt>
    <trkpt lat="32.986483" lon="-116.533867"><ele>1486.1278051200065</ele></trkpt>
    <trkpt lat="32.98651" lon="-116.533871"><ele>1486.2510432000588</ele></trkpt>
    <trkpt lat="32.986529" lon="-116.533847"><ele>1486.0506729599326</ele></trkpt>
    <trkpt lat="32.986552" lon="-116.533818"><ele>1485.7770931199666</ele></trkpt>
    <trkpt lat="32.986552" lon="-116.533818"><ele>1485.7770931199666</ele></trkpt>
    <trkpt lat="32.986577" lon="-116.533786"><ele>1485.4347302400733</ele></trkpt>
    <trkpt lat="32.986612" lon="-116.533748"><ele>1484.974033920036</ele></trkpt>
    <trkpt lat="32.986685" lon="-116.533706"><ele>1484.4774911999357</ele></trkpt>
    <trkpt lat="32.986759" lon="-116.533682"><ele>1484.5228569599774</ele></trkpt>
    <trkpt lat="32.986827" lon="-116.533661"><ele>1484.5029302398991</ele></trkpt>
    <trkpt lat="32.986881" lon="-116.533626"><ele>1484.0687155199503</ele></trkpt>
    <trkpt lat="32.986952" lon="-116.533563"><ele>1483.1020889600065</ele></trkpt>
    <trkpt lat="32.987027" lon="-116.533525"><ele>1482.0606679999605</ele></trkpt>
    <trkpt lat="32.987124" lon="-116.533472"><ele>1480.525882880059</ele></trkpt>
    <trkpt lat="32.987238" lon="-116.533411"><ele>1478.7093625600169</ele></trkpt>
    <trkpt lat="32.987307" lon="-116.533378"><ele>1478.062952319978</ele></trkpt>
    <trkpt lat="32.987359" lon="-116.533345"><ele>1477.2933615999257</ele></trkpt>
    <trkpt lat="32.987445" lon="-116.533307"><ele>1476.563540799892</ele></trkpt>
    <trkpt lat="32.987556" lon="-116.533277"><ele>1476.064946559961</ele></trkpt>
    <trkpt lat="32.987669" lon="-116.533266"><ele>1475.953971519937</ele></trkpt>
    <trkpt lat="32.987698" lon="-116.533268"><ele>1476.033848320175</ele></trkpt>
    <trkpt lat="32.987742" lon="-116.533253"><ele>1475.669346880053</ele></trkpt>
    <trkpt lat="32.987796" lon="-116.533241"><ele>1475.3188108801055</ele></trkpt>
    <trkpt lat="32.987832" lon="-116.533245"><ele>1475.3849471998324</ele></trkpt>
    <trkpt lat="32.987858" lon="-116.533257"><ele>1475.671524480158</ele></trkpt>
    <trkpt lat="32.987878" lon="-116.533266"><ele>1475.8749158399328</ele></trkpt>
    <trkpt lat="32.987913" lon="-116.533257"><ele>1475.5823452801558</ele></trkpt>
    <trkpt lat="32.987938" lon="-116.533256"><ele>1475.5171622398625</ele></trkpt>
    <trkpt lat="32.987955" lon="-116.533261"><ele>1475.6110703999038</ele></trkpt>
    <trkpt lat="32.987987" lon="-116.533255"><ele>1475.4156047999331</ele></trkpt>
    <trkpt lat="32.988021" lon="-116.533249"><ele>1475.2272643199472</ele></trkpt>
    <trkpt lat="32.988062" lon="-116.533245"><ele>1475.1067551998647</ele></trkpt>
    <trkpt lat="32.988129" lon="-116.533221"><ele>1474.787446719953</ele></trkpt>
    <trkpt lat="32.988164" lon="-116.533204"><ele>1474.5699404799502</ele></trkpt>
    <trkpt lat="32.988221" lon="-116.533179"><ele>1474.328230720082</ele></trkpt>
    <trkpt lat="32.988265" lon="-116.533174"><ele>1474.4233888000338</ele></trkpt>
    <trkpt lat="32.988315" lon="-116.533168"><ele>1474.540633600051</ele></trkpt>
    <trkpt lat="32.988378" lon="-116.533194"><ele>1474.9134572799303</ele></trkpt>
    <trkpt lat="32.988435" lon="-116.533192"><ele>1474.785020799991</ele></trkpt>
    <trkpt lat="32.988466" lon="-116.533184"><ele>1474.6287577600674</ele></trkpt>
    <trkpt lat="32.988498" lon="-116.533201"><ele>1474.7840099200662</ele></trkpt>
    <trkpt lat="32.988513" lon="-116.533213"><ele>1474.900593760047</ele></trkpt>
    <trkpt lat="32.988552" lon="-116.533227"><ele>1474.9829401599636</ele></trkpt>
    <trkpt lat="32.988588" lon="-116.533246"><ele>1475.1138419200604</ele></trkpt>
    <trkpt lat="32.988614" lon="-116.533262"><ele>1475.1879999999544</ele></trkpt>
    <trkpt lat="32.988654" lon="-116.533264"><ele>1474.6336000000742</ele></trkpt>
    <trkpt lat="32.988705" lon="-116.533253"><ele>1473.780399999977</ele></trkpt>
    <trkpt lat="32.988754" lon="-116.533253"><ele>1473.0748000000194</ele></trkpt>
    <trkpt lat="32.988807" lon="-116.533256"><ele>1472.34399999992</ele></trkpt>
    <trkpt lat="32.988849" lon="-116.533274"><ele>1471.9336000000349</ele></trkpt>
    <trkpt lat="32.988918" lon="-116.533305"><ele>1471.3902896000036</ele></trkpt>
    <trkpt lat="32.989006" lon="-116.533341"><ele>1470.8339638398718</ele></trkpt>
    <trkpt lat="32.9891" lon="-116.533362"><ele>1470.0543679999562</ele></trkpt>
    <trkpt lat="32.989177" lon="-116.533399"><ele>1469.5604000000608</ele></trkpt>
    <trkpt lat="32.989239" lon="-116.533391"><ele>1468.5811999999742</ele></trkpt>
    <trkpt lat="32.989305" lon="-116.533377"><ele>1467.4795999999928</ele></trkpt>
    <trkpt lat="32.989354" lon="-116.533383"><ele>1466.8388000000252</ele></trkpt>
    <trkpt lat="32.989389" lon="-116.533398"><ele>1466.4968000000176</ele></trkpt>
    <trkpt lat="32.989433" lon="-116.533446"><ele>1466.381600000003</ele></trkpt>
    <trkpt lat="32.989468" lon="-116.533496"><ele>1466.467258879968</ele></trkpt>
    <trkpt lat="32.989531" lon="-116.533589"><ele>1466.8015966400808</ele></trkpt>
    <trkpt lat="32.989574" lon="-116.53365"><ele>1467.5807999998856</ele></trkpt>
    <trkpt lat="32.989608" lon="-116.5337"><ele>1468.4735999999336</ele></trkpt>
    <trkpt lat="32.989644" lon="-116.533731"><ele>1468.8660000000943</ele></trkpt>
    <trkpt lat="32.989691" lon="-116.533747"><ele>1468.761600000128</ele></trkpt>
    <trkpt lat="32.98973" lon="-116.533755"><ele>1468.5710079999712</ele></trkpt>
    <trkpt lat="32.989791" lon="-116.533766"><ele>1468.436523520021</ele></trkpt>
    <trkpt lat="32.98985" lon="-116.533784"><ele>1468.5494079999378</ele></trkpt>
    <trkpt lat="32.989896" lon="-116.533778"><ele>1468.0805209599328</ele></trkpt>
    <trkpt lat="32.989987" lon="-116.533744"><ele>1466.401221759963</ele></trkpt>
    <trkpt lat="32.990074" lon="-116.533717"><ele>1464.9612966398722</ele></trkpt>
    <trkpt lat="32.990148" lon="-116.533708"><ele>1464.2347187201358</ele></trkpt>
    <trkpt lat="32.990177" lon="-116.533709"><ele>1464.0853014400318</ele></trkpt>
    <trkpt lat="32.990177" lon="-116.533709"><ele>1464.0853014400318</ele></trkpt>
    <trkpt lat="32.990206" lon="-116.53371"><ele>1463.9343807999758</ele></trkpt>
    <trkpt lat="32.990252" lon="-116.533731"><ele>1464.1941049600919</ele></trkpt>
    <trkpt lat="32.990291" lon="-116.533753"><ele>1464.4793718401143</ele></trkpt>
    <trkpt lat="32.990382" lon="-116.53382"><ele>1465.3244992001576</ele></trkpt>
    <trkpt lat="32.990426" lon="-116.533898"><ele>1466.5609958398918</ele></trkpt>
    <trkpt lat="32.990459" lon="-116.53394"><ele>1466.906716800005</ele></trkpt>
    <trkpt lat="32.990497" lon="-116.533955"><ele>1466.6847408001227</ele></trkpt>
    <trkpt lat="32.990575" lon="-116.533967"><ele>1465.7551160000617</ele></trkpt>
    <trkpt lat="32.99063" lon="-116.533982"><ele>1464.9109663998695</ele></trkpt>
    <trkpt lat="32.990702" lon="-116.534019"><ele>1463.990659520031</ele></trkpt>
    <trkpt lat="32.990801" lon="-116.534073"><ele>1462.6475499201208</ele></trkpt>
    <trkpt lat="32.990873" lon="-116.534124"><ele>1461.924131840058</ele></trkpt>
    <trkpt lat="32.990953" lon="-116.534187"><ele>1461.7576654401041</ele></trkpt>
    <trkpt lat="32.990988" lon="-116.534224"><ele>1462.102676479853</ele></trkpt>
    <trkpt lat="32.991221" lon="-116.534518"><ele>1465.7513353601262</ele></trkpt>
    <trkpt lat="32.991523" lon="-116.534818"><ele>1468.5512000000308</ele></trkpt>
    <trkpt lat="32.991766" lon="-116.53513"><ele>1471.8103999999294</ele></trkpt>
    <trkpt lat="32.991953" lon="-116.53543"><ele>1469.8019215999586</ele></trkpt>
    <trkpt lat="32.99203" lon="-116.535607"><ele>1467.8629584000107</ele></trkpt>
    <trkpt lat="32.992069" lon="-116.535754"><ele>1466.195663039973</ele></trkpt>
    <trkpt lat="32.992074" lon="-116.53597"><ele>1465.3445375998922</ele></trkpt>
    <trkpt lat="32.992095" lon="-116.536238"><ele>1463.7035712000352</ele></trkpt>
    <trkpt lat="32.992072" lon="-116.536387"><ele>1463.7929548799732</ele></trkpt>
    <trkpt lat="32.992016" lon="-116.536584"><ele>1463.7919999999754</ele></trkpt>
    <trkpt lat="32.991932" lon="-116.536708"><ele>1464.8024012799813</ele></trkpt>
    <trkpt lat="32.991899" lon="-116.536737"><ele>1465.097729440038</ele></trkpt>
    <trkpt lat="32.991839" lon="-116.536779"><ele>1465.603869280085</ele></trkpt>
    <trkpt lat="32.991775" lon="-116.53683"><ele>1465.819960000137</ele></trkpt>
    <trkpt lat="32.991715" lon="-116.536858"><ele>1466.182753600106</ele></trkpt>
    <trkpt lat="32.99163" lon="-116.536859"><ele>1467.0182031998456</ele></trkpt>
    <trkpt lat="32.991526" lon="-116.536873"><ele>1467.17984608</ele></trkpt>
    <trkpt lat="32.99128" lon="-116.536949"><ele>1466.329286399891</ele></trkpt>
    <trkpt lat="32.991233" lon="-116.536974"><ele>1466.208335039986</ele></trkpt>
    <trkpt lat="32.99121" lon="-116.537008"><ele>1465.9420415999841</ele></trkpt>
    <trkpt lat="32.991208" lon="-116.537057"><ele>1465.41679871995</ele></trkpt>
    <trkpt lat="32.991224" lon="-116.537099"><ele>1464.802437120002</ele></trkpt>
    <trkpt lat="32.991317" lon="-116.537224"><ele>1462.0688563198694</ele></trkpt>
    <trkpt lat="32.991397" lon="-116.537313"><ele>1462.5958297599595</ele></trkpt>
    <trkpt lat="32.991428" lon="-116.537392"><ele>1463.7117721599604</ele></trkpt>
    <trkpt lat="32.991453" lon="-116.537461"><ele>1464.5044172799023</ele></trkpt>
    <trkpt lat="32.991523" lon="-116.537502"><ele>1464.1157238400697</ele></trkpt>
    <trkpt lat="32.99157" lon="-116.537549"><ele>1464.5117871999219</ele></trkpt>
    <trkpt lat="32.991702" lon="-116.537589"><ele>1463.5000451199774</ele></trkpt>
    <trkpt lat="32.991806" lon="-116.537621"><ele>1462.8903030400677</ele></trkpt>
    <trkpt lat="32.991901" lon="-116.537609"><ele>1461.4925713600799</ele></trkpt>
    <trkpt lat="32.991991" lon="-116.537586"><ele>1460.2128000000916</ele></trkpt>
    <trkpt lat="32.992175" lon="-116.537534"><ele>1457.9519999998647</ele></trkpt>
    <trkpt lat="32.992234" lon="-116.537538"><ele>1457.635799679948</ele></trkpt>
    <trkpt lat="32.99235" lon="-116.537548"><ele>1457.3245120000092</ele></trkpt>
    <trkpt lat="32.992366" lon="-116.537551"><ele>1457.305368639907</ele></trkpt>
    <trkpt lat="32.992366" lon="-116.537551"><ele>1457.305368639907</ele></trkpt>
    <trkpt lat="32.992483" lon="-116.537571"><ele>1457.0992427199972</ele></trkpt>
    <trkpt lat="32.992555" lon="-116.537597"><ele>1456.7336584000352</ele></trkpt>
    <trkpt lat="32.992587" lon="-116.53761"><ele>1456.520372800006</ele></trkpt>
    <trkpt lat="32.99262" lon="-116.537638"><ele>1456.4765823999871</ele></trkpt>
    <trkpt lat="32.992648" lon="-116.53767"><ele>1456.5235264000362</ele></trkpt>
    <trkpt lat="32.992693" lon="-116.53768"><ele>1456.0573695999003</ele></trkpt>
    <trkpt lat="32.992725" lon="-116.537666"><ele>1455.476344000016</ele></trkpt>
    <trkpt lat="32.992747" lon="-116.537635"><ele>1454.8442487999212</ele></trkpt>
    <trkpt lat="32.992767" lon="-116.537611"><ele>1454.3307044799728</ele></trkpt>
    <trkpt lat="32.992835" lon="-116.537612"><ele>1453.5915999999593</ele></trkpt>
    <trkpt lat="32.992887" lon="-116.53762"><ele>1453.116400000009</ele></trkpt>
    <trkpt lat="32.992958" lon="-116.537631"><ele>1452.4684000000339</ele></trkpt>
    <trkpt lat="32.993032" lon="-116.537634"><ele>1451.701599999974</ele></trkpt>
    <trkpt lat="32.993156" lon="-116.537643"><ele>1451.1828000000332</ele></trkpt>
    <trkpt lat="32.9932" lon="-116.537642"><ele>1451.0136000000512</ele></trkpt>
    <trkpt lat="32.993247" lon="-116.537667"><ele>1451.1144000000013</ele></trkpt>
    <trkpt lat="32.993361" lon="-116.537747"><ele>1451.3798356799566</ele></trkpt>
    <trkpt lat="32.993472" lon="-116.537855"><ele>1451.475622399951</ele></trkpt>
    <trkpt lat="32.993626" lon="-116.538049"><ele>1451.76840000002</ele></trkpt>
    <trkpt lat="32.993658" lon="-116.538122"><ele>1452.2111999999763</ele></trkpt>
    <trkpt lat="32.993695" lon="-116.538179"><ele>1452.4271999999685</ele></trkpt>
    <trkpt lat="32.993752" lon="-116.538334"><ele>1453.4759654399709</ele></trkpt>
    <trkpt lat="32.993773" lon="-116.538459"><ele>1452.7242825600235</ele></trkpt>
    <trkpt lat="32.993778" lon="-116.538586"><ele>1452.1046246400401</ele></trkpt>
    <trkpt lat="32.993818" lon="-116.538794"><ele>1450.617600000061</ele></trkpt>
    <trkpt lat="32.993847" lon="-116.538955"><ele>1450.0996711999574</ele></trkpt>
    <trkpt lat="32.993845" lon="-116.539047"><ele>1450.6290007999746</ele></trkpt>
    <trkpt lat="32.993833" lon="-116.539132"><ele>1451.4094707199124</ele></trkpt>
    <trkpt lat="32.99382" lon="-116.539169"><ele>1451.996633600021</ele></trkpt>
    <trkpt lat="32.993771" lon="-116.539229"><ele>1453.6535292799585</ele></trkpt>
    <trkpt lat="32.993754" lon="-116.53928"><ele>1454.3045503999501</ele></trkpt>
    <trkpt lat="32.993768" lon="-116.539329"><ele>1454.1417382399109</ele></trkpt>
    <trkpt lat="32.993805" lon="-116.539398"><ele>1453.5785887999857</ele></trkpt>
    <trkpt lat="32.993834" lon="-116.539513"><ele>1452.9875676800098</ele></trkpt>
    <trkpt lat="32.993854" lon="-116.539604"><ele>1452.251344640035</ele></trkpt>
    <trkpt lat="32.993846" lon="-116.539697"><ele>1452.157580480044</ele></trkpt>
    <trkpt lat="32.993858" lon="-116.539815"><ele>1451.2218223998887</ele></trkpt>
    <trkpt lat="32.993911" lon="-116.539935"><ele>1448.9108000000742</ele></trkpt>
    <trkpt lat="32.993933" lon="-116.540036"><ele>1447.6497804800354</ele></trkpt>
    <trkpt lat="32.993939" lon="-116.54014"><ele>1446.8201216000982</ele></trkpt>
    <trkpt lat="32.993913" lon="-116.540279"><ele>1446.4795819200183</ele></trkpt>
    <trkpt lat="32.993878" lon="-116.540453"><ele>1447.4106905599162</ele></trkpt>
    <trkpt lat="32.993871" lon="-116.54063"><ele>1446.758340800118</ele></trkpt>
    <trkpt lat="32.99385" lon="-116.540957"><ele>1443.2145439998596</ele></trkpt>
    <trkpt lat="32.993847" lon="-116.541165"><ele>1440.4875447998984</ele></trkpt>
    <trkpt lat="32.99386" lon="-116.541319"><ele>1439.0493664000287</ele></trkpt>
    <trkpt lat="32.993852" lon="-116.541429"><ele>1438.2116236801253</ele></trkpt>
    <trkpt lat="32.993847" lon="-116.541479"><ele>1437.7318804800116</ele></trkpt>
    <trkpt lat="32.993832" lon="-116.541529"><ele>1437.4074988800728</ele></trkpt>
    <trkpt lat="32.99381" lon="-116.541554"><ele>1437.4679903998876</ele></trkpt>
    <trkpt lat="32.993744" lon="-116.541594"><ele>1438.007650559964</ele></trkpt>
    <trkpt lat="32.993716" lon="-116.541624"><ele>1438.046000640028</ele></trkpt>
    <trkpt lat="32.993696" lon="-116.541661"><ele>1437.852965759937</ele></trkpt>
    <trkpt lat="32.993663" lon="-116.541675"><ele>1438.179612000047</ele></trkpt>
    <trkpt lat="32.993604" lon="-116.541688"><ele>1438.8759321601026</ele></trkpt>
    <trkpt lat="32.993476" lon="-116.541752"><ele>1440.3228441599642</ele></trkpt>
    <trkpt lat="32.993443" lon="-116.541787"><ele>1440.6455452800174</ele></trkpt>
    <trkpt lat="32.993375" lon="-116.541854"><ele>1441.5232799999887</ele></trkpt>
    <trkpt lat="32.993354" lon="-116.541883"><ele>1441.8077145600744</ele></trkpt>
    <trkpt lat="32.993351" lon="-116.541923"><ele>1441.705419840076</ele></trkpt>
    <trkpt lat="32.993352" lon="-116.541946"><ele>1441.6292710398775</ele></trkpt>
    <trkpt lat="32.993375" lon="-116.541979"><ele>1441.7904199999462</ele></trkpt>
    <trkpt lat="32.993443" lon="-116.541996"><ele>1440.524975359974</ele></trkpt>
    <trkpt lat="32.993589" lon="-116.542018"><ele>1437.335234239986</ele></trkpt>
    <trkpt lat="32.993651" lon="-116.542011"><ele>1436.4719803200217</ele></trkpt>
    <trkpt lat="32.99372" lon="-116.54202"><ele>1436.1041279999376</ele></trkpt>
    <trkpt lat="32.993772" lon="-116.542036"><ele>1435.8368870399822</ele></trkpt>
    <trkpt lat="32.993873" lon="-116.542098"><ele>1435.1520604799907</ele></trkpt>
    <trkpt lat="32.993966" lon="-116.542186"><ele>1434.6500019200002</ele></trkpt>
    <trkpt lat="32.994014" lon="-116.542234"><ele>1434.6428121599483</ele></trkpt>
    <trkpt lat="32.994055" lon="-116.5423"><ele>1434.8522399999615</ele></trkpt>
    <trkpt lat="32.994071" lon="-116.542362"><ele>1435.037608320006</ele></trkpt>
    <trkpt lat="32.994069" lon="-116.542419"><ele>1435.3478937599325</ele></trkpt>
    <trkpt lat="32.994023" lon="-116.542513"><ele>1436.4940099200296</ele></trkpt>
    <trkpt lat="32.993972" lon="-116.542625"><ele>1436.784720000008</ele></trkpt>
    <trkpt lat="32.993915" lon="-116.542743"><ele>1437.4907375999624</ele></trkpt>
    <trkpt lat="32.993894" lon="-116.542819"><ele>1437.2803305601433</ele></trkpt>
    <trkpt lat="32.993834" lon="-116.542956"><ele>1436.9995404799643</ele></trkpt>
    <trkpt lat="32.993803" lon="-116.543054"><ele>1436.8000054400284</ele></trkpt>
    <trkpt lat="32.993768" lon="-116.543154"><ele>1436.1907302398943</ele></trkpt>
    <trkpt lat="32.993734" lon="-116.543284"><ele>1434.8116595199092</ele></trkpt>
    <trkpt lat="32.993783" lon="-116.543273"><ele>1433.7027932799983</ele></trkpt>
    <trkpt lat="32.993818" lon="-116.54324"><ele>1433.3018944001144</ele></trkpt>
    <trkpt lat="32.993818" lon="-116.54324"><ele>1433.3018944001144</ele></trkpt>
    <trkpt lat="32.993783" lon="-116.543273"><ele>1433.7027932799983</ele></trkpt>
    <trkpt lat="32.993734" lon="-116.543284"><ele>1434.8116595199092</ele></trkpt>
    <trkpt lat="32.993681" lon="-116.543352"><ele>1434.886322559968</ele></trkpt>
    <trkpt lat="32.993575" lon="-116.543461"><ele>1435.6231560001547</ele></trkpt>
    <trkpt lat="32.993316" lon="-116.543765"><ele>1437.7848608001202</ele></trkpt>
    <trkpt lat="32.993261" lon="-116.543846"><ele>1437.9356115200546</ele></trkpt>
    <trkpt lat="32.993154" lon="-116.544104"><ele>1438.1160473600362</ele></trkpt>
    <trkpt lat="32.993068" lon="-116.544192"><ele>1439.5121715200094</ele></trkpt>
    <trkpt lat="32.992934" lon="-116.544262"><ele>1440.6263999999956</ele></trkpt>
    <trkpt lat="32.992581" lon="-116.544332"><ele>1442.6698809600368</ele></trkpt>
    <trkpt lat="32.992362" lon="-116.544479"><ele>1442.737603840032</ele></trkpt>
    <trkpt lat="32.992238" lon="-116.544549"><ele>1444.3536409599803</ele></trkpt>
    <trkpt lat="32.991954" lon="-116.544671"><ele>1449.368513280069</ele></trkpt>
    <trkpt lat="32.991712" lon="-116.544831"><ele>1449.6266182399813</ele></trkpt>
    <trkpt lat="32.991575" lon="-116.544894"><ele>1450.3388720000391</ele></trkpt>
    <trkpt lat="32.99142" lon="-116.544922"><ele>1452.145049600029</ele></trkpt>
    <trkpt lat="32.991284" lon="-116.544935"><ele>1453.8900416000233</ele></trkpt>
    <trkpt lat="32.991247" lon="-116.544966"><ele>1454.2254780799701</ele></trkpt>
    <trkpt lat="32.991247" lon="-116.544966"><ele>1454.2254780799701</ele></trkpt>
    <trkpt lat="32.991214" lon="-116.544994"><ele>1454.548000639995</ele></trkpt>
    <trkpt lat="32.991205" lon="-116.545069"><ele>1455.2252815999705</ele></trkpt>
    <trkpt lat="32.991393" lon="-116.54513"><ele>1452.4087999999688</ele></trkpt>
    <trkpt lat="32.991637" lon="-116.545244"><ele>1449.3056000000283</ele></trkpt>
    <trkpt lat="32.991824" lon="-116.545292"><ele>1448.065200640039</ele></trkpt>
    <trkpt lat="32.992066" lon="-116.545395"><ele>1447.0214655999816</ele></trkpt>
    <trkpt lat="32.992139" lon="-116.545479"><ele>1446.7576604799806</ele></trkpt>
    <trkpt lat="32.992174" lon="-116.545617"><ele>1447.2136006399626</ele></trkpt>
    <trkpt lat="32.992166" lon="-116.545776"><ele>1448.7180492800826</ele></trkpt>
    <trkpt lat="32.992112" lon="-116.546038"><ele>1451.5620377599996</ele></trkpt>
    <trkpt lat="32.991977" lon="-116.546536"><ele>1452.7602617600178</ele></trkpt>
    <trkpt lat="32.991884" lon="-116.546713"><ele>1455.1760000000404</ele></trkpt>
    <trkpt lat="32.991749" lon="-116.547045"><ele>1458.9500000000794</ele></trkpt>
    <trkpt lat="32.991493" lon="-116.547335"><ele>1462.1595999999486</ele></trkpt>
    <trkpt lat="32.991404" lon="-116.547419"><ele>1462.6059999997944</ele></trkpt>
    <trkpt lat="32.991126" lon="-116.54761"><ele>1463.7095487998636</ele></trkpt>
    <trkpt lat="32.991058" lon="-116.547625"><ele>1464.9163200000141</ele></trkpt>
    <trkpt lat="32.990851" lon="-116.547624"><ele>1469.4867820800416</ele></trkpt>
    <trkpt lat="32.990758" lon="-116.547644"><ele>1471.8119999998787</ele></trkpt>
    <trkpt lat="32.99071" lon="-116.547683"><ele>1472.3843999998394</ele></trkpt>
    <trkpt lat="32.990587" lon="-116.547877"><ele>1471.8380000000734</ele></trkpt>
    <trkpt lat="32.990332" lon="-116.54819"><ele>1476.3320767998182</ele></trkpt>
    <trkpt lat="32.990173" lon="-116.548438"><ele>1476.3795999999388</ele></trkpt>
    <trkpt lat="32.990075" lon="-116.548521"><ele>1477.0564000002005</ele></trkpt>
    <trkpt lat="32.989956" lon="-116.548582"><ele>1478.2790003200944</ele></trkpt>
    <trkpt lat="32.989447" lon="-116.548772"><ele>1480.7465286400395</ele></trkpt>
    <trkpt lat="32.989096" lon="-116.548966"><ele>1483.3994214401027</ele></trkpt>
    <trkpt lat="32.988908" lon="-116.54917"><ele>1482.537548799898</ele></trkpt>
    <trkpt lat="32.988631" lon="-116.549357"><ele>1483.9211809600147</ele></trkpt>
    <trkpt lat="32.988504" lon="-116.549489"><ele>1482.9374995200935</ele></trkpt>
    <trkpt lat="32.988504" lon="-116.549489"><ele>1482.9374995200935</ele></trkpt>
    <trkpt lat="32.988413" lon="-116.549585"><ele>1482.6130416000917</ele></trkpt>
    <trkpt lat="32.988205" lon="-116.549734"><ele>1482.7436111999837</ele></trkpt>
    <trkpt lat="32.987995" lon="-116.549847"><ele>1484.7645488000394</ele></trkpt>
    <trkpt lat="32.987901" lon="-116.549868"><ele>1486.1800025599332</ele></trkpt>
    <trkpt lat="32.987749" lon="-116.549861"><ele>1488.7610414398625</ele></trkpt>
    <trkpt lat="32.987632" lon="-116.549894"><ele>1489.1578636801225</ele></trkpt>
    <trkpt lat="32.987521" lon="-116.549992"><ele>1488.0194227199254</ele></trkpt>
    <trkpt lat="32.987453" lon="-116.550028"><ele>1488.0873446400144</ele></trkpt>
    <trkpt lat="32.987382" lon="-116.550034"><ele>1488.732804480089</ele></trkpt>
    <trkpt lat="32.987052" lon="-116.549986"><ele>1491.9265702399143</ele></trkpt>
    <trkpt lat="32.986822" lon="-116.55004"><ele>1492.242124800093</ele></trkpt>
    <trkpt lat="32.986637" lon="-116.55002"><ele>1493.632310399936</ele></trkpt>
    <trkpt lat="32.986277" lon="-116.549908"><ele>1494.2498073599786</ele></trkpt>
    <trkpt lat="32.986173" lon="-116.549836"><ele>1494.4888588800231</ele></trkpt>
    <trkpt lat="32.986044" lon="-116.549699"><ele>1495.9549977599236</ele></trkpt>
    <trkpt lat="32.985995" lon="-116.549684"><ele>1495.9095168000338</ele></trkpt>
    <trkpt lat="32.985823" lon="-116.549686"><ele>1494.633600000177</ele></trkpt>
    <trkpt lat="32.985463" lon="-116.549606"><ele>1491.1776000001032</ele></trkpt>
    <trkpt lat="32.985105" lon="-116.549602"><ele>1487.0000016001406</ele></trkpt>
    <trkpt lat="32.984961" lon="-116.54957"><ele>1486.6321391999204</ele></trkpt>
    <trkpt lat="32.984694" lon="-116.549454"><ele>1488.2237900800333</ele></trkpt>
    <trkpt lat="32.983901" lon="-116.549238"><ele>1481.813210559977</ele></trkpt>
    <trkpt lat="32.983716" lon="-116.549153"><ele>1481.970577919946</ele></trkpt>
    <trkpt lat="32.98294" lon="-116.548939"><ele>1472.8877535999295</ele></trkpt>
    <trkpt lat="32.982777" lon="-116.548872"><ele>1470.2985702399383</ele></trkpt>
    <trkpt lat="32.982709" lon="-116.548876"><ele>1469.7482886398661</ele></trkpt>
    <trkpt lat="32.982483" lon="-116.548979"><ele>1466.846293439942</ele></trkpt>
    <trkpt lat="32.982264" lon="-116.54904"><ele>1467.4484351998915</ele></trkpt>
    <trkpt lat="32.982096" lon="-116.549053"><ele>1467.2692595199844</ele></trkpt>
    <trkpt lat="32.981961" lon="-116.549086"><ele>1466.4693078399505</ele></trkpt>
    <trkpt lat="32.981763" lon="-116.549085"><ele>1465.4327183999362</ele></trkpt>
    <trkpt lat="32.981637" lon="-116.549051"><ele>1465.0355999999326</ele></trkpt>
    <trkpt lat="32.981538" lon="-116.548967"><ele>1465.2299999999532</ele></trkpt>
    <trkpt lat="32.98145" lon="-116.548837"><ele>1465.936887999964</ele></trkpt>
    <trkpt lat="32.9814" lon="-116.548805"><ele>1465.720239999996</ele></trkpt>
    <trkpt lat="32.981334" lon="-116.548832"><ele>1465.84526847999</ele></trkpt>
    <trkpt lat="32.981239" lon="-116.548933"><ele>1465.6027999999274</ele></trkpt>
    <trkpt lat="32.981075" lon="-116.549054"><ele>1465.3995280000356</ele></trkpt>
    <trkpt lat="32.980956" lon="-116.549086"><ele>1465.5917593599709</ele></trkpt>
    <trkpt lat="32.980732" lon="-116.549085"><ele>1465.6609023999285</ele></trkpt>
    <trkpt lat="32.980554" lon="-116.549121"><ele>1463.9695999999872</ele></trkpt>
    <trkpt lat="32.980488" lon="-116.549093"><ele>1463.8616000000306</ele></trkpt>
    <trkpt lat="32.9804" lon="-116.548939"><ele>1466.2375999999404</ele></trkpt>
    <trkpt lat="32.980306" lon="-116.54883"><ele>1467.3648000000715</ele></trkpt>
    <trkpt lat="32.980224" lon="-116.548771"><ele>1466.7960723199583</ele></trkpt>
    <trkpt lat="32.980105" lon="-116.548715"><ele>1464.6192560000284</ele></trkpt>
    <trkpt lat="32.979937" lon="-116.548668"><ele>1461.2980486399304</ele></trkpt>
    <trkpt lat="32.979505" lon="-116.548408"><ele>1463.1184000001285</ele></trkpt>
    <trkpt lat="32.979441" lon="-116.548407"><ele>1463.1873769600472</ele></trkpt>
    <trkpt lat="32.979387" lon="-116.548449"><ele>1462.877823039843</ele></trkpt>
    <trkpt lat="32.979296" lon="-116.548618"><ele>1460.5595468799593</ele></trkpt>
    <trkpt lat="32.97917" lon="-116.548748"><ele>1460.481913599884</ele></trkpt>
    <trkpt lat="32.97869" lon="-116.549027"><ele>1459.5819856000471</ele></trkpt>
    <trkpt lat="32.978599" lon="-116.549106"><ele>1459.5961667200052</ele></trkpt>
    <trkpt lat="32.978471" lon="-116.549263"><ele>1459.1229481600617</ele></trkpt>
    <trkpt lat="32.97838" lon="-116.549322"><ele>1458.8878911999293</ele></trkpt>
    <trkpt lat="32.97816" lon="-116.549383"><ele>1458.105999999893</ele></trkpt>
    <trkpt lat="32.978009" lon="-116.549385"><ele>1458.0341335999844</ele></trkpt>
    <trkpt lat="32.977878" lon="-116.549338"><ele>1458.6710585599035</ele></trkpt>
    <trkpt lat="32.977634" lon="-116.549183"><ele>1459.79046976002</ele></trkpt>
    <trkpt lat="32.977568" lon="-116.549185"><ele>1459.3252864000378</ele></trkpt>
    <trkpt lat="32.977355" lon="-116.549269"><ele>1458.9225904000382</ele></trkpt>
    <trkpt lat="32.977205" lon="-116.54926"><ele>1459.6763359999452</ele></trkpt>
    <trkpt lat="32.977058" lon="-116.549205"><ele>1460.8760287999899</ele></trkpt>
    <trkpt lat="32.976852" lon="-116.549073"><ele>1463.5781798398614</ele></trkpt>
    <trkpt lat="32.976611" lon="-116.548865"><ele>1466.0119655998772</ele></trkpt>
    <trkpt lat="32.976438" lon="-116.548773"><ele>1466.0961609600588</ele></trkpt>
    <trkpt lat="32.976249" lon="-116.548646"><ele>1467.057252159945</ele></trkpt>
    <trkpt lat="32.976191" lon="-116.548624"><ele>1467.1350553599555</ele></trkpt>
    <trkpt lat="32.976033" lon="-116.548609"><ele>1465.90773712003</ele></trkpt>
    <trkpt lat="32.975771" lon="-116.548534"><ele>1463.876906559952</ele></trkpt>
    <trkpt lat="32.975573" lon="-116.548497"><ele>1462.7945982400106</ele></trkpt>
    <trkpt lat="32.975403" lon="-116.548395"><ele>1462.2809672000062</ele></trkpt>
    <trkpt lat="32.975317" lon="-116.548308"><ele>1462.0991225598336</ele></trkpt>
    <trkpt lat="32.975103" lon="-116.547999"><ele>1465.3502102398963</ele></trkpt>
    <trkpt lat="32.97497" lon="-116.547835"><ele>1466.5602479998747</ele></trkpt>
    <trkpt lat="32.974945" lon="-116.54773"><ele>1467.5860559999635</ele></trkpt>
    <trkpt lat="32.974986" lon="-116.547507"><ele>1469.7971299200433</ele></trkpt>
    <trkpt lat="32.974975" lon="-116.547317"><ele>1470.9883079999615</ele></trkpt>
    <trkpt lat="32.974947" lon="-116.547232"><ele>1471.173116160042</ele></trkpt>
    <trkpt lat="32.974834" lon="-116.547091"><ele>1471.4992000000948</ele></trkpt>
    <trkpt lat="32.97469" lon="-116.546994"><ele>1470.8637888000605</ele></trkpt>
    <trkpt lat="32.974502" lon="-116.546957"><ele>1468.719669119962</ele></trkpt>
    <trkpt lat="32.974433" lon="-116.546914"><ele>1468.5344534399796</ele></trkpt>
    <trkpt lat="32.974373" lon="-116.546851"><ele>1469.4224337599428</ele></trkpt>
    <trkpt lat="32.974257" lon="-116.546656"><ele>1471.1800876800407</ele></trkpt>
    <trkpt lat="32.974193" lon="-116.546588"><ele>1471.7272473599992</ele></trkpt>
    <trkpt lat="32.974108" lon="-116.546538"><ele>1472.3160000000325</ele></trkpt>
    <trkpt lat="32.973848" lon="-116.546463"><ele>1473.7739270399566</ele></trkpt>
    <trkpt lat="32.973533" lon="-116.546464"><ele>1473.8912364800149</ele></trkpt>
    <trkpt lat="32.973223" lon="-116.54655"><ele>1470.535976000047</ele></trkpt>
    <trkpt lat="32.973101" lon="-116.546502"><ele>1470.631782079941</ele></trkpt>
    <trkpt lat="32.972922" lon="-116.546372"><ele>1471.2231347199195</ele></trkpt>
    <trkpt lat="32.972866" lon="-116.546289"><ele>1471.582817920018</ele></trkpt>
    <trkpt lat="32.972859" lon="-116.546089"><ele>1473.385124960045</ele></trkpt>
    <trkpt lat="32.972829" lon="-116.545985"><ele>1474.0158823999475</ele></trkpt>
    <trkpt lat="32.972722" lon="-116.545845"><ele>1474.4639663999824</ele></trkpt>
    <trkpt lat="32.97263" lon="-116.545766"><ele>1474.6787136000082</ele></trkpt>
    <trkpt lat="32.972038" lon="-116.545464"><ele>1476.107009280027</ele></trkpt>
    <trkpt lat="32.971834" lon="-116.545282"><ele>1475.7888870400116</ele></trkpt>
    <trkpt lat="32.971793" lon="-116.545219"><ele>1475.3643999999795</ele></trkpt>
    <trkpt lat="32.971779" lon="-116.545163"><ele>1475.2131999999779</ele></trkpt>
    <trkpt lat="32.971798" lon="-116.545075"><ele>1475.4183999999973</ele></trkpt>
    <trkpt lat="32.971843" lon="-116.54501"><ele>1475.904399999998</ele></trkpt>
    <trkpt lat="32.971934" lon="-116.544945"><ele>1476.4911999999613</ele></trkpt>
    <trkpt lat="32.972064" lon="-116.544893"><ele>1476.6600000000244</ele></trkpt>
    <trkpt lat="32.972165" lon="-116.544817"><ele>1476.476399999951</ele></trkpt>
    <trkpt lat="32.972201" lon="-116.544721"><ele>1475.9235999999937</ele></trkpt>
    <trkpt lat="32.972166" lon="-116.544624"><ele>1475.7976000000053</ele></trkpt>
    <trkpt lat="32.971998" lon="-116.54442"><ele>1475.4567999999717</ele></trkpt>
    <trkpt lat="32.971948" lon="-116.54438"><ele>1475.7087999999496</ele></trkpt>
    <trkpt lat="32.971864" lon="-116.544359"><ele>1475.1430809599651</ele></trkpt>
    <trkpt lat="32.971712" lon="-116.544398"><ele>1473.1311129599505</ele></trkpt>
    <trkpt lat="32.971578" lon="-116.5444"><ele>1471.7334720000715</ele></trkpt>
    <trkpt lat="32.971477" lon="-116.544373"><ele>1471.1560161601171</ele></trkpt>
    <trkpt lat="32.971133" lon="-116.544193"><ele>1474.5345297598894</ele></trkpt>
    <trkpt lat="32.971073" lon="-116.544185"><ele>1475.4129448000722</ele></trkpt>
    <trkpt lat="32.971008" lon="-116.544208"><ele>1476.2055654400801</ele></trkpt>
    <trkpt lat="32.970847" lon="-116.544385"><ele>1475.8626711999166</ele></trkpt>
    <trkpt lat="32.970754" lon="-116.544459"><ele>1474.7903999999517</ele></trkpt>
    <trkpt lat="32.970617" lon="-116.544516"><ele>1473.9695999999776</ele></trkpt>
    <trkpt lat="32.9702" lon="-116.544613"><ele>1473.415904000039</ele></trkpt>
    <trkpt lat="32.970006" lon="-116.544626"><ele>1474.3498822401011</ele></trkpt>
    <trkpt lat="32.969936" lon="-116.544662"><ele>1474.2780492799864</ele></trkpt>
    <trkpt lat="32.969678" lon="-116.544874"><ele>1474.612800000019</ele></trkpt>
    <trkpt lat="32.969615" lon="-116.544945"><ele>1474.5840000000146</ele></trkpt>
    <trkpt lat="32.96949" lon="-116.545165"><ele>1475.23516799999</ele></trkpt>
    <trkpt lat="32.969473" lon="-116.545103"><ele>1475.1917635199886</ele></trkpt>
    <trkpt lat="32.96947" lon="-116.545097"><ele>1475.192947199988</ele></trkpt>
    <trkpt lat="32.96947" lon="-116.545097"><ele>1475.192947199988</ele></trkpt>
    <trkpt lat="32.969473" lon="-116.545103"><ele>1475.1917635199886</ele></trkpt>
    <trkpt lat="32.96949" lon="-116.545165"><ele>1475.23516799999</ele></trkpt>
    <trkpt lat="32.969511" lon="-116.545236"><ele>1475.2028716800323</ele></trkpt>
    <trkpt lat="32.969508" lon="-116.545365"><ele>1475.412070400039</ele></trkpt>
    <trkpt lat="32.969496" lon="-116.545448"><ele>1475.7147929599992</ele></trkpt>
    <trkpt lat="32.969466" lon="-116.545521"><ele>1476.4389603200411</ele></trkpt>
    <trkpt lat="32.969325" lon="-116.545655"><ele>1477.2160000000624</ele></trkpt>
    <trkpt lat="32.969286" lon="-116.545692"><ele>1477.2376000000072</ele></trkpt>
    <trkpt lat="32.969262" lon="-116.545733"><ele>1477.0540000000103</ele></trkpt>
    <trkpt lat="32.969254" lon="-116.545819"><ele>1476.2116000000656</ele></trkpt>
    <trkpt lat="32.969279" lon="-116.545881"><ele>1475.2354148800632</ele></trkpt>
    <trkpt lat="32.969395" lon="-116.546001"><ele>1471.83832239996</ele></trkpt>
    <trkpt lat="32.969469" lon="-116.546106"><ele>1468.6467468801543</ele></trkpt>
    <trkpt lat="32.969578" lon="-116.546359"><ele>1467.059334080022</ele></trkpt>
    <trkpt lat="32.970118" lon="-116.546977"><ele>1467.2275999999915</ele></trkpt>
    <trkpt lat="32.970204" lon="-116.547135"><ele>1467.3859999999258</ele></trkpt>
    <trkpt lat="32.970242" lon="-116.547297"><ele>1467.3401270400177</ele></trkpt>
    <trkpt lat="32.970248" lon="-116.547424"><ele>1466.7317299200045</ele></trkpt>
    <trkpt lat="32.970226" lon="-116.547547"><ele>1466.4072000000874</ele></trkpt>
    <trkpt lat="32.970146" lon="-116.547684"><ele>1466.5727999999763</ele></trkpt>
    <trkpt lat="32.969962" lon="-116.547885"><ele>1467.6384000000185</ele></trkpt>
    <trkpt lat="32.969911" lon="-116.547995"><ele>1467.397199999963</ele></trkpt>
    <trkpt lat="32.969885" lon="-116.548106"><ele>1466.8787999999922</ele></trkpt>
    <trkpt lat="32.969869" lon="-116.548253"><ele>1465.9931999999512</ele></trkpt>
    <trkpt lat="32.969866" lon="-116.548916"><ele>1465.154399999906</ele></trkpt>
    <trkpt lat="32.96984" lon="-116.549037"><ele>1464.12840000004</ele></trkpt>
    <trkpt lat="32.969801" lon="-116.549106"><ele>1463.8044000000914</ele></trkpt>
    <trkpt lat="32.969531" lon="-116.54933"><ele>1465.6779999999617</ele></trkpt>
    <trkpt lat="32.96923" lon="-116.549653"><ele>1465.2915999999082</ele></trkpt>
    <trkpt lat="32.969125" lon="-116.549705"><ele>1465.3266999999753</ele></trkpt>
    <trkpt lat="32.968983" lon="-116.54972"><ele>1465.679910400049</ele></trkpt>
    <trkpt lat="32.968763" lon="-116.54969"><ele>1466.6326288000014</ele></trkpt>
    <trkpt lat="32.968676" lon="-116.549645"><ele>1467.1093408000027</ele></trkpt>
    <trkpt lat="32.968465" lon="-116.549442"><ele>1469.6039423999887</ele></trkpt>
    <trkpt lat="32.968399" lon="-116.549442"><ele>1470.312560640029</ele></trkpt>
    <trkpt lat="32.968359" lon="-116.549508"><ele>1470.4939999999947</ele></trkpt>
    <trkpt lat="32.968356" lon="-116.549854"><ele>1470.190888959988</ele></trkpt>
    <trkpt lat="32.968369" lon="-116.550012"><ele>1470.5185062399482</ele></trkpt>
    <trkpt lat="32.968448" lon="-116.550483"><ele>1468.7843999999538</ele></trkpt>
    <trkpt lat="32.968538" lon="-116.550811"><ele>1464.7399999999793</ele></trkpt>
    <trkpt lat="32.968548" lon="-116.550955"><ele>1464.0247136000316</ele></trkpt>
    <trkpt lat="32.968534" lon="-116.551284"><ele>1462.4215564800918</ele></trkpt>
    <trkpt lat="32.968586" lon="-116.551592"><ele>1461.077698559947</ele></trkpt>
    <trkpt lat="32.968585" lon="-116.551664"><ele>1461.5475072000725</ele></trkpt>
    <trkpt lat="32.968556" lon="-116.551762"><ele>1462.4655091199988</ele></trkpt>
    <trkpt lat="32.968461" lon="-116.551887"><ele>1464.6069547200314</ele></trkpt>
    <trkpt lat="32.968104" lon="-116.552198"><ele>1468.795184640001</ele></trkpt>
    <trkpt lat="32.967916" lon="-116.55234"><ele>1468.6543999999844</ele></trkpt>
    <trkpt lat="32.967872" lon="-116.552389"><ele>1468.4599999999637</ele></trkpt>
    <trkpt lat="32.967844" lon="-116.552471"><ele>1467.970400000023</ele></trkpt>
    <trkpt lat="32.967848" lon="-116.55252"><ele>1467.9094016000215</ele></trkpt>
    <trkpt lat="32.967884" lon="-116.552587"><ele>1468.3637676800274</ele></trkpt>
    <trkpt lat="32.968002" lon="-116.552665"><ele>1468.860276800049</ele></trkpt>
    <trkpt lat="32.968287" lon="-116.552801"><ele>1469.4036555200348</ele></trkpt>
    <trkpt lat="32.968348" lon="-116.552858"><ele>1469.6927513600192</ele></trkpt>
    <trkpt lat="32.968455" lon="-116.553042"><ele>1470.122974400063</ele></trkpt>
    <trkpt lat="32.968532" lon="-116.553144"><ele>1470.2314393599993</ele></trkpt>
    <trkpt lat="32.968652" lon="-116.553235"><ele>1469.9952000000303</ele></trkpt>
    <trkpt lat="32.968849" lon="-116.553334"><ele>1468.578855360062</ele></trkpt>
    <trkpt lat="32.96923" lon="-116.553468"><ele>1463.3143999998908</ele></trkpt>
    <trkpt lat="32.969336" lon="-116.553521"><ele>1461.978800000066</ele></trkpt>
    <trkpt lat="32.969539" lon="-116.553693"><ele>1460.337499839974</ele></trkpt>
    <trkpt lat="32.969657" lon="-116.553821"><ele>1460.587570240018</ele></trkpt>
    <trkpt lat="32.969707" lon="-116.553907"><ele>1461.3531729599702</ele></trkpt>
    <trkpt lat="32.969747" lon="-116.554034"><ele>1461.5988000000452</ele></trkpt>
    <trkpt lat="32.969774" lon="-116.554284"><ele>1462.6478707199628</ele></trkpt>
    <trkpt lat="32.969852" lon="-116.554747"><ele>1463.5205772800211</ele></trkpt>
    <trkpt lat="32.96986" lon="-116.554775"><ele>1463.5932800000073</ele></trkpt>
    <trkpt lat="32.96986" lon="-116.554775"><ele>1463.5932800000073</ele></trkpt>
    <trkpt lat="32.969955" lon="-116.555123"><ele>1462.5818672000446</ele></trkpt>
    <trkpt lat="32.969961" lon="-116.555228"><ele>1461.8696806400296</ele></trkpt>
    <trkpt lat="32.969948" lon="-116.555343"><ele>1461.8956908799576</ele></trkpt>
    <trkpt lat="32.969897" lon="-116.555474"><ele>1462.6657337599745</ele></trkpt>
    <trkpt lat="32.969826" lon="-116.555583"><ele>1463.1540000000216</ele></trkpt>
    <trkpt lat="32.969759" lon="-116.555652"><ele>1463.3879999999938</ele></trkpt>
    <trkpt lat="32.969566" lon="-116.555761"><ele>1463.5532979199693</ele></trkpt>
    <trkpt lat="32.969485" lon="-116.555824"><ele>1463.0909887999885</ele></trkpt>
    <trkpt lat="32.969431" lon="-116.555895"><ele>1463.0967999999993</ele></trkpt>
    <trkpt lat="32.969228" lon="-116.556282"><ele>1463.9432000000072</ele></trkpt>
    <trkpt lat="32.96931" lon="-116.556366"><ele>1463.0504000000096</ele></trkpt>
    <trkpt lat="32.969363" lon="-116.556421"><ele>1462.7498121599936</ele></trkpt>
    <trkpt lat="32.96948" lon="-116.55649"><ele>1462.8211839999651</ele></trkpt>
    <trkpt lat="32.969684" lon="-116.556552"><ele>1464.1872025599553</ele></trkpt>
    <trkpt lat="32.969903" lon="-116.556586"><ele>1464.376592319944</ele></trkpt>
    <trkpt lat="32.969998" lon="-116.556642"><ele>1464.7401606399728</ele></trkpt>
    <trkpt lat="32.970063" lon="-116.556715"><ele>1465.1895999999101</ele></trkpt>
    <trkpt lat="32.97019" lon="-116.556958"><ele>1468.109820799909</ele></trkpt>
    <trkpt lat="32.970254" lon="-116.557028"><ele>1468.184948480062</ele></trkpt>
    <trkpt lat="32.97032" lon="-116.557056"><ele>1467.9618432000268</ele></trkpt>
    <trkpt lat="32.970621" lon="-116.557044"><ele>1466.0468390400652</ele></trkpt>
    <trkpt lat="32.970714" lon="-116.557075"><ele>1466.0072879999545</ele></trkpt>
    <trkpt lat="32.970821" lon="-116.557148"><ele>1466.7202636799602</ele></trkpt>
    <trkpt lat="32.970938" lon="-116.557273"><ele>1466.4365580800234</ele></trkpt>
    <trkpt lat="32.971122" lon="-116.557572"><ele>1466.4603212799436</ele></trkpt>
    <trkpt lat="32.971188" lon="-116.557639"><ele>1466.7242214399587</ele></trkpt>
    <trkpt lat="32.971301" lon="-116.557693"><ele>1466.9723305600123</ele></trkpt>
    <trkpt lat="32.971416" lon="-116.557705"><ele>1467.0495999999716</ele></trkpt>
    <trkpt lat="32.971542" lon="-116.557669"><ele>1466.9848000000584</ele></trkpt>
    <trkpt lat="32.971769" lon="-116.55747"><ele>1465.3094127998872</ele></trkpt>
    <trkpt lat="32.971983" lon="-116.557368"><ele>1464.1915155199094</ele></trkpt>
    <trkpt lat="32.972213" lon="-116.557293"><ele>1462.5125187200363</ele></trkpt>
    <trkpt lat="32.972485" lon="-116.557252"><ele>1461.6432000001168</ele></trkpt>
    <trkpt lat="32.972633" lon="-116.55728"><ele>1462.048819200102</ele></trkpt>
    <trkpt lat="32.972717" lon="-116.557314"><ele>1462.4661830400762</ele></trkpt>
    <trkpt lat="32.972894" lon="-116.557407"><ele>1461.7088803200284</ele></trkpt>
    <trkpt lat="32.973224" lon="-116.557622"><ele>1457.1605926399345</ele></trkpt>
    <trkpt lat="32.973361" lon="-116.557738"><ele>1456.3712000000264</ele></trkpt>
    <trkpt lat="32.973414" lon="-116.557821"><ele>1456.5547587200228</ele></trkpt>
    <trkpt lat="32.973439" lon="-116.557963"><ele>1457.0001521600036</ele></trkpt>
    <trkpt lat="32.973427" lon="-116.558035"><ele>1457.2623416000167</ele></trkpt>
    <trkpt lat="32.973377" lon="-116.558132"><ele>1457.0274156799987</ele></trkpt>
    <trkpt lat="32.973296" lon="-116.558232"><ele>1457.4885708800314</ele></trkpt>
    <trkpt lat="32.973262" lon="-116.558312"><ele>1458.0074777600244</ele></trkpt>
    <trkpt lat="32.973269" lon="-116.5584"><ele>1458.6843200000308</ele></trkpt>
    <trkpt lat="32.973305" lon="-116.558473"><ele>1458.6700279999773</ele></trkpt>
    <trkpt lat="32.97341" lon="-116.558635"><ele>1457.5782639999275</ele></trkpt>
    <trkpt lat="32.973556" lon="-116.558927"><ele>1457.0203590399008</ele></trkpt>
    <trkpt lat="32.973654" lon="-116.559065"><ele>1457.3001103999998</ele></trkpt>
    <trkpt lat="32.974455" lon="-116.559896"><ele>1446.6630271999654</ele></trkpt>
    <trkpt lat="32.974613" lon="-116.560125"><ele>1444.9861400000434</ele></trkpt>
    <trkpt lat="32.97466" lon="-116.560238"><ele>1444.3927231999903</ele></trkpt>
    <trkpt lat="32.974698" lon="-116.560506"><ele>1442.8604435200868</ele></trkpt>
    <trkpt lat="32.974683" lon="-116.561123"><ele>1438.6083132800618</ele></trkpt>
    <trkpt lat="32.974722" lon="-116.561271"><ele>1436.851879039967</ele></trkpt>
    <trkpt lat="32.974796" lon="-116.561354"><ele>1435.852162560031</ele></trkpt>
    <trkpt lat="32.974863" lon="-116.561374"><ele>1435.4917420800039</ele></trkpt>
    <trkpt lat="32.974924" lon="-116.561367"><ele>1435.202238720007</ele></trkpt>
    <trkpt lat="32.975114" lon="-116.561292"><ele>1434.0161049599506</ele></trkpt>
    <trkpt lat="32.975192" lon="-116.561288"><ele>1433.7715123200574</ele></trkpt>
    <trkpt lat="32.975316" lon="-116.561338"><ele>1434.1296000000934</ele></trkpt>
    <trkpt lat="32.975462" lon="-116.561453"><ele>1435.182266560002</ele></trkpt>
    <trkpt lat="32.975535" lon="-116.561488"><ele>1435.4747967999574</ele></trkpt>
    <trkpt lat="32.975685" lon="-116.561504"><ele>1436.3964895999834</ele></trkpt>
    <trkpt lat="32.975853" lon="-116.561483"><ele>1436.9924129599517</ele></trkpt>
    <trkpt lat="32.976084" lon="-116.561495"><ele>1436.8012831999517</ele></trkpt>
    <trkpt lat="32.976208" lon="-116.561573"><ele>1435.4680307199858</ele></trkpt>
    <trkpt lat="32.976384" lon="-116.561812"><ele>1432.6287999999472</ele></trkpt>
    <trkpt lat="32.976591" lon="-116.562157"><ele>1430.448440480017</ele></trkpt>
    <trkpt lat="32.976632" lon="-116.562281"><ele>1430.731592319919</ele></trkpt>
    <trkpt lat="32.976651" lon="-116.56246"><ele>1432.027321600108</ele></trkpt>
    <trkpt lat="32.976628" lon="-116.563132"><ele>1428.2432921600423</ele></trkpt>
    <trkpt lat="32.976628" lon="-116.563132"><ele>1428.2432921600423</ele></trkpt>
    <trkpt lat="32.976625" lon="-116.563234"><ele>1427.8612400000409</ele></trkpt>
    <trkpt lat="32.976671" lon="-116.563556"><ele>1426.1329049599321</ele></trkpt>
    <trkpt lat="32.976676" lon="-116.563853"><ele>1424.1532588800646</ele></trkpt>
    <trkpt lat="32.976648" lon="-116.564167"><ele>1423.0682387200022</ele></trkpt>
    <trkpt lat="32.976602" lon="-116.564422"><ele>1423.7240204799866</ele></trkpt>
    <trkpt lat="32.97642" lon="-116.565164"><ele>1419.6997247999889</ele></trkpt>
    <trkpt lat="32.976407" lon="-116.565289"><ele>1419.1551999999938</ele></trkpt>
    <trkpt lat="32.97641" lon="-116.565418"><ele>1418.7232000000354</ele></trkpt>
    <trkpt lat="32.976437" lon="-116.56555"><ele>1418.5395999999628</ele></trkpt>
    <trkpt lat="32.976569" lon="-116.565974"><ele>1418.6168502399864</ele></trkpt>
    <trkpt lat="32.97661" lon="-116.566402"><ele>1416.8834015999691</ele></trkpt>
    <trkpt lat="32.97666" lon="-116.566573"><ele>1416.2073503999236</ele></trkpt>
    <trkpt lat="32.977093" lon="-116.566589"><ele>1416.604400000038</ele></trkpt>
    <trkpt lat="32.977169" lon="-116.566592"><ele>1417.4252000000379</ele></trkpt>
    <trkpt lat="32.97722" lon="-116.566594"><ele>1417.9760000000279</ele></trkpt>
    <trkpt lat="32.977263" lon="-116.566629"><ele>1418.2936000000045</ele></trkpt>
    <trkpt lat="32.977284" lon="-116.566642"><ele>1418.4447999999811</ele></trkpt>
    <trkpt lat="32.977333" lon="-116.566648"><ele>1418.7976000000108</ele></trkpt>
    <trkpt lat="32.977418" lon="-116.566663"><ele>1419.4096000000009</ele></trkpt>
    <trkpt lat="32.977468" lon="-116.566675"><ele>1419.716511999989</ele></trkpt>
    <trkpt lat="32.977496" lon="-116.566686"><ele>1419.8340044799843</ele></trkpt>
    <trkpt lat="32.977591" lon="-116.566706"><ele>1419.8095763200142</ele></trkpt>
    <trkpt lat="32.977629" lon="-116.566719"><ele>1419.7981859199765</ele></trkpt>
    <trkpt lat="32.977661" lon="-116.566747"><ele>1419.7568406399755</ele></trkpt>
    <trkpt lat="32.9777" lon="-116.5668"><ele>1419.7311999999943</ele></trkpt>
    <trkpt lat="32.977776" lon="-116.56694"><ele>1419.9874047999906</ele></trkpt>
    <trkpt lat="32.977864" lon="-116.567109"><ele>1420.833080959942</ele></trkpt>
    <trkpt lat="32.977895" lon="-116.567166"><ele>1421.2269871999406</ele></trkpt>
    <trkpt lat="32.977895" lon="-116.567166"><ele>1421.2269871999406</ele></trkpt>
    <trkpt lat="32.97791" lon="-116.567195"><ele>1421.4313520000287</ele></trkpt>
    <trkpt lat="32.977939" lon="-116.567231"><ele>1421.8703999999614</ele></trkpt>
    <trkpt lat="32.977961" lon="-116.567263"><ele>1422.1512000000198</ele></trkpt>
    <trkpt lat="32.977997" lon="-116.567353"><ele>1422.4752000000476</ele></trkpt>
    <trkpt lat="32.978036" lon="-116.567409"><ele>1422.975600000062</ele></trkpt>
    <trkpt lat="32.978053" lon="-116.567442"><ele>1423.1628000000487</ele></trkpt>
    <trkpt lat="32.978093" lon="-116.567477"><ele>1423.3747228800246</ele></trkpt>
    <trkpt lat="32.978119" lon="-116.567507"><ele>1423.3811999999293</ele></trkpt>
    <trkpt lat="32.978169" lon="-116.567534"><ele>1423.449600000064</ele></trkpt>
    <trkpt lat="32.978243" lon="-116.567547"><ele>1423.8419999999426</ele></trkpt>
    <trkpt lat="32.978319" lon="-116.567564"><ele>1424.2055999999457</ele></trkpt>
    <trkpt lat="32.978359" lon="-116.567577"><ele>1424.2351867199939</ele></trkpt>
    <trkpt lat="32.978449" lon="-116.567605"><ele>1424.1250007999906</ele></trkpt>
    <trkpt lat="32.978487" lon="-116.567614"><ele>1424.0949667199252</ele></trkpt>
    <trkpt lat="32.978523" lon="-116.567607"><ele>1424.264185440068</ele></trkpt>
    <trkpt lat="32.978577" lon="-116.56759"><ele>1424.6209872000647</ele></trkpt>
    <trkpt lat="32.978626" lon="-116.567571"><ele>1424.8305001600024</ele></trkpt>
    <trkpt lat="32.97864" lon="-116.567561"><ele>1424.832438400046</ele></trkpt>
    <trkpt lat="32.978663" lon="-116.567543"><ele>1424.8493166400194</ele></trkpt>
    <trkpt lat="32.978708" lon="-116.567486"><ele>1425.0872204800057</ele></trkpt>
    <trkpt lat="32.978748" lon="-116.567436"><ele>1425.0992588799584</ele></trkpt>
    <trkpt lat="32.978788" lon="-116.567379"><ele>1425.1190099199591</ele></trkpt>
    <trkpt lat="32.97882" lon="-116.567353"><ele>1424.933641600038</ele></trkpt>
    <trkpt lat="32.978855" lon="-116.567298"><ele>1424.9091184000074</ele></trkpt>
    <trkpt lat="32.978907" lon="-116.567192"><ele>1425.1889062399437</ele></trkpt>
    <trkpt lat="32.978933" lon="-116.567161"><ele>1425.3086004800311</ele></trkpt>
    <trkpt lat="32.978959" lon="-116.567148"><ele>1425.2293587199429</ele></trkpt>
    <trkpt lat="32.979019" lon="-116.567127"><ele>1424.9310324799987</ele></trkpt>
    <trkpt lat="32.979063" lon="-116.567128"><ele>1424.5513894400576</ele></trkpt>
    <trkpt lat="32.979097" lon="-116.567144"><ele>1424.135425279984</ele></trkpt>
    <trkpt lat="32.97912" lon="-116.567176"><ele>1423.6967551999594</ele></trkpt>
    <trkpt lat="32.979144" lon="-116.567202"><ele>1423.3147404800552</ele></trkpt>
    <trkpt lat="32.979172" lon="-116.567252"><ele>1422.9524582399952</ele></trkpt>
    <trkpt lat="32.979202" lon="-116.567313"><ele>1423.096368960013</ele></trkpt>
    <trkpt lat="32.979253" lon="-116.567375"><ele>1423.5533400000031</ele></trkpt>
    <trkpt lat="32.979278" lon="-116.567404"><ele>1423.8102835200177</ele></trkpt>
    <trkpt lat="32.979312" lon="-116.567446"><ele>1424.1854899199955</ele></trkpt>
    <trkpt lat="32.979354" lon="-116.567476"><ele>1424.7257318400111</ele></trkpt>
    <trkpt lat="32.979413" lon="-116.567531"><ele>1425.3492662399972</ele></trkpt>
    <trkpt lat="32.979457" lon="-116.56757"><ele>1425.597790399947</ele></trkpt>
    <trkpt lat="32.979501" lon="-116.567615"><ele>1425.663490399969</ele></trkpt>
    <trkpt lat="32.979518" lon="-116.567631"><ele>1425.7112796799524</ele></trkpt>
    <trkpt lat="32.979541" lon="-116.567647"><ele>1425.8207499200141</ele></trkpt>
    <trkpt lat="32.979554" lon="-116.567654"><ele>1425.8986553599764</ele></trkpt>
    <trkpt lat="32.979615" lon="-116.567688"><ele>1426.2899552000047</ele></trkpt>
    <trkpt lat="32.979716" lon="-116.567744"><ele>1427.0571238400173</ele></trkpt>
    <trkpt lat="32.979747" lon="-116.567765"><ele>1427.1393032000346</ele></trkpt>
    <trkpt lat="32.979771" lon="-116.567777"><ele>1427.17889167997</ele></trkpt>
    <trkpt lat="32.979847" lon="-116.567806"><ele>1427.347599999982</ele></trkpt>
    <trkpt lat="32.979923" lon="-116.567828"><ele>1427.541999999977</ele></trkpt>
    <trkpt lat="32.979948" lon="-116.567828"><ele>1427.6319999999803</ele></trkpt>
    <trkpt lat="32.980041" lon="-116.567844"><ele>1427.909200000022</ele></trkpt>
    <trkpt lat="32.980088" lon="-116.567858"><ele>1428.0280000000034</ele></trkpt>
    <trkpt lat="32.980117" lon="-116.567858"><ele>1428.1323999999959</ele></trkpt>
    <trkpt lat="32.980191" lon="-116.567858"><ele>1428.3987999999881</ele></trkpt>
    <trkpt lat="32.980262" lon="-116.567862"><ele>1428.6399999999933</ele></trkpt>
    <trkpt lat="32.98031" lon="-116.567849"><ele>1428.7733424000173</ele></trkpt>
    <trkpt lat="32.980427" lon="-116.567813"><ele>1428.9413169599977</ele></trkpt>
    <trkpt lat="32.980534" lon="-116.567788"><ele>1428.9971443200018</ele></trkpt>
    <trkpt lat="32.980644" lon="-116.567726"><ele>1428.8813004799872</ele></trkpt>
    <trkpt lat="32.980743" lon="-116.567676"><ele>1428.5055065600368</ele></trkpt>
    <trkpt lat="32.980929" lon="-116.567543"><ele>1427.7073131200184</ele></trkpt>
    <trkpt lat="32.981092" lon="-116.567447"><ele>1427.371927040005</ele></trkpt>
    <trkpt lat="32.98124" lon="-116.56736"><ele>1427.4122879999081</ele></trkpt>
    <trkpt lat="32.981411" lon="-116.56732"><ele>1427.9472191999234</ele></trkpt>
    <trkpt lat="32.981595" lon="-116.567173"><ele>1426.8209175999484</ele></trkpt>
    <trkpt lat="32.981607" lon="-116.567164"><ele>1426.777022080052</ele></trkpt>
    <trkpt lat="32.981607" lon="-116.567164"><ele>1426.777022080052</ele></trkpt>
    <trkpt lat="32.98168" lon="-116.567109"><ele>1426.4940352000037</ele></trkpt>
    <trkpt lat="32.981762" lon="-116.567083"><ele>1426.8527881599782</ele></trkpt>
    <trkpt lat="32.981837" lon="-116.567015"><ele>1426.398152799953</ele></trkpt>
    <trkpt lat="32.982021" lon="-116.566919"><ele>1424.92444495995</ele></trkpt>
    <trkpt lat="32.982047" lon="-116.566912"><ele>1424.6039225600325</ele></trkpt>
    <trkpt lat="32.982089" lon="-116.5669"><ele>1424.0824640000649</ele></trkpt>
    <trkpt lat="32.982148" lon="-116.566867"><ele>1423.0659046400244</ele></trkpt>
    <trkpt lat="32.98224" lon="-116.566803"><ele>1421.4539999998751</ele></trkpt>
    <trkpt lat="32.982333" lon="-116.566758"><ele>1420.6439999998738</ele></trkpt>
    <trkpt lat="32.982465" lon="-116.566784"><ele>1421.1119999999712</ele></trkpt>
    <trkpt lat="32.982542" lon="-116.566795"><ele>1421.3214911999846</ele></trkpt>
    <trkpt lat="32.982772" lon="-116.56686"><ele>1422.0961536000639</ele></trkpt>
    <trkpt lat="32.982921" lon="-116.566893"><ele>1422.3489108799156</ele></trkpt>
    <trkpt lat="32.983077" lon="-116.566938"><ele>1422.9843999999089</ele></trkpt>
    <trkpt lat="32.983182" lon="-116.567014"><ele>1424.7296358400051</ele></trkpt>
    <trkpt lat="32.983309" lon="-116.567109"><ele>1426.3857884800325</ele></trkpt>
    <trkpt lat="32.983403" lon="-116.567228"><ele>1428.06755008</ele></trkpt>
    <trkpt lat="32.983488" lon="-116.56742"><ele>1429.6586751999778</ele></trkpt>
    <trkpt lat="32.983593" lon="-116.56772"><ele>1430.0392383999917</ele></trkpt>
    <trkpt lat="32.98361" lon="-116.567809"><ele>1430.0168992000188</ele></trkpt>
    <trkpt lat="32.983623" lon="-116.567905"><ele>1429.805602399976</ele></trkpt>
    <trkpt lat="32.983643" lon="-116.567982"><ele>1429.5104009599893</ele></trkpt>
    <trkpt lat="32.983663" lon="-116.568049"><ele>1429.2483915200016</ele></trkpt>
    <trkpt lat="32.983683" lon="-116.568085"><ele>1429.3887999999606</ele></trkpt>
    <trkpt lat="32.983732" lon="-116.568104"><ele>1428.9568000000272</ele></trkpt>
    <trkpt lat="32.984146" lon="-116.568074"><ele>1428.0553401599714</ele></trkpt>
    <trkpt lat="32.984322" lon="-116.568132"><ele>1427.3018918400842</ele></trkpt>
    <trkpt lat="32.984535" lon="-116.568268"><ele>1425.949849600032</ele></trkpt>
    <trkpt lat="32.984625" lon="-116.568469"><ele>1427.3710599998635</ele></trkpt>
    <trkpt lat="32.984656" lon="-116.568599"><ele>1428.9843942400844</ele></trkpt>
    <trkpt lat="32.984656" lon="-116.568599"><ele>1428.9843942400844</ele></trkpt>
    <trkpt lat="32.984702" lon="-116.568794"><ele>1430.8538054399728</ele></trkpt>
    <trkpt lat="32.984768" lon="-116.568964"><ele>1430.635847679874</ele></trkpt>
    <trkpt lat="32.98488" lon="-116.569053"><ele>1427.6850976000576</ele></trkpt>
    <trkpt lat="32.985031" lon="-116.569106"><ele>1424.4128531201052</ele></trkpt>
    <trkpt lat="32.985103" lon="-116.569165"><ele>1424.4823503999282</ele></trkpt>
    <trkpt lat="32.985193" lon="-116.569307"><ele>1424.4280259199297</ele></trkpt>
    <trkpt lat="32.985231" lon="-116.56935"><ele>1424.4313120000113</ele></trkpt>
    <trkpt lat="32.985462" lon="-116.569421"><ele>1424.6348518400869</ele></trkpt>
    <trkpt lat="32.985769" lon="-116.569433"><ele>1422.5204580800798</ele></trkpt>
    <trkpt lat="32.985938" lon="-116.569474"><ele>1422.0976000000073</ele></trkpt>
    <trkpt lat="32.986145" lon="-116.569546"><ele>1422.4368000000668</ele></trkpt>
    <trkpt lat="32.986364" lon="-116.569713"><ele>1424.092799999773</ele></trkpt>
    <trkpt lat="32.986528" lon="-116.569919"><ele>1426.8084332799694</ele></trkpt>
    <trkpt lat="32.986611" lon="-116.570072"><ele>1428.9129126398393</ele></trkpt>
    <trkpt lat="32.986635" lon="-116.570259"><ele>1432.9982127998323</ele></trkpt>
    <trkpt lat="32.986607" lon="-116.570446"><ele>1435.415834240044</ele></trkpt>
    <trkpt lat="32.986607" lon="-116.570446"><ele>1435.415834240044</ele></trkpt>
    <trkpt lat="32.986587" lon="-116.57058"><ele>1436.422838399958</ele></trkpt>
    <trkpt lat="32.986532" lon="-116.570807"><ele>1435.598040960021</ele></trkpt>
    <trkpt lat="32.986426" lon="-116.570934"><ele>1437.0819167999448</ele></trkpt>
    <trkpt lat="32.986215" lon="-116.571053"><ele>1438.8435184000145</ele></trkpt>
    <trkpt lat="32.98601" lon="-116.571109"><ele>1437.185532799986</ele></trkpt>
    <trkpt lat="32.985739" lon="-116.571073"><ele>1433.5952000000284</ele></trkpt>
    <trkpt lat="32.985167" lon="-116.57097"><ele>1434.9938096000308</ele></trkpt>
    <trkpt lat="32.985231" lon="-116.571318"><ele>1433.391872959994</ele></trkpt>
    <trkpt lat="32.985294" lon="-116.57149"><ele>1431.0596575999773</ele></trkpt>
    <trkpt lat="32.98539" lon="-116.571638"><ele>1428.9527072000135</ele></trkpt>
    <trkpt lat="32.985441" lon="-116.571804"><ele>1427.9466905599795</ele></trkpt>
    <trkpt lat="32.985404" lon="-116.572367"><ele>1429.1703667199172</ele></trkpt>
    <trkpt lat="32.985437" lon="-116.572518"><ele>1428.924973440092</ele></trkpt>
    <trkpt lat="32.985491" lon="-116.572643"><ele>1428.1574419199153</ele></trkpt>
    <trkpt lat="32.985584" lon="-116.572779"><ele>1427.5957011199446</ele></trkpt>
    <trkpt lat="32.985664" lon="-116.572973"><ele>1427.6899462400313</ele></trkpt>
    <trkpt lat="32.98569" lon="-116.57308"><ele>1428.253408000054</ele></trkpt>
    <trkpt lat="32.985733" lon="-116.573187"><ele>1428.839719840007</ele></trkpt>
    <trkpt lat="32.985808" lon="-116.573273"><ele>1428.8193913600162</ele></trkpt>
    <trkpt lat="32.985808" lon="-116.573273"><ele>1428.8193913600162</ele></trkpt>
    <trkpt lat="32.98584" lon="-116.57331"><ele>1428.7339840000009</ele></trkpt>
    <trkpt lat="32.985923" lon="-116.573508"><ele>1428.7634233600281</ele></trkpt>
    <trkpt lat="32.985979" lon="-116.573698"><ele>1428.824303039958</ele></trkpt>
    <trkpt lat="32.986022" lon="-116.573944"><ele>1428.558940160051</ele></trkpt>
    <trkpt lat="32.986009" lon="-116.574261"><ele>1428.1496369598206</ele></trkpt>
    <trkpt lat="32.985949" lon="-116.574471"><ele>1428.5092156800365</ele></trkpt>
    <trkpt lat="32.985863" lon="-116.574808"><ele>1425.4539596798595</ele></trkpt>
    <trkpt lat="32.98583" lon="-116.57505"><ele>1422.1861599999204</ele></trkpt>
    <trkpt lat="32.985757" lon="-116.575192"><ele>1421.6575417599902</ele></trkpt>
    <trkpt lat="32.985554" lon="-116.575533"><ele>1421.4447452801137</ele></trkpt>
    <trkpt lat="32.985404" lon="-116.575858"><ele>1419.2436492800168</ele></trkpt>
    <trkpt lat="32.985298" lon="-116.575981"><ele>1418.9392995200183</ele></trkpt>
    <trkpt lat="32.985171" lon="-116.576056"><ele>1419.6058649600964</ele></trkpt>
    <trkpt lat="32.985052" lon="-116.576184"><ele>1418.4635212800117</ele></trkpt>
    <trkpt lat="32.985101" lon="-116.576232"><ele>1416.65743871989</ele></trkpt>
    <trkpt lat="32.985153" lon="-116.576321"><ele>1413.9237844802</ele></trkpt>
    <trkpt lat="32.985057" lon="-116.576351"><ele>1414.3112107199663</ele></trkpt>
    <trkpt lat="32.984803" lon="-116.576602"><ele>1413.3310035201464</ele></trkpt>
    <trkpt lat="32.984738" lon="-116.576651"><ele>1413.1611929600422</ele></trkpt>
    <trkpt lat="32.984738" lon="-116.576651"><ele>1413.1611929600422</ele></trkpt>
    <trkpt lat="32.984456" lon="-116.576864"><ele>1413.8367052799629</ele></trkpt>
    <trkpt lat="32.984089" lon="-116.577037"><ele>1416.2517491199776</ele></trkpt>
    <trkpt lat="32.982917" lon="-116.577216"><ele>1413.6244268798619</ele></trkpt>
    <trkpt lat="32.982052" lon="-116.577057"><ele>1413.0881196800628</ele></trkpt>
    <trkpt lat="32.981519" lon="-116.576765"><ele>1414.47997280006</ele></trkpt>
    <trkpt lat="32.981483" lon="-116.576761"><ele>1414.106287039904</ele></trkpt>
    <trkpt lat="32.981392" lon="-116.576759"><ele>1413.0401542400432</ele></trkpt>
    <trkpt lat="32.981313" lon="-116.576746"><ele>1413.0260518400003</ele></trkpt>
    <trkpt lat="32.981236" lon="-116.576742"><ele>1412.9345369600326</ele></trkpt>
    <trkpt lat="32.981177" lon="-116.57674"><ele>1412.8479583999992</ele></trkpt>
    <trkpt lat="32.981131" lon="-116.576746"><ele>1412.7451020799967</ele></trkpt>
    <trkpt lat="32.981093" lon="-116.576755"><ele>1412.7027335999794</ele></trkpt>
    <trkpt lat="32.981055" lon="-116.576758"><ele>1412.737617600008</ele></trkpt>
    <trkpt lat="32.980937" lon="-116.576841"><ele>1412.765779680004</ele></trkpt>
    <trkpt lat="32.980899" lon="-116.576858"><ele>1412.8371676799968</ele></trkpt>
    <trkpt lat="32.980764" lon="-116.576883"><ele>1412.7504000000022</ele></trkpt>
    <trkpt lat="32.980738" lon="-116.57692"><ele>1412.6568000000084</ele></trkpt>
    <trkpt lat="32.980738" lon="-116.57692"><ele>1412.6568000000084</ele></trkpt>
    <trkpt lat="32.98041" lon="-116.577391"><ele>1411.186782399989</ele></trkpt>
    <trkpt lat="32.980379" lon="-116.577462"><ele>1411.0498499200035</ele></trkpt>
    <trkpt lat="32.980335" lon="-116.577675"><ele>1410.3700000000026</ele></trkpt>
    <trkpt lat="32.980332" lon="-116.577782"><ele>1410.0029670399992</ele></trkpt>
    <trkpt lat="32.980425" lon="-116.577868"><ele>1410.172143999987</ele></trkpt>
    <trkpt lat="32.980433" lon="-116.578007"><ele>1410.4611217599927</ele></trkpt>
    <trkpt lat="32.980374" lon="-116.578111"><ele>1410.2772585599844</ele></trkpt>
    <trkpt lat="32.980281" lon="-116.578201"><ele>1410.0055262399962</ele></trkpt>
    <trkpt lat="32.980038" lon="-116.578435"><ele>1410.8631999999984</ele></trkpt>
    <trkpt lat="32.979875" lon="-116.578564"><ele>1411.07632</ele></trkpt>
    <trkpt lat="32.979844" lon="-116.578586"><ele>1411.0507686399972</ele></trkpt>
    <trkpt lat="32.979798" lon="-116.578683"><ele>1410.482400000014</ele></trkpt>
    <trkpt lat="32.979791" lon="-116.578721"><ele>1410.2087999999885</ele></trkpt>
    <trkpt lat="32.979786" lon="-116.578749"><ele>1410.007199999986</ele></trkpt>
    <trkpt lat="32.979892" lon="-116.578774"><ele>1409.827200000031</ele></trkpt>
    <trkpt lat="32.979938" lon="-116.578837"><ele>1409.3736000000508</ele></trkpt>
    <trkpt lat="32.980002" lon="-116.578953"><ele>1409.001661759999</ele></trkpt>
    <trkpt lat="32.980037" lon="-116.579025"><ele>1409.065268000006</ele></trkpt>
    <trkpt lat="32.98008" lon="-116.579081"><ele>1409.1991808000046</ele></trkpt>
    <trkpt lat="32.980111" lon="-116.579122"><ele>1409.3353443199999</ele></trkpt>
    <trkpt lat="32.980139" lon="-116.579195"><ele>1409.6534407999973</ele></trkpt>
    <trkpt lat="32.980153" lon="-116.57924"><ele>1409.9602111999986</ele></trkpt>
    <trkpt lat="32.98018" lon="-116.579264"><ele>1410.2254591999558</ele></trkpt>
    <trkpt lat="32.980273" lon="-116.579289"><ele>1410.8560251200042</ele></trkpt>
    <trkpt lat="32.9804" lon="-116.57935"><ele>1411.320000000037</ele></trkpt>
    <trkpt lat="32.980554" lon="-116.579411"><ele>1411.7591999999513</ele></trkpt>
    <trkpt lat="32.980828" lon="-116.579508"><ele>1410.496000000012</ele></trkpt>
    <trkpt lat="32.981143" lon="-116.579567"><ele>1410.3371004799742</ele></trkpt>
    <trkpt lat="32.98144" lon="-116.579677"><ele>1411.0511552000075</ele></trkpt>
    <trkpt lat="32.981498" lon="-116.579736"><ele>1411.4229171199997</ele></trkpt>
    <trkpt lat="32.981568" lon="-116.579811"><ele>1411.7583219200155</ele></trkpt>
    <trkpt lat="32.981649" lon="-116.579929"><ele>1411.983743839999</ele></trkpt>
    <trkpt lat="32.981743" lon="-116.580031"><ele>1412.3041323200514</ele></trkpt>
    <trkpt lat="32.981896" lon="-116.580117"><ele>1412.9158572800118</ele></trkpt>
    <trkpt lat="32.981973" lon="-116.580146"><ele>1412.8996316799746</ele></trkpt>
    <trkpt lat="32.982148" lon="-116.580268"><ele>1413.171005440029</ele></trkpt>
    <trkpt lat="32.982148" lon="-116.580268"><ele>1413.171005440029</ele></trkpt>
    <trkpt lat="32.98218" lon="-116.580291"><ele>1413.294800000029</ele></trkpt>
    <trkpt lat="32.982371" lon="-116.580433"><ele>1414.1407999999906</ele></trkpt>
    <trkpt lat="32.982542" lon="-116.580594"><ele>1415.2640000000454</ele></trkpt>
    <trkpt lat="32.98267" lon="-116.580679"><ele>1415.7212000000422</ele></trkpt>
    <trkpt lat="32.982759" lon="-116.580719"><ele>1415.8328000000163</ele></trkpt>
    <trkpt lat="32.982823" lon="-116.580702"><ele>1415.2560000000008</ele></trkpt>
    <trkpt lat="32.982936" lon="-116.580751"><ele>1414.9716000000537</ele></trkpt>
    <trkpt lat="32.983004" lon="-116.580783"><ele>1414.8275999999569</ele></trkpt>
    <trkpt lat="32.983067" lon="-116.580819"><ele>1414.7279777600713</ele></trkpt>
    <trkpt lat="32.983112" lon="-116.580848"><ele>1414.643671040071</ele></trkpt>
    <trkpt lat="32.983224" lon="-116.580928"><ele>1414.678138880003</ele></trkpt>
    <trkpt lat="32.983333" lon="-116.580984"><ele>1414.1738508799883</ele></trkpt>
    <trkpt lat="32.983415" lon="-116.581025"><ele>1413.7662799999503</ele></trkpt>
    <trkpt lat="32.983499" lon="-116.581084"><ele>1413.3404172800165</ele></trkpt>
    <trkpt lat="32.983637" lon="-116.581151"><ele>1412.3242164800513</ele></trkpt>
    <trkpt lat="32.983721" lon="-116.58119"><ele>1412.3440496000487</ele></trkpt>
    <trkpt lat="32.983793" lon="-116.581253"><ele>1412.54312816004</ele></trkpt>
    <trkpt lat="32.983841" lon="-116.581299"><ele>1412.6418113600218</ele></trkpt>
    <trkpt lat="32.98393" lon="-116.581306"><ele>1412.0475263999801</ele></trkpt>
    <trkpt lat="32.984054" lon="-116.581323"><ele>1411.0243833599884</ele></trkpt>
    <trkpt lat="32.984165" lon="-116.581361"><ele>1410.0167952000277</ele></trkpt>
    <trkpt lat="32.984278" lon="-116.5814"><ele>1410.1439680000271</ele></trkpt>
    <trkpt lat="32.984358" lon="-116.581439"><ele>1410.5973404800375</ele></trkpt>
    <trkpt lat="32.984406" lon="-116.581471"><ele>1410.9277110399257</ele></trkpt>
    <trkpt lat="32.984493" lon="-116.581509"><ele>1411.2216164799681</ele></trkpt>
    <trkpt lat="32.984591" lon="-116.581558"><ele>1411.5051971200062</ele></trkpt>
    <trkpt lat="32.984674" lon="-116.581615"><ele>1411.7693104</ele></trkpt>
    <trkpt lat="32.984712" lon="-116.581643"><ele>1411.8632646399917</ele></trkpt>
    <trkpt lat="32.984725" lon="-116.581686"><ele>1412.297704000051</ele></trkpt>
    <trkpt lat="32.98475" lon="-116.581751"><ele>1413.3840399999472</ele></trkpt>
    <trkpt lat="32.984786" lon="-116.58183"><ele>1414.676195199951</ele></trkpt>
    <trkpt lat="32.984814" lon="-116.581872"><ele>1415.3733683200553</ele></trkpt>
    <trkpt lat="32.984866" lon="-116.581905"><ele>1416.0230992000634</ele></trkpt>
    <trkpt lat="32.984873" lon="-116.581906"><ele>1416.064323520046</ele></trkpt>
    <trkpt lat="32.984873" lon="-116.581906"><ele>1416.064323520046</ele></trkpt>
    <trkpt lat="32.984924" lon="-116.581913"><ele>1416.3558284799994</ele></trkpt>
    <trkpt lat="32.985019" lon="-116.581943"><ele>1416.7802670399415</ele></trkpt>
    <trkpt lat="32.985063" lon="-116.581939"><ele>1416.2741358400813</ele></trkpt>
    <trkpt lat="32.985121" lon="-116.581949"><ele>1415.749543839938</ele></trkpt>
    <trkpt lat="32.985123" lon="-116.581974"><ele>1416.037913920015</ele></trkpt>
    <trkpt lat="32.985167" lon="-116.582005"><ele>1415.9814615999683</ele></trkpt>
  </trkseg></trk>
</gpx>
